id,survey_number,district,taluk,village,area_acres,land_type,land_use,current_owner_id,latitude,longitude,market_value,status,encumbrance,created_at
ca7d2a6f-c3ed-4b8c-91e9-8690d3c742f5,BLR-001/B-CA7D,Bengaluru Urban,Bengaluru East,Koramangala,0.23,Residential,Apartment,9861f3e6-41e2-4823-8edd-53508d2dc7e7,13.05673,77.658212,15507000.0,clear,None,2026-08-18T11:48:58.756198
6aa57c9d-a504-4e82-ba76-61916ceebe61,BLR-002/Q-6AA5,Bengaluru Urban,Bengaluru East,Hebbal,0.33,Residential,Apartment,9861f3e6-41e2-4823-8edd-53508d2dc7e7,12.867023,77.510712,23235000.0,clear,None,2026-08-18T11:48:58.756320
926e2955-8fa0-45fa-8db3-9135634fea6e,BLR-003/2-926E,Bengaluru Urban,Bengaluru East,Bannerghatta,0.28,Residential,Housing,b0a52fe3-03aa-46ae-8ba9-b06b9dde8149,12.848537,77.415768,15678000.0,clear,None,2026-08-18T11:48:58.756395
1804db81-a8e7-4c23-a322-813c756ee5c2,BLR-004/Q-1804,Bengaluru Urban,Bengaluru South,Indiranagar,0.11,Residential,Apartment,c1db0589-ab02-4dc4-8803-bb225d257db6,12.799172,77.614012,5171000.0,disputed,Court Order,2026-08-18T11:48:58.756472
8d446998-4e5c-4534-96e5-3eb9c176917f,BLR-005/1-8D44,Bengaluru Urban,Anekal,Jayanagar,0.16,Residential,Duplex,9861f3e6-41e2-4823-8edd-53508d2dc7e7,12.857656,77.581146,10597000.0,mortgaged,Bank Mortgage,2026-08-18T11:48:58.756524
5123b1fd-76de-4aa4-b6f7-39e2b665fdf6,BLR-006/B-5123,Bengaluru Urban,Bengaluru South,Hebbal,0.15,Residential,Duplex,9861f3e6-41e2-4823-8edd-53508d2dc7e7,13.112103,77.503238,7113000.0,clear,None,2026-08-18T11:48:58.756579
0906b8f5-8af5-4adf-9490-3339b4047056,BLR-007/C-0906,Bengaluru Urban,Bengaluru North,JP Nagar,0.61,Residential,Housing,f90ab632-5c21-4adb-9e75-7a8af6a9068b,12.847561,77.516032,13189000.0,clear,None,2026-08-18T11:48:58.756633
377768cc-6842-41ed-a0a0-add3c5f3d26f,BLR-008/3-3777,Bengaluru Urban,Bengaluru South,Jayanagar,0.32,Residential,Housing,34994167-b83b-429a-93b6-8bd2ac19c9d8,12.993158,77.729497,23331000.0,clear,None,2026-08-18T11:48:58.756679
881ca4a8-0472-4d8e-bcd5-dbb15fdf1453,BLR-009/3-881C,Bengaluru Urban,Bengaluru North,Koramangala,0.19,Residential,Villa,d0609965-6800-4b21-bc00-0cd9fc850bf3,13.138112,77.510168,4480000.0,disputed,Court Order,2026-08-18T11:48:58.756730
fdeaae34-f089-4497-95b7-c93b96244703,BLR-010/P-FDEA,Bengaluru Urban,Anekal,Bannerghatta,0.54,Residential,Row House,5785d85b-36b1-434c-a776-8dbb362622b2,12.958996,77.573778,11787000.0,mortgaged,Bank Mortgage,2026-08-18T11:48:58.756783
ffebcb20-9a6a-42a1-a658-7096e5654b59,BLR-011/P-FFEB,Bengaluru Urban,Anekal,Rajajinagar,0.72,Residential,Duplex,65cf51ec-6a84-4797-b53f-9c4736c52f69,13.059316,77.585483,17917000.0,clear,None,2026-08-18T11:48:58.756843
709b2f62-0476-44cb-8820-17b447336f90,BLR-012/P-709B,Bengaluru Urban,Bengaluru South,Yelahanka,0.74,Residential,Duplex,c1db0589-ab02-4dc4-8803-bb225d257db6,13.14466,77.606885,50625000.0,clear,None,2026-08-18T11:48:58.756906
21da034f-740e-4be3-8696-44954e927c7d,BLR-013/C-21DA,Bengaluru Urban,Bengaluru North,Marathahalli,0.76,Residential,Row House,9861f3e6-41e2-4823-8edd-53508d2dc7e7,12.959012,77.506848,24515000.0,clear,None,2026-08-18T11:48:58.756951
4f9f3f48-7899-43f1-bf3b-a438b8e40640,BLR-014/2-4F9F,Bengaluru Urban,Anekal,Sarjapur,0.4,Residential,Duplex,65cf51ec-6a84-4797-b53f-9c4736c52f69,13.088864,77.627891,11650000.0,disputed,Court Order,2026-08-18T11:48:58.756999
ae21b62c-02ed-493a-9b93-e4c078af1abc,BLR-015/2-AE21,Bengaluru Urban,Anekal,Hebbal,0.41,Residential,Villa,f90ab632-5c21-4adb-9e75-7a8af6a9068b,12.982732,77.567781,23613000.0,mortgaged,Bank Mortgage,2026-08-18T11:48:58.757044
0a6debe2-6fcc-4e7d-9548-6f7005e563ca,BLR-016/A-0A6D,Bengaluru Urban,Yelahanka,JP Nagar,2.09,Commercial,Office,c1db0589-ab02-4dc4-8803-bb225d257db6,12.935855,77.44127,163444000.0,clear,None,2026-08-18T11:48:58.757100
0a99591c-4bc3-4cf8-92bf-4e34992d4b1d,BLR-017/Q-0A99,Bengaluru Urban,Bengaluru South,Indiranagar,2.01,Commercial,Mall,d0609965-6800-4b21-bc00-0cd9fc850bf3,13.016621,77.652626,221761000.0,clear,None,2026-08-18T11:48:58.757145
34339098-48d4-4b27-aa77-eb64bd747903,BLR-018/2-3433,Bengaluru Urban,Bengaluru North,Sarjapur,1.28,Commercial,Retail Shop,d0609965-6800-4b21-bc00-0cd9fc850bf3,13.026143,77.744386,39550000.0,clear,None,2026-08-18T11:48:58.757190
f4b5060e-7ecb-4383-9681-e29f8dc7115f,BLR-019/B-F4B5,Bengaluru Urban,Bengaluru North,Marathahalli,1.35,Commercial,Retail Shop,5785d85b-36b1-434c-a776-8dbb362622b2,13.049577,77.597794,54819000.0,disputed,Court Order,2026-08-18T11:48:58.757256
21becaee-408d-4b35-a406-e874e4239e49,BLR-020/C-21BE,Bengaluru Urban,Bengaluru North,Marathahalli,1.36,Commercial,Retail Shop,5785d85b-36b1-434c-a776-8dbb362622b2,13.004065,77.727692,141505000.0,mortgaged,Bank Mortgage,2026-08-18T11:48:58.757308
bb78253c-bac7-4a9f-8436-b64f2642aa95,BLR-021/B-BB78,Bengaluru Urban,Bengaluru South,Marathahalli,2.28,Commercial,Mall,f90ab632-5c21-4adb-9e75-7a8af6a9068b,12.808157,77.701212,97386000.0,clear,None,2026-08-18T11:48:58.757352
a11e9eda-e73c-49ea-aee1-9d01b2890c61,BLR-022/2-A11E,Bengaluru Urban,Yelahanka,Koramangala,0.22,Commercial,Mall,5785d85b-36b1-434c-a776-8dbb362622b2,13.103024,77.694792,25200000.0,clear,None,2026-08-18T11:48:58.757405
617a7086-ac9c-4238-ba0d-f77c795b7fee,BLR-023/P-617A,Bengaluru Urban,Anekal,Rajajinagar,0.41,Commercial,Mall,f90ab632-5c21-4adb-9e75-7a8af6a9068b,12.933647,77.509805,10162000.0,clear,None,2026-08-18T11:48:58.757456
b32af910-d78d-4510-9bfa-4dce62ddf693,BLR-024/3-B32A,Bengaluru Urban,Yelahanka,Koramangala,0.64,Commercial,Mall,65cf51ec-6a84-4797-b53f-9c4736c52f69,12.835577,77.719892,38241000.0,disputed,Court Order,2026-08-18T11:48:58.757517
9de1e1e1-099e-4b6a-aead-49897c4d65a4,BLR-025/A-9DE1,Bengaluru Urban,Yelahanka,Koramangala,1.18,Commercial,Showroom,9861f3e6-41e2-4823-8edd-53508d2dc7e7,12.830466,77.671064,69117000.0,mortgaged,Bank Mortgage,2026-08-18T11:48:58.757578
1712986d-ddd2-4aec-a259-3d30fa380b78,BLR-026/3-1712,Bengaluru Urban,Bengaluru North,Hebbal,1.01,Commercial,Showroom,c1db0589-ab02-4dc4-8803-bb225d257db6,13.031123,77.684702,104438000.0,clear,None,2026-08-18T11:48:58.757631
4163b94f-4b89-491a-af2d-c09d5b14078f,BLR-027/B-4163,Bengaluru Urban,Bengaluru North,Malleswaram,0.56,Commercial,Retail Shop,d0609965-6800-4b21-bc00-0cd9fc850bf3,13.014022,77.657229,22662000.0,clear,None,2026-08-18T11:48:58.757699
42cf17b1-f659-481a-8a39-462d6b7e0467,BLR-028/3-42CF,Bengaluru Urban,Yelahanka,Sarjapur,1.13,Commercial,Warehouse,f90ab632-5c21-4adb-9e75-7a8af6a9068b,13.022051,77.518825,61590000.0,clear,None,2026-08-18T11:48:58.757750
d5e6d853-71a2-4b0a-9fb2-1aedc0d0504e,BLR-029/B-D5E6,Bengaluru Urban,Yelahanka,Whitefield,1.94,Commercial,Showroom,f90ab632-5c21-4adb-9e75-7a8af6a9068b,13.065156,77.576206,212089000.0,disputed,Court Order,2026-08-18T11:48:58.757797
2ebf135f-8f9f-4798-b660-0ea27036f782,BLR-030/3-2EBF,Bengaluru Urban,Bengaluru East,Indiranagar,1.48,Commercial,Office,34994167-b83b-429a-93b6-8bd2ac19c9d8,12.930763,77.505318,150455000.0,mortgaged,Bank Mortgage,2026-08-18T11:48:58.757861
651ab6b2-cd95-4b16-8b3e-358edd838560,BLR-031/C-651A,Bengaluru Urban,Anekal,Rajajinagar,11.24,Agricultural,Horticulture,5785d85b-36b1-434c-a776-8dbb362622b2,12.807329,77.545748,156862000.0,clear,None,2026-08-18T11:48:58.757914
bd0b2052-5af6-4248-ab18-8589a5bf3fdf,BLR-032/C-BD0B,Bengaluru Urban,Bengaluru North,Whitefield,13.88,Agricultural,Plantation,5785d85b-36b1-434c-a776-8dbb362622b2,12.961684,77.7138,202859000.0,clear,None,2026-08-18T11:48:58.757977
cde4a3b8-c754-4087-b526-735da11b8d90,BLR-033/A-CDE4,Bengaluru Urban,Yelahanka,Hebbal,4.92,Agricultural,Plantation,9861f3e6-41e2-4823-8edd-53508d2dc7e7,12.797447,77.698467,37684000.0,clear,None,2026-08-18T11:48:58.758029
1603771a-6814-455b-84be-9ec072381ac8,BLR-034/B-1603,Bengaluru Urban,Anekal,BTM Layout,8.86,Agricultural,Horticulture,b0a52fe3-03aa-46ae-8ba9-b06b9dde8149,12.907236,77.443425,114915000.0,disputed,Court Order,2026-08-18T11:48:58.758089
f2261160-0a4f-4ef1-8371-53d6e30d46f4,BLR-035/P-F226,Bengaluru Urban,Anekal,Malleswaram,5.03,Agricultural,Farming,b0a52fe3-03aa-46ae-8ba9-b06b9dde8149,12.885304,77.575258,93586000.0,mortgaged,Bank Mortgage,2026-08-18T11:48:58.758150
9959c8d5-ee83-4bf1-8ff9-927553a94f1e,BLR-036/C-9959,Bengaluru Urban,Bengaluru South,Bannerghatta,8.29,Agricultural,Orchard,b0a52fe3-03aa-46ae-8ba9-b06b9dde8149,13.104156,77.713901,87632000.0,clear,None,2026-08-18T11:48:58.758213
a0d06f50-0e4b-42e9-bb99-ac675d011db5,BLR-037/1-A0D0,Bengaluru Urban,Anekal,Bannerghatta,9.84,Agricultural,Orchard,b0a52fe3-03aa-46ae-8ba9-b06b9dde8149,12.802503,77.734639,108559000.0,clear,None,2026-08-18T11:48:58.758256
df59b83a-b654-43b1-95fa-aa732905b4c0,BLR-038/Q-DF59,Bengaluru Urban,Bengaluru East,Marathahalli,1.81,Agricultural,Orchard,65cf51ec-6a84-4797-b53f-9c4736c52f69,13.131884,77.59656,32774000.0,clear,None,2026-08-18T11:48:58.758310
f28b1e79-3a6b-47c5-84ef-a00d0bf32eb2,BLR-039/C-F28B,Bengaluru Urban,Anekal,HSR Layout,3.69,Agricultural,Plantation,f90ab632-5c21-4adb-9e75-7a8af6a9068b,13.148222,77.680755,25438000.0,disputed,Court Order,2026-08-18T11:48:58.758370
3929a0d8-c0cc-4bc0-8049-354639e2d676,BLR-040/P-3929,Bengaluru Urban,Bengaluru South,HSR Layout,13.81,Agricultural,Orchard,b0a52fe3-03aa-46ae-8ba9-b06b9dde8149,12.914838,77.542143,204886000.0,mortgaged,Bank Mortgage,2026-08-18T11:48:58.758431
3861266d-ffef-4a27-914f-0fe9aa27cc4a,BLR-041/Q-3861,Bengaluru Urban,Bengaluru South,Indiranagar,14.52,Agricultural,Farming,5785d85b-36b1-434c-a776-8dbb362622b2,13.143648,77.471459,186368000.0,clear,None,2026-08-18T11:48:58.758489
eb60111d-e4f5-4e66-a41a-2451137689fc,BLR-042/1-EB60,Bengaluru Urban,Anekal,Whitefield,12.66,Agricultural,Orchard,34994167-b83b-429a-93b6-8bd2ac19c9d8,12.977101,77.445826,165975000.0,clear,None,2026-08-18T11:48:58.758549
5be0a720-d12b-49c1-9a6d-6180ae2c8d93,BLR-043/3-5BE0,Bengaluru Urban,Anekal,BTM Layout,11.72,Agricultural,Orchard,9861f3e6-41e2-4823-8edd-53508d2dc7e7,13.080318,77.711817,171884000.0,clear,None,2026-08-18T11:48:58.758594
cdcd4e77-b26b-4d74-9bf0-61d4057a9492,BLR-044/P-CDCD,Bengaluru Urban,Yelahanka,HSR Layout,13.24,Agricultural,Orchard,34994167-b83b-429a-93b6-8bd2ac19c9d8,13.118036,77.549832,176576000.0,disputed,Court Order,2026-08-18T11:48:58.758652
eaea3d7b-8f36-4be0-9a42-011367abb701,BLR-045/3-EAEA,Bengaluru Urban,Bengaluru East,Jayanagar,14.81,Agricultural,Horticulture,34994167-b83b-429a-93b6-8bd2ac19c9d8,12.97925,77.563482,96106000.0,mortgaged,Bank Mortgage,2026-08-18T11:48:58.758715
905cd121-642b-482e-8c38-c7676fa11301,BLR-046/2-905C,Bengaluru Urban,Bengaluru North,Malleswaram,7.56,Industrial,Workshop,5785d85b-36b1-434c-a776-8dbb362622b2,13.137948,77.456834,443349000.0,clear,None,2026-08-18T11:48:58.758773
576dcea8-d711-4efd-84ec-7e9ffa52c860,BLR-047/C-576D,Bengaluru Urban,Bengaluru East,Jayanagar,3.66,Industrial,Workshop,f90ab632-5c21-4adb-9e75-7a8af6a9068b,13.091611,77.594349,147974000.0,clear,None,2026-08-18T11:48:58.758817
2771bc89-6079-40c8-b635-161f75eafc10,BLR-048/2-2771,Bengaluru Urban,Anekal,Koramangala,6.64,Industrial,Manufacturing,34994167-b83b-429a-93b6-8bd2ac19c9d8,13.119118,77.453126,72722000.0,clear,None,2026-08-18T11:48:58.758875
5883f96b-bab7-491a-977e-f572037a6304,BLR-049/1-5883,Bengaluru Urban,Anekal,Malleswaram,2.9,Industrial,Manufacturing,c1db0589-ab02-4dc4-8803-bb225d257db6,13.124297,77.660994,59944000.0,disputed,Court Order,2026-08-18T11:48:58.758921
0ef3dae2-9322-400f-aefe-a067c0d89fa5,BLR-050/3-0EF3,Bengaluru Urban,Bengaluru East,Koramangala,4.43,Industrial,Manufacturing,d0609965-6800-4b21-bc00-0cd9fc850bf3,12.919692,77.753411,127000000.0,mortgaged,Bank Mortgage,2026-08-18T11:48:58.758969
058c9f5b-0607-4ea9-9b13-c4dc85dcde9a,BLR-051/P-058C,Bengaluru Urban,Bengaluru North,Bannerghatta,7.34,Industrial,IT Park,d0609965-6800-4b21-bc00-0cd9fc850bf3,13.143742,77.620506,108784000.0,clear,None,2026-08-18T11:48:58.759018
d522c026-cb90-4b34-92a8-b6fa72ad12d5,BLR-052/1-D522,Bengaluru Urban,Bengaluru East,Marathahalli,7.75,Industrial,Workshop,5785d85b-36b1-434c-a776-8dbb362622b2,13.140341,77.519521,329843000.0,clear,None,2026-08-18T11:48:58.759061
8426c86e-6473-40b9-8df9-43c61ecc08a7,BLR-053/3-8426,Bengaluru Urban,Anekal,Whitefield,4.94,Industrial,Factory,f90ab632-5c21-4adb-9e75-7a8af6a9068b,13.023811,77.647428,281157000.0,clear,None,2026-08-18T11:48:58.759127
34db1e82-5061-471c-9eac-6aa1008f49c3,BLR-054/1-34DB,Bengaluru Urban,Bengaluru South,Electronic City,2.12,Industrial,IT Park,d0609965-6800-4b21-bc00-0cd9fc850bf3,12.993146,77.759647,38390000.0,disputed,Court Order,2026-08-18T11:48:58.759181
2d077d30-3b2c-4ba6-8dfb-69cc78932822,BLR-055/C-2D07,Bengaluru Urban,Bengaluru South,Electronic City,3.02,Industrial,Manufacturing,f90ab632-5c21-4adb-9e75-7a8af6a9068b,12.858955,77.717715,116486000.0,mortgaged,Bank Mortgage,2026-08-18T11:48:58.759249
0b4cc539-d112-41be-bc7d-348abf10258e,BLR-056/Q-0B4C,Bengaluru Urban,Bengaluru South,Electronic City,1.72,Industrial,Manufacturing,c1db0589-ab02-4dc4-8803-bb225d257db6,13.090425,77.685084,37127000.0,clear,None,2026-08-18T11:48:58.759293
f5fa6b0b-e6d8-4e64-81ff-b5b0582aabbc,BLR-057/P-F5FA,Bengaluru Urban,Bengaluru South,Marathahalli,5.43,Industrial,IT Park,9861f3e6-41e2-4823-8edd-53508d2dc7e7,13.017613,77.549662,53507000.0,clear,None,2026-08-18T11:48:58.759347
08e179ab-4f78-4317-a9ed-01fd8b036edb,BLR-058/2-08E1,Bengaluru Urban,Bengaluru East,Indiranagar,1.58,Industrial,Logistics,b0a52fe3-03aa-46ae-8ba9-b06b9dde8149,13.030823,77.648208,13590000.0,clear,None,2026-08-18T11:48:58.759404
64e4c7d4-a431-4000-a4bd-586a6cd79c3d,BLR-059/B-64E4,Bengaluru Urban,Bengaluru North,Whitefield,6.11,Industrial,IT Park,65cf51ec-6a84-4797-b53f-9c4736c52f69,12.918153,77.56918,291053000.0,disputed,Court Order,2026-08-18T11:48:58.759464
827caaa5-7d28-4d60-a622-dd006f3f0def,BLR-060/P-827C,Bengaluru Urban,Bengaluru East,Electronic City,6.37,Industrial,IT Park,34994167-b83b-429a-93b6-8bd2ac19c9d8,12.944087,77.55942,252806000.0,mortgaged,Bank Mortgage,2026-08-18T11:48:58.759521
6fe2e902-05f5-43c8-83ff-2a2b96d833b5,BLRR-001/3-6FE2,Bengaluru Rural,Nelamangala,Vijayapura,0.45,Residential,Villa,5785d85b-36b1-434c-a776-8dbb362622b2,13.13818,77.75702,8454000.0,clear,None,2026-08-18T11:48:58.759579
e3fb2ce1-d064-4564-baa2-ae5375bc76f9,BLRR-002/2-E3FB,Bengaluru Rural,Hoskote,Vijayapura,0.12,Residential,Villa,b0a52fe3-03aa-46ae-8ba9-b06b9dde8149,13.215698,77.514568,1960000.0,clear,None,2026-08-18T11:48:58.759633
1148bd15-4781-456d-8719-a7ebb08d1bfd,BLRR-003/3-1148,Bengaluru Rural,Nelamangala,Doddaballapur Cross,0.23,Residential,Villa,9861f3e6-41e2-4823-8edd-53508d2dc7e7,13.410422,77.421445,5132000.0,clear,None,2026-08-18T11:48:58.759707
9801e0cf-5646-4a52-96f5-d0e9a7864bad,BLRR-004/B-9801,Bengaluru Rural,Devanahalli,Nelamangala Highway,0.15,Residential,Apartment,65cf51ec-6a84-4797-b53f-9c4736c52f69,13.057668,77.679384,1960000.0,disputed,Court Order,2026-08-18T11:48:58.759754
35de8faf-af3b-4ce7-ae7e-12d50d687fdb,BLRR-005/1-35DE,Bengaluru Rural,Devanahalli,Budigere Cross,0.64,Residential,Duplex,f90ab632-5c21-4adb-9e75-7a8af6a9068b,13.176645,77.584807,9763000.0,mortgaged,Bank Mortgage,2026-08-18T11:48:58.759808
a586f05d-5916-4374-8b10-f34b9fa66195,BLRR-006/2-A586,Bengaluru Rural,Nelamangala,Hoskote Industrial,0.13,Residential,Housing,c1db0589-ab02-4dc4-8803-bb225d257db6,13.126049,77.454524,2117000.0,clear,None,2026-08-18T11:48:58.759879
4c2df269-b00c-426d-abd0-f24200b1e893,BLRR-007/P-4C2D,Bengaluru Rural,Devanahalli,Vijayapura,0.51,Residential,Apartment,9861f3e6-41e2-4823-8edd-53508d2dc7e7,13.401415,77.754013,4452000.0,clear,None,2026-08-18T11:48:58.759940
657aa389-a522-44b3-94b4-bd56d9b19a6f,BLRR-008/C-657A,Bengaluru Rural,Doddaballapura,Nelamangala Highway,0.46,Residential,Housing,5785d85b-36b1-434c-a776-8dbb362622b2,13.39225,77.404242,8261000.0,clear,None,2026-08-18T11:48:58.759998
dfcb50fc-ea73-4ac8-b59f-de4a45938f88,BLRR-009/1-DFCB,Bengaluru Rural,Hoskote,Vijayapura,0.11,Residential,Row House,f90ab632-5c21-4adb-9e75-7a8af6a9068b,13.333894,77.633987,1960000.0,disputed,Court Order,2026-08-18T11:48:58.760059
74ccd7b0-1470-40c6-afe7-29119d47b4b7,BLRR-010/P-74CC,Bengaluru Rural,Nelamangala,Devanahalli Town,0.17,Residential,Apartment,9861f3e6-41e2-4823-8edd-53508d2dc7e7,13.268174,77.670351,4506000.0,mortgaged,Bank Mortgage,2026-08-18T11:48:58.760121
047854ef-b53b-4681-8784-423050862fd3,BLRR-011/C-0478,Bengaluru Rural,Hoskote,Devanahalli Town,0.36,Residential,Row House,34994167-b83b-429a-93b6-8bd2ac19c9d8,13.345207,77.576714,6239000.0,clear,None,2026-08-18T11:48:58.760186
c7b8bfb9-48cd-4be3-9661-d2a413a2ccae,BLRR-012/C-C7B8,Bengaluru Rural,Doddaballapura,Vijayapura,0.54,Residential,Apartment,c1db0589-ab02-4dc4-8803-bb225d257db6,13.304078,77.474633,7233000.0,clear,None,2026-08-18T11:48:58.760240
6ecd01a2-88f9-4cfd-bfef-a638e5753d87,BLRR-013/2-6ECD,Bengaluru Rural,Nelamangala,Doddaballapur Cross,0.35,Residential,Duplex,65cf51ec-6a84-4797-b53f-9c4736c52f69,13.047128,77.650228,6095000.0,clear,None,2026-08-18T11:48:58.760301
2f119666-b0c2-4a9c-b552-006ed465b324,BLRR-014/C-2F11,Bengaluru Rural,Doddaballapura,Hoskote Industrial,0.36,Residential,Villa,f90ab632-5c21-4adb-9e75-7a8af6a9068b,13.260761,77.729648,5250000.0,disputed,Court Order,2026-08-18T11:48:58.760356
9b49e539-a172-4ccc-9345-4d2018affb4b,BLRR-015/3-9B49,Bengaluru Rural,Doddaballapura,Nelamangala Highway,0.8,Residential,Villa,d0609965-6800-4b21-bc00-0cd9fc850bf3,13.229071,77.667046,5876000.0,mortgaged,Bank Mortgage,2026-08-18T11:48:58.760419
b004221a-f2bb-4d59-aa74-a834c025a728,BLRR-016/C-B004,Bengaluru Rural,Devanahalli,Nelamangala Highway,1.85,Commercial,Warehouse,65cf51ec-6a84-4797-b53f-9c4736c52f69,13.080094,77.412605,17137000.0,clear,None,2026-08-18T11:48:58.760463
58e2564e-f614-4601-8a68-a2dc0fd014e5,BLRR-017/Q-58E2,Bengaluru Rural,Hoskote,Bagalur,1.06,Commercial,Office,5785d85b-36b1-434c-a776-8dbb362622b2,13.170089,77.412533,21931000.0,clear,None,2026-08-18T11:48:58.760529
1ea19b34-8411-4f51-aaf4-864bf32b69ec,BLRR-018/B-1EA1,Bengaluru Rural,Doddaballapura,Nelamangala Highway,1.0,Commercial,Showroom,c1db0589-ab02-4dc4-8803-bb225d257db6,13.303518,77.520951,37744000.0,clear,None,2026-08-18T11:48:58.760586
4d684991-14cd-4182-9873-dcddc5a13a6c,BLRR-019/A-4D68,Bengaluru Rural,Devanahalli,Vijayapura,2.42,Commercial,Warehouse,5785d85b-36b1-434c-a776-8dbb362622b2,13.288015,77.723044,65314000.0,disputed,Court Order,2026-08-18T11:48:58.760633
e60956c3-fc41-4598-b0fd-29d76e48ce06,BLRR-020/Q-E609,Bengaluru Rural,Doddaballapura,Budigere Cross,0.21,Commercial,Showroom,5785d85b-36b1-434c-a776-8dbb362622b2,13.327486,77.588291,4611000.0,mortgaged,Bank Mortgage,2026-08-18T11:48:58.760689
09a61b38-dacc-49f6-9c4f-e6e4fae21734,BLRR-021/2-09A6,Bengaluru Rural,Nelamangala,Vijayapura,1.4,Commercial,Office,65cf51ec-6a84-4797-b53f-9c4736c52f69,13.043109,77.425131,43657000.0,clear,None,2026-08-18T11:48:58.760772
575ae00e-87ad-4407-9bc9-6e3e420e3436,BLRR-022/2-575A,Bengaluru Rural,Doddaballapura,Nelamangala Highway,0.63,Commercial,Office,d0609965-6800-4b21-bc00-0cd9fc850bf3,13.102518,77.572539,12470000.0,clear,None,2026-08-18T11:48:58.760917
8e3be749-bca6-4cb0-b8e8-f8c4f1fa9135,BLRR-023/A-8E3B,Bengaluru Rural,Hoskote,Devanahalli Town,0.75,Commercial,Showroom,c1db0589-ab02-4dc4-8803-bb225d257db6,13.289906,77.734443,10958000.0,clear,None,2026-08-18T11:48:58.761006
52173862-770d-4a2f-aa7a-9a7ef227897a,BLRR-024/Q-5217,Bengaluru Rural,Nelamangala,Budigere Cross,0.93,Commercial,Showroom,9861f3e6-41e2-4823-8edd-53508d2dc7e7,13.188801,77.414322,4987000.0,disputed,Court Order,2026-08-18T11:48:58.761076
32acc3c0-c841-4e1f-a7cc-0bf11cf6a2c3,BLRR-025/1-32AC,Bengaluru Rural,Doddaballapura,Devanahalli Town,2.16,Commercial,Warehouse,5785d85b-36b1-434c-a776-8dbb362622b2,13.373555,77.739948,94563000.0,mortgaged,Bank Mortgage,2026-08-18T11:48:58.761140
7b0be99e-4a8c-437b-82a4-128a9119907e,BLRR-026/2-7B0B,Bengaluru Rural,Devanahalli,Budigere Cross,2.25,Commercial,Office,d0609965-6800-4b21-bc00-0cd9fc850bf3,13.372835,77.619651,82616000.0,clear,None,2026-08-18T11:48:58.761203
86bde0d8-9add-4116-9a7c-d8276da05db5,BLRR-027/2-86BD,Bengaluru Rural,Hoskote,Vijayapura,1.45,Commercial,Warehouse,9861f3e6-41e2-4823-8edd-53508d2dc7e7,13.10254,77.62847,28030000.0,clear,None,2026-08-18T11:48:58.761270
b77217e4-425d-4b6c-80d4-b597f86b6e35,BLRR-028/2-B772,Bengaluru Rural,Doddaballapura,Devanahalli Town,1.6,Commercial,Showroom,d0609965-6800-4b21-bc00-0cd9fc850bf3,13.221565,77.559667,21855000.0,clear,None,2026-08-18T11:48:58.761332
b0cf300d-b2f0-42f3-83f3-6dcc373b5844,BLRR-029/B-B0CF,Bengaluru Rural,Doddaballapura,Nelamangala Highway,1.3,Commercial,Mall,d0609965-6800-4b21-bc00-0cd9fc850bf3,13.126005,77.710621,20986000.0,disputed,Court Order,2026-08-18T11:48:58.761401
e4d0f9f8-d6e7-4e5a-9b35-659e37b01b03,BLRR-030/P-E4D0,Bengaluru Rural,Hoskote,Vijayapura,1.61,Commercial,Warehouse,c1db0589-ab02-4dc4-8803-bb225d257db6,13.306826,77.387821,32613000.0,mortgaged,Bank Mortgage,2026-08-18T11:48:58.761456
5d60fe22-b9f1-46c7-b918-5ad3185ad92b,BLRR-031/B-5D60,Bengaluru Rural,Nelamangala,Doddaballapur Cross,10.54,Agricultural,Plantation,9861f3e6-41e2-4823-8edd-53508d2dc7e7,13.19518,77.447124,9609000.0,clear,None,2026-08-18T11:48:58.761500
d3fb0eea-17f3-491a-9572-9869855a35c6,BLRR-032/Q-D3FB,Bengaluru Rural,Devanahalli,Bagalur,3.07,Agricultural,Orchard,65cf51ec-6a84-4797-b53f-9c4736c52f69,13.060022,77.620465,21380000.0,clear,None,2026-08-18T11:48:58.761551
7492c41e-5bde-4ef9-8568-16abb32e0be6,BLRR-033/A-7492,Bengaluru Rural,Nelamangala,Vijayapura,9.88,Agricultural,Plantation,b0a52fe3-03aa-46ae-8ba9-b06b9dde8149,13.229936,77.761145,62868000.0,clear,None,2026-08-18T11:48:58.761605
618bd9ca-35a8-434b-8a54-8b24930ebacd,BLRR-034/Q-618B,Bengaluru Rural,Doddaballapura,Hoskote Industrial,10.76,Agricultural,Grazing,d0609965-6800-4b21-bc00-0cd9fc850bf3,13.358676,77.655326,62285000.0,disputed,Court Order,2026-08-18T11:48:58.761659
35aec8d6-6b6a-427e-93d2-6e7cf8550bb9,BLRR-035/2-35AE,Bengaluru Rural,Hoskote,Doddaballapur Cross,8.08,Agricultural,Grazing,b0a52fe3-03aa-46ae-8ba9-b06b9dde8149,13.32761,77.722853,25637000.0,mortgaged,Bank Mortgage,2026-08-18T11:48:58.761713
572e2dfd-b4f0-40db-b050-bbd64ff57695,BLRR-036/P-572E,Bengaluru Rural,Devanahalli,Bagalur,5.04,Agricultural,Farming,b0a52fe3-03aa-46ae-8ba9-b06b9dde8149,13.09511,77.628933,31711000.0,clear,None,2026-08-18T11:48:58.761763
d106b23b-74c1-4816-9bdc-3d6fc4a0be2e,BLRR-037/Q-D106,Bengaluru Rural,Hoskote,Doddaballapur Cross,5.01,Agricultural,Orchard,34994167-b83b-429a-93b6-8bd2ac19c9d8,13.154429,77.367037,29351000.0,clear,None,2026-08-18T11:48:58.761810
7d5a9559-eb2d-4b21-818d-4751cf1d4ec6,BLRR-038/B-7D5A,Bengaluru Rural,Nelamangala,Budigere Cross,7.61,Agricultural,Grazing,34994167-b83b-429a-93b6-8bd2ac19c9d8,13.313189,77.563798,21303000.0,clear,None,2026-08-18T11:48:58.762724
bf8ec4d8-dc28-4736-9038-57604dce8508,BLRR-039/P-BF8E,Bengaluru Rural,Devanahalli,Vijayapura,14.66,Agricultural,Farming,65cf51ec-6a84-4797-b53f-9c4736c52f69,13.318873,77.520919,100351000.0,disputed,Court Order,2026-08-18T11:48:58.762772
b4c96af2-3f57-46a8-b3e0-4c0a5c6fbc69,BLRR-040/3-B4C9,Bengaluru Rural,Doddaballapura,Budigere Cross,12.18,Agricultural,Grazing,f90ab632-5c21-4adb-9e75-7a8af6a9068b,13.083331,77.46007,83880000.0,mortgaged,Bank Mortgage,2026-08-18T11:48:58.762840
746192f0-6ca8-421d-bf21-0d5ac49eee3a,BLRR-041/P-7461,Bengaluru Rural,Nelamangala,Hoskote Industrial,3.58,Agricultural,Grazing,9861f3e6-41e2-4823-8edd-53508d2dc7e7,13.146252,77.530922,10052000.0,clear,None,2026-08-18T11:48:58.762901
83a9149c-3cfc-4dc5-8c1a-08774a663b2c,BLRR-042/P-83A9,Bengaluru Rural,Devanahalli,Budigere Cross,6.33,Agricultural,Grazing,34994167-b83b-429a-93b6-8bd2ac19c9d8,13.216488,77.633097,39724000.0,clear,None,2026-08-18T11:48:58.762961
490ecddd-e252-4f60-a599-9357fcd37f2a,BLRR-043/1-490E,Bengaluru Rural,Hoskote,Hoskote Industrial,11.92,Agricultural,Farming,34994167-b83b-429a-93b6-8bd2ac19c9d8,13.410339,77.695935,77478000.0,clear,None,2026-08-18T11:48:58.763012
2588d7e7-db37-457f-9fe2-2830d56140c0,BLRR-044/P-2588,Bengaluru Rural,Devanahalli,Nelamangala Highway,11.59,Agricultural,Horticulture,d0609965-6800-4b21-bc00-0cd9fc850bf3,13.372791,77.738461,54893000.0,disputed,Court Order,2026-08-18T11:48:58.763056
e5095ca2-e2d1-49e7-ad8b-7d8d8e706c8d,BLRR-045/P-E509,Bengaluru Rural,Doddaballapura,Budigere Cross,9.82,Agricultural,Grazing,d0609965-6800-4b21-bc00-0cd9fc850bf3,13.327267,77.465498,12370000.0,mortgaged,Bank Mortgage,2026-08-18T11:48:58.763102
f545f6cb-2252-4676-854b-af36c9f08c38,BLRR-046/2-F545,Bengaluru Rural,Nelamangala,Bagalur,6.11,Industrial,IT Park,c1db0589-ab02-4dc4-8803-bb225d257db6,13.089539,77.646502,17866000.0,clear,None,2026-08-18T11:48:58.763161
122c10e3-f1c7-479c-a5b3-cfdae688a8a4,BLRR-047/2-122C,Bengaluru Rural,Hoskote,Hoskote Industrial,5.38,Industrial,Factory,c1db0589-ab02-4dc4-8803-bb225d257db6,13.384471,77.723161,99003000.0,clear,None,2026-08-18T11:48:58.763213
79921dbe-8a7e-4a91-8d4f-94e35c12e3cd,BLRR-048/2-7992,Bengaluru Rural,Doddaballapura,Hoskote Industrial,1.92,Industrial,Factory,65cf51ec-6a84-4797-b53f-9c4736c52f69,13.043479,77.761382,27948000.0,clear,None,2026-08-18T11:48:58.763278
826dde15-ba67-41d9-bfc2-cb2bd15c1bab,BLRR-049/Q-826D,Bengaluru Rural,Devanahalli,Vijayapura,4.63,Industrial,Workshop,c1db0589-ab02-4dc4-8803-bb225d257db6,13.191244,77.661068,62064000.0,disputed,Court Order,2026-08-18T11:48:58.763342
f80ff22c-d95f-49aa-9f75-80b90450dc2c,BLRR-050/C-F80F,Bengaluru Rural,Devanahalli,Budigere Cross,1.8,Industrial,Factory,d0609965-6800-4b21-bc00-0cd9fc850bf3,13.212759,77.512177,22943000.0,mortgaged,Bank Mortgage,2026-08-18T11:48:58.763386
f8b6da85-2520-4b26-a05f-e5ef9bdea34c,BLRR-051/C-F8B6,Bengaluru Rural,Devanahalli,Vijayapura,6.87,Industrial,IT Park,d0609965-6800-4b21-bc00-0cd9fc850bf3,13.152377,77.735154,24179000.0,clear,None,2026-08-18T11:48:58.763446
bf0e73ed-e399-494a-81dd-bb4f66461bba,BLRR-052/2-BF0E,Bengaluru Rural,Hoskote,Nelamangala Highway,4.68,Industrial,Logistics,5785d85b-36b1-434c-a776-8dbb362622b2,13.43101,77.508541,23809000.0,clear,None,2026-08-18T11:48:58.763491
de4bd23b-11ea-48a2-b16a-fabfa8d59618,BLRR-053/3-DE4B,Bengaluru Rural,Nelamangala,Nelamangala Highway,6.85,Industrial,Factory,c1db0589-ab02-4dc4-8803-bb225d257db6,13.152737,77.656986,59581000.0,clear,None,2026-08-18T11:48:58.763552
2de5cb1f-6fdc-4ac6-8e30-1621a1a8b388,BLRR-054/A-2DE5,Bengaluru Rural,Nelamangala,Vijayapura,2.08,Industrial,IT Park,b0a52fe3-03aa-46ae-8ba9-b06b9dde8149,13.169046,77.560389,40662000.0,disputed,Court Order,2026-08-18T11:48:58.763599
439aba4d-baa3-4891-9f07-a83d1e63847b,BLRR-055/2-439A,Bengaluru Rural,Hoskote,Hoskote Industrial,2.71,Industrial,IT Park,5785d85b-36b1-434c-a776-8dbb362622b2,13.061497,77.612305,24795000.0,mortgaged,Bank Mortgage,2026-08-18T11:48:58.763654
a5992573-727d-43b5-9372-8ec953abd83e,BLRR-056/2-A599,Bengaluru Rural,Nelamangala,Doddaballapur Cross,5.9,Industrial,Workshop,5785d85b-36b1-434c-a776-8dbb362622b2,13.299072,77.682511,116317000.0,clear,None,2026-08-18T11:48:58.763700
843c444b-9135-4e58-89da-8a2294944533,BLRR-057/Q-843C,Bengaluru Rural,Nelamangala,Devanahalli Town,4.89,Industrial,Logistics,9861f3e6-41e2-4823-8edd-53508d2dc7e7,13.361809,77.43747,103388000.0,clear,None,2026-08-18T11:48:58.763751
10e537b2-71bf-40c7-acec-76c98f5e6cbf,BLRR-058/P-10E5,Bengaluru Rural,Doddaballapura,Nelamangala Highway,4.32,Industrial,Workshop,d0609965-6800-4b21-bc00-0cd9fc850bf3,13.108291,77.520838,88700000.0,clear,None,2026-08-18T11:48:58.763811
0c74a703-ff90-4a5d-ad7e-a268da6b1a9c,BLRR-059/A-0C74,Bengaluru Rural,Nelamangala,Bagalur,1.79,Industrial,Logistics,b0a52fe3-03aa-46ae-8ba9-b06b9dde8149,13.225613,77.643199,9537000.0,disputed,Court Order,2026-08-18T11:48:58.763860
1fe762cf-d075-48cd-a365-9bbfaf58b1a6,BLRR-060/B-1FE7,Bengaluru Rural,Hoskote,Vijayapura,1.93,Industrial,Logistics,9861f3e6-41e2-4823-8edd-53508d2dc7e7,13.145389,77.710143,5486000.0,mortgaged,Bank Mortgage,2026-08-18T11:48:58.763911
fe73a5ff-c6b2-411e-94e1-26e2d76b5e7c,DLH-001/A-FE73,Delhi,West Delhi,Lajpat Nagar,0.77,Residential,Villa,f90ab632-5c21-4adb-9e75-7a8af6a9068b,28.586614,77.376217,75043000.0,clear,None,2026-08-18T11:48:58.763980
d3b3471c-b305-4626-a179-07289317269e,DLH-002/C-D3B3,Delhi,New Delhi,Narela,0.25,Residential,Apartment,b0a52fe3-03aa-46ae-8ba9-b06b9dde8149,28.600682,77.383473,18729000.0,clear,None,2026-08-18T11:48:58.764032
97ed1a5c-dd0a-419a-8388-1205f8972c0f,DLH-003/2-97ED,Delhi,Dwarka,Saket,0.73,Residential,Villa,5785d85b-36b1-434c-a776-8dbb362622b2,28.643756,77.215153,77257000.0,clear,None,2026-08-18T11:48:58.764086
ca3fa635-0050-480a-a84a-2b0a9ee4ec4e,DLH-004/P-CA3F,Delhi,West Delhi,Lajpat Nagar,0.43,Residential,Villa,c1db0589-ab02-4dc4-8803-bb225d257db6,28.799882,77.333711,46684000.0,disputed,Court Order,2026-08-18T11:48:58.764143
ba4efe7c-6830-447f-8aba-bf4f4235e09b,DLH-005/1-BA4E,Delhi,North Delhi,Lajpat Nagar,0.31,Residential,Duplex,9861f3e6-41e2-4823-8edd-53508d2dc7e7,28.748258,77.304171,15688000.0,mortgaged,Bank Mortgage,2026-08-18T11:48:58.764186
157a31c8-c300-41f2-8b0c-67d8a6a020f3,DLH-006/P-157A,Delhi,West Delhi,Connaught Place,0.2,Residential,Apartment,65cf51ec-6a84-4797-b53f-9c4736c52f69,28.808541,77.399717,14575000.0,clear,None,2026-08-18T11:48:58.764246
4eaa24e3-a902-49c5-afe3-752af4068faf,DLH-007/B-4EAA,Delhi,Dwarka,Dwarka,0.7,Residential,Duplex,5785d85b-36b1-434c-a776-8dbb362622b2,28.564113,77.097265,40382000.0,clear,None,2026-08-18T11:48:58.764299
16d98bf0-3be7-4c50-ad94-e9c720ccdfa1,DLH-008/1-16D9,Delhi,East Delhi,Lajpat Nagar,0.42,Residential,Row House,b0a52fe3-03aa-46ae-8ba9-b06b9dde8149,28.812166,77.245632,40011000.0,clear,None,2026-08-18T11:48:58.764346
ca394571-2b5a-417f-8815-f4f6863ad00c,DLH-009/Q-CA39,Delhi,South Delhi,Greater Kailash,0.58,Residential,Apartment,5785d85b-36b1-434c-a776-8dbb362622b2,28.757069,77.307915,6867000.0,disputed,Court Order,2026-08-18T11:48:58.764389
a17626a8-2721-4ed0-ac21-fbfb5e82b55a,DLH-010/1-A176,Delhi,Dwarka,Mehrauli,0.3,Residential,Apartment,c1db0589-ab02-4dc4-8803-bb225d257db6,28.773073,77.210426,15826000.0,mortgaged,Bank Mortgage,2026-08-18T11:48:58.764446
c1d32422-3616-4353-a5ab-aa5917b5c1e2,DLH-011/C-C1D3,Delhi,South Delhi,Hauz Khas,0.39,Residential,Duplex,65cf51ec-6a84-4797-b53f-9c4736c52f69,28.671774,77.125607,6160000.0,clear,None,2026-08-18T11:48:58.764491
fcbc4bba-4e77-4bd5-92ad-a19522e7c84d,DLH-012/B-FCBC,Delhi,New Delhi,Narela,0.75,Residential,Duplex,34994167-b83b-429a-93b6-8bd2ac19c9d8,28.721307,77.388116,78441000.0,clear,None,2026-08-18T11:48:58.764550
b6e181f6-2f6a-4a7f-85f0-1d6c79a8edb7,DLH-013/Q-B6E1,Delhi,Dwarka,Greater Kailash,0.78,Residential,Housing,c1db0589-ab02-4dc4-8803-bb225d257db6,28.571669,77.205186,55582000.0,clear,None,2026-08-18T11:48:58.764604
fab3b263-b68f-415f-af82-666bf40921b0,DLH-014/2-FAB3,Delhi,West Delhi,Hauz Khas,0.23,Residential,Duplex,5785d85b-36b1-434c-a776-8dbb362622b2,28.730388,77.07061,9235000.0,disputed,Court Order,2026-08-18T11:48:58.764668
e8bbada1-3932-4273-9774-8c34007d98ad,DLH-015/3-E8BB,Delhi,Dwarka,Pitampura,0.1,Residential,Villa,65cf51ec-6a84-4797-b53f-9c4736c52f69,28.530566,77.264579,5600000.0,mortgaged,Bank Mortgage,2026-08-18T11:48:58.764713
2879eaa3-3b5f-4757-b333-29b2008d595a,DLH-016/A-2879,Delhi,New Delhi,Defence Colony,0.5,Commercial,Retail Shop,65cf51ec-6a84-4797-b53f-9c4736c52f69,28.691598,77.284219,32133000.0,clear,None,2026-08-18T11:48:58.764774
bac1cf12-01d8-4d2f-923c-2c505d01b66b,DLH-017/C-BAC1,Delhi,West Delhi,Najafgarh,0.76,Commercial,Warehouse,c1db0589-ab02-4dc4-8803-bb225d257db6,28.641994,77.048642,82034000.0,clear,None,2026-08-18T11:48:58.764818
30bc887f-05f0-4b86-b9e5-52cf6d23ea11,DLH-018/3-30BC,Delhi,New Delhi,Saket,1.75,Commercial,Showroom,9861f3e6-41e2-4823-8edd-53508d2dc7e7,28.572448,77.218065,216670000.0,clear,None,2026-08-18T11:48:58.764877
2b5aa278-f7be-4c0c-80a1-172aa7687a6c,DLH-019/2-2B5A,Delhi,East Delhi,Hauz Khas,1.65,Commercial,Retail Shop,9861f3e6-41e2-4823-8edd-53508d2dc7e7,28.467743,77.048841,38269000.0,disputed,Court Order,2026-08-18T11:48:58.764924
00ff9eb3-aee0-4c18-a80a-82e296cfe131,DLH-020/C-00FF,Delhi,Dwarka,Rohini,1.32,Commercial,Showroom,5785d85b-36b1-434c-a776-8dbb362622b2,28.457653,77.27901,159930000.0,mortgaged,Bank Mortgage,2026-08-18T11:48:58.764984
1b04d9f8-8162-4591-b08c-163891ea873f,DLH-021/P-1B04,Delhi,West Delhi,Vasant Kunj,0.81,Commercial,Showroom,d0609965-6800-4b21-bc00-0cd9fc850bf3,28.692283,77.244196,140700000.0,clear,None,2026-08-18T11:48:58.765034
7dec579d-6988-47ba-a582-7dcb50205ca7,DLH-022/C-7DEC,Delhi,East Delhi,Vasant Kunj,1.72,Commercial,Retail Shop,d0609965-6800-4b21-bc00-0cd9fc850bf3,28.743463,77.384241,99577000.0,clear,None,2026-08-18T11:48:58.765094
db30c38e-63ab-4d7a-8872-8a7a9a07ffa3,DLH-023/B-DB30,Delhi,West Delhi,Janakpuri,2.19,Commercial,Mall,9861f3e6-41e2-4823-8edd-53508d2dc7e7,28.77413,77.171803,160529000.0,clear,None,2026-08-18T11:48:58.765154
e44901b6-982f-4389-a2e2-37edfff4e7b0,DLH-024/C-E449,Delhi,East Delhi,Janakpuri,2.09,Commercial,Mall,c1db0589-ab02-4dc4-8803-bb225d257db6,28.42233,77.395722,234926000.0,disputed,Court Order,2026-08-18T11:48:58.765203
136e0f13-749b-4dcb-8e7e-0092c65a7bce,DLH-025/C-136E,Delhi,East Delhi,Greater Kailash,0.21,Commercial,Retail Shop,9861f3e6-41e2-4823-8edd-53508d2dc7e7,28.49393,77.131219,22588000.0,mortgaged,Bank Mortgage,2026-08-18T11:48:58.765264
0e5176ef-f905-4aeb-9ab5-68201a370d87,DLH-026/C-0E51,Delhi,East Delhi,Connaught Place,1.19,Commercial,Warehouse,9861f3e6-41e2-4823-8edd-53508d2dc7e7,28.517963,77.044625,88089000.0,clear,None,2026-08-18T11:48:58.765309
705031ae-bd0c-40ac-b5f3-ccf68a44d6df,DLH-027/C-7050,Delhi,South Delhi,Najafgarh,1.78,Commercial,Showroom,b0a52fe3-03aa-46ae-8ba9-b06b9dde8149,28.699234,77.292381,237496000.0,clear,None,2026-08-18T11:48:58.765353
ea184184-70bc-4dff-bc6f-858071c50fc6,DLH-028/2-EA18,Delhi,South Delhi,Defence Colony,0.85,Commercial,Showroom,b0a52fe3-03aa-46ae-8ba9-b06b9dde8149,28.764675,77.254173,116902000.0,clear,None,2026-08-18T11:48:58.765398
29028af4-f26d-4c59-82ab-0c7d11740b8c,DLH-029/1-2902,Delhi,East Delhi,Mehrauli,2.24,Commercial,Office,d0609965-6800-4b21-bc00-0cd9fc850bf3,28.424285,77.281525,278827000.0,disputed,Court Order,2026-08-18T11:48:58.765456
93cc49d1-5edb-4cba-966e-4cfbd3868a42,DLH-030/2-93CC,Delhi,Dwarka,Narela,0.5,Commercial,Warehouse,5785d85b-36b1-434c-a776-8dbb362622b2,28.680108,77.341821,48687000.0,mortgaged,Bank Mortgage,2026-08-18T11:48:58.765508
7a025e6d-a846-4c80-b907-85e1b7b2b6e2,DLH-031/3-7A02,Delhi,West Delhi,Rohini,11.88,Agricultural,Farming,34994167-b83b-429a-93b6-8bd2ac19c9d8,28.420407,77.305206,168861000.0,clear,None,2026-08-18T11:48:58.765567
aae81b16-84fa-4962-a205-cb318637be4d,DLH-032/A-AAE8,Delhi,North Delhi,Defence Colony,4.32,Agricultural,Farming,65cf51ec-6a84-4797-b53f-9c4736c52f69,28.673349,77.268896,58400000.0,clear,None,2026-08-18T11:48:58.765618
a79cf899-dcdc-4df5-aae1-3fdaa827379b,DLH-033/Q-A79C,Delhi,Dwarka,Dwarka,8.63,Agricultural,Farming,d0609965-6800-4b21-bc00-0cd9fc850bf3,28.582702,77.13534,34204000.0,clear,None,2026-08-18T11:48:58.765661
1bff3fa5-3e8e-482b-b13c-2454e75c3b65,DLH-034/3-1BFF,Delhi,South Delhi,Narela,10.64,Agricultural,Plantation,9861f3e6-41e2-4823-8edd-53508d2dc7e7,28.483786,77.352785,162323000.0,disputed,Court Order,2026-08-18T11:48:58.765716
624536e2-0eaf-4acb-a4ce-0674c3af30c0,DLH-035/1-6245,Delhi,East Delhi,Hauz Khas,4.81,Agricultural,Farming,9861f3e6-41e2-4823-8edd-53508d2dc7e7,28.737558,77.145528,73572000.0,mortgaged,Bank Mortgage,2026-08-18T11:48:58.765766
105d393b-5158-42ca-9cc7-9d2686638714,DLH-036/2-105D,Delhi,Dwarka,Defence Colony,13.77,Agricultural,Plantation,34994167-b83b-429a-93b6-8bd2ac19c9d8,28.417061,77.120912,218667000.0,clear,None,2026-08-18T11:48:58.765820
75efdcb7-337e-43bb-9ddc-49aa59b9ebdd,DLH-037/A-75EF,Delhi,South Delhi,Hauz Khas,12.37,Agricultural,Horticulture,65cf51ec-6a84-4797-b53f-9c4736c52f69,28.8095,77.235239,312813000.0,clear,None,2026-08-18T11:48:58.765880
b9b6e0a8-298a-40a5-b16a-70251c046aef,DLH-038/C-B9B6,Delhi,North Delhi,Karol Bagh,11.1,Agricultural,Orchard,9861f3e6-41e2-4823-8edd-53508d2dc7e7,28.465654,77.29081,271846000.0,clear,None,2026-08-18T11:48:58.765929
3d8b5615-9e1b-4f96-9815-0d1fd53d474d,DLH-039/Q-3D8B,Delhi,Dwarka,Saket,2.71,Agricultural,Plantation,d0609965-6800-4b21-bc00-0cd9fc850bf3,28.663808,77.258436,33258000.0,disputed,Court Order,2026-08-18T11:48:58.765989
508eeaa6-5b81-4dee-b56b-3e03407abbfb,DLH-040/3-508E,Delhi,South Delhi,Pitampura,3.05,Agricultural,Farming,b0a52fe3-03aa-46ae-8ba9-b06b9dde8149,28.453633,77.076262,18392000.0,mortgaged,Bank Mortgage,2026-08-18T11:48:58.766042
b5a6c87d-19c0-4303-a7b9-142d2260cebd,DLH-041/A-B5A6,Delhi,West Delhi,Rohini,10.61,Agricultural,Grazing,b0a52fe3-03aa-46ae-8ba9-b06b9dde8149,28.512426,77.230883,238589000.0,clear,None,2026-08-18T11:48:58.766086
9f73ba22-57e4-4a58-9ea3-7bb17f4256a8,DLH-042/3-9F73,Delhi,South Delhi,Greater Kailash,5.19,Agricultural,Orchard,f90ab632-5c21-4adb-9e75-7a8af6a9068b,28.678811,77.137655,40167000.0,clear,None,2026-08-18T11:48:58.766145
1aee0b04-6f84-4a8e-822e-2cc1bf1368d5,DLH-043/A-1AEE,Delhi,Dwarka,Dwarka,11.74,Agricultural,Farming,b0a52fe3-03aa-46ae-8ba9-b06b9dde8149,28.686122,77.292679,85101000.0,clear,None,2026-08-18T11:48:58.766188
1d569644-6325-4a6a-9748-984be2b824ca,DLH-044/3-1D56,Delhi,New Delhi,Karol Bagh,2.13,Agricultural,Horticulture,d0609965-6800-4b21-bc00-0cd9fc850bf3,28.781257,77.221964,22259000.0,disputed,Court Order,2026-08-18T11:48:58.766268
0103131f-7581-4840-8e64-d99e9b030218,DLH-045/Q-0103,Delhi,New Delhi,Mehrauli,9.32,Agricultural,Orchard,f90ab632-5c21-4adb-9e75-7a8af6a9068b,28.448114,77.033275,29723000.0,mortgaged,Bank Mortgage,2026-08-18T11:48:58.766311
d652a0b8-cc6a-447b-8d50-09e5b4d7b1c7,DLH-046/C-D652,Delhi,East Delhi,Saket,5.22,Industrial,Logistics,34994167-b83b-429a-93b6-8bd2ac19c9d8,28.530326,77.397108,256265000.0,clear,None,2026-08-18T11:48:58.766390
6e757275-d729-430e-9e23-74f506225c9e,DLH-047/P-6E75,Delhi,East Delhi,Dwarka,6.78,Industrial,Workshop,9861f3e6-41e2-4823-8edd-53508d2dc7e7,28.41659,77.012957,245455000.0,clear,None,2026-08-18T11:48:58.766436
71b594a3-9b56-4a91-a6f7-66a19d1f2a86,DLH-048/P-71B5,Delhi,Dwarka,Narela,1.83,Industrial,Factory,d0609965-6800-4b21-bc00-0cd9fc850bf3,28.766989,77.061318,41415000.0,clear,None,2026-08-18T11:48:58.766482
e29b0952-44bc-4320-9d38-5a603a5896c3,DLH-049/P-E29B,Delhi,North Delhi,Vasant Kunj,2.78,Industrial,Logistics,f90ab632-5c21-4adb-9e75-7a8af6a9068b,28.447804,77.309649,86552000.0,disputed,Court Order,2026-08-18T11:48:58.766544
eac58902-5f79-4015-a0f9-f78273b9f33f,DLH-050/2-EAC5,Delhi,Dwarka,Rohini,2.33,Industrial,Logistics,b0a52fe3-03aa-46ae-8ba9-b06b9dde8149,28.655514,77.064146,177787000.0,mortgaged,Bank Mortgage,2026-08-18T11:48:58.766594
37d52ebc-d7d7-47fe-9bd6-a9103ee997d3,DLH-051/C-37D5,Delhi,North Delhi,Vasant Kunj,7.6,Industrial,Logistics,f90ab632-5c21-4adb-9e75-7a8af6a9068b,28.417772,77.333161,567214000.0,clear,None,2026-08-18T11:48:58.766636
ddd4f1d1-b091-481e-b671-bc0dcac6dde8,DLH-052/P-DDD4,Delhi,North Delhi,Rohini,3.04,Industrial,Workshop,c1db0589-ab02-4dc4-8803-bb225d257db6,28.623658,77.190865,112697000.0,clear,None,2026-08-18T11:48:58.766684
76ffaa55-8631-41b6-887d-be3c7cb2235e,DLH-053/Q-76FF,Delhi,East Delhi,Hauz Khas,1.27,Industrial,IT Park,f90ab632-5c21-4adb-9e75-7a8af6a9068b,28.450341,77.26752,103451000.0,clear,None,2026-08-18T11:48:58.766728
658819e9-c21a-45a1-a936-1010fb72ea98,DLH-054/C-6588,Delhi,Dwarka,Janakpuri,4.39,Industrial,Manufacturing,5785d85b-36b1-434c-a776-8dbb362622b2,28.441195,77.228371,117996000.0,disputed,Court Order,2026-08-18T11:48:58.766804
bab5d2d2-02d2-4e80-8a60-bb0fcf09ef68,DLH-055/A-BAB5,Delhi,East Delhi,Connaught Place,7.5,Industrial,Workshop,d0609965-6800-4b21-bc00-0cd9fc850bf3,28.563758,77.104416,110289000.0,mortgaged,Bank Mortgage,2026-08-18T11:48:58.766847
4a97096a-9993-43ca-8fd9-3da2f6d05d81,DLH-056/B-4A97,Delhi,North Delhi,Narela,3.11,Industrial,Manufacturing,34994167-b83b-429a-93b6-8bd2ac19c9d8,28.653448,77.402241,48349000.0,clear,None,2026-08-18T11:48:58.766896
21da47a3-be40-431e-9ca2-047fd6a78119,DLH-057/Q-21DA,Delhi,South Delhi,Defence Colony,2.95,Industrial,Workshop,d0609965-6800-4b21-bc00-0cd9fc850bf3,28.671341,77.313198,145584000.0,clear,None,2026-08-18T11:48:58.766951
50dbc5d1-6585-4aa4-8007-7c7f4584fc21,DLH-058/P-50DB,Delhi,North Delhi,Pitampura,4.09,Industrial,Manufacturing,5785d85b-36b1-434c-a776-8dbb362622b2,28.616017,77.302971,280845000.0,clear,None,2026-08-18T11:48:58.767008
2b8173e1-d2bf-407d-ba5f-d0510a8a9602,DLH-059/B-2B81,Delhi,New Delhi,Pitampura,3.69,Industrial,Factory,b0a52fe3-03aa-46ae-8ba9-b06b9dde8149,28.640143,77.086691,156928000.0,disputed,Court Order,2026-08-18T11:48:58.767054
6fd32d0c-2f9d-4dd2-9f3c-d506d061e806,DLH-060/3-6FD3,Delhi,North Delhi,Najafgarh,6.24,Industrial,Logistics,34994167-b83b-429a-93b6-8bd2ac19c9d8,28.785907,77.168188,200845000.0,mortgaged,Bank Mortgage,2026-08-18T11:48:58.767114
64ff0cbc-74e9-467b-8c5e-fa64ae592de7,CHN-001/2-64FF,Chennai,Chennai North,Perungudi,0.64,Residential,Row House,d0609965-6800-4b21-bc00-0cd9fc850bf3,12.945258,80.184021,29124000.0,clear,None,2026-08-18T11:48:58.767166
cd596c0d-07c8-47a3-aaf4-34ba7eb240f3,CHN-002/B-CD59,Chennai,Sholinganallur,Porur,0.79,Residential,Duplex,b0a52fe3-03aa-46ae-8ba9-b06b9dde8149,13.18983,80.392261,33660000.0,clear,None,2026-08-18T11:48:58.767232
5eb65d32-e374-4110-9ea0-fe8fede545b8,CHN-003/P-5EB6,Chennai,Ambattur,Guindy,0.66,Residential,Duplex,9861f3e6-41e2-4823-8edd-53508d2dc7e7,12.999765,80.155407,6613000.0,clear,None,2026-08-18T11:48:58.767292
e1caa4f5-a650-451d-901f-ee30d87eac2d,CHN-004/2-E1CA,Chennai,Chennai North,Royapettah,0.8,Residential,Villa,5785d85b-36b1-434c-a776-8dbb362622b2,13.144657,80.264185,37893000.0,disputed,Court Order,2026-08-18T11:48:58.767346
fc4bf496-3211-40e8-b402-eee45a337aa9,CHN-005/C-FC4B,Chennai,Sholinganallur,Perambur,0.72,Residential,Villa,c1db0589-ab02-4dc4-8803-bb225d257db6,12.99563,80.362008,11132000.0,mortgaged,Bank Mortgage,2026-08-18T11:48:58.767399
393fecbe-dcd2-4367-86ad-8fff7363db64,CHN-006/3-393F,Chennai,Chennai North,T Nagar,0.12,Residential,Housing,c1db0589-ab02-4dc4-8803-bb225d257db6,13.079466,80.321338,3755000.0,clear,None,2026-08-18T11:48:58.767450
8feeddba-0931-47da-8a96-3a78e33bdddc,CHN-007/2-8FEE,Chennai,Ambattur,Porur,0.37,Residential,Apartment,b0a52fe3-03aa-46ae-8ba9-b06b9dde8149,13.216269,80.120726,7678000.0,clear,None,2026-08-18T11:48:58.767513
e82e8df2-b32e-46e1-84f6-020a5d9b6cd7,CHN-008/C-E82E,Chennai,Chennai South,Chromepet,0.79,Residential,Villa,9861f3e6-41e2-4823-8edd-53508d2dc7e7,13.062788,80.128473,28457000.0,clear,None,2026-08-18T11:48:58.767569
f93cde85-c0ef-4f83-bc02-7068fa1bd0b1,CHN-009/P-F93C,Chennai,Ambattur,Perambur,0.25,Residential,Apartment,34994167-b83b-429a-93b6-8bd2ac19c9d8,13.138698,80.334667,9685000.0,disputed,Court Order,2026-08-18T11:48:58.767625
9dec123e-8881-46aa-9803-5dfd3a9780f4,CHN-010/C-9DEC,Chennai,Sholinganallur,Perambur,0.57,Residential,Row House,c1db0589-ab02-4dc4-8803-bb225d257db6,13.135732,80.280423,6774000.0,mortgaged,Bank Mortgage,2026-08-18T11:48:58.767677
c3805089-5c76-4547-bcc0-6f8c23e1a5f7,CHN-011/A-C380,Chennai,Chennai North,Porur,0.4,Residential,Row House,34994167-b83b-429a-93b6-8bd2ac19c9d8,13.022205,80.152849,9290000.0,clear,None,2026-08-18T11:48:58.767738
efa5f59a-015c-46b2-a292-88c4b1805b65,CHN-012/1-EFA5,Chennai,Tambaram,Perambur,0.37,Residential,Housing,f90ab632-5c21-4adb-9e75-7a8af6a9068b,13.097737,80.360646,15393000.0,clear,None,2026-08-18T11:48:58.767791
53158995-579c-4fcc-90bc-ac2679b7091e,CHN-013/C-5315,Chennai,Chennai North,Velachery,0.36,Residential,Apartment,c1db0589-ab02-4dc4-8803-bb225d257db6,13.014858,80.178353,4669000.0,clear,None,2026-08-18T11:48:58.767844
26e7780f-4164-4cea-91f4-8a3aa8051c08,CHN-014/2-26E7,Chennai,Ambattur,Velachery,0.12,Residential,Duplex,c1db0589-ab02-4dc4-8803-bb225d257db6,12.96461,80.309568,4312000.0,disputed,Court Order,2026-08-18T11:48:58.767901
0a595b1c-03f9-44ae-ac49-8399b8db174b,CHN-015/P-0A59,Chennai,Sholinganallur,Royapettah,0.51,Residential,Duplex,c1db0589-ab02-4dc4-8803-bb225d257db6,12.994777,80.12178,17556000.0,mortgaged,Bank Mortgage,2026-08-18T11:48:58.767960
bcecfd38-1b05-4e97-b9cd-a3031f4d8849,CHN-016/2-BCEC,Chennai,Ambattur,Ambattur,0.67,Commercial,Warehouse,d0609965-6800-4b21-bc00-0cd9fc850bf3,13.065355,80.217979,16717000.0,clear,None,2026-08-18T11:48:58.768022
ace00b8f-447b-49af-9e0a-bba5afb57814,CHN-017/B-ACE0,Chennai,Sholinganallur,Chromepet,0.45,Commercial,Office,34994167-b83b-429a-93b6-8bd2ac19c9d8,12.936766,80.369855,37272000.0,clear,None,2026-08-18T11:48:58.768065
1c983769-56e5-41dc-ad84-57023cabe90c,CHN-018/1-1C98,Chennai,Sholinganallur,Chromepet,1.01,Commercial,Retail Shop,9861f3e6-41e2-4823-8edd-53508d2dc7e7,13.018754,80.397207,63636000.0,clear,None,2026-08-18T11:48:58.768109
1c43f7e8-dfaa-40d2-b719-4d7b7ea1d8a8,CHN-019/Q-1C43,Chennai,Chennai North,Ambattur,1.53,Commercial,Office,34994167-b83b-429a-93b6-8bd2ac19c9d8,13.220576,80.204243,24424000.0,disputed,Court Order,2026-08-18T11:48:58.768165
ed988495-3510-4a2f-81a9-a6a6f7aa3512,CHN-020/Q-ED98,Chennai,Chennai North,Anna Nagar,2.3,Commercial,Office,34994167-b83b-429a-93b6-8bd2ac19c9d8,13.040958,80.375499,162078000.0,mortgaged,Bank Mortgage,2026-08-18T11:48:58.768207
6b90190b-54d5-42e0-9ff6-cceded8107d3,CHN-021/A-6B90,Chennai,Chennai North,Tambaram,0.34,Commercial,Retail Shop,34994167-b83b-429a-93b6-8bd2ac19c9d8,13.125436,80.301952,7666000.0,clear,None,2026-08-18T11:48:58.768260
2bff7d00-c973-487e-9f91-170c7332e384,CHN-022/P-2BFF,Chennai,Tambaram,Velachery,0.44,Commercial,Office,65cf51ec-6a84-4797-b53f-9c4736c52f69,13.04151,80.354339,15563000.0,clear,None,2026-08-18T11:48:58.768305
2b0a1a7d-8113-4f82-b4d7-5e2f638738ae,CHN-023/A-2B0A,Chennai,Chennai South,Tambaram,1.77,Commercial,Retail Shop,65cf51ec-6a84-4797-b53f-9c4736c52f69,12.956326,80.308486,149146000.0,clear,None,2026-08-18T11:48:58.768360
a98f6b34-a7e0-424b-ab48-dacf6b52b9e5,CHN-024/B-A98F,Chennai,Tambaram,Perambur,2.35,Commercial,Retail Shop,9861f3e6-41e2-4823-8edd-53508d2dc7e7,12.981142,80.204735,88303000.0,disputed,Court Order,2026-08-18T11:48:58.768403
6bd7ca37-2ced-4991-aef7-7b1b15c232f6,CHN-025/A-6BD7,Chennai,Chennai North,Anna Nagar,1.06,Commercial,Mall,5785d85b-36b1-434c-a776-8dbb362622b2,13.10374,80.376849,28054000.0,mortgaged,Bank Mortgage,2026-08-18T11:48:58.768449
58f1c593-c3b3-4e80-bb18-5d89904d234f,CHN-026/2-58F1,Chennai,Sholinganallur,Ambattur,1.41,Commercial,Showroom,9861f3e6-41e2-4823-8edd-53508d2dc7e7,13.133593,80.198534,105157000.0,clear,None,2026-08-18T11:48:58.768509
f60ac9a5-4f07-4c74-a6d3-48987cb6452c,CHN-027/A-F60A,Chennai,Chennai South,Velachery,1.8,Commercial,Showroom,65cf51ec-6a84-4797-b53f-9c4736c52f69,13.165015,80.300983,46653000.0,clear,None,2026-08-18T11:48:58.768560
c9ec89b5-da4e-4c15-9cac-d721df553cfa,CHN-028/2-C9EC,Chennai,Ambattur,Sholinganallur,2.49,Commercial,Office,d0609965-6800-4b21-bc00-0cd9fc850bf3,13.174482,80.151844,150023000.0,clear,None,2026-08-18T11:48:58.768616
a85be164-2e61-41e6-8264-a1103c54b8d0,CHN-029/P-A85B,Chennai,Chennai South,Guindy,2.27,Commercial,Office,f90ab632-5c21-4adb-9e75-7a8af6a9068b,13.057067,80.125359,47550000.0,disputed,Court Order,2026-08-18T11:48:58.768664
8cfeac80-3f3d-415d-a575-7053ea9617b6,CHN-030/3-8CFE,Chennai,Chennai South,Anna Nagar,0.88,Commercial,Retail Shop,d0609965-6800-4b21-bc00-0cd9fc850bf3,13.093325,80.194276,62109000.0,mortgaged,Bank Mortgage,2026-08-18T11:48:58.768720
15c87c70-d10a-4e65-8efa-be8fdbf429bf,CHN-031/3-15C8,Chennai,Sholinganallur,Porur,9.6,Agricultural,Grazing,9861f3e6-41e2-4823-8edd-53508d2dc7e7,12.934204,80.277225,44224000.0,clear,None,2026-08-18T11:48:58.768774
9457a094-814a-4f99-bedd-0255a1d68098,CHN-032/P-9457,Chennai,Ambattur,Adyar,5.71,Agricultural,Grazing,5785d85b-36b1-434c-a776-8dbb362622b2,13.17093,80.406829,43092000.0,clear,None,2026-08-18T11:48:58.768819
a83baa5a-6d61-44be-9515-72cd3a7223ec,CHN-033/2-A83B,Chennai,Chennai South,Mylapore,4.44,Agricultural,Grazing,9861f3e6-41e2-4823-8edd-53508d2dc7e7,13.100988,80.33558,59154000.0,clear,None,2026-08-18T11:48:58.768872
a70dc26b-3aeb-45c5-8b6a-8c67ca4cf554,CHN-034/B-A70D,Chennai,Tambaram,Ambattur,2.89,Agricultural,Grazing,f90ab632-5c21-4adb-9e75-7a8af6a9068b,12.999904,80.368337,9098000.0,disputed,Court Order,2026-08-18T11:48:58.768934
21ca2d48-e50a-4a1d-9f04-2256ce8b8386,CHN-035/1-21CA,Chennai,Chennai North,Sholinganallur,14.62,Agricultural,Farming,d0609965-6800-4b21-bc00-0cd9fc850bf3,12.95078,80.124638,60283000.0,mortgaged,Bank Mortgage,2026-08-18T11:48:58.769003
3a6e3e6e-a9bb-4bb1-adf3-d9be44366743,CHN-036/Q-3A6E,Chennai,Tambaram,Anna Nagar,7.93,Agricultural,Farming,9861f3e6-41e2-4823-8edd-53508d2dc7e7,13.091966,80.226287,22925000.0,clear,None,2026-08-18T11:48:58.769070
36074b45-a8cf-427e-a568-876b154385d3,CHN-037/B-3607,Chennai,Tambaram,Velachery,4.28,Agricultural,Orchard,b0a52fe3-03aa-46ae-8ba9-b06b9dde8149,13.168418,80.22499,21523000.0,clear,None,2026-08-18T11:48:58.769128
71ee3aa7-b4bb-4ad8-8310-2824677a859e,CHN-038/2-71EE,Chennai,Sholinganallur,Porur,12.67,Agricultural,Farming,5785d85b-36b1-434c-a776-8dbb362622b2,13.02304,80.220822,100406000.0,clear,None,2026-08-18T11:48:58.769192
38dde238-2eac-4f00-a3cc-6581bd1d24b3,CHN-039/2-38DD,Chennai,Chennai South,Tambaram,9.32,Agricultural,Farming,5785d85b-36b1-434c-a776-8dbb362622b2,13.143251,80.370951,27488000.0,disputed,Court Order,2026-08-18T11:48:58.769243
ceb32b1a-221e-4735-9a31-464ed7e54e8c,CHN-040/3-CEB3,Chennai,Sholinganallur,Velachery,6.89,Agricultural,Orchard,b0a52fe3-03aa-46ae-8ba9-b06b9dde8149,13.203949,80.38861,89532000.0,mortgaged,Bank Mortgage,2026-08-18T11:48:58.769302
f9d1c00a-2c0a-492f-b89f-854a2257c012,CHN-041/A-F9D1,Chennai,Sholinganallur,Perungudi,11.7,Agricultural,Farming,f90ab632-5c21-4adb-9e75-7a8af6a9068b,13.117263,80.211417,52151000.0,clear,None,2026-08-18T11:48:58.769346
5000e182-d3f6-418a-9900-450c4bfce5cc,CHN-042/1-5000,Chennai,Chennai South,Avadi,9.98,Agricultural,Plantation,65cf51ec-6a84-4797-b53f-9c4736c52f69,13.148443,80.401659,115277000.0,clear,None,2026-08-18T11:48:58.769396
93329a1e-71fb-435a-bcda-cd127839fcf7,CHN-043/1-9332,Chennai,Sholinganallur,Perambur,5.41,Agricultural,Plantation,b0a52fe3-03aa-46ae-8ba9-b06b9dde8149,12.962706,80.297329,32614000.0,clear,None,2026-08-18T11:48:58.769439
809ff23d-7ba1-4709-8f94-15572c6ff003,CHN-044/P-809F,Chennai,Sholinganallur,Adyar,14.49,Agricultural,Orchard,b0a52fe3-03aa-46ae-8ba9-b06b9dde8149,13.114453,80.174812,149640000.0,disputed,Court Order,2026-08-18T11:48:58.769494
fff005cb-2a99-4872-bbf8-77a789203bdf,CHN-045/B-FFF0,Chennai,Tambaram,Perambur,10.02,Agricultural,Grazing,5785d85b-36b1-434c-a776-8dbb362622b2,12.941538,80.17292,27620000.0,mortgaged,Bank Mortgage,2026-08-18T11:48:58.769541
7c11237c-b72c-4454-8e3a-23655f74b158,CHN-046/Q-7C11,Chennai,Sholinganallur,Chromepet,4.98,Industrial,Factory,5785d85b-36b1-434c-a776-8dbb362622b2,12.970858,80.275874,41813000.0,clear,None,2026-08-18T11:48:58.769629
d3b51586-e0cc-4129-8579-94a917f565bb,CHN-047/3-D3B5,Chennai,Chennai North,Avadi,4.45,Industrial,Workshop,c1db0589-ab02-4dc4-8803-bb225d257db6,13.174399,80.289857,127075000.0,clear,None,2026-08-18T11:48:58.769676
f629ab95-ab96-4bfe-a320-aad56eb72d0b,CHN-048/1-F629,Chennai,Chennai North,Velachery,1.07,Industrial,IT Park,c1db0589-ab02-4dc4-8803-bb225d257db6,13.05662,80.346471,38933000.0,clear,None,2026-08-18T11:48:58.769735
a6f7446c-d3ed-40eb-8b2e-8f01b6a65a5d,CHN-049/1-A6F7,Chennai,Tambaram,Royapettah,5.88,Industrial,Logistics,5785d85b-36b1-434c-a776-8dbb362622b2,13.083734,80.136899,235534000.0,disputed,Court Order,2026-08-18T11:48:58.769781
2fd1db08-449b-486d-a417-b73dd9c7bfbf,CHN-050/3-2FD1,Chennai,Tambaram,Avadi,2.52,Industrial,IT Park,d0609965-6800-4b21-bc00-0cd9fc850bf3,12.940904,80.338436,73112000.0,mortgaged,Bank Mortgage,2026-08-18T11:48:58.769836
5be9c2d7-334d-4623-b4f8-499d0de679bb,CHN-051/3-5BE9,Chennai,Sholinganallur,Adyar,2.81,Industrial,Workshop,65cf51ec-6a84-4797-b53f-9c4736c52f69,13.168721,80.198562,67438000.0,clear,None,2026-08-18T11:48:58.769899
81ba4bf1-8f35-4df2-af19-6eed7d8cc358,CHN-052/C-81BA,Chennai,Ambattur,Avadi,1.74,Industrial,Factory,f90ab632-5c21-4adb-9e75-7a8af6a9068b,12.996144,80.214632,56975000.0,clear,None,2026-08-18T11:48:58.769959
1183d95b-eb1f-4bfb-a3d9-f46986b132ac,CHN-053/1-1183,Chennai,Sholinganallur,Perambur,1.56,Industrial,Logistics,5785d85b-36b1-434c-a776-8dbb362622b2,13.100837,80.143633,29245000.0,clear,None,2026-08-18T11:48:58.770004
08e671d6-59e9-48cf-ba57-78b57d6311e2,CHN-054/3-08E6,Chennai,Ambattur,Mylapore,1.75,Industrial,IT Park,5785d85b-36b1-434c-a776-8dbb362622b2,13.149354,80.142826,71506000.0,disputed,Court Order,2026-08-18T11:48:58.770071
3b15d949-dee2-45f7-b1ba-fb5fa23902ea,CHN-055/2-3B15,Chennai,Ambattur,Mylapore,1.7,Industrial,Logistics,5785d85b-36b1-434c-a776-8dbb362622b2,13.018137,80.156265,25915000.0,mortgaged,Bank Mortgage,2026-08-18T11:48:58.770126
916098b4-1b54-458f-937a-e3e05fa60905,CHN-056/B-9160,Chennai,Sholinganallur,Perambur,2.84,Industrial,Manufacturing,9861f3e6-41e2-4823-8edd-53508d2dc7e7,13.192051,80.418623,94778000.0,clear,None,2026-08-18T11:48:58.770175
f748c71f-3dce-4d36-bd71-d65547568e44,CHN-057/A-F748,Chennai,Chennai North,Chromepet,4.9,Industrial,Manufacturing,b0a52fe3-03aa-46ae-8ba9-b06b9dde8149,12.995264,80.174135,102700000.0,clear,None,2026-08-18T11:48:58.770237
f49a586d-9795-4947-995a-16f94c8e5734,CHN-058/3-F49A,Chennai,Sholinganallur,Chromepet,3.98,Industrial,Manufacturing,65cf51ec-6a84-4797-b53f-9c4736c52f69,13.01091,80.13709,94032000.0,clear,None,2026-08-18T11:48:58.770303
8fd8a55e-d00d-42f6-941a-415461bad281,CHN-059/B-8FD8,Chennai,Sholinganallur,Royapettah,1.3,Industrial,Manufacturing,65cf51ec-6a84-4797-b53f-9c4736c52f69,13.017627,80.127973,38232000.0,disputed,Court Order,2026-08-18T11:48:58.770355
92a71ea2-970d-4c59-b433-1aa6a25940e0,CHN-060/P-92A7,Chennai,Tambaram,Royapettah,2.99,Industrial,Manufacturing,5785d85b-36b1-434c-a776-8dbb362622b2,13.143564,80.272678,58435000.0,mortgaged,Bank Mortgage,2026-08-18T11:48:58.770402
41c8bb7c-1c19-4c46-bf85-604c2a96b254,MUM-001/1-41C8,Mumbai,Borivali,Thane,0.44,Residential,Duplex,9861f3e6-41e2-4823-8edd-53508d2dc7e7,19.162077,72.995961,12347000.0,clear,None,2026-08-18T11:48:58.770463
42770265-b25b-4a3f-b304-4acbf08d2210,MUM-002/C-4277,Mumbai,Kurla,Malad,0.07,Residential,Duplex,c1db0589-ab02-4dc4-8803-bb225d257db6,19.055913,72.793784,8400000.0,clear,None,2026-08-18T11:48:58.770519
0030b78a-be06-4043-8083-7a6d2054b652,MUM-003/2-0030,Mumbai,Mumbai Suburban,Worli,0.06,Residential,Apartment,34994167-b83b-429a-93b6-8bd2ac19c9d8,19.011639,72.809646,10470000.0,clear,None,2026-08-18T11:48:58.770702
dd02a105-b365-4a5a-8f1c-6563e9553943,MUM-004/Q-DD02,Mumbai,Mumbai City,Ghatkopar,0.73,Residential,Row House,5785d85b-36b1-434c-a776-8dbb362622b2,19.112502,72.800423,119394000.0,disputed,Court Order,2026-08-18T11:48:58.770812
b6818a03-0d49-49ac-9b32-ca97b53ab103,MUM-005/C-B681,Mumbai,Mumbai Suburban,Malad,0.37,Residential,Housing,c1db0589-ab02-4dc4-8803-bb225d257db6,19.158993,72.771152,45906000.0,mortgaged,Bank Mortgage,2026-08-18T11:48:58.770968
2866b69d-fa54-4c4b-bc42-8e36192f3498,MUM-006/Q-2866,Mumbai,Mumbai City,Borivali,0.2,Residential,Housing,c1db0589-ab02-4dc4-8803-bb225d257db6,18.97674,72.8339,24439000.0,clear,None,2026-08-18T11:48:58.771359
a8f9dec0-e069-472c-9e26-a3cc48b42fb5,MUM-007/C-A8F9,Mumbai,Kurla,Bandra,0.18,Residential,Duplex,b0a52fe3-03aa-46ae-8ba9-b06b9dde8149,19.092491,72.996201,16004000.0,clear,None,2026-08-18T11:48:58.771470
cc03e24a-2a33-468e-9896-00d9f922c03b,MUM-008/3-CC03,Mumbai,Mumbai Suburban,Mulund,0.46,Residential,Duplex,d0609965-6800-4b21-bc00-0cd9fc850bf3,19.136491,72.863062,55415000.0,clear,None,2026-08-18T11:48:58.771550
c713ad02-7811-41c2-9ceb-08c530c8ac36,MUM-009/3-C713,Mumbai,Borivali,Andheri,0.32,Residential,Apartment,5785d85b-36b1-434c-a776-8dbb362622b2,19.068992,72.922529,43090000.0,disputed,Court Order,2026-08-18T11:48:58.771626
f8a40842-bfa2-457a-b1fc-b55f98063e8a,MUM-010/B-F8A4,Mumbai,Mumbai City,Sion,0.57,Residential,Villa,c1db0589-ab02-4dc4-8803-bb225d257db6,18.980337,72.964692,87065000.0,mortgaged,Bank Mortgage,2026-08-18T11:48:58.771705
d41da634-2822-4272-97a9-8d6975ca219f,MUM-011/2-D41D,Mumbai,Kurla,Kandivali,0.6,Residential,Row House,9861f3e6-41e2-4823-8edd-53508d2dc7e7,19.065197,72.76935,37586000.0,clear,None,2026-08-18T11:48:58.771757
8dcc16e1-2fe8-4777-8130-4708fbdced32,MUM-012/A-8DCC,Mumbai,Andheri,Borivali,0.09,Residential,Villa,9861f3e6-41e2-4823-8edd-53508d2dc7e7,19.102245,72.931414,13886000.0,clear,None,2026-08-18T11:48:58.771815
42697d23-73cd-4664-a1c6-1150daa7aedc,MUM-013/C-4269,Mumbai,Andheri,Ghatkopar,0.5,Residential,Duplex,c1db0589-ab02-4dc4-8803-bb225d257db6,19.190215,72.834058,26108000.0,clear,None,2026-08-18T11:48:58.771878
c1a218e8-f91f-40c9-8709-6ed64fe66e67,MUM-014/1-C1A2,Mumbai,Kurla,Vikhroli,0.34,Residential,Apartment,65cf51ec-6a84-4797-b53f-9c4736c52f69,19.183717,72.787339,27993000.0,disputed,Court Order,2026-08-18T11:48:58.771956
b3ede6bf-3d7f-4f83-8522-210e2a268bb0,MUM-015/2-B3ED,Mumbai,Kurla,Andheri,0.62,Residential,Villa,d0609965-6800-4b21-bc00-0cd9fc850bf3,19.113486,72.921704,19206000.0,mortgaged,Bank Mortgage,2026-08-18T11:48:58.772019
51912a7d-dacf-466c-9cb9-20bec1bad07d,MUM-016/Q-5191,Mumbai,Mumbai City,Lower Parel,2.13,Commercial,Warehouse,9861f3e6-41e2-4823-8edd-53508d2dc7e7,19.165301,72.975831,188376000.0,clear,None,2026-08-18T11:48:58.772078
eb430112-0430-4082-9f18-01e8fe363842,MUM-017/C-EB43,Mumbai,Borivali,Powai,0.53,Commercial,Mall,f90ab632-5c21-4adb-9e75-7a8af6a9068b,19.014336,72.873522,49698000.0,clear,None,2026-08-18T11:48:58.772136
89827b37-bf61-4b0d-bb62-255b3c16220a,MUM-018/C-8982,Mumbai,Mumbai Suburban,Powai,2.16,Commercial,Warehouse,5785d85b-36b1-434c-a776-8dbb362622b2,19.031431,72.847547,554719000.0,clear,None,2026-08-18T11:48:58.772212
fc510908-6c52-4db4-8771-a6a1697f9626,MUM-019/Q-FC51,Mumbai,Mumbai City,Malad,0.81,Commercial,Warehouse,9861f3e6-41e2-4823-8edd-53508d2dc7e7,19.022594,72.936047,178993000.0,disputed,Court Order,2026-08-18T11:48:58.772278
25ffd3a1-b4ad-4f9e-ae64-63c795018a70,MUM-020/Q-25FF,Mumbai,Andheri,Andheri,1.58,Commercial,Showroom,b0a52fe3-03aa-46ae-8ba9-b06b9dde8149,19.074225,72.800068,252240000.0,mortgaged,Bank Mortgage,2026-08-18T11:48:58.772340
3ff06e34-5553-4afb-8f61-f5ac290af3a0,MUM-021/Q-3FF0,Mumbai,Andheri,Chembur,2.35,Commercial,Retail Shop,34994167-b83b-429a-93b6-8bd2ac19c9d8,19.069276,72.963197,245297000.0,clear,None,2026-08-18T11:48:58.772439
5f269622-2227-4075-bf79-482a981976d9,MUM-022/Q-5F26,Mumbai,Borivali,Bandra,0.77,Commercial,Showroom,c1db0589-ab02-4dc4-8803-bb225d257db6,19.192863,72.898367,29333000.0,clear,None,2026-08-18T11:48:58.772498
5281d756-e691-46d9-bbc3-3c73fded4767,MUM-023/A-5281,Mumbai,Andheri,Lower Parel,1.5,Commercial,Office,f90ab632-5c21-4adb-9e75-7a8af6a9068b,19.194957,72.988049,388344000.0,clear,None,2026-08-18T11:48:58.772566
8a606eac-04e3-4b5f-8655-d9513ea281dc,MUM-024/3-8A60,Mumbai,Mumbai Suburban,Goregaon,0.67,Commercial,Retail Shop,c1db0589-ab02-4dc4-8803-bb225d257db6,18.999581,72.763994,124165000.0,disputed,Court Order,2026-08-18T11:48:58.772657
65135f95-b263-4ace-b17c-91a6d07b48d8,MUM-025/B-6513,Mumbai,Mumbai Suburban,Malad,2.36,Commercial,Office,d0609965-6800-4b21-bc00-0cd9fc850bf3,19.133754,72.843714,689294000.0,mortgaged,Bank Mortgage,2026-08-18T11:48:58.772705
fd4e6c76-5efe-4b86-ab1c-590e5bc85182,MUM-026/1-FD4E,Mumbai,Kurla,Malad,0.49,Commercial,Office,c1db0589-ab02-4dc4-8803-bb225d257db6,18.993382,72.924517,112129000.0,clear,None,2026-08-18T11:48:58.772767
3d73aad2-3a91-456c-b0ed-f75cb5c98b63,MUM-027/A-3D73,Mumbai,Borivali,Mulund,2.27,Commercial,Showroom,9861f3e6-41e2-4823-8edd-53508d2dc7e7,19.017647,72.83519,382532000.0,clear,None,2026-08-18T11:48:58.772835
668d7405-bfae-4961-8490-af92937e054d,MUM-028/1-668D,Mumbai,Borivali,Malad,0.23,Commercial,Mall,d0609965-6800-4b21-bc00-0cd9fc850bf3,19.071386,72.963543,16777000.0,clear,None,2026-08-18T11:48:58.772887
79c7eaf6-b7e2-4272-bc11-be1825d2c37b,MUM-029/1-79C7,Mumbai,Mumbai Suburban,Goregaon,0.66,Commercial,Office,c1db0589-ab02-4dc4-8803-bb225d257db6,19.134703,72.883838,154191000.0,disputed,Court Order,2026-08-18T11:48:58.772943
daceefc1-4097-4fbc-a211-826111612166,MUM-030/1-DACE,Mumbai,Andheri,Kurla,0.72,Commercial,Office,34994167-b83b-429a-93b6-8bd2ac19c9d8,19.183772,72.791406,94265000.0,mortgaged,Bank Mortgage,2026-08-18T11:48:58.773005
f1d91dfe-878b-4aba-ada1-5d376e1e1286,MUM-031/Q-F1D9,Mumbai,Mumbai Suburban,Mulund,2.89,Agricultural,Grazing,f90ab632-5c21-4adb-9e75-7a8af6a9068b,19.195425,72.902496,84847000.0,clear,None,2026-08-18T11:48:58.773052
a3e3bd9b-8501-4ff6-b486-3b95934f8083,MUM-032/P-A3E3,Mumbai,Kurla,Bandra,9.47,Agricultural,Farming,9861f3e6-41e2-4823-8edd-53508d2dc7e7,19.146464,72.986677,268454000.0,clear,None,2026-08-18T11:48:58.773099
ec5709d4-fcc3-4037-bc58-fec1e03744c3,MUM-033/A-EC57,Mumbai,Borivali,Thane,11.88,Agricultural,Plantation,f90ab632-5c21-4adb-9e75-7a8af6a9068b,18.994542,72.891735,484391000.0,clear,None,2026-08-18T11:48:58.773146
41137302-f2e2-4de4-a8ab-51d57dc4127f,MUM-034/2-4113,Mumbai,Andheri,Goregaon,6.28,Agricultural,Grazing,b0a52fe3-03aa-46ae-8ba9-b06b9dde8149,18.987928,72.850158,251051000.0,disputed,Court Order,2026-08-18T11:48:58.773205
4a2d94b5-783f-44fc-9cea-f356022eccef,MUM-035/3-4A2D,Mumbai,Mumbai Suburban,Borivali,13.11,Agricultural,Plantation,34994167-b83b-429a-93b6-8bd2ac19c9d8,19.192701,72.816955,350503000.0,mortgaged,Bank Mortgage,2026-08-18T11:48:58.773269
55b59d55-3332-4844-9cb2-c26dd2c955d7,MUM-036/Q-55B5,Mumbai,Mumbai Suburban,Chembur,4.41,Agricultural,Orchard,f90ab632-5c21-4adb-9e75-7a8af6a9068b,19.064507,72.886915,143868000.0,clear,None,2026-08-18T11:48:58.773314
00dba1f8-c36b-4918-9ba7-0760b1edac0c,MUM-037/P-00DB,Mumbai,Borivali,Chembur,3.37,Agricultural,Orchard,d0609965-6800-4b21-bc00-0cd9fc850bf3,19.038391,72.780707,63460000.0,clear,None,2026-08-18T11:48:58.773359
13e290c1-9af7-49ac-951c-a3e5024d182e,MUM-038/C-13E2,Mumbai,Mumbai Suburban,Sion,3.51,Agricultural,Grazing,9861f3e6-41e2-4823-8edd-53508d2dc7e7,19.152559,72.764982,18160000.0,clear,None,2026-08-18T11:48:58.773413
f12693ad-4f42-41af-8735-5a479d3b7e4a,MUM-039/P-F126,Mumbai,Mumbai Suburban,Prabhadevi,5.82,Agricultural,Plantation,d0609965-6800-4b21-bc00-0cd9fc850bf3,19.063497,72.80523,257593000.0,disputed,Court Order,2026-08-18T11:48:58.773464
b7096a47-5ea6-488e-80a0-59c5ec5b794a,MUM-040/B-B709,Mumbai,Borivali,Kandivali,9.21,Agricultural,Horticulture,9861f3e6-41e2-4823-8edd-53508d2dc7e7,19.103124,72.768556,183902000.0,mortgaged,Bank Mortgage,2026-08-18T11:48:58.773521
20092629-f9c0-4c7b-b29e-cd06d381f9dd,MUM-041/3-2009,Mumbai,Andheri,Malad,5.34,Agricultural,Orchard,9861f3e6-41e2-4823-8edd-53508d2dc7e7,19.024745,72.963022,78968000.0,clear,None,2026-08-18T11:48:58.773575
47171aca-d95d-4b1d-9ea9-8c5eb430863e,MUM-042/P-4717,Mumbai,Mumbai Suburban,Vikhroli,8.33,Agricultural,Plantation,5785d85b-36b1-434c-a776-8dbb362622b2,19.010057,72.908231,149933000.0,clear,None,2026-08-18T11:48:58.773624
b15fecb2-0da6-41bf-b048-b179c021bbd7,MUM-043/B-B15F,Mumbai,Borivali,Andheri,10.2,Agricultural,Grazing,65cf51ec-6a84-4797-b53f-9c4736c52f69,19.023792,72.905552,233690000.0,clear,None,2026-08-18T11:48:58.773672
b4276b45-d83e-4b3d-b97b-58cdaca56ea6,MUM-044/3-B427,Mumbai,Kurla,Sion,6.56,Agricultural,Orchard,5785d85b-36b1-434c-a776-8dbb362622b2,19.029656,72.851979,156117000.0,disputed,Court Order,2026-08-18T11:48:58.773731
daab69c2-1c9b-4fda-8504-596fcec68e1a,MUM-045/A-DAAB,Mumbai,Mumbai City,Thane,14.08,Agricultural,Plantation,b0a52fe3-03aa-46ae-8ba9-b06b9dde8149,19.041607,72.93616,631513000.0,mortgaged,Bank Mortgage,2026-08-18T11:48:58.773782
25d0ccf9-951c-4f7d-ba65-f1ce61dc86f1,MUM-046/C-25D0,Mumbai,Kurla,Andheri,7.52,Industrial,Logistics,5785d85b-36b1-434c-a776-8dbb362622b2,19.096374,72.80134,994779000.0,clear,None,2026-08-18T11:48:58.773828
e7810a86-4679-47db-8d5b-ff16267fb2f5,MUM-047/1-E781,Mumbai,Borivali,Worli,1.25,Industrial,Manufacturing,d0609965-6800-4b21-bc00-0cd9fc850bf3,19.117257,72.924945,70668000.0,clear,None,2026-08-18T11:48:58.773889
a74c0f51-2711-43a6-ae4e-d02cfa97a296,MUM-048/3-A74C,Mumbai,Kurla,Dadar,1.39,Industrial,Factory,34994167-b83b-429a-93b6-8bd2ac19c9d8,18.989292,72.978021,190018000.0,clear,None,2026-08-18T11:48:58.773939
d0f17087-6782-48e9-93bb-c841e3ea5a64,MUM-049/1-D0F1,Mumbai,Andheri,Malad,2.14,Industrial,Workshop,b0a52fe3-03aa-46ae-8ba9-b06b9dde8149,19.108471,72.899854,198187000.0,disputed,Court Order,2026-08-18T11:48:58.773984
84b6400e-abc4-4c31-a1c5-45969cba03ff,MUM-050/Q-84B6,Mumbai,Borivali,Powai,4.5,Industrial,Logistics,65cf51ec-6a84-4797-b53f-9c4736c52f69,19.139219,72.832934,659449000.0,mortgaged,Bank Mortgage,2026-08-18T11:48:58.774029
60d5eafe-b467-4a92-8134-e2c0e9a40efe,MUM-051/3-60D5,Mumbai,Mumbai City,Kandivali,3.75,Industrial,Manufacturing,65cf51ec-6a84-4797-b53f-9c4736c52f69,19.028845,72.986947,320721000.0,clear,None,2026-08-18T11:48:58.774074
a4bb2559-0e40-4558-a4a8-fcdab63184f6,MUM-052/C-A4BB,Mumbai,Kurla,Powai,1.44,Industrial,Manufacturing,f90ab632-5c21-4adb-9e75-7a8af6a9068b,19.063299,72.85778,56759000.0,clear,None,2026-08-18T11:48:58.774118
d2930542-a0a7-43fb-8c0d-efd5712da211,MUM-053/1-D293,Mumbai,Andheri,Dadar,6.15,Industrial,Factory,d0609965-6800-4b21-bc00-0cd9fc850bf3,19.002786,72.949424,303317000.0,clear,None,2026-08-18T11:48:58.774181
7b0c658f-91be-4686-8406-d56ce1fe8bdd,MUM-054/3-7B0C,Mumbai,Andheri,Bandra,4.96,Industrial,Logistics,34994167-b83b-429a-93b6-8bd2ac19c9d8,19.092447,72.969682,92148000.0,disputed,Court Order,2026-08-18T11:48:58.774231
71d78824-38f2-4d50-b1e8-fe37e19d43dd,MUM-055/C-71D7,Mumbai,Kurla,Goregaon,3.26,Industrial,Logistics,b0a52fe3-03aa-46ae-8ba9-b06b9dde8149,19.137431,72.918563,44376000.0,mortgaged,Bank Mortgage,2026-08-18T11:48:58.774281
02edf01d-1874-44cc-8767-2089b50be363,MUM-056/C-02ED,Mumbai,Mumbai City,Dadar,6.63,Industrial,Manufacturing,b0a52fe3-03aa-46ae-8ba9-b06b9dde8149,19.134275,72.967516,252952000.0,clear,None,2026-08-18T11:48:58.774334
1e17611e-3f7a-4c26-8042-5bee7f161904,MUM-057/B-1E17,Mumbai,Borivali,Ghatkopar,3.08,Industrial,Factory,5785d85b-36b1-434c-a776-8dbb362622b2,18.964398,72.786518,93148000.0,clear,None,2026-08-18T11:48:58.774394
38d79479-3ff1-4b7b-8e18-8c806288b29e,MUM-058/2-38D7,Mumbai,Andheri,Andheri,2.64,Industrial,Workshop,d0609965-6800-4b21-bc00-0cd9fc850bf3,19.063517,72.758168,261909000.0,clear,None,2026-08-18T11:48:58.774439
a0c70116-9598-445b-92d4-f6a70355e41c,MUM-059/3-A0C7,Mumbai,Mumbai Suburban,Prabhadevi,1.98,Industrial,IT Park,9861f3e6-41e2-4823-8edd-53508d2dc7e7,19.151902,72.807095,207991000.0,disputed,Court Order,2026-08-18T11:48:58.775452
c53ccb0f-4a53-4acb-a3e8-307e0fefe4da,MUM-060/2-C53C,Mumbai,Kurla,Kandivali,7.66,Industrial,Factory,65cf51ec-6a84-4797-b53f-9c4736c52f69,19.001842,72.761593,391641000.0,mortgaged,Bank Mortgage,2026-08-18T11:48:58.775511
b83d6b36-caf2-44c0-a9f7-506b3ec4e0b1,VLR-001/3-B83D,Vellore,Arcot,Gudiyatham,0.34,Residential,Housing,b0a52fe3-03aa-46ae-8ba9-b06b9dde8149,13.101607,79.23612,1018000.0,clear,None,2026-08-18T11:48:58.775559
7b698920-0b36-4f45-9d73-6e959c5cdaad,VLR-002/C-7B69,Vellore,Arcot,Vaniyambadi,0.28,Residential,Housing,5785d85b-36b1-434c-a776-8dbb362622b2,12.805869,79.278726,2941000.0,clear,None,2026-08-18T11:48:58.775617
fbeafd2d-ca8b-4967-8a3e-ae419fe30184,VLR-003/C-FBEA,Vellore,Gudiyatham,Sathuvachari,0.55,Residential,Apartment,b0a52fe3-03aa-46ae-8ba9-b06b9dde8149,12.894941,79.331108,4029000.0,clear,None,2026-08-18T11:48:58.775668
fd60a5c1-33e1-4368-926a-7bcdaee81674,VLR-004/C-FD60,Vellore,Katpadi,Wallajah,0.41,Residential,Housing,d0609965-6800-4b21-bc00-0cd9fc850bf3,13.112447,78.961536,1710000.0,disputed,Court Order,2026-08-18T11:48:58.775717
6d220f93-857c-4671-b702-8833a96e0a6b,VLR-005/Q-6D22,Vellore,Arcot,Wallajah,0.62,Residential,Duplex,34994167-b83b-429a-93b6-8bd2ac19c9d8,13.052303,79.168324,6293000.0,mortgaged,Bank Mortgage,2026-08-18T11:48:58.775778
34e2becc-8793-44bc-9f87-c78e86c951b8,VLR-006/C-34E2,Vellore,Anaicut,Sathuvachari,0.21,Residential,Apartment,5785d85b-36b1-434c-a776-8dbb362622b2,13.032478,79.264656,1008000.0,clear,None,2026-08-18T11:48:58.775832
c3688043-5e1b-4b86-875b-5c05f12c5e2b,VLR-007/B-C368,Vellore,Gudiyatham,Wallajah,0.15,Residential,Villa,c1db0589-ab02-4dc4-8803-bb225d257db6,12.754856,79.229709,1212000.0,clear,None,2026-08-18T11:48:58.775882
08405571-b89f-49f5-840d-0e17e45e5a7c,VLR-008/Q-0840,Vellore,Katpadi,Ranipet,0.69,Residential,Duplex,65cf51ec-6a84-4797-b53f-9c4736c52f69,13.016778,78.941711,9141000.0,clear,None,2026-08-18T11:48:58.775942
78a4e7a8-004a-4085-8b9d-3170ced5b1a4,VLR-009/C-78A4,Vellore,Gudiyatham,Bagayam,0.5,Residential,Row House,f90ab632-5c21-4adb-9e75-7a8af6a9068b,13.040557,79.270861,8242000.0,disputed,Court Order,2026-08-18T11:48:58.775999
2e11c2c4-6dcc-442c-9ee4-36754871d6e6,VLR-010/1-2E11,Vellore,Katpadi,Katpadi,0.59,Residential,Row House,34994167-b83b-429a-93b6-8bd2ac19c9d8,12.743453,78.973104,8282000.0,mortgaged,Bank Mortgage,2026-08-18T11:48:58.776042
b2b41034-366b-4605-b718-81017bc8991c,VLR-011/3-B2B4,Vellore,Gudiyatham,Vaniyambadi,0.59,Residential,Row House,d0609965-6800-4b21-bc00-0cd9fc850bf3,13.016237,79.233153,5661000.0,clear,None,2026-08-18T11:48:58.776099
ad218987-b078-40a1-9b43-8c2feee8a6cd,VLR-012/Q-AD21,Vellore,Arcot,Arcot,0.33,Residential,Duplex,65cf51ec-6a84-4797-b53f-9c4736c52f69,12.798377,78.984666,5343000.0,clear,None,2026-08-18T11:48:58.776144
d131b7d9-7505-4054-ad24-069aad961c28,VLR-013/Q-D131,Vellore,Gudiyatham,Melvisharam,0.27,Residential,Villa,5785d85b-36b1-434c-a776-8dbb362622b2,12.736867,79.139299,1008000.0,clear,None,2026-08-18T11:48:58.776190
36df7968-9d36-4103-add7-4f81fcc5f176,VLR-014/A-36DF,Vellore,Arcot,Kosapet,0.22,Residential,Housing,9861f3e6-41e2-4823-8edd-53508d2dc7e7,13.082554,78.998742,2607000.0,disputed,Court Order,2026-08-18T11:48:58.776239
312444b7-03d8-4e54-a70c-ea86683559c0,VLR-015/1-3124,Vellore,Katpadi,Ranipet,0.58,Residential,Housing,f90ab632-5c21-4adb-9e75-7a8af6a9068b,12.918837,79.097558,4481000.0,mortgaged,Bank Mortgage,2026-08-18T11:48:58.776281
e4d28703-62e8-4c12-bf43-8c71c728cd83,VLR-016/C-E4D2,Vellore,Vellore,Katpadi,0.61,Commercial,Showroom,f90ab632-5c21-4adb-9e75-7a8af6a9068b,12.769893,79.32598,6926000.0,clear,None,2026-08-18T11:48:58.776333
7ee98d4d-36f3-45e5-a6c5-bbdfda3fb690,VLR-017/1-7EE9,Vellore,Katpadi,Ranipet,0.28,Commercial,Retail Shop,5785d85b-36b1-434c-a776-8dbb362622b2,12.739999,79.282557,1722000.0,clear,None,2026-08-18T11:48:58.776388
60b73370-04cc-4ff2-8af6-6d19f9db82eb,VLR-018/P-60B7,Vellore,Anaicut,Gudiyatham,2.2,Commercial,Warehouse,b0a52fe3-03aa-46ae-8ba9-b06b9dde8149,12.790085,79.28017,14390000.0,clear,None,2026-08-18T11:48:58.776434
1768e1b9-4ffb-4897-a26f-7f16ef5c326b,VLR-019/2-1768,Vellore,Arcot,Wallajah,0.85,Commercial,Office,9861f3e6-41e2-4823-8edd-53508d2dc7e7,12.723666,79.168228,21735000.0,disputed,Court Order,2026-08-18T11:48:58.776485
9f5f93e9-adac-4a70-8196-04d8c4f2bce2,VLR-020/Q-9F5F,Vellore,Katpadi,Sholingur,1.72,Commercial,Warehouse,d0609965-6800-4b21-bc00-0cd9fc850bf3,12.831523,78.978849,14138000.0,mortgaged,Bank Mortgage,2026-08-18T11:48:58.776534
28874eb2-fdbb-44d5-b165-932c9cfaaecf,VLR-021/B-2887,Vellore,Gudiyatham,Ranipet,2.01,Commercial,Mall,65cf51ec-6a84-4797-b53f-9c4736c52f69,12.859004,78.969312,13731000.0,clear,None,2026-08-18T11:48:58.776590
86ecf2ce-3ad3-4304-87e9-06891b54e138,VLR-022/B-86EC,Vellore,Katpadi,Sholingur,1.34,Commercial,Showroom,c1db0589-ab02-4dc4-8803-bb225d257db6,13.114954,79.222861,14385000.0,clear,None,2026-08-18T11:48:58.776661
5869b1c9-78fe-4c2c-a9d3-0d1279e02241,VLR-023/2-5869,Vellore,Anaicut,Wallajah,2.26,Commercial,Office,d0609965-6800-4b21-bc00-0cd9fc850bf3,13.017421,78.948795,55306000.0,clear,None,2026-08-18T11:48:58.776721
51179cfb-69c5-4855-8c1c-eefa51c00c32,VLR-024/A-5117,Vellore,Gudiyatham,Gudiyatham,1.53,Commercial,Mall,65cf51ec-6a84-4797-b53f-9c4736c52f69,13.008441,79.269236,21949000.0,disputed,Court Order,2026-08-18T11:48:58.776762
9a851dc2-e78a-41df-b738-ff48415359a6,VLR-025/B-9A85,Vellore,Arcot,Gudiyatham,2.42,Commercial,Retail Shop,65cf51ec-6a84-4797-b53f-9c4736c52f69,12.82712,78.977545,6551000.0,mortgaged,Bank Mortgage,2026-08-18T11:48:58.776807
05559220-a041-41b8-b067-378e6adf9512,VLR-026/3-0555,Vellore,Katpadi,Kosapet,0.66,Commercial,Showroom,b0a52fe3-03aa-46ae-8ba9-b06b9dde8149,13.062039,79.268287,16852000.0,clear,None,2026-08-18T11:48:58.776866
9b863600-d5bc-4b33-a16e-7ea875b06107,VLR-027/C-9B86,Vellore,Arcot,Gudiyatham,0.21,Commercial,Warehouse,d0609965-6800-4b21-bc00-0cd9fc850bf3,13.099949,79.063451,3995000.0,clear,None,2026-08-18T11:48:58.776908
c96a517d-f37b-4654-bd68-f9df36f37be2,VLR-028/B-C96A,Vellore,Anaicut,Katpadi,2.31,Commercial,Office,5785d85b-36b1-434c-a776-8dbb362622b2,12.880155,79.329026,41391000.0,clear,None,2026-08-18T11:48:58.776965
c6ec5439-ff7c-4ded-bd51-ee94a855db51,VLR-029/A-C6EC,Vellore,Anaicut,Gudiyatham,0.6,Commercial,Retail Shop,65cf51ec-6a84-4797-b53f-9c4736c52f69,12.779282,79.22749,12026000.0,disputed,Court Order,2026-08-18T11:48:58.777010
06bd4839-a926-496f-a086-7191782c416f,VLR-030/C-06BD,Vellore,Gudiyatham,Kosapet,2.23,Commercial,Warehouse,f90ab632-5c21-4adb-9e75-7a8af6a9068b,12.928846,79.292866,37237000.0,mortgaged,Bank Mortgage,2026-08-18T11:48:58.777055
cdd1bdbd-9a9d-4bed-89ef-25dc15e656e6,VLR-031/A-CDD1,Vellore,Gudiyatham,Wallajah,13.44,Agricultural,Grazing,9861f3e6-41e2-4823-8edd-53508d2dc7e7,12.813098,79.153411,22873000.0,clear,None,2026-08-18T11:48:58.777106
0b5bbcc7-fada-410a-b0b6-ae160c0ac273,VLR-032/B-0B5B,Vellore,Gudiyatham,Ranipet,2.27,Agricultural,Plantation,34994167-b83b-429a-93b6-8bd2ac19c9d8,12.968838,79.319957,1175000.0,clear,None,2026-08-18T11:48:58.777157
b7458759-ebf0-4ab5-92a2-157e73b1f8ad,VLR-033/B-B745,Vellore,Arcot,Bagayam,12.27,Agricultural,Horticulture,c1db0589-ab02-4dc4-8803-bb225d257db6,12.921173,79.328767,22294000.0,clear,None,2026-08-18T11:48:58.777207
2190e380-bbb6-4c24-bd90-fe73cdc77410,VLR-034/1-2190,Vellore,Katpadi,Arcot,10.24,Agricultural,Grazing,34994167-b83b-429a-93b6-8bd2ac19c9d8,12.876383,79.029391,30351000.0,disputed,Court Order,2026-08-18T11:48:58.777259
17c1bb65-80ed-4198-9741-61fcc20814d4,VLR-035/A-17C1,Vellore,Katpadi,Vaniyambadi,6.47,Agricultural,Farming,b0a52fe3-03aa-46ae-8ba9-b06b9dde8149,12.938936,79.132888,7082000.0,mortgaged,Bank Mortgage,2026-08-18T11:48:58.777318
f249081e-4d23-48ff-b3ab-baff02550075,VLR-036/1-F249,Vellore,Arcot,Gandhi Nagar,14.99,Agricultural,Plantation,9861f3e6-41e2-4823-8edd-53508d2dc7e7,12.732184,79.095159,8265000.0,clear,None,2026-08-18T11:48:58.777370
ed20ace4-f41f-462e-8745-f1dcc37f4b68,VLR-037/B-ED20,Vellore,Arcot,Ambur,13.41,Agricultural,Farming,f90ab632-5c21-4adb-9e75-7a8af6a9068b,12.988548,79.089205,36540000.0,clear,None,2026-08-18T11:48:58.777412
c7351920-f230-4c88-9816-c1e9e089ea23,VLR-038/2-C735,Vellore,Gudiyatham,Gandhi Nagar,7.0,Agricultural,Grazing,f90ab632-5c21-4adb-9e75-7a8af6a9068b,13.015358,79.264333,19622000.0,clear,None,2026-08-18T11:48:58.777457
d971c0d9-1ac0-44f7-995d-20444e70b443,VLR-039/2-D971,Vellore,Anaicut,Melvisharam,12.53,Agricultural,Farming,5785d85b-36b1-434c-a776-8dbb362622b2,12.92013,79.005862,32356000.0,disputed,Court Order,2026-08-18T11:48:58.777508
ddbfb11b-d057-4c51-beb0-681e6d9bb390,VLR-040/2-DDBF,Vellore,Katpadi,Sholingur,11.71,Agricultural,Orchard,d0609965-6800-4b21-bc00-0cd9fc850bf3,12.998965,79.18201,32626000.0,mortgaged,Bank Mortgage,2026-08-18T11:48:58.777570
bf0a37fe-8ec9-46fc-b31b-6613bbd00305,VLR-041/3-BF0A,Vellore,Katpadi,Gudiyatham,3.37,Agricultural,Grazing,b0a52fe3-03aa-46ae-8ba9-b06b9dde8149,13.075326,79.235305,12065000.0,clear,None,2026-08-18T11:48:58.777641
a466c065-2075-441a-865b-6803565fe1ec,VLR-042/1-A466,Vellore,Gudiyatham,Vaniyambadi,9.22,Agricultural,Plantation,65cf51ec-6a84-4797-b53f-9c4736c52f69,13.10869,79.232669,12653000.0,clear,None,2026-08-18T11:48:58.777688
d174403b-9276-4e3d-90eb-cfbb27889782,VLR-043/3-D174,Vellore,Arcot,Katpadi,11.94,Agricultural,Orchard,5785d85b-36b1-434c-a776-8dbb362622b2,13.061659,79.141223,44364000.0,clear,None,2026-08-18T11:48:58.777738
5d5720d5-fd14-4225-9d70-0f67ca2ca186,VLR-044/P-5D57,Vellore,Arcot,Sathuvachari,14.02,Agricultural,Grazing,34994167-b83b-429a-93b6-8bd2ac19c9d8,12.902202,79.014467,58678000.0,disputed,Court Order,2026-08-18T11:48:58.777801
8e65824c-0250-4bcc-9062-6379f853ba84,VLR-045/Q-8E65,Vellore,Gudiyatham,Gudiyatham,13.85,Agricultural,Horticulture,5785d85b-36b1-434c-a776-8dbb362622b2,12.746571,79.266083,39274000.0,mortgaged,Bank Mortgage,2026-08-18T11:48:58.777860
176ade0c-d172-4c76-b621-28dd0c006ab8,VLR-046/A-176A,Vellore,Vellore,Melvisharam,4.78,Industrial,Manufacturing,f90ab632-5c21-4adb-9e75-7a8af6a9068b,12.750241,79.268772,16557000.0,clear,None,2026-08-18T11:48:58.777919
1050af8c-130e-4b09-9b99-2360870c5236,VLR-047/P-1050,Vellore,Gudiyatham,Ambur,4.55,Industrial,Logistics,f90ab632-5c21-4adb-9e75-7a8af6a9068b,12.833247,78.984495,53708000.0,clear,None,2026-08-18T11:48:58.777970
5461b2ef-f3c4-43ab-b66d-057ceed3001a,VLR-048/3-5461,Vellore,Gudiyatham,Gudiyatham,3.79,Industrial,Factory,c1db0589-ab02-4dc4-8803-bb225d257db6,12.790995,79.18258,15695000.0,clear,None,2026-08-18T11:48:58.778029
8c0051a7-7929-47c1-ace3-71973fddcf5e,VLR-049/3-8C00,Vellore,Arcot,Ambur,7.4,Industrial,Workshop,d0609965-6800-4b21-bc00-0cd9fc850bf3,12.85384,78.999572,60356000.0,disputed,Court Order,2026-08-18T11:48:58.778089
7d75618b-c9c3-48f3-adf8-fb5ba596d629,VLR-050/Q-7D75,Vellore,Anaicut,Sathuvachari,2.42,Industrial,Logistics,65cf51ec-6a84-4797-b53f-9c4736c52f69,12.803138,79.001904,21001000.0,mortgaged,Bank Mortgage,2026-08-18T11:48:58.778148
087fa65c-e240-4182-a4e4-6b2079883720,VLR-051/P-087F,Vellore,Vellore,Arcot,7.05,Industrial,Logistics,5785d85b-36b1-434c-a776-8dbb362622b2,12.949927,79.098705,72481000.0,clear,None,2026-08-18T11:48:58.778201
800f09dd-dffa-4ed3-92ad-4c5a4ac312e2,VLR-052/B-800F,Vellore,Anaicut,Vaniyambadi,1.48,Industrial,Logistics,65cf51ec-6a84-4797-b53f-9c4736c52f69,12.718728,79.068472,2548000.0,clear,None,2026-08-18T11:48:58.778252
eb6507de-4fc3-419b-97d4-8d8d6d3e08e1,VLR-053/2-EB65,Vellore,Vellore,Sholingur,3.64,Industrial,Factory,b0a52fe3-03aa-46ae-8ba9-b06b9dde8149,12.719746,78.96844,15389000.0,clear,None,2026-08-18T11:48:58.778309
116588ce-6f0b-4fbc-8459-1202b9333a09,VLR-054/C-1165,Vellore,Arcot,Sathuvachari,2.39,Industrial,Workshop,34994167-b83b-429a-93b6-8bd2ac19c9d8,13.031385,79.223821,29441000.0,disputed,Court Order,2026-08-18T11:48:58.778361
6f031c29-305f-4fee-8e62-f4a9e7c18a49,VLR-055/Q-6F03,Vellore,Katpadi,Bagayam,3.03,Industrial,Manufacturing,b0a52fe3-03aa-46ae-8ba9-b06b9dde8149,13.093259,79.160917,13396000.0,mortgaged,Bank Mortgage,2026-08-18T11:48:58.778405
355454f7-beee-4eca-8c2f-e21df321605d,VLR-056/Q-3554,Vellore,Gudiyatham,Wallajah,7.05,Industrial,IT Park,f90ab632-5c21-4adb-9e75-7a8af6a9068b,12.891848,79.205939,67374000.0,clear,None,2026-08-18T11:48:58.778464
7ad206c8-9cb4-45a5-b6d7-384178c2b22f,VLR-057/B-7AD2,Vellore,Arcot,Gandhi Nagar,5.43,Industrial,Factory,5785d85b-36b1-434c-a776-8dbb362622b2,13.009202,78.978724,17322000.0,clear,None,2026-08-18T11:48:58.778536
3bc0a575-ae9b-4f4d-864b-2dcd120ee9d2,VLR-058/2-3BC0,Vellore,Gudiyatham,Katpadi,5.38,Industrial,Manufacturing,f90ab632-5c21-4adb-9e75-7a8af6a9068b,12.772744,79.067362,7660000.0,clear,None,2026-08-18T11:48:58.778592
cdeb28a7-e00f-4151-b828-7b49b10e9f61,VLR-059/C-CDEB,Vellore,Vellore,Bagayam,7.59,Industrial,Logistics,5785d85b-36b1-434c-a776-8dbb362622b2,13.071741,79.243908,12331000.0,disputed,Court Order,2026-08-18T11:48:58.778645
38f15865-7a63-4b60-a2d6-d49d19815fbc,VLR-060/2-38F1,Vellore,Katpadi,Katpadi,1.87,Industrial,Factory,5785d85b-36b1-434c-a776-8dbb362622b2,12.962955,79.295692,11478000.0,mortgaged,Bank Mortgage,2026-08-18T11:48:58.778690
8cf61991-690c-4429-8f7d-8495fd8e6abf,HYD-001/Q-8CF6,Hyderabad,Secunderabad,Jubilee Hills,0.08,Residential,Row House,5785d85b-36b1-434c-a776-8dbb362622b2,17.464125,78.657412,3792000.0,clear,None,2026-08-18T11:48:58.778751
c9f6a89a-e919-41a9-9f2b-1090ee13625c,HYD-002/A-C9F6,Hyderabad,Secunderabad,Madhapur,0.51,Residential,Apartment,b0a52fe3-03aa-46ae-8ba9-b06b9dde8149,17.26137,78.598252,31425000.0,clear,None,2026-08-18T11:48:58.778797
d074896a-f954-41ac-8fc3-d5804593d14e,HYD-003/2-D074,Hyderabad,Hyderabad,Begumpet,0.24,Residential,Villa,c1db0589-ab02-4dc4-8803-bb225d257db6,17.564095,78.33038,12542000.0,clear,None,2026-08-18T11:48:58.778848
8ab481c3-6a5f-47a2-93e7-78c6e1d4d3f1,HYD-004/B-8AB4,Hyderabad,Medchal,Begumpet,0.11,Residential,Housing,34994167-b83b-429a-93b6-8bd2ac19c9d8,17.501117,78.401781,6409000.0,disputed,Court Order,2026-08-18T11:48:58.778900
3a1faa32-bf8b-4e94-a26d-20c76fe6fa1f,HYD-005/2-3A1F,Hyderabad,Shamshabad,Secunderabad,0.66,Residential,Housing,b0a52fe3-03aa-46ae-8ba9-b06b9dde8149,17.511504,78.656083,40240000.0,mortgaged,Bank Mortgage,2026-08-18T11:48:58.778951
ccd4652f-15a5-4dce-baf1-f16f0060069a,HYD-006/P-CCD4,Hyderabad,Shamshabad,Ameerpet,0.4,Residential,Apartment,5785d85b-36b1-434c-a776-8dbb362622b2,17.475776,78.514995,26110000.0,clear,None,2026-08-18T11:48:58.778999
21d92b93-b989-4934-a00e-669a4e300658,HYD-007/1-21D9,Hyderabad,Medchal,Secunderabad,0.46,Residential,Villa,65cf51ec-6a84-4797-b53f-9c4736c52f69,17.250021,78.487612,18161000.0,clear,None,2026-08-18T11:48:58.779059
7ec83c69-2f7d-4421-b5e5-7e8aab2d2b49,HYD-008/A-7EC8,Hyderabad,Rangareddy,Hitech City,0.62,Residential,Villa,d0609965-6800-4b21-bc00-0cd9fc850bf3,17.383413,78.401086,26074000.0,clear,None,2026-08-18T11:48:58.779114
bf50cb2a-9de4-4887-8fe7-31899fba841b,HYD-009/1-BF50,Hyderabad,Shamshabad,Uppal,0.58,Residential,Duplex,b0a52fe3-03aa-46ae-8ba9-b06b9dde8149,17.402839,78.418882,20537000.0,disputed,Court Order,2026-08-18T11:48:58.779163
cdf24583-c516-48b5-a12a-ff7f3babf173,HYD-010/2-CDF2,Hyderabad,Hyderabad,Hitech City,0.74,Residential,Villa,d0609965-6800-4b21-bc00-0cd9fc850bf3,17.56451,78.552367,15753000.0,mortgaged,Bank Mortgage,2026-08-18T11:48:58.779224
bb985660-c07b-407c-bfe2-732ef41936e4,HYD-011/1-BB98,Hyderabad,Hyderabad,Banjara Hills,0.18,Residential,Duplex,5785d85b-36b1-434c-a776-8dbb362622b2,17.272226,78.369667,4052000.0,clear,None,2026-08-18T11:48:58.779275
47243b69-148a-495e-8125-452bc865ad33,HYD-012/2-4724,Hyderabad,Secunderabad,Kukatpally,0.65,Residential,Duplex,34994167-b83b-429a-93b6-8bd2ac19c9d8,17.511987,78.536594,19792000.0,clear,None,2026-08-18T11:48:58.779326
7b80bb87-9af4-4682-89dd-76954ecff527,HYD-013/B-7B80,Hyderabad,Secunderabad,Hitech City,0.75,Residential,Apartment,5785d85b-36b1-434c-a776-8dbb362622b2,17.559501,78.409468,27946000.0,clear,None,2026-08-18T11:48:58.779386
c9697d75-81c6-4ffa-9ebe-898777a6b856,HYD-014/B-C969,Hyderabad,Hyderabad,Ameerpet,0.39,Residential,Duplex,d0609965-6800-4b21-bc00-0cd9fc850bf3,17.386856,78.491808,3404000.0,disputed,Court Order,2026-08-18T11:48:58.779445
3b4890be-bb7a-4d97-bbba-74258afa8498,HYD-015/A-3B48,Hyderabad,Rangareddy,Kondapur,0.49,Residential,Duplex,5785d85b-36b1-434c-a776-8dbb362622b2,17.252824,78.479263,10439000.0,mortgaged,Bank Mortgage,2026-08-18T11:48:58.779496
4e453022-0bf0-470f-b78e-2312bccede92,HYD-016/A-4E45,Hyderabad,Shamshabad,Ameerpet,2.31,Commercial,Warehouse,9861f3e6-41e2-4823-8edd-53508d2dc7e7,17.448625,78.564052,43741000.0,clear,None,2026-08-18T11:48:58.779556
71c26177-aa3b-4742-b143-880eb6ed19b8,HYD-017/A-71C2,Hyderabad,Hyderabad,Uppal,1.2,Commercial,Showroom,9861f3e6-41e2-4823-8edd-53508d2dc7e7,17.527879,78.447076,39536000.0,clear,None,2026-08-18T11:48:58.779643
a62c42e5-5cc1-4af2-8175-12bc4b62911f,HYD-018/A-A62C,Hyderabad,Secunderabad,Ameerpet,1.2,Commercial,Warehouse,5785d85b-36b1-434c-a776-8dbb362622b2,17.404951,78.629874,73522000.0,clear,None,2026-08-18T11:48:58.779688
d889f0e0-4136-45eb-ae41-d0fd716aa9b2,HYD-019/C-D889,Hyderabad,Hyderabad,Kondapur,1.84,Commercial,Warehouse,34994167-b83b-429a-93b6-8bd2ac19c9d8,17.350013,78.356297,60201000.0,disputed,Court Order,2026-08-18T11:48:58.779749
68329b9b-2b4f-407d-a6fb-7db557db4468,HYD-020/P-6832,Hyderabad,Rangareddy,Gachibowli,0.83,Commercial,Showroom,b0a52fe3-03aa-46ae-8ba9-b06b9dde8149,17.224023,78.368504,71547000.0,mortgaged,Bank Mortgage,2026-08-18T11:48:58.779793
df304fbc-2915-4324-9c0f-6834be806d8a,HYD-021/B-DF30,Hyderabad,Hyderabad,Secunderabad,0.63,Commercial,Mall,65cf51ec-6a84-4797-b53f-9c4736c52f69,17.234113,78.62354,49297000.0,clear,None,2026-08-18T11:48:58.779847
7a33ef19-db0a-498a-bed8-c0514d178da7,HYD-022/Q-7A33,Hyderabad,Rangareddy,Gachibowli,0.39,Commercial,Warehouse,b0a52fe3-03aa-46ae-8ba9-b06b9dde8149,17.529611,78.567827,5489000.0,clear,None,2026-08-18T11:48:58.779900
eb498daa-de9f-4a1b-82b1-d198940b2231,HYD-023/2-EB49,Hyderabad,Secunderabad,Manikonda,0.31,Commercial,Warehouse,b0a52fe3-03aa-46ae-8ba9-b06b9dde8149,17.325237,78.467086,15405000.0,clear,None,2026-08-18T11:48:58.779953
cd8e7b76-2578-4eb2-80e0-781b07081c69,HYD-024/B-CD8E,Hyderabad,Secunderabad,Secunderabad,2.25,Commercial,Office,f90ab632-5c21-4adb-9e75-7a8af6a9068b,17.44507,78.372307,209790000.0,disputed,Court Order,2026-08-18T11:48:58.780014
a784e210-5429-4e9b-8606-92be8fce261a,HYD-025/B-A784,Hyderabad,Hyderabad,Banjara Hills,0.86,Commercial,Showroom,c1db0589-ab02-4dc4-8803-bb225d257db6,17.448914,78.384543,31236000.0,mortgaged,Bank Mortgage,2026-08-18T11:48:58.780058
40210151-bf6b-489f-85a5-e51f27b1dfe5,HYD-026/A-4021,Hyderabad,Hyderabad,Secunderabad,1.51,Commercial,Showroom,9861f3e6-41e2-4823-8edd-53508d2dc7e7,17.544446,78.63388,89887000.0,clear,None,2026-08-18T11:48:58.780107
d9d4a87f-dd66-4591-9bb2-5aafeb426cf4,HYD-027/1-D9D4,Hyderabad,Rangareddy,Kondapur,0.36,Commercial,Office,d0609965-6800-4b21-bc00-0cd9fc850bf3,17.470402,78.318201,4400000.0,clear,None,2026-08-18T11:48:58.780169
fd66ba6d-2e70-47cc-8b51-db92940cf530,HYD-028/A-FD66,Hyderabad,Shamshabad,Uppal,0.2,Commercial,Retail Shop,34994167-b83b-429a-93b6-8bd2ac19c9d8,17.36517,78.3394,8030000.0,clear,None,2026-08-18T11:48:58.780228
195f17a8-a994-4b8c-afac-c702e7e0cb26,HYD-029/B-195F,Hyderabad,Shamshabad,Manikonda,0.3,Commercial,Warehouse,65cf51ec-6a84-4797-b53f-9c4736c52f69,17.223124,78.66397,11915000.0,disputed,Court Order,2026-08-18T11:48:58.780272
7e492bf9-19eb-49b6-bc28-f4e4b29ed6d7,HYD-030/B-7E49,Hyderabad,Medchal,Jubilee Hills,1.53,Commercial,Mall,c1db0589-ab02-4dc4-8803-bb225d257db6,17.460794,78.559096,109402000.0,mortgaged,Bank Mortgage,2026-08-18T11:48:58.780323
68395329-f367-41d3-9489-783bbd2f0680,HYD-031/Q-6839,Hyderabad,Medchal,Kukatpally,6.87,Agricultural,Plantation,9861f3e6-41e2-4823-8edd-53508d2dc7e7,17.415442,78.526698,31380000.0,clear,None,2026-08-18T11:48:58.780366
46064074-9010-4cee-90fc-2c546fb16c0c,HYD-032/C-4606,Hyderabad,Shamshabad,Jubilee Hills,12.36,Agricultural,Grazing,b0a52fe3-03aa-46ae-8ba9-b06b9dde8149,17.335338,78.32846,123374000.0,clear,None,2026-08-18T11:48:58.780425
758114d5-e547-4c00-b7ec-dc6794c2cce0,HYD-033/A-7581,Hyderabad,Medchal,Ameerpet,14.33,Agricultural,Grazing,34994167-b83b-429a-93b6-8bd2ac19c9d8,17.427372,78.573066,218909000.0,clear,None,2026-08-18T11:48:58.780473
23cf7f7c-66f1-4ddd-894f-26d8f0039872,HYD-034/2-23CF,Hyderabad,Rangareddy,Uppal,6.37,Agricultural,Horticulture,b0a52fe3-03aa-46ae-8ba9-b06b9dde8149,17.291374,78.440159,53051000.0,disputed,Court Order,2026-08-18T11:48:58.780536
44c62508-68fa-48b5-9974-f0fffb02c4f7,HYD-035/2-44C6,Hyderabad,Medchal,Hitech City,14.1,Agricultural,Farming,65cf51ec-6a84-4797-b53f-9c4736c52f69,17.307929,78.665871,220390000.0,mortgaged,Bank Mortgage,2026-08-18T11:48:58.780586
babe76be-df99-4282-93e7-524f6f96e361,HYD-036/2-BABE,Hyderabad,Secunderabad,Madhapur,6.4,Agricultural,Horticulture,d0609965-6800-4b21-bc00-0cd9fc850bf3,17.554006,78.40727,94464000.0,clear,None,2026-08-18T11:48:58.780634
f9a4f65f-4cdd-481c-a47e-70dda9a134b8,HYD-037/C-F9A4,Hyderabad,Secunderabad,Kukatpally,2.39,Agricultural,Horticulture,65cf51ec-6a84-4797-b53f-9c4736c52f69,17.272071,78.473421,33479000.0,clear,None,2026-08-18T11:48:58.780694
9049d4d8-143e-4e91-9e11-98cc76337b56,HYD-038/3-9049,Hyderabad,Secunderabad,Secunderabad,3.5,Agricultural,Horticulture,65cf51ec-6a84-4797-b53f-9c4736c52f69,17.259279,78.556261,47329000.0,clear,None,2026-08-18T11:48:58.780736
33c39715-3a62-4c18-9de4-b7bc3d969193,HYD-039/Q-33C3,Hyderabad,Medchal,Secunderabad,8.71,Agricultural,Plantation,5785d85b-36b1-434c-a776-8dbb362622b2,17.297977,78.451613,36622000.0,disputed,Court Order,2026-08-18T11:48:58.780793
af449bfb-2e67-414b-be3c-eacda77a4222,HYD-040/1-AF44,Hyderabad,Medchal,Banjara Hills,4.59,Agricultural,Plantation,f90ab632-5c21-4adb-9e75-7a8af6a9068b,17.406201,78.416461,13850000.0,mortgaged,Bank Mortgage,2026-08-18T11:48:58.780847
7985323a-cfa7-4705-a2bd-ac4fee893837,HYD-041/3-7985,Hyderabad,Medchal,Madhapur,1.73,Agricultural,Plantation,65cf51ec-6a84-4797-b53f-9c4736c52f69,17.541004,78.339577,20933000.0,clear,None,2026-08-18T11:48:58.780889
41be9e38-8e5d-43bc-9c01-1d93643db5db,HYD-042/3-41BE,Hyderabad,Shamshabad,Uppal,8.72,Agricultural,Grazing,65cf51ec-6a84-4797-b53f-9c4736c52f69,17.376056,78.502791,56782000.0,clear,None,2026-08-18T11:48:58.780949
00f5bf81-2fc8-43b4-9452-f60a97178b53,HYD-043/B-00F5,Hyderabad,Secunderabad,Manikonda,13.52,Agricultural,Orchard,f90ab632-5c21-4adb-9e75-7a8af6a9068b,17.358587,78.663319,68458000.0,clear,None,2026-08-18T11:48:58.781009
d973f072-d806-4124-9c64-5ff03ae53721,HYD-044/C-D973,Hyderabad,Medchal,Kukatpally,7.26,Agricultural,Horticulture,b0a52fe3-03aa-46ae-8ba9-b06b9dde8149,17.289517,78.334911,43046000.0,disputed,Court Order,2026-08-18T11:48:58.781058
53b6d418-3e8c-4914-98b0-87cc7804d2da,HYD-045/2-53B6,Hyderabad,Secunderabad,Jubilee Hills,2.9,Agricultural,Horticulture,34994167-b83b-429a-93b6-8bd2ac19c9d8,17.207871,78.628618,28498000.0,mortgaged,Bank Mortgage,2026-08-18T11:48:58.781118
d3e8cdd5-6611-439f-b709-89802ea0bc29,HYD-046/B-D3E8,Hyderabad,Medchal,Gachibowli,7.01,Industrial,Logistics,65cf51ec-6a84-4797-b53f-9c4736c52f69,17.516155,78.497055,224487000.0,clear,None,2026-08-18T11:48:58.781162
eca1c6f0-e111-4c87-88e4-ef85fd65b256,HYD-047/P-ECA1,Hyderabad,Medchal,Ameerpet,6.82,Industrial,IT Park,f90ab632-5c21-4adb-9e75-7a8af6a9068b,17.216761,78.591629,346380000.0,clear,None,2026-08-18T11:48:58.781214
2d121700-1edd-4b0d-969e-91b7f8a11501,HYD-048/P-2D12,Hyderabad,Medchal,Kukatpally,6.14,Industrial,Factory,f90ab632-5c21-4adb-9e75-7a8af6a9068b,17.249228,78.631025,251768000.0,clear,None,2026-08-18T11:48:58.781273
a8a80b9d-4182-4172-99d1-50ec7e4235f0,HYD-049/A-A8A8,Hyderabad,Medchal,Jubilee Hills,7.7,Industrial,Workshop,f90ab632-5c21-4adb-9e75-7a8af6a9068b,17.44329,78.354365,47363000.0,disputed,Court Order,2026-08-18T11:48:58.781317
6ef20d0c-973a-43db-84ba-ae970daefe6a,HYD-050/3-6EF2,Hyderabad,Medchal,Manikonda,2.97,Industrial,IT Park,65cf51ec-6a84-4797-b53f-9c4736c52f69,17.2967,78.489268,115581000.0,mortgaged,Bank Mortgage,2026-08-18T11:48:58.781362
d759cffb-2fad-4bad-bffd-71bdffcf6272,HYD-051/B-D759,Hyderabad,Hyderabad,Kukatpally,2.23,Industrial,Workshop,65cf51ec-6a84-4797-b53f-9c4736c52f69,17.530914,78.647025,87733000.0,clear,None,2026-08-18T11:48:58.781413
03240b65-85e6-4391-938f-20c6c10dc326,HYD-052/3-0324,Hyderabad,Rangareddy,Banjara Hills,1.15,Industrial,Manufacturing,d0609965-6800-4b21-bc00-0cd9fc850bf3,17.264836,78.616365,37866000.0,clear,None,2026-08-18T11:48:58.781457
f8146ff3-8a9a-4c06-a84f-ded8273bee08,HYD-053/3-F814,Hyderabad,Shamshabad,Madhapur,2.63,Industrial,Manufacturing,d0609965-6800-4b21-bc00-0cd9fc850bf3,17.292971,78.547315,111484000.0,clear,None,2026-08-18T11:48:58.781514
7ab25f83-586b-4638-8fe7-a68a98d3442a,HYD-054/2-7AB2,Hyderabad,Hyderabad,Ameerpet,4.77,Industrial,Logistics,d0609965-6800-4b21-bc00-0cd9fc850bf3,17.518103,78.502338,139312000.0,disputed,Court Order,2026-08-18T11:48:58.781559
e3ea88fb-2448-4cef-b9d7-95760633d11a,HYD-055/P-E3EA,Hyderabad,Secunderabad,LB Nagar,1.53,Industrial,Workshop,b0a52fe3-03aa-46ae-8ba9-b06b9dde8149,17.270888,78.41673,10275000.0,mortgaged,Bank Mortgage,2026-08-18T11:48:58.781619
46461a40-3289-4ff1-a919-ef7e8fbbc5f0,HYD-056/C-4646,Hyderabad,Rangareddy,Ameerpet,4.81,Industrial,Workshop,c1db0589-ab02-4dc4-8803-bb225d257db6,17.272879,78.34139,91410000.0,clear,None,2026-08-18T11:48:58.781664
ace794b6-f6c2-4202-8085-01959d25baa2,HYD-057/P-ACE7,Hyderabad,Medchal,Hitech City,1.73,Industrial,Manufacturing,c1db0589-ab02-4dc4-8803-bb225d257db6,17.361259,78.416393,70415000.0,clear,None,2026-08-18T11:48:58.781719
3d1a5ecb-a478-45a3-9622-b328e9ff4e20,HYD-058/B-3D1A,Hyderabad,Rangareddy,Secunderabad,6.39,Industrial,Workshop,d0609965-6800-4b21-bc00-0cd9fc850bf3,17.428621,78.474852,158849000.0,clear,None,2026-08-18T11:48:58.781762
708c2a44-1dbf-4c99-97f3-137a12e5bc79,HYD-059/C-708C,Hyderabad,Rangareddy,Madhapur,5.22,Industrial,Workshop,5785d85b-36b1-434c-a776-8dbb362622b2,17.446618,78.532879,21387000.0,disputed,Court Order,2026-08-18T11:48:58.781805
e5c3ec9f-b77a-49bc-b47c-bc6bb87cb9f9,HYD-060/3-E5C3,Hyderabad,Shamshabad,Banjara Hills,5.64,Industrial,Workshop,34994167-b83b-429a-93b6-8bd2ac19c9d8,17.390317,78.448719,23345000.0,mortgaged,Bank Mortgage,2026-08-18T11:48:58.781866
e2eb9059-2275-4469-aa8f-ccbe58b8a350,PNE-001/Q-E2EB,Pune,Pune City,Hinjewadi,0.32,Residential,Row House,5785d85b-36b1-434c-a776-8dbb362622b2,18.694729,73.761862,3247000.0,clear,None,2026-08-18T11:48:58.781910
6306e111-d2a9-4a0f-b531-08f6a446e387,PNE-002/B-6306,Pune,Haveli,Kothrud,0.74,Residential,Villa,c1db0589-ab02-4dc4-8803-bb225d257db6,18.449486,74.025514,6941000.0,clear,None,2026-08-18T11:48:58.781961
5463a35a-a7b7-4d98-a535-7ffb3004494b,PNE-003/1-5463,Pune,Shirur,Magarpatta,0.19,Residential,Villa,f90ab632-5c21-4adb-9e75-7a8af6a9068b,18.645717,73.971101,5068000.0,clear,None,2026-08-18T11:48:58.782014
03596f67-1e15-4cae-816b-f8c14307f1df,PNE-004/3-0359,Pune,Khed,Hadapsar,0.19,Residential,Apartment,34994167-b83b-429a-93b6-8bd2ac19c9d8,18.581094,73.738012,7575000.0,disputed,Court Order,2026-08-18T11:48:58.782056
ec891e24-8238-4a24-b37e-80a9fcb9b026,PNE-005/3-EC89,Pune,Shirur,Aundh,0.46,Residential,Row House,9861f3e6-41e2-4823-8edd-53508d2dc7e7,18.420408,73.721632,6018000.0,mortgaged,Bank Mortgage,2026-08-18T11:48:58.782115
11f4435c-566d-400f-a8c7-7e7d3e6df1a4,PNE-006/1-11F4,Pune,Mulshi,Kalyani Nagar,0.14,Residential,Housing,5785d85b-36b1-434c-a776-8dbb362622b2,18.543629,73.715357,3076000.0,clear,None,2026-08-18T11:48:58.782160
c9682393-21ba-4cd8-8edb-4e410e711637,PNE-007/1-C968,Pune,Khed,Balewadi,0.13,Residential,Apartment,b0a52fe3-03aa-46ae-8ba9-b06b9dde8149,18.370994,73.890702,4189000.0,clear,None,2026-08-18T11:48:58.782203
9ef328df-b895-43df-acd9-27dafb3784f1,PNE-008/B-9EF3,Pune,Pune City,Kalyani Nagar,0.62,Residential,Villa,f90ab632-5c21-4adb-9e75-7a8af6a9068b,18.530884,74.006425,9307000.0,clear,None,2026-08-18T11:48:58.782266
9d5fb41d-ae1b-480a-a3f9-30dac109f98d,PNE-009/C-9D5F,Pune,Pune City,Balewadi,0.41,Residential,Duplex,d0609965-6800-4b21-bc00-0cd9fc850bf3,18.357318,73.790324,11393000.0,disputed,Court Order,2026-08-18T11:48:58.782311
4b13ccf1-b2bc-48e7-88b4-4acadd31118a,PNE-010/B-4B13,Pune,Mulshi,Balewadi,0.09,Residential,Housing,5785d85b-36b1-434c-a776-8dbb362622b2,18.458386,73.993255,2240000.0,mortgaged,Bank Mortgage,2026-08-18T11:48:58.782360
325eb61d-3197-4d96-88b2-1271a0c682e8,PNE-011/3-325E,Pune,Shirur,Balewadi,0.24,Residential,Duplex,9861f3e6-41e2-4823-8edd-53508d2dc7e7,18.515844,73.743637,4469000.0,clear,None,2026-08-18T11:48:58.782404
ca4fb6db-bf65-48f9-9cf4-15f9e9a4cb0e,PNE-012/3-CA4F,Pune,Haveli,Kondhwa,0.46,Residential,Villa,b0a52fe3-03aa-46ae-8ba9-b06b9dde8149,18.634929,74.007557,9807000.0,clear,None,2026-08-18T11:48:58.782447
48e5bc29-2117-4158-88a7-eb8687e77597,PNE-013/A-48E5,Pune,Haveli,Magarpatta,0.43,Residential,Apartment,5785d85b-36b1-434c-a776-8dbb362622b2,18.615271,73.776859,12934000.0,clear,None,2026-08-18T11:48:58.782491
996b0ab4-94c4-47ab-980c-202c225c79f4,PNE-014/2-996B,Pune,Haveli,Wakad,0.51,Residential,Housing,65cf51ec-6a84-4797-b53f-9c4736c52f69,18.564568,73.717278,22738000.0,disputed,Court Order,2026-08-18T11:48:58.782543
63bf8a72-2e72-49ee-8c31-0619accba972,PNE-015/A-63BF,Pune,Mulshi,Magarpatta,0.17,Residential,Duplex,d0609965-6800-4b21-bc00-0cd9fc850bf3,18.480719,73.768773,7447000.0,mortgaged,Bank Mortgage,2026-08-18T11:48:58.782602
337f0492-145f-4ccb-853f-e8ffaf8ef3fc,PNE-016/3-337F,Pune,Haveli,Bavdhan,2.25,Commercial,Showroom,65cf51ec-6a84-4797-b53f-9c4736c52f69,18.489478,73.725495,99914000.0,clear,None,2026-08-18T11:48:58.782655
4d289314-dad5-4fb9-9037-eabe5ad64500,PNE-017/2-4D28,Pune,Shirur,Katraj,2.5,Commercial,Office,9861f3e6-41e2-4823-8edd-53508d2dc7e7,18.380345,73.736886,150906000.0,clear,None,2026-08-18T11:48:58.782706
a2d6c409-7439-461d-b0c3-3c2e8860fa71,PNE-018/P-A2D6,Pune,Shirur,Wakad,2.08,Commercial,Warehouse,34994167-b83b-429a-93b6-8bd2ac19c9d8,18.599672,73.685378,148418000.0,clear,None,2026-08-18T11:48:58.782758
90a00db0-e94f-4b13-ae08-6861eff4e0fc,PNE-019/A-90A0,Pune,Khed,Kalyani Nagar,2.15,Commercial,Warehouse,d0609965-6800-4b21-bc00-0cd9fc850bf3,18.387427,73.834086,18939000.0,disputed,Court Order,2026-08-18T11:48:58.782812
dd34dbd6-a023-48f5-b288-4aed346000a0,PNE-020/P-DD34,Pune,Haveli,Kalyani Nagar,0.46,Commercial,Warehouse,9861f3e6-41e2-4823-8edd-53508d2dc7e7,18.342139,73.862517,20442000.0,mortgaged,Bank Mortgage,2026-08-18T11:48:58.782873
2610aa5f-b093-4543-a9b1-e14d6c2250cb,PNE-021/2-2610,Pune,Haveli,Kondhwa,1.2,Commercial,Retail Shop,5785d85b-36b1-434c-a776-8dbb362622b2,18.660915,73.936985,26820000.0,clear,None,2026-08-18T11:48:58.782918
9e2665ae-560b-4f9b-8ca2-007b31a5034a,PNE-022/C-9E26,Pune,Pune City,Katraj,0.33,Commercial,Office,34994167-b83b-429a-93b6-8bd2ac19c9d8,18.390061,73.993944,17989000.0,clear,None,2026-08-18T11:48:58.782961
4044b859-9903-4702-b641-ab3d0dcdc212,PNE-023/3-4044,Pune,Pune City,Magarpatta,1.73,Commercial,Mall,5785d85b-36b1-434c-a776-8dbb362622b2,18.661612,73.717892,13850000.0,clear,None,2026-08-18T11:48:58.783023
2b49bfda-7ba2-4cfa-8a9b-db3d546595b6,PNE-024/1-2B49,Pune,Khed,Kothrud,1.85,Commercial,Showroom,b0a52fe3-03aa-46ae-8ba9-b06b9dde8149,18.627878,74.030593,131178000.0,disputed,Court Order,2026-08-18T11:48:58.783087
533b9b78-eb8b-4d0f-842c-97e5c4f2d8ad,PNE-025/B-533B,Pune,Haveli,Kondhwa,0.34,Commercial,Warehouse,9861f3e6-41e2-4823-8edd-53508d2dc7e7,18.41517,73.682116,11463000.0,mortgaged,Bank Mortgage,2026-08-18T11:48:58.783137
55191cd6-94ac-4b5e-be14-fe03dcfd908c,PNE-026/2-5519,Pune,Mulshi,Hadapsar,1.87,Commercial,Retail Shop,c1db0589-ab02-4dc4-8803-bb225d257db6,18.530565,73.776502,112074000.0,clear,None,2026-08-18T11:48:58.783200
d8c68160-a855-405e-a88b-6bd4af1f4274,PNE-027/A-D8C6,Pune,Pune City,Wakad,0.27,Commercial,Mall,9861f3e6-41e2-4823-8edd-53508d2dc7e7,18.345154,73.783913,18649000.0,clear,None,2026-08-18T11:48:58.783251
328af94e-c6e2-40b5-b887-655b4b65f377,PNE-028/B-328A,Pune,Shirur,Kothrud,1.48,Commercial,Retail Shop,c1db0589-ab02-4dc4-8803-bb225d257db6,18.583758,73.978064,60863000.0,clear,None,2026-08-18T11:48:58.783293
67cd6fd2-8725-499b-8079-9e2199a2df72,PNE-029/A-67CD,Pune,Haveli,Kothrud,1.74,Commercial,Mall,d0609965-6800-4b21-bc00-0cd9fc850bf3,18.445938,73.964125,26050000.0,disputed,Court Order,2026-08-18T11:48:58.783351
6e97e205-0367-4027-a395-1eb3d07cf707,PNE-030/P-6E97,Pune,Pune City,Wakad,2.33,Commercial,Showroom,b0a52fe3-03aa-46ae-8ba9-b06b9dde8149,18.418731,73.807732,167601000.0,mortgaged,Bank Mortgage,2026-08-18T11:48:58.783395
f5436688-5e62-4421-aad4-8e4f51ac1b5a,PNE-031/P-F543,Pune,Haveli,Katraj,10.51,Agricultural,Horticulture,9861f3e6-41e2-4823-8edd-53508d2dc7e7,18.677259,73.987201,36057000.0,clear,None,2026-08-18T11:48:58.783437
6e971bae-aafa-4431-b2a1-c7a62268efe2,PNE-032/3-6E97,Pune,Haveli,Hinjewadi,13.03,Agricultural,Orchard,5785d85b-36b1-434c-a776-8dbb362622b2,18.570617,73.951174,125738000.0,clear,None,2026-08-18T11:48:58.783489
9d689933-050b-4e9a-a818-93cc07452a2c,PNE-033/2-9D68,Pune,Mulshi,Aundh,11.98,Agricultural,Farming,b0a52fe3-03aa-46ae-8ba9-b06b9dde8149,18.66032,73.783442,20555000.0,clear,None,2026-08-18T11:48:58.783533
f229973e-8ece-45ec-a566-7f2f9c357fdd,PNE-034/P-F229,Pune,Haveli,Magarpatta,2.28,Agricultural,Horticulture,c1db0589-ab02-4dc4-8803-bb225d257db6,18.460859,73.810086,7887000.0,disputed,Court Order,2026-08-18T11:48:58.783593
9d5e233d-08d5-48ec-bc96-6033f4c4a8c6,PNE-035/A-9D5E,Pune,Haveli,Katraj,14.24,Agricultural,Horticulture,5785d85b-36b1-434c-a776-8dbb362622b2,18.393401,73.713883,129692000.0,mortgaged,Bank Mortgage,2026-08-18T11:48:58.783650
25e26489-a575-449a-a150-867293c4b057,PNE-036/2-25E2,Pune,Shirur,Baner,8.19,Agricultural,Plantation,9861f3e6-41e2-4823-8edd-53508d2dc7e7,18.368276,73.828729,9866000.0,clear,None,2026-08-18T11:48:58.783700
96c9077c-a573-4b60-b328-004a9bcbd38f,PNE-037/3-96C9,Pune,Mulshi,Wakad,11.47,Agricultural,Horticulture,5785d85b-36b1-434c-a776-8dbb362622b2,18.421352,73.843026,30157000.0,clear,None,2026-08-18T11:48:58.783756
1327dcc4-e805-4403-a3d4-8c4414dbc3c8,PNE-038/P-1327,Pune,Pune City,Hinjewadi,11.6,Agricultural,Orchard,c1db0589-ab02-4dc4-8803-bb225d257db6,18.698138,73.947973,116220000.0,clear,None,2026-08-18T11:48:58.783803
e82115fa-8489-42d1-8f78-12921afbf632,PNE-039/3-E821,Pune,Pune City,Viman Nagar,9.85,Agricultural,Farming,c1db0589-ab02-4dc4-8803-bb225d257db6,18.602979,74.032852,39185000.0,disputed,Court Order,2026-08-18T11:48:58.783849
d34e12e2-5eac-4d45-9be8-2aceaa1dbb6f,PNE-040/A-D34E,Pune,Khed,Kalyani Nagar,6.8,Agricultural,Grazing,c1db0589-ab02-4dc4-8803-bb225d257db6,18.667162,73.896922,51218000.0,mortgaged,Bank Mortgage,2026-08-18T11:48:58.783892
5c0dd6be-6465-4b93-8499-08675414f351,PNE-041/C-5C0D,Pune,Mulshi,Kondhwa,4.9,Agricultural,Orchard,d0609965-6800-4b21-bc00-0cd9fc850bf3,18.377439,74.002754,41453000.0,clear,None,2026-08-18T11:48:58.783940
02f52451-b2c4-48f4-bf76-b01829a657f5,PNE-042/Q-02F5,Pune,Haveli,Kondhwa,7.79,Agricultural,Plantation,34994167-b83b-429a-93b6-8bd2ac19c9d8,18.690977,73.81147,69248000.0,clear,None,2026-08-18T11:48:58.783984
a6c1b4bf-d849-42c6-962f-47f8901146b8,PNE-043/Q-A6C1,Pune,Mulshi,Katraj,14.46,Agricultural,Plantation,f90ab632-5c21-4adb-9e75-7a8af6a9068b,18.439377,73.994731,65263000.0,clear,None,2026-08-18T11:48:58.784030
3c67a007-5c7b-4222-bc1e-12ba1c6642a0,PNE-044/A-3C67,Pune,Haveli,Wakad,4.82,Agricultural,Horticulture,c1db0589-ab02-4dc4-8803-bb225d257db6,18.43887,73.78019,34163000.0,disputed,Court Order,2026-08-18T11:48:58.784092
bc197839-8076-4672-a909-04d76f999010,PNE-045/2-BC19,Pune,Shirur,Balewadi,2.67,Agricultural,Farming,c1db0589-ab02-4dc4-8803-bb225d257db6,18.553479,73.814336,2658000.0,mortgaged,Bank Mortgage,2026-08-18T11:48:58.784138
7cc2dbde-d100-4fd7-a0c7-63f8b356a881,PNE-046/2-7CC2,Pune,Pune City,Hinjewadi,3.1,Industrial,Manufacturing,b0a52fe3-03aa-46ae-8ba9-b06b9dde8149,18.678329,73.93425,49782000.0,clear,None,2026-08-18T11:48:58.784191
6465c395-0b56-4ebd-9446-a77a919f266a,PNE-047/2-6465,Pune,Khed,Bavdhan,6.38,Industrial,Factory,f90ab632-5c21-4adb-9e75-7a8af6a9068b,18.400959,73.773421,110914000.0,clear,None,2026-08-18T11:48:58.784247
e155745b-7c72-4b6a-bd64-bc99e5f77820,PNE-048/2-E155,Pune,Pune City,Baner,6.08,Industrial,Manufacturing,c1db0589-ab02-4dc4-8803-bb225d257db6,18.424804,73.957583,141592000.0,clear,None,2026-08-18T11:48:58.784292
51425fc8-68b4-4205-9b67-b859d0929fa5,PNE-049/C-5142,Pune,Pune City,Magarpatta,6.44,Industrial,Factory,d0609965-6800-4b21-bc00-0cd9fc850bf3,18.451304,73.691463,117611000.0,disputed,Court Order,2026-08-18T11:48:58.784354
08df6dc7-0023-4c5c-8b16-d088fd94a13c,PNE-050/2-08DF,Pune,Pune City,Bavdhan,1.11,Industrial,IT Park,f90ab632-5c21-4adb-9e75-7a8af6a9068b,18.524684,73.859611,22243000.0,mortgaged,Bank Mortgage,2026-08-18T11:48:58.784402
7001d8a0-f4fc-4482-9306-2403dc4f17c6,PNE-051/B-7001,Pune,Shirur,Hadapsar,1.21,Industrial,Manufacturing,9861f3e6-41e2-4823-8edd-53508d2dc7e7,18.481071,73.743955,6047000.0,clear,None,2026-08-18T11:48:58.784450
96e1a405-0811-4ce0-861f-b9b03b0de925,PNE-052/3-96E1,Pune,Mulshi,Hinjewadi,1.79,Industrial,Factory,5785d85b-36b1-434c-a776-8dbb362622b2,18.469565,73.880309,64329000.0,clear,None,2026-08-18T11:48:58.784505
80ae1331-c487-4a89-822f-a68785796ed5,PNE-053/2-80AE,Pune,Haveli,Kondhwa,3.41,Industrial,Factory,c1db0589-ab02-4dc4-8803-bb225d257db6,18.572672,73.885463,96920000.0,clear,None,2026-08-18T11:48:58.784550
052b0d46-843d-4f92-9f95-658b632ce58a,PNE-054/C-052B,Pune,Khed,Kondhwa,6.9,Industrial,Logistics,c1db0589-ab02-4dc4-8803-bb225d257db6,18.45785,74.01745,173981000.0,disputed,Court Order,2026-08-18T11:48:58.784596
42cbed35-c5b3-4578-9f76-50757c4e2b7f,PNE-055/C-42CB,Pune,Khed,Kondhwa,7.99,Industrial,Logistics,9861f3e6-41e2-4823-8edd-53508d2dc7e7,18.585368,73.991716,266011000.0,mortgaged,Bank Mortgage,2026-08-18T11:48:58.784665
0be1de48-f102-4eb6-bfe5-7bd4f3564fa1,PNE-056/2-0BE1,Pune,Khed,Kothrud,2.56,Industrial,Logistics,5785d85b-36b1-434c-a776-8dbb362622b2,18.615475,73.768803,72614000.0,clear,None,2026-08-18T11:48:58.784712
8f5e4373-2b44-44a9-b612-9905b430b915,PNE-057/C-8F5E,Pune,Pune City,Baner,2.3,Industrial,Logistics,34994167-b83b-429a-93b6-8bd2ac19c9d8,18.529197,73.743127,81327000.0,clear,None,2026-08-18T11:48:58.784768
37b54f15-7ec3-4d57-bb27-2ec65f355af4,PNE-058/A-37B5,Pune,Khed,Hadapsar,6.69,Industrial,IT Park,65cf51ec-6a84-4797-b53f-9c4736c52f69,18.374832,73.748751,138754000.0,clear,None,2026-08-18T11:48:58.784814
f1f8a4ba-2a76-4248-973b-8d78da7a5b83,PNE-059/1-F1F8,Pune,Mulshi,Kothrud,7.95,Industrial,Manufacturing,b0a52fe3-03aa-46ae-8ba9-b06b9dde8149,18.494519,74.015967,50756000.0,disputed,Court Order,2026-08-18T11:48:58.784875
d8811b60-d31b-4782-a009-070b6d31e537,PNE-060/3-D881,Pune,Haveli,Kothrud,1.6,Industrial,Manufacturing,34994167-b83b-429a-93b6-8bd2ac19c9d8,18.547616,73.915467,56831000.0,mortgaged,Bank Mortgage,2026-08-18T11:48:58.784937
d4890b12-51a4-42bc-a0cb-81a83faa2d16,KOL-001/3-D489,Kolkata,Salt Lake,New Town,0.34,Residential,Villa,f90ab632-5c21-4adb-9e75-7a8af6a9068b,22.71408,88.225012,10509000.0,clear,None,2026-08-18T11:48:58.785004
9178f250-3262-4f9b-b2de-c7b2a898ce25,KOL-002/2-9178,Kolkata,Kolkata North,Howrah,0.46,Residential,Duplex,f90ab632-5c21-4adb-9e75-7a8af6a9068b,22.426334,88.331423,3789000.0,clear,None,2026-08-18T11:48:58.785066
acc1639f-424a-45da-bdde-c899faa2f89c,KOL-003/B-ACC1,Kolkata,Barasat,Alipore,0.46,Residential,Housing,b0a52fe3-03aa-46ae-8ba9-b06b9dde8149,22.639466,88.421727,15358000.0,clear,None,2026-08-18T11:48:58.785111
1be879be-11c6-44c4-ba1e-44ab1f7610c8,KOL-004/Q-1BE8,Kolkata,Salt Lake,Behala,0.28,Residential,Villa,34994167-b83b-429a-93b6-8bd2ac19c9d8,22.640523,88.501474,1680000.0,disputed,Court Order,2026-08-18T11:48:58.785157
6aac0b23-7218-42b1-b909-1aa403196d35,KOL-005/3-6AAC,Kolkata,Kolkata South,Salt Lake,0.72,Residential,Row House,c1db0589-ab02-4dc4-8803-bb225d257db6,22.448919,88.403886,8629000.0,mortgaged,Bank Mortgage,2026-08-18T11:48:58.785216
df5dbace-df2a-4a62-a1ba-b8079ea95631,KOL-006/2-DF5D,Kolkata,Salt Lake,Shibpur,0.23,Residential,Villa,9861f3e6-41e2-4823-8edd-53508d2dc7e7,22.449769,88.381131,5653000.0,clear,None,2026-08-18T11:48:58.785278
8c10267d-ee3a-412e-9483-870c8f11f268,KOL-007/1-8C10,Kolkata,Kolkata North,Howrah,0.39,Residential,Housing,5785d85b-36b1-434c-a776-8dbb362622b2,22.626417,88.404343,2306000.0,clear,None,2026-08-18T11:48:58.785343
12efb5da-e34d-40d5-867a-46404dd9f949,KOL-008/B-12EF,Kolkata,Barasat,Barasat,0.45,Residential,Row House,d0609965-6800-4b21-bc00-0cd9fc850bf3,22.553018,88.436978,5927000.0,clear,None,2026-08-18T11:48:58.785389
c7595bb6-ee5d-4dae-a81f-c75db1955039,KOL-009/A-C759,Kolkata,Barasat,Rajarhat,0.3,Residential,Apartment,5785d85b-36b1-434c-a776-8dbb362622b2,22.651526,88.458543,10524000.0,disputed,Court Order,2026-08-18T11:48:58.785451
3caef253-c8ef-40b1-acec-899508997220,KOL-010/B-3CAE,Kolkata,Salt Lake,Jadavpur,0.15,Residential,Villa,d0609965-6800-4b21-bc00-0cd9fc850bf3,22.539301,88.488352,2712000.0,mortgaged,Bank Mortgage,2026-08-18T11:48:58.785504
0839d73a-e4fd-47c8-8472-ffb8aa6e762d,KOL-011/2-0839,Kolkata,Kolkata North,Shibpur,0.72,Residential,Apartment,5785d85b-36b1-434c-a776-8dbb362622b2,22.503675,88.416519,23611000.0,clear,None,2026-08-18T11:48:58.785569
429f3a2b-4416-4b09-a728-30d016d94d63,KOL-012/A-429F,Kolkata,Barasat,Alipore,0.66,Residential,Villa,65cf51ec-6a84-4797-b53f-9c4736c52f69,22.426862,88.298529,17853000.0,clear,None,2026-08-18T11:48:58.785627
c6f463e3-1d0f-4dd3-8de6-fca4ef95c430,KOL-013/1-C6F4,Kolkata,Barasat,Alipore,0.75,Residential,Villa,34994167-b83b-429a-93b6-8bd2ac19c9d8,22.512651,88.461913,26165000.0,clear,None,2026-08-18T11:48:58.785670
d8a4923f-75cf-44b1-8604-2fa0e0103058,KOL-014/2-D8A4,Kolkata,Howrah,Alipore,0.71,Residential,Apartment,5785d85b-36b1-434c-a776-8dbb362622b2,22.585073,88.50522,22984000.0,disputed,Court Order,2026-08-18T11:48:58.785727
f26d92a3-866a-4e3c-8436-c1492a70bd98,KOL-015/2-F26D,Kolkata,Kolkata North,Salt Lake,0.35,Residential,Housing,34994167-b83b-429a-93b6-8bd2ac19c9d8,22.556523,88.370206,10762000.0,mortgaged,Bank Mortgage,2026-08-18T11:48:58.785773
153c4b1d-bd48-4d01-91f6-59e1bdf59bd1,KOL-016/P-153C,Kolkata,Kolkata South,Salt Lake,2.03,Commercial,Office,65cf51ec-6a84-4797-b53f-9c4736c52f69,22.522435,88.228453,76292000.0,clear,None,2026-08-18T11:48:58.785829
377da049-1ecc-4396-9365-525b7323fc63,KOL-017/A-377D,Kolkata,Salt Lake,Alipore,1.67,Commercial,Showroom,f90ab632-5c21-4adb-9e75-7a8af6a9068b,22.708602,88.385811,68686000.0,clear,None,2026-08-18T11:48:58.785873
83a049a5-b762-4bfb-9051-2d2eaf697ff1,KOL-018/C-83A0,Kolkata,Salt Lake,Alipore,2.21,Commercial,Warehouse,d0609965-6800-4b21-bc00-0cd9fc850bf3,22.631499,88.455694,42879000.0,clear,None,2026-08-18T11:48:58.785936
2cb02292-db95-4193-811d-70cd17cb6c82,KOL-019/B-2CB0,Kolkata,Barasat,Ballygunge,0.54,Commercial,Warehouse,f90ab632-5c21-4adb-9e75-7a8af6a9068b,22.656282,88.479806,26503000.0,disputed,Court Order,2026-08-18T11:48:58.785981
11afb975-c376-4589-9686-f0c1230def98,KOL-020/1-11AF,Kolkata,Barasat,Ballygunge,1.01,Commercial,Office,b0a52fe3-03aa-46ae-8ba9-b06b9dde8149,22.442041,88.362134,7627000.0,mortgaged,Bank Mortgage,2026-08-18T11:48:58.786038
53973087-42a7-456a-bda5-e835b9ea142d,KOL-021/B-5397,Kolkata,Kolkata South,Park Street,1.69,Commercial,Office,c1db0589-ab02-4dc4-8803-bb225d257db6,22.569136,88.488523,43022000.0,clear,None,2026-08-18T11:48:58.786094
1637d26d-a4ca-4842-9751-bd9d9f132081,KOL-022/Q-1637,Kolkata,Kolkata North,Dum Dum,2.13,Commercial,Retail Shop,f90ab632-5c21-4adb-9e75-7a8af6a9068b,22.62006,88.477856,20948000.0,clear,None,2026-08-18T11:48:58.786139
8a106360-2ea2-4c1b-9d0f-d0d9e9c89042,KOL-023/B-8A10,Kolkata,Kolkata North,Shibpur,1.67,Commercial,Warehouse,c1db0589-ab02-4dc4-8803-bb225d257db6,22.686102,88.349,47804000.0,clear,None,2026-08-18T11:48:58.786191
22a653de-3331-44fa-a2d3-bedeac3db850,KOL-024/C-22A6,Kolkata,Howrah,Howrah,0.44,Commercial,Retail Shop,c1db0589-ab02-4dc4-8803-bb225d257db6,22.540651,88.381768,19678000.0,disputed,Court Order,2026-08-18T11:48:58.786244
53077957-d755-47b9-9ac2-abfacd63b91f,KOL-025/3-5307,Kolkata,Salt Lake,Park Street,2.32,Commercial,Office,9861f3e6-41e2-4823-8edd-53508d2dc7e7,22.568717,88.436117,126456000.0,mortgaged,Bank Mortgage,2026-08-18T11:48:58.786286
b1dec737-4251-4c13-bb08-aaf90b478207,KOL-026/3-B1DE,Kolkata,Kolkata North,Shibpur,1.87,Commercial,Warehouse,65cf51ec-6a84-4797-b53f-9c4736c52f69,22.598143,88.426024,27221000.0,clear,None,2026-08-18T11:48:58.786337
a5e1bde0-400e-452b-80d3-93c8c88de6bb,KOL-027/3-A5E1,Kolkata,Salt Lake,Rajarhat,2.07,Commercial,Mall,65cf51ec-6a84-4797-b53f-9c4736c52f69,22.458689,88.30203,78392000.0,clear,None,2026-08-18T11:48:58.786394
128b1094-210c-4291-8aba-0359c008be3d,KOL-028/2-128B,Kolkata,Kolkata North,Barasat,1.6,Commercial,Mall,f90ab632-5c21-4adb-9e75-7a8af6a9068b,22.430498,88.492088,91153000.0,clear,None,2026-08-18T11:48:58.786437
d6b29b7f-8c35-4d9d-ae2a-5daf0429e0ac,KOL-029/Q-D6B2,Kolkata,Barasat,Park Street,1.56,Commercial,Showroom,c1db0589-ab02-4dc4-8803-bb225d257db6,22.517645,88.232958,80925000.0,disputed,Court Order,2026-08-18T11:48:58.786480
af3e36c5-7e4c-419e-979a-694c9ceead87,KOL-030/3-AF3E,Kolkata,Salt Lake,Tollygunge,0.96,Commercial,Retail Shop,c1db0589-ab02-4dc4-8803-bb225d257db6,22.558842,88.229764,37686000.0,mortgaged,Bank Mortgage,2026-08-18T11:48:58.786534
61b40b2d-950b-4503-ae2e-f78d7cee81b1,KOL-031/C-61B4,Kolkata,Howrah,Salt Lake,7.99,Agricultural,Orchard,34994167-b83b-429a-93b6-8bd2ac19c9d8,22.453529,88.236516,27650000.0,clear,None,2026-08-18T11:48:58.786577
09c68169-ca8c-49eb-ba6c-0013f3a4eb66,KOL-032/B-09C6,Kolkata,Kolkata South,Dum Dum,6.41,Agricultural,Horticulture,65cf51ec-6a84-4797-b53f-9c4736c52f69,22.577707,88.500507,10948000.0,clear,None,2026-08-18T11:48:58.786627
6d505df1-39b2-4cd8-8a80-0cf614945733,KOL-033/1-6D50,Kolkata,Barasat,Behala,10.1,Agricultural,Grazing,f90ab632-5c21-4adb-9e75-7a8af6a9068b,22.530757,88.400449,79476000.0,clear,None,2026-08-18T11:48:58.786675
2c1d79b5-5a9d-4839-a178-68554d03154e,KOL-034/3-2C1D,Kolkata,Barasat,Dum Dum,10.93,Agricultural,Grazing,f90ab632-5c21-4adb-9e75-7a8af6a9068b,22.632513,88.336217,79545000.0,disputed,Court Order,2026-08-18T11:48:58.786730
bf6a6679-32a7-484c-94cf-ec1b4682755a,KOL-035/1-BF6A,Kolkata,Howrah,Shibpur,1.89,Agricultural,Farming,d0609965-6800-4b21-bc00-0cd9fc850bf3,22.429536,88.455821,9057000.0,mortgaged,Bank Mortgage,2026-08-18T11:48:58.786787
a3fe5b5d-0524-41cb-a607-2282d29b778b,KOL-036/2-A3FE,Kolkata,Howrah,Jadavpur,13.88,Agricultural,Horticulture,b0a52fe3-03aa-46ae-8ba9-b06b9dde8149,22.479976,88.246565,26336000.0,clear,None,2026-08-18T11:48:58.786834
942c2cbf-3421-40fe-b8be-f564960d6d02,KOL-037/2-942C,Kolkata,Barasat,Shibpur,11.78,Agricultural,Farming,b0a52fe3-03aa-46ae-8ba9-b06b9dde8149,22.446991,88.281826,35926000.0,clear,None,2026-08-18T11:48:58.786878
2eb3392e-ebb5-43d1-9d00-5454d9165720,KOL-038/C-2EB3,Kolkata,Kolkata South,Salt Lake,9.08,Agricultural,Grazing,d0609965-6800-4b21-bc00-0cd9fc850bf3,22.68711,88.469865,78932000.0,clear,None,2026-08-18T11:48:58.786922
5b430021-a00f-4b73-bb58-5769ffb7f3e9,KOL-039/B-5B43,Kolkata,Kolkata North,Behala,3.29,Agricultural,Farming,34994167-b83b-429a-93b6-8bd2ac19c9d8,22.582685,88.469225,10798000.0,disputed,Court Order,2026-08-18T11:48:58.786983
b050947b-5c5d-4526-8da0-ca7249da6c91,KOL-040/2-B050,Kolkata,Salt Lake,Jadavpur,14.98,Agricultural,Horticulture,9861f3e6-41e2-4823-8edd-53508d2dc7e7,22.47525,88.410696,106136000.0,mortgaged,Bank Mortgage,2026-08-18T11:48:58.787037
4bee0dc8-5177-46e1-ac3c-ab1d7ed67d96,KOL-041/Q-4BEE,Kolkata,Kolkata North,Howrah,3.61,Agricultural,Orchard,f90ab632-5c21-4adb-9e75-7a8af6a9068b,22.543862,88.442026,13798000.0,clear,None,2026-08-18T11:48:58.787084
61f70c2e-1902-4864-aed5-e5392f41c20f,KOL-042/C-61F7,Kolkata,Kolkata South,Park Street,7.87,Agricultural,Farming,f90ab632-5c21-4adb-9e75-7a8af6a9068b,22.47315,88.364351,13073000.0,clear,None,2026-08-18T11:48:58.787131
b07bc46d-47de-4e0b-bfa6-1fffbd162369,KOL-043/2-B07B,Kolkata,Salt Lake,New Town,9.01,Agricultural,Orchard,c1db0589-ab02-4dc4-8803-bb225d257db6,22.43488,88.441651,47082000.0,clear,None,2026-08-18T11:48:58.787190
a5ff6c76-cc32-4f0a-8c2b-4f3f7e58e623,KOL-044/A-A5FF,Kolkata,Kolkata South,Howrah,9.04,Agricultural,Orchard,5785d85b-36b1-434c-a776-8dbb362622b2,22.654533,88.41419,13925000.0,disputed,Court Order,2026-08-18T11:48:58.787374
a3a229d6-992e-4223-b436-f865629078b9,KOL-045/A-A3A2,Kolkata,Howrah,New Town,3.44,Agricultural,Plantation,9861f3e6-41e2-4823-8edd-53508d2dc7e7,22.546912,88.491833,14830000.0,mortgaged,Bank Mortgage,2026-08-18T11:48:58.787460
443bdbb3-4143-4530-b6cd-8eb3d46f38fb,KOL-046/P-443B,Kolkata,Kolkata North,Alipore,4.74,Industrial,Logistics,c1db0589-ab02-4dc4-8803-bb225d257db6,22.517198,88.298437,133470000.0,clear,None,2026-08-18T11:48:58.787552
83dc9cd2-5a2c-48de-a468-833b48332bb6,KOL-047/C-83DC,Kolkata,Salt Lake,Salt Lake,3.85,Industrial,Factory,f90ab632-5c21-4adb-9e75-7a8af6a9068b,22.585072,88.44463,103027000.0,clear,None,2026-08-18T11:48:58.787649
d1033d90-2973-41a5-98b4-d1d1db7da041,KOL-048/2-D103,Kolkata,Howrah,Shibpur,4.6,Industrial,Factory,5785d85b-36b1-434c-a776-8dbb362622b2,22.53314,88.504848,48700000.0,clear,None,2026-08-18T11:48:58.787964
5f20e10e-ca09-4b77-9a35-232f548cb7f8,KOL-049/3-5F20,Kolkata,Barasat,Ballygunge,3.85,Industrial,Factory,34994167-b83b-429a-93b6-8bd2ac19c9d8,22.444854,88.430308,14725000.0,disputed,Court Order,2026-08-18T11:48:58.788060
b3c78ea6-1e61-4162-8da8-ae24f0f9e6b6,KOL-050/2-B3C7,Kolkata,Kolkata North,Dum Dum,1.2,Industrial,Factory,65cf51ec-6a84-4797-b53f-9c4736c52f69,22.646537,88.349967,13601000.0,mortgaged,Bank Mortgage,2026-08-18T11:48:58.788156
2a59e9d4-5276-46ec-8f36-5ac8507bcc22,KOL-051/C-2A59,Kolkata,Kolkata South,Ballygunge,3.21,Industrial,Logistics,5785d85b-36b1-434c-a776-8dbb362622b2,22.526228,88.502571,86285000.0,clear,None,2026-08-18T11:48:58.788257
4f95f380-b954-4510-b3c8-a163355e5d32,KOL-052/A-4F95,Kolkata,Howrah,Alipore,6.44,Industrial,IT Park,9861f3e6-41e2-4823-8edd-53508d2dc7e7,22.49982,88.477101,165574000.0,clear,None,2026-08-18T11:48:58.788319
2701f7f7-b37d-417e-8d72-32dba8c7bfcb,KOL-053/C-2701,Kolkata,Kolkata South,Barasat,4.11,Industrial,Workshop,b0a52fe3-03aa-46ae-8ba9-b06b9dde8149,22.641941,88.260718,15298000.0,clear,None,2026-08-18T11:48:58.788374
84fa8fa5-8a95-43c8-8fa5-8773f612de8f,KOL-054/P-84FA,Kolkata,Kolkata North,Ballygunge,3.67,Industrial,Workshop,b0a52fe3-03aa-46ae-8ba9-b06b9dde8149,22.678146,88.405934,33287000.0,disputed,Court Order,2026-08-18T11:48:58.788433
00e9e103-f651-4982-8478-f77b87d5382a,KOL-055/B-00E9,Kolkata,Salt Lake,Salt Lake,2.9,Industrial,Factory,f90ab632-5c21-4adb-9e75-7a8af6a9068b,22.441762,88.3356,76696000.0,mortgaged,Bank Mortgage,2026-08-18T11:48:58.788491
65c2c71c-2139-40af-8702-95e5dcce70e7,KOL-056/B-65C2,Kolkata,Barasat,Tollygunge,5.86,Industrial,IT Park,d0609965-6800-4b21-bc00-0cd9fc850bf3,22.616351,88.275162,124467000.0,clear,None,2026-08-18T11:48:58.788540
7e1e0720-19ed-4db9-bdc7-0041339a8ea9,KOL-057/3-7E1E,Kolkata,Kolkata South,Ballygunge,3.59,Industrial,IT Park,34994167-b83b-429a-93b6-8bd2ac19c9d8,22.532024,88.285725,32003000.0,clear,None,2026-08-18T11:48:58.788647
d4a695c4-dae0-481e-b717-f5393d4fecb3,KOL-058/C-D4A6,Kolkata,Salt Lake,Park Street,3.99,Industrial,Logistics,65cf51ec-6a84-4797-b53f-9c4736c52f69,22.713084,88.215225,67712000.0,clear,None,2026-08-18T11:48:58.788737
372e1ed7-b7dc-4053-a40b-0dca14aa634e,KOL-059/C-372E,Kolkata,Salt Lake,Dum Dum,4.42,Industrial,Logistics,5785d85b-36b1-434c-a776-8dbb362622b2,22.689134,88.503194,51555000.0,disputed,Court Order,2026-08-18T11:48:58.788791
625ca107-3d5e-44a4-bebb-ab17465dd7ca,KOL-060/A-625C,Kolkata,Kolkata North,Ballygunge,5.85,Industrial,Logistics,9861f3e6-41e2-4823-8edd-53508d2dc7e7,22.566072,88.286874,20817000.0,mortgaged,Bank Mortgage,2026-08-18T11:48:58.788871
db9ca096-383e-4830-8e04-8f3b111caff4,AMD-001/P-DB9C,Ahmedabad,Dholka,Thaltej,0.56,Residential,Villa,9861f3e6-41e2-4823-8edd-53508d2dc7e7,22.939321,72.461245,20843000.0,clear,None,2026-08-18T11:48:58.788943
5850e049-1e2c-4ede-81c5-4a63528d19dc,AMD-002/1-5850,Ahmedabad,Daskroi,SG Highway,0.3,Residential,Apartment,65cf51ec-6a84-4797-b53f-9c4736c52f69,22.997159,72.621145,3502000.0,clear,None,2026-08-18T11:48:58.789003
bd76a8b0-5678-4212-9d2c-3bff0766e3af,AMD-003/1-BD76,Ahmedabad,Dholka,Thaltej,0.37,Residential,Duplex,c1db0589-ab02-4dc4-8803-bb225d257db6,22.940081,72.544995,3651000.0,clear,None,2026-08-18T11:48:58.789075
b69b65f4-5bbc-4d64-afa2-7a921b7c1eb8,AMD-004/B-B69B,Ahmedabad,Dholka,Vastrapur,0.41,Residential,Duplex,34994167-b83b-429a-93b6-8bd2ac19c9d8,23.139868,72.574308,8942000.0,disputed,Court Order,2026-08-18T11:48:58.789140
7035b70a-109b-46fb-af87-8eec58925749,AMD-005/C-7035,Ahmedabad,Sanand,Bodakdev,0.41,Residential,Row House,5785d85b-36b1-434c-a776-8dbb362622b2,23.011253,72.550227,16816000.0,mortgaged,Bank Mortgage,2026-08-18T11:48:58.789200
89f08ab0-11d0-435d-ab7e-59c991377ee0,AMD-006/C-89F0,Ahmedabad,Dholka,Sanand Industrial,0.68,Residential,Row House,65cf51ec-6a84-4797-b53f-9c4736c52f69,23.019708,72.616025,28360000.0,clear,None,2026-08-18T11:48:58.789253
e834f673-64b7-4777-884e-53b6468ab2cb,AMD-007/Q-E834,Ahmedabad,Daskroi,Bodakdev,0.76,Residential,Duplex,f90ab632-5c21-4adb-9e75-7a8af6a9068b,23.097629,72.50365,3215000.0,clear,None,2026-08-18T11:48:58.789317
32e484e9-455a-4a43-be69-e448fbc4ddde,AMD-008/3-32E4,Ahmedabad,Dholka,Thaltej,0.69,Residential,Apartment,b0a52fe3-03aa-46ae-8ba9-b06b9dde8149,23.12878,72.480467,28409000.0,clear,None,2026-08-18T11:48:58.789372
f3ae3e29-a100-49fc-b812-90782f63bafc,AMD-009/Q-F3AE,Ahmedabad,Daskroi,Maninagar,0.73,Residential,Duplex,f90ab632-5c21-4adb-9e75-7a8af6a9068b,23.132752,72.600293,10009000.0,disputed,Court Order,2026-08-18T11:48:58.789442
ea5cb614-fbfd-4f8e-b5ac-6b1c5d457d8e,AMD-010/Q-EA5C,Ahmedabad,Daskroi,Prahlad Nagar,0.38,Residential,Row House,f90ab632-5c21-4adb-9e75-7a8af6a9068b,23.078706,72.701355,13106000.0,mortgaged,Bank Mortgage,2026-08-18T11:48:58.789509
7c96fcc1-8cbc-4d18-8d1b-52864cc1203c,AMD-011/P-7C96,Ahmedabad,Daskroi,Maninagar,0.39,Residential,Apartment,9861f3e6-41e2-4823-8edd-53508d2dc7e7,22.985787,72.73066,3395000.0,clear,None,2026-08-18T11:48:58.789559
1504e196-3d87-43c5-9477-3a9bfb140ef9,AMD-012/B-1504,Ahmedabad,Daskroi,Satellite,0.64,Residential,Villa,c1db0589-ab02-4dc4-8803-bb225d257db6,23.127391,72.581325,15875000.0,clear,None,2026-08-18T11:48:58.789666
0061732f-f22b-42e7-9298-cd0cca8f1e17,AMD-013/3-0061,Ahmedabad,Ahmedabad City,Navrangpura,0.57,Residential,Housing,5785d85b-36b1-434c-a776-8dbb362622b2,23.136341,72.624031,14783000.0,clear,None,2026-08-18T11:48:58.789721
616f0741-645b-45a1-a98f-b47adf3df620,AMD-014/Q-616F,Ahmedabad,Dholka,Vastrapur,0.63,Residential,Housing,5785d85b-36b1-434c-a776-8dbb362622b2,22.977375,72.592162,18711000.0,disputed,Court Order,2026-08-18T11:48:58.789765
6db08044-b90c-4947-9e23-6c1462883718,AMD-015/1-6DB0,Ahmedabad,Ahmedabad City,Thaltej,0.07,Residential,Villa,5785d85b-36b1-434c-a776-8dbb362622b2,23.112379,72.663777,1960000.0,mortgaged,Bank Mortgage,2026-08-18T11:48:58.789811
8b24f953-a55a-46e2-bf98-c7b88145b3f2,AMD-016/B-8B24,Ahmedabad,Dholka,Thaltej,1.9,Commercial,Retail Shop,b0a52fe3-03aa-46ae-8ba9-b06b9dde8149,23.054574,72.560474,68766000.0,clear,None,2026-08-18T11:48:58.789870
675fb8c2-3eb4-4023-9778-8d0f8f2bd062,AMD-017/P-675F,Ahmedabad,Ahmedabad City,Maninagar,1.21,Commercial,Retail Shop,d0609965-6800-4b21-bc00-0cd9fc850bf3,23.097496,72.670882,56889000.0,clear,None,2026-08-18T11:48:58.789930
26b3bc67-0e98-4f22-8641-870c573044a6,AMD-018/B-26B3,Ahmedabad,Sanand,Prahlad Nagar,2.24,Commercial,Showroom,c1db0589-ab02-4dc4-8803-bb225d257db6,22.918791,72.547164,110690000.0,clear,None,2026-08-18T11:48:58.789974
098f81ec-fd5c-4366-b4c2-2d34789e1241,AMD-019/1-098F,Ahmedabad,Daskroi,Vastrapur,1.96,Commercial,Office,9861f3e6-41e2-4823-8edd-53508d2dc7e7,23.047029,72.46936,123644000.0,disputed,Court Order,2026-08-18T11:48:58.790026
d9288b1f-e9be-4f38-b481-93a1d5f95751,AMD-020/A-D928,Ahmedabad,Daskroi,Bodakdev,0.44,Commercial,Retail Shop,f90ab632-5c21-4adb-9e75-7a8af6a9068b,22.902256,72.500731,25121000.0,mortgaged,Bank Mortgage,2026-08-18T11:48:58.790083
5d89dd24-756f-4cc8-a09a-6d6b97218798,AMD-021/C-5D89,Ahmedabad,Ahmedabad City,SG Highway,1.68,Commercial,Retail Shop,f90ab632-5c21-4adb-9e75-7a8af6a9068b,22.86665,72.435995,109971000.0,clear,None,2026-08-18T11:48:58.790135
90d56de6-0002-44be-b0a7-fab1897d0da2,AMD-022/1-90D5,Ahmedabad,Ahmedabad City,Thaltej,1.31,Commercial,Retail Shop,34994167-b83b-429a-93b6-8bd2ac19c9d8,22.951605,72.645806,54865000.0,clear,None,2026-08-18T11:48:58.790175
e5951470-143a-4d31-a42a-7fd527ee109c,AMD-023/A-E595,Ahmedabad,Daskroi,Ghatlodia,2.26,Commercial,Office,f90ab632-5c21-4adb-9e75-7a8af6a9068b,23.118814,72.602701,83313000.0,clear,None,2026-08-18T11:48:58.790219
deb3e983-a80c-45b1-a89a-2d07a1f1a3b6,AMD-024/1-DEB3,Ahmedabad,Dholka,SG Highway,0.63,Commercial,Retail Shop,9861f3e6-41e2-4823-8edd-53508d2dc7e7,22.9376,72.511455,37814000.0,disputed,Court Order,2026-08-18T11:48:58.790276
4b1e9bd7-86a7-4bf9-b7a8-c7a741247d8f,AMD-025/C-4B1E,Ahmedabad,Ahmedabad City,Vastrapur,0.26,Commercial,Office,34994167-b83b-429a-93b6-8bd2ac19c9d8,22.926383,72.534066,11091000.0,mortgaged,Bank Mortgage,2026-08-18T11:48:58.790335
0df70e73-5b2a-48bf-9623-c15751d72f6b,AMD-026/2-0DF7,Ahmedabad,Dholka,Navrangpura,0.44,Commercial,Mall,b0a52fe3-03aa-46ae-8ba9-b06b9dde8149,23.168761,72.579979,13940000.0,clear,None,2026-08-18T11:48:58.790396
2da1f827-8c97-4fa4-84ff-171d3a6ac177,AMD-027/Q-2DA1,Ahmedabad,Sanand,Navrangpura,1.9,Commercial,Mall,d0609965-6800-4b21-bc00-0cd9fc850bf3,23.057867,72.540029,53386000.0,clear,None,2026-08-18T11:48:58.790456
e3110011-e77e-4f45-941e-55e0a2fc41c9,AMD-028/C-E311,Ahmedabad,Sanand,Navrangpura,2.43,Commercial,Retail Shop,f90ab632-5c21-4adb-9e75-7a8af6a9068b,22.98024,72.695429,157922000.0,clear,None,2026-08-18T11:48:58.790506
b111ef8c-61a5-407e-883a-6770e8ae05b4,AMD-029/3-B111,Ahmedabad,Dholka,Maninagar,1.94,Commercial,Retail Shop,9861f3e6-41e2-4823-8edd-53508d2dc7e7,23.142354,72.507673,127180000.0,disputed,Court Order,2026-08-18T11:48:58.790549
70ffb5e1-8dd2-4346-ad6f-ba0828b32834,AMD-030/P-70FF,Ahmedabad,Daskroi,Navrangpura,1.44,Commercial,Office,5785d85b-36b1-434c-a776-8dbb362622b2,23.078265,72.459573,26881000.0,mortgaged,Bank Mortgage,2026-08-18T11:48:58.790609
20dc5abd-15dd-458b-b01f-755f95489584,AMD-031/A-20DC,Ahmedabad,Daskroi,Prahlad Nagar,14.44,Agricultural,Farming,5785d85b-36b1-434c-a776-8dbb362622b2,23.016106,72.560919,23051000.0,clear,None,2026-08-18T11:48:58.790674
0dadda97-fbbc-419e-9249-a120469e2d9e,AMD-032/A-0DAD,Ahmedabad,Sanand,SG Highway,1.89,Agricultural,Orchard,65cf51ec-6a84-4797-b53f-9c4736c52f69,23.182353,72.647196,2827000.0,clear,None,2026-08-18T11:48:58.790724
11683ea9-f8d9-4307-86d5-66d3809f8315,AMD-033/C-1168,Ahmedabad,Ahmedabad City,Ghatlodia,11.11,Agricultural,Plantation,f90ab632-5c21-4adb-9e75-7a8af6a9068b,22.980535,72.52119,73665000.0,clear,None,2026-08-18T11:48:58.790776
6b751f04-a1c9-409c-b717-e00c836e9829,AMD-034/1-6B75,Ahmedabad,Ahmedabad City,Navrangpura,7.63,Agricultural,Plantation,b0a52fe3-03aa-46ae-8ba9-b06b9dde8149,23.099508,72.520067,25526000.0,disputed,Court Order,2026-08-18T11:48:58.790816
9c17b388-cfa4-4a47-b281-4f816f784cea,AMD-035/1-9C17,Ahmedabad,Sanand,Ghatlodia,10.87,Agricultural,Horticulture,c1db0589-ab02-4dc4-8803-bb225d257db6,23.018967,72.604142,45057000.0,mortgaged,Bank Mortgage,2026-08-18T11:48:58.790867
c7c2e855-3318-46fb-9c4e-a7562749b04f,AMD-036/B-C7C2,Ahmedabad,Ahmedabad City,Satellite,5.74,Agricultural,Grazing,9861f3e6-41e2-4823-8edd-53508d2dc7e7,23.013598,72.473221,9728000.0,clear,None,2026-08-18T11:48:58.790927
50c3869a-970a-4031-adfe-39ecef3fbb14,AMD-037/B-50C3,Ahmedabad,Dholka,Satellite,13.08,Agricultural,Grazing,b0a52fe3-03aa-46ae-8ba9-b06b9dde8149,23.053844,72.520598,17658000.0,clear,None,2026-08-18T11:48:58.790974
d8d6d439-d779-44de-889d-8a00c06df875,AMD-038/C-D8D6,Ahmedabad,Dholka,Satellite,11.0,Agricultural,Farming,5785d85b-36b1-434c-a776-8dbb362622b2,22.913028,72.421162,111257000.0,clear,None,2026-08-18T11:48:58.791033
dbbefdb7-c0d0-4679-a2a7-97e4f98bd297,AMD-039/A-DBBE,Ahmedabad,Ahmedabad City,Ghatlodia,13.25,Agricultural,Plantation,f90ab632-5c21-4adb-9e75-7a8af6a9068b,23.065561,72.722457,85805000.0,disputed,Court Order,2026-08-18T11:48:58.791085
3db3f149-d9cc-4488-97ce-f478efc2f48c,AMD-040/2-3DB3,Ahmedabad,Dholka,Thaltej,11.67,Agricultural,Farming,f90ab632-5c21-4adb-9e75-7a8af6a9068b,23.059428,72.479982,11415000.0,mortgaged,Bank Mortgage,2026-08-18T11:48:58.791136
c74cc290-c263-4ad6-ad90-4268db37f493,AMD-041/2-C74C,Ahmedabad,Dholka,Sanand Industrial,11.6,Agricultural,Grazing,34994167-b83b-429a-93b6-8bd2ac19c9d8,22.994939,72.667296,52157000.0,clear,None,2026-08-18T11:48:58.791177
31588332-098b-49f8-98df-8ffc4006d484,AMD-042/C-3158,Ahmedabad,Dholka,Sanand Industrial,8.76,Agricultural,Plantation,9861f3e6-41e2-4823-8edd-53508d2dc7e7,23.008853,72.499859,89178000.0,clear,None,2026-08-18T11:48:58.791237
5585cbbc-a825-4a44-901d-688f7610f9f3,AMD-043/2-5585,Ahmedabad,Daskroi,Satellite,5.29,Agricultural,Grazing,34994167-b83b-429a-93b6-8bd2ac19c9d8,23.035764,72.649834,19960000.0,clear,None,2026-08-18T11:48:58.791292
d46a3d92-bcd1-4449-ac74-b97874e3537f,AMD-044/P-D46A,Ahmedabad,Daskroi,Thaltej,3.34,Agricultural,Orchard,b0a52fe3-03aa-46ae-8ba9-b06b9dde8149,23.06382,72.651204,15506000.0,disputed,Court Order,2026-08-18T11:48:58.791342
25226d2d-c11b-4652-ab12-0e5d66e9ed27,AMD-045/B-2522,Ahmedabad,Ahmedabad City,Ghatlodia,8.02,Agricultural,Orchard,b0a52fe3-03aa-46ae-8ba9-b06b9dde8149,22.981004,72.460417,59171000.0,mortgaged,Bank Mortgage,2026-08-18T11:48:58.791403
eb272cf3-dfdb-47b1-9ba2-715d4d762445,AMD-046/C-EB27,Ahmedabad,Ahmedabad City,Satellite,2.86,Industrial,IT Park,65cf51ec-6a84-4797-b53f-9c4736c52f69,23.058497,72.69863,49718000.0,clear,None,2026-08-18T11:48:58.791454
89faff50-8e18-40a1-925b-89a6b3d24df6,AMD-047/3-89FA,Ahmedabad,Daskroi,Satellite,4.75,Industrial,Workshop,f90ab632-5c21-4adb-9e75-7a8af6a9068b,23.171856,72.523246,14744000.0,clear,None,2026-08-18T11:48:58.791505
f75e8c8e-848c-45a5-94e8-08775283cf86,AMD-048/3-F75E,Ahmedabad,Sanand,Ghatlodia,4.63,Industrial,Factory,d0609965-6800-4b21-bc00-0cd9fc850bf3,22.931861,72.711826,64422000.0,clear,None,2026-08-18T11:48:58.791554
f57f33d2-77e2-4f22-934b-63f68b37dbee,AMD-049/1-F57F,Ahmedabad,Dholka,Thaltej,3.81,Industrial,Manufacturing,5785d85b-36b1-434c-a776-8dbb362622b2,22.942496,72.730829,101448000.0,disputed,Court Order,2026-08-18T11:48:58.791598
a782c992-34a6-48ba-8943-727312dbc80b,AMD-050/1-A782,Ahmedabad,Dholka,Bodakdev,3.9,Industrial,IT Park,b0a52fe3-03aa-46ae-8ba9-b06b9dde8149,23.10846,72.69442,122848000.0,mortgaged,Bank Mortgage,2026-08-18T11:48:58.791642
edeb654f-e2b1-419f-af39-0c7457a60a53,AMD-051/C-EDEB,Ahmedabad,Sanand,Bodakdev,7.84,Industrial,Manufacturing,b0a52fe3-03aa-46ae-8ba9-b06b9dde8149,23.105309,72.555882,83138000.0,clear,None,2026-08-18T11:48:58.791699
0c4a3bcc-cd62-4685-a09e-c807df65ce0b,AMD-052/2-0C4A,Ahmedabad,Daskroi,Vastrapur,1.2,Industrial,Workshop,65cf51ec-6a84-4797-b53f-9c4736c52f69,22.88634,72.6232,11985000.0,clear,None,2026-08-18T11:48:58.791750
cdea32bf-6907-454d-906f-5e7120000084,AMD-053/P-CDEA,Ahmedabad,Ahmedabad City,Sanand Industrial,1.72,Industrial,Logistics,34994167-b83b-429a-93b6-8bd2ac19c9d8,22.987278,72.595177,6755000.0,clear,None,2026-08-18T11:48:58.791798
ba3ce0bb-a58a-432d-8f53-c9ea09c75847,AMD-054/P-BA3C,Ahmedabad,Ahmedabad City,Maninagar,2.94,Industrial,Manufacturing,65cf51ec-6a84-4797-b53f-9c4736c52f69,22.900217,72.517676,29611000.0,disputed,Court Order,2026-08-18T11:48:58.791847
41196001-aa4f-4018-89cd-2ea4fff1a5da,AMD-055/A-4119,Ahmedabad,Daskroi,Bopal,2.71,Industrial,IT Park,5785d85b-36b1-434c-a776-8dbb362622b2,22.89027,72.517134,49284000.0,mortgaged,Bank Mortgage,2026-08-18T11:48:58.791905
97c17d9a-57a7-4e45-8aa9-be7409fc11d3,AMD-056/Q-97C1,Ahmedabad,Daskroi,Thaltej,5.47,Industrial,Factory,34994167-b83b-429a-93b6-8bd2ac19c9d8,23.013674,72.487027,51936000.0,clear,None,2026-08-18T11:48:58.791960
9eddfab2-9318-41c6-90a6-aa9e1e671492,AMD-057/Q-9EDD,Ahmedabad,Dholka,Ghatlodia,3.15,Industrial,Manufacturing,d0609965-6800-4b21-bc00-0cd9fc850bf3,23.006364,72.504178,79330000.0,clear,None,2026-08-18T11:48:58.792014
8ea39690-2118-43d2-a2bd-9c48fc12bf35,AMD-058/P-8EA3,Ahmedabad,Dholka,Satellite,4.48,Industrial,Workshop,5785d85b-36b1-434c-a776-8dbb362622b2,23.051063,72.692789,121648000.0,clear,None,2026-08-18T11:48:58.792064
a5056db6-7873-46ba-8430-195e75af04b5,AMD-059/P-A505,Ahmedabad,Sanand,Ghatlodia,5.76,Industrial,Workshop,65cf51ec-6a84-4797-b53f-9c4736c52f69,22.863238,72.607231,129492000.0,disputed,Court Order,2026-08-18T11:48:58.792106
47d71cc3-ab7c-4a29-9370-aa28d74659c6,AMD-060/C-47D7,Ahmedabad,Sanand,Bodakdev,4.36,Industrial,Factory,5785d85b-36b1-434c-a776-8dbb362622b2,23.137585,72.715783,84256000.0,mortgaged,Bank Mortgage,2026-08-18T11:48:58.792156
eb37270f-639f-44c6-af1b-8c75392a53bc,JPR-001/A-EB37,Jaipur,Amer,Malviya Nagar,0.58,Residential,Housing,9861f3e6-41e2-4823-8edd-53508d2dc7e7,26.796767,75.782861,7308000.0,clear,None,2026-08-18T11:48:58.792215
188c8121-1ed6-49ca-9a8f-4dae12cedf47,JPR-002/2-188C,Jaipur,Jaipur,Mansarovar,0.7,Residential,Apartment,f90ab632-5c21-4adb-9e75-7a8af6a9068b,26.875767,75.780561,20925000.0,clear,None,2026-08-18T11:48:58.792260
6d1313ed-ec8d-4e65-a888-8489d2bffbc6,JPR-003/Q-6D13,Jaipur,Jaipur,Mansarovar,0.16,Residential,Row House,34994167-b83b-429a-93b6-8bd2ac19c9d8,26.758901,75.65435,1400000.0,clear,None,2026-08-18T11:48:58.792311
16a56a2f-89b9-4207-9898-8853ea99268a,JPR-004/B-16A5,Jaipur,Amer,Mansarovar,0.76,Residential,Row House,65cf51ec-6a84-4797-b53f-9c4736c52f69,27.080825,75.936676,18547000.0,disputed,Court Order,2026-08-18T11:48:58.792370
75df870d-d534-46ec-af5b-9fd967cb5075,JPR-005/P-75DF,Jaipur,Amer,Mansarovar,0.36,Residential,Apartment,34994167-b83b-429a-93b6-8bd2ac19c9d8,26.982428,75.956142,9940000.0,mortgaged,Bank Mortgage,2026-08-18T11:48:58.792431
1be85df1-bbbf-4b33-8dec-f04657f74c23,JPR-006/2-1BE8,Jaipur,Amer,Sanganer,0.18,Residential,Apartment,f90ab632-5c21-4adb-9e75-7a8af6a9068b,26.926333,75.694549,4755000.0,clear,None,2026-08-18T11:48:58.792484
5251ab2d-abfd-4a03-8871-eeb640012530,JPR-007/A-5251,Jaipur,Chaksu,Ajmer Road,0.66,Residential,Villa,b0a52fe3-03aa-46ae-8ba9-b06b9dde8149,26.82875,75.812826,13992000.0,clear,None,2026-08-18T11:48:58.792541
cf33c813-572d-4be5-a16c-e9484dbe6d8a,JPR-008/2-CF33,Jaipur,Amer,Malviya Nagar,0.59,Residential,Apartment,c1db0589-ab02-4dc4-8803-bb225d257db6,26.897509,75.627087,5496000.0,clear,None,2026-08-18T11:48:58.792586
b3f95265-d091-4fb5-850a-bd93c3c05acb,JPR-009/3-B3F9,Jaipur,Amer,Malviya Nagar,0.6,Residential,Apartment,9861f3e6-41e2-4823-8edd-53508d2dc7e7,26.844022,75.953259,18355000.0,disputed,Court Order,2026-08-18T11:48:58.792642
43c9139a-b7eb-4b3f-8aac-ec6bf808f1b3,JPR-010/P-43C9,Jaipur,Jaipur,Malviya Nagar,0.09,Residential,Row House,d0609965-6800-4b21-bc00-0cd9fc850bf3,26.748287,75.937226,2299000.0,mortgaged,Bank Mortgage,2026-08-18T11:48:58.792698
ea78537d-6b68-4b75-8e1b-79adb126ddbf,JPR-011/2-EA78,Jaipur,Sanganer,Sanganer,0.4,Residential,Apartment,65cf51ec-6a84-4797-b53f-9c4736c52f69,26.859014,75.709078,6589000.0,clear,None,2026-08-18T11:48:58.792760
04645512-5401-48fe-8480-d94ef96e9901,JPR-012/C-0464,Jaipur,Jaipur,Malviya Nagar,0.32,Residential,Apartment,65cf51ec-6a84-4797-b53f-9c4736c52f69,27.032962,75.731896,3962000.0,clear,None,2026-08-18T11:48:58.792817
6f97565f-a5f4-4ab2-858f-a9ee82fca01b,JPR-013/A-6F97,Jaipur,Jaipur,Amer Road,0.49,Residential,Row House,d0609965-6800-4b21-bc00-0cd9fc850bf3,26.930602,75.682461,13727000.0,clear,None,2026-08-18T11:48:58.792861
34901bd3-3f17-408a-a26a-3db572fe33d8,JPR-014/C-3490,Jaipur,Jaipur,C Scheme,0.23,Residential,Apartment,5785d85b-36b1-434c-a776-8dbb362622b2,27.075812,75.621323,3203000.0,disputed,Court Order,2026-08-18T11:48:58.792917
ac035406-0974-4589-8aca-dbbb174282b4,JPR-015/2-AC03,Jaipur,Amer,Jagatpura,0.07,Residential,Apartment,34994167-b83b-429a-93b6-8bd2ac19c9d8,26.790025,75.959049,1637000.0,mortgaged,Bank Mortgage,2026-08-18T11:48:58.792967
62fbf4a8-1317-4ec7-828b-cbed2a193f33,JPR-016/P-62FB,Jaipur,Sanganer,Bani Park,1.87,Commercial,Mall,b0a52fe3-03aa-46ae-8ba9-b06b9dde8149,26.879715,75.806096,76121000.0,clear,None,2026-08-18T11:48:58.793019
14195c22-25e6-4a0f-92d8-4cb15554b898,JPR-017/A-1419,Jaipur,Chaksu,Ajmer Road,0.88,Commercial,Office,c1db0589-ab02-4dc4-8803-bb225d257db6,27.02671,75.772458,12148000.0,clear,None,2026-08-18T11:48:58.793061
f1419c2e-aae8-42a6-b7ba-9e68959d49c5,JPR-018/2-F141,Jaipur,Sanganer,Vaishali Nagar,2.42,Commercial,Showroom,34994167-b83b-429a-93b6-8bd2ac19c9d8,26.757891,75.907344,10825000.0,clear,None,2026-08-18T11:48:58.793103
ad1662ad-349c-459e-959a-e6f79ac93849,JPR-019/2-AD16,Jaipur,Jaipur,Amer Road,0.23,Commercial,Showroom,c1db0589-ab02-4dc4-8803-bb225d257db6,26.966267,75.753204,2200000.0,disputed,Court Order,2026-08-18T11:48:58.793155
e78b7b65-eca9-4bfd-ab6b-089afa470c57,JPR-020/P-E78B,Jaipur,Amer,Tonk Road,0.73,Commercial,Retail Shop,65cf51ec-6a84-4797-b53f-9c4736c52f69,27.08723,75.780116,26328000.0,mortgaged,Bank Mortgage,2026-08-18T11:48:58.793205
bc95486e-a0eb-4d95-932d-595007d4cd8b,JPR-021/B-BC95,Jaipur,Chaksu,Sanganer,2.36,Commercial,Showroom,9861f3e6-41e2-4823-8edd-53508d2dc7e7,26.887352,75.738805,71561000.0,clear,None,2026-08-18T11:48:58.793274
27418626-b34b-4213-88a3-87158e3ba2ad,JPR-022/P-2741,Jaipur,Sanganer,Bani Park,0.94,Commercial,Mall,c1db0589-ab02-4dc4-8803-bb225d257db6,26.949961,75.914108,5900000.0,clear,None,2026-08-18T11:48:58.793328
f323780d-2f1e-49c3-834f-f02d5dcd13b5,JPR-023/B-F323,Jaipur,Chaksu,Sanganer,1.64,Commercial,Retail Shop,f90ab632-5c21-4adb-9e75-7a8af6a9068b,26.880969,75.931676,34375000.0,clear,None,2026-08-18T11:48:58.793388
4cd40343-437b-44f2-898a-bc952e380a37,JPR-024/C-4CD4,Jaipur,Sanganer,Tonk Road,0.54,Commercial,Warehouse,9861f3e6-41e2-4823-8edd-53508d2dc7e7,27.051674,75.897115,22702000.0,disputed,Court Order,2026-08-18T11:48:58.793445
7d96b2b1-2027-45aa-8070-57203283ff0b,JPR-025/P-7D96,Jaipur,Jaipur,Jagatpura,1.83,Commercial,Warehouse,f90ab632-5c21-4adb-9e75-7a8af6a9068b,26.741228,75.809594,48485000.0,mortgaged,Bank Mortgage,2026-08-18T11:48:58.793486
a64780eb-0741-49af-bf19-3b3ba056f57c,JPR-026/Q-A647,Jaipur,Sanganer,Bani Park,2.11,Commercial,Warehouse,f90ab632-5c21-4adb-9e75-7a8af6a9068b,27.084029,75.914277,39504000.0,clear,None,2026-08-18T11:48:58.793547
6a4147e2-b611-4fb1-8655-7493a3e01b0f,JPR-027/3-6A41,Jaipur,Sanganer,Ajmer Road,1.91,Commercial,Office,b0a52fe3-03aa-46ae-8ba9-b06b9dde8149,26.915339,75.659915,94770000.0,clear,None,2026-08-18T11:48:58.793591
38981549-19fb-4a4e-90a3-d0f68b8ed4f5,JPR-028/A-3898,Jaipur,Amer,Malviya Nagar,0.27,Commercial,Office,b0a52fe3-03aa-46ae-8ba9-b06b9dde8149,26.773736,75.716587,7911000.0,clear,None,2026-08-18T11:48:58.793653
5ae0bb52-91cd-442e-8188-e9ea9b44d216,JPR-029/2-5AE0,Jaipur,Jaipur,Vaishali Nagar,0.43,Commercial,Showroom,b0a52fe3-03aa-46ae-8ba9-b06b9dde8149,26.873147,75.816203,2200000.0,disputed,Court Order,2026-08-18T11:48:58.793715
a6df45e8-c9bb-4e37-89ba-ea797aaba1b4,JPR-030/C-A6DF,Jaipur,Jaipur,Mansarovar,1.36,Commercial,Mall,b0a52fe3-03aa-46ae-8ba9-b06b9dde8149,26.929769,75.961578,46989000.0,mortgaged,Bank Mortgage,2026-08-18T11:48:58.793764
a38ac576-bbb7-4eec-886b-149bae6dc02e,JPR-031/1-A38A,Jaipur,Amer,Malviya Nagar,12.33,Agricultural,Plantation,5785d85b-36b1-434c-a776-8dbb362622b2,26.924513,75.894411,7846000.0,clear,None,2026-08-18T11:48:58.793809
76724c39-b872-46bc-9776-0c1b358ed190,JPR-032/3-7672,Jaipur,Chaksu,Sanganer,7.47,Agricultural,Horticulture,9861f3e6-41e2-4823-8edd-53508d2dc7e7,26.822441,75.88344,43038000.0,clear,None,2026-08-18T11:48:58.793854
a2d3fb97-9da1-41dc-9d52-c77d5c288fe2,JPR-033/Q-A2D3,Jaipur,Sanganer,Bani Park,2.92,Agricultural,Orchard,c1db0589-ab02-4dc4-8803-bb225d257db6,27.058691,75.72551,10427000.0,clear,None,2026-08-18T11:48:58.793916
3d7a9408-e0d0-4140-986d-e65cde8ad307,JPR-034/2-3D7A,Jaipur,Chaksu,Tonk Road,13.24,Agricultural,Plantation,5785d85b-36b1-434c-a776-8dbb362622b2,26.843894,75.647015,104413000.0,disputed,Court Order,2026-08-18T11:48:58.793963
31197c03-db35-4ac2-a887-49e4c6f81370,JPR-035/2-3119,Jaipur,Amer,C Scheme,8.1,Agricultural,Farming,9861f3e6-41e2-4823-8edd-53508d2dc7e7,27.076288,75.683086,65909000.0,mortgaged,Bank Mortgage,2026-08-18T11:48:58.794029
b1443723-50bf-4ccd-a890-2bb1714e3777,JPR-036/B-B144,Jaipur,Chaksu,Jagatpura,5.95,Agricultural,Grazing,f90ab632-5c21-4adb-9e75-7a8af6a9068b,26.744417,75.694789,19576000.0,clear,None,2026-08-18T11:48:58.794089
3a5088f0-16ac-4466-98dc-955016107dc9,JPR-037/A-3A50,Jaipur,Chaksu,Tonk Road,5.32,Agricultural,Plantation,b0a52fe3-03aa-46ae-8ba9-b06b9dde8149,26.933085,75.734272,30182000.0,clear,None,2026-08-18T11:48:58.794143
b8e92ba6-49c0-4c96-8a5a-d66cca519aa7,JPR-038/C-B8E9,Jaipur,Jaipur,Mansarovar,7.5,Agricultural,Grazing,5785d85b-36b1-434c-a776-8dbb362622b2,27.074003,75.850852,27148000.0,clear,None,2026-08-18T11:48:58.794197
695f455d-673b-4e06-b057-a38d28eebe42,JPR-039/C-695F,Jaipur,Jaipur,Sanganer,5.36,Agricultural,Plantation,5785d85b-36b1-434c-a776-8dbb362622b2,26.933878,75.784058,25136000.0,disputed,Court Order,2026-08-18T11:48:58.794254
ff319b4b-92aa-4f75-8d25-393e6f5f373b,JPR-040/Q-FF31,Jaipur,Amer,Mansarovar,3.89,Agricultural,Plantation,b0a52fe3-03aa-46ae-8ba9-b06b9dde8149,26.898371,75.770397,16009000.0,mortgaged,Bank Mortgage,2026-08-18T11:48:58.794298
632d1c73-aba9-498c-9c11-078e0f414d90,JPR-041/P-632D,Jaipur,Amer,Malviya Nagar,11.34,Agricultural,Orchard,9861f3e6-41e2-4823-8edd-53508d2dc7e7,26.875613,75.792812,74972000.0,clear,None,2026-08-18T11:48:58.794354
5c87379e-948e-4831-bb87-54e3f32ef8ed,JPR-042/P-5C87,Jaipur,Amer,Amer Road,9.56,Agricultural,Orchard,d0609965-6800-4b21-bc00-0cd9fc850bf3,26.895484,75.6619,71694000.0,clear,None,2026-08-18T11:48:58.794415
5a961304-aaf4-4ce0-8af0-276994b53cdb,JPR-043/3-5A96,Jaipur,Chaksu,Bani Park,10.25,Agricultural,Plantation,f90ab632-5c21-4adb-9e75-7a8af6a9068b,26.975198,75.842723,72834000.0,clear,None,2026-08-18T11:48:58.794466
186b7bc0-f8e6-4633-a005-6da8d787fbf2,JPR-044/Q-186B,Jaipur,Jaipur,Jagatpura,8.53,Agricultural,Plantation,b0a52fe3-03aa-46ae-8ba9-b06b9dde8149,26.953936,75.748055,37910000.0,disputed,Court Order,2026-08-18T11:48:58.794528
c0e956f8-7111-483f-82c5-9e6a580037a3,JPR-045/1-C0E9,Jaipur,Jaipur,Mansarovar,6.32,Agricultural,Horticulture,c1db0589-ab02-4dc4-8803-bb225d257db6,26.940075,75.649702,35606000.0,mortgaged,Bank Mortgage,2026-08-18T11:48:58.794577
64026ea0-1a40-4d32-af3f-291bc55421b3,JPR-046/B-6402,Jaipur,Sanganer,Sanganer,3.35,Industrial,Manufacturing,34994167-b83b-429a-93b6-8bd2ac19c9d8,26.749471,75.705013,70064000.0,clear,None,2026-08-18T11:48:58.794644
8e08fbc2-5c21-4f57-ae34-53b1be6e12db,JPR-047/2-8E08,Jaipur,Chaksu,Jagatpura,2.7,Industrial,IT Park,9861f3e6-41e2-4823-8edd-53508d2dc7e7,26.991156,75.848169,31148000.0,clear,None,2026-08-18T11:48:58.794707
3ebb6deb-6b98-4dea-bec9-b3d1c79fb396,JPR-048/P-3EBB,Jaipur,Jaipur,C Scheme,1.91,Industrial,Factory,34994167-b83b-429a-93b6-8bd2ac19c9d8,26.759939,75.802998,4154000.0,clear,None,2026-08-18T11:48:58.794763
4977c7d9-161d-4168-a76c-6db6933377aa,JPR-049/3-4977,Jaipur,Jaipur,Mansarovar,1.55,Industrial,Workshop,5785d85b-36b1-434c-a776-8dbb362622b2,26.811679,75.850124,32930000.0,disputed,Court Order,2026-08-18T11:48:58.794820
a9b3b1e3-1a82-446b-a259-7f0c78c1d651,JPR-050/1-A9B3,Jaipur,Chaksu,Jagatpura,7.7,Industrial,Factory,65cf51ec-6a84-4797-b53f-9c4736c52f69,26.735011,75.672819,112655000.0,mortgaged,Bank Mortgage,2026-08-18T11:48:58.794865
0916e57e-1201-4718-96b5-55b6c8a9fa0e,JPR-051/C-0916,Jaipur,Amer,Tonk Road,3.03,Industrial,Logistics,65cf51ec-6a84-4797-b53f-9c4736c52f69,26.880196,75.824607,62587000.0,clear,None,2026-08-18T11:48:58.794915
1e178e0d-8b0b-4503-a7cc-2c820a70be63,JPR-052/2-1E17,Jaipur,Chaksu,Mansarovar,1.22,Industrial,Logistics,65cf51ec-6a84-4797-b53f-9c4736c52f69,26.880929,75.836325,19527000.0,clear,None,2026-08-18T11:48:58.794971
77b8287c-4f85-4f9f-91a6-988eab7757ac,JPR-053/1-77B8,Jaipur,Chaksu,Tonk Road,1.15,Industrial,Manufacturing,5785d85b-36b1-434c-a776-8dbb362622b2,26.96132,75.769247,6650000.0,clear,None,2026-08-18T11:48:58.795016
1560fb66-107d-412f-8344-ee9f7ff081a7,JPR-054/3-1560,Jaipur,Amer,Mansarovar,6.17,Industrial,Workshop,c1db0589-ab02-4dc4-8803-bb225d257db6,26.971009,75.73941,130277000.0,disputed,Court Order,2026-08-18T11:48:58.795061
9a0c7622-f3d8-483d-a95f-f34aed3ce81c,JPR-055/B-9A0C,Jaipur,Amer,Mansarovar,1.07,Industrial,Logistics,d0609965-6800-4b21-bc00-0cd9fc850bf3,26.985203,75.81709,27429000.0,mortgaged,Bank Mortgage,2026-08-18T11:48:58.795111
15e70c1b-2f83-4cc6-bf4f-5e57e3e9f70b,JPR-056/B-15E7,Jaipur,Amer,C Scheme,2.83,Industrial,Workshop,65cf51ec-6a84-4797-b53f-9c4736c52f69,26.913242,75.73938,9819000.0,clear,None,2026-08-18T11:48:58.795157
2d2b1d3b-1f0e-4212-a543-4bceec1fc93f,JPR-057/C-2D2B,Jaipur,Sanganer,Vaishali Nagar,3.25,Industrial,Workshop,9861f3e6-41e2-4823-8edd-53508d2dc7e7,27.079521,75.869042,59884000.0,clear,None,2026-08-18T11:48:58.795215
c5486c91-2db9-4bff-9fb1-3c548d706164,JPR-058/P-C548,Jaipur,Jaipur,Tonk Road,4.18,Industrial,Manufacturing,5785d85b-36b1-434c-a776-8dbb362622b2,27.002807,75.662559,78145000.0,clear,None,2026-08-18T11:48:58.795269
c82d3d37-9bcd-4993-ac5c-39c11d556876,JPR-059/1-C82D,Jaipur,Chaksu,C Scheme,1.2,Industrial,Factory,c1db0589-ab02-4dc4-8803-bb225d257db6,26.771314,75.852527,17155000.0,disputed,Court Order,2026-08-18T11:48:58.795313
626035be-6c38-49ce-8640-255b39683358,JPR-060/3-6260,Jaipur,Sanganer,Amer Road,4.85,Industrial,Logistics,9861f3e6-41e2-4823-8edd-53508d2dc7e7,26.853959,75.706065,45461000.0,mortgaged,Bank Mortgage,2026-08-18T11:48:58.795356
805a9ebe-60e0-46bf-8ae0-ca3c7e57f269,LKO-001/P-805A,Lucknow,Mohanlalganj,Janki Puram,0.35,Residential,Housing,65cf51ec-6a84-4797-b53f-9c4736c52f69,26.84385,80.814468,1568000.0,clear,None,2026-08-18T11:48:58.795400
e986d7c3-2498-47a8-a7a5-2aedbe77bd1a,LKO-002/B-E986,Lucknow,Bakshi Ka Talab,Hazratganj,0.61,Residential,Duplex,b0a52fe3-03aa-46ae-8ba9-b06b9dde8149,26.693783,80.892711,7243000.0,clear,None,2026-08-18T11:48:58.795441
6af70fab-2cf7-4eca-8d54-b9bb55ec7db2,LKO-003/2-6AF7,Lucknow,Lucknow,Aliganj,0.61,Residential,Duplex,f90ab632-5c21-4adb-9e75-7a8af6a9068b,26.943635,80.911185,10411000.0,clear,None,2026-08-18T11:48:58.795495
11d1657b-b94a-43c8-8ad9-8d5d4e814269,LKO-004/P-11D1,Lucknow,Mohanlalganj,Chinhat,0.16,Residential,Villa,f90ab632-5c21-4adb-9e75-7a8af6a9068b,26.713754,81.023601,3456000.0,disputed,Court Order,2026-08-18T11:48:58.795554
89a0e3e0-72e6-4e94-a7f2-794d47399c27,LKO-005/3-89A0,Lucknow,Sarojini Nagar,Janki Puram,0.61,Residential,Housing,b0a52fe3-03aa-46ae-8ba9-b06b9dde8149,26.76331,81.060259,16123000.0,mortgaged,Bank Mortgage,2026-08-18T11:48:58.795603
ef541f49-c17a-4a27-8473-c596f906fcd2,LKO-006/A-EF54,Lucknow,Lucknow,Janki Puram,0.79,Residential,Housing,b0a52fe3-03aa-46ae-8ba9-b06b9dde8149,26.724863,80.882423,10705000.0,clear,None,2026-08-18T11:48:58.795662
45d504e3-f5e6-465d-8c46-0e8adf01b36c,LKO-007/C-45D5,Lucknow,Sarojini Nagar,Aliganj,0.48,Residential,Duplex,d0609965-6800-4b21-bc00-0cd9fc850bf3,26.874078,80.982842,9965000.0,clear,None,2026-08-18T11:48:58.795714
865c7563-bb6d-497f-9e07-a0331d0af345,LKO-008/C-865C,Lucknow,Sarojini Nagar,Ashiyana,0.46,Residential,Villa,d0609965-6800-4b21-bc00-0cd9fc850bf3,26.963574,81.085038,3409000.0,clear,None,2026-08-18T11:48:58.795776
c0d5fa2d-f5ef-445b-8207-2e8942972d73,LKO-009/3-C0D5,Lucknow,Mohanlalganj,Aliganj,0.22,Residential,Duplex,5785d85b-36b1-434c-a776-8dbb362622b2,26.689935,81.077567,5125000.0,disputed,Court Order,2026-08-18T11:48:58.795827
854fddfe-361c-40c9-83b6-8be3b0ed9bce,LKO-010/1-854F,Lucknow,Bakshi Ka Talab,Janki Puram,0.43,Residential,Apartment,9861f3e6-41e2-4823-8edd-53508d2dc7e7,26.743248,80.894046,7918000.0,mortgaged,Bank Mortgage,2026-08-18T11:48:58.795880
e8d04e86-9d87-4d2f-bd53-9303ca43d001,LKO-011/Q-E8D0,Lucknow,Lucknow,Shaheed Path,0.4,Residential,Villa,f90ab632-5c21-4adb-9e75-7a8af6a9068b,26.827464,80.975781,9777000.0,clear,None,2026-08-18T11:48:58.795927
9605a2aa-3dad-4a77-85e2-cf32693e8715,LKO-012/1-9605,Lucknow,Lucknow,Indira Nagar,0.08,Residential,Villa,d0609965-6800-4b21-bc00-0cd9fc850bf3,26.739494,80.976236,1568000.0,clear,None,2026-08-18T11:48:58.795982
b28dd7d4-5b05-41f5-8ff8-f5cdbf074e18,LKO-013/1-B28D,Lucknow,Mohanlalganj,Chinhat,0.31,Residential,Row House,f90ab632-5c21-4adb-9e75-7a8af6a9068b,26.877572,80.788511,5510000.0,clear,None,2026-08-18T11:48:58.796038
d9ed80e8-4760-4695-947d-3c9735fbea99,LKO-014/P-D9ED,Lucknow,Lucknow,Gomti Nagar,0.15,Residential,Row House,d0609965-6800-4b21-bc00-0cd9fc850bf3,26.879727,80.882956,2515000.0,disputed,Court Order,2026-08-18T11:48:58.796093
8b525d7e-1869-401a-9a43-fc39595cc769,LKO-015/A-8B52,Lucknow,Bakshi Ka Talab,Mahanagar,0.76,Residential,Row House,9861f3e6-41e2-4823-8edd-53508d2dc7e7,26.696298,80.892362,11032000.0,mortgaged,Bank Mortgage,2026-08-18T11:48:58.796150
94bb62b7-7491-4723-948a-0b8743469885,LKO-016/A-94BB,Lucknow,Sarojini Nagar,Indira Nagar,0.21,Commercial,Office,d0609965-6800-4b21-bc00-0cd9fc850bf3,26.861389,80.853265,8667000.0,clear,None,2026-08-18T11:48:58.796212
017343f8-00b0-473e-a52d-185006aa8975,LKO-017/A-0173,Lucknow,Bakshi Ka Talab,Gomti Nagar,0.98,Commercial,Warehouse,9861f3e6-41e2-4823-8edd-53508d2dc7e7,26.960167,80.847967,25793000.0,clear,None,2026-08-18T11:48:58.796278
07d35b0b-077c-4613-80db-44a5c79481a1,LKO-018/Q-07D3,Lucknow,Sarojini Nagar,Hazratganj,1.43,Commercial,Office,65cf51ec-6a84-4797-b53f-9c4736c52f69,26.892143,80.981502,14912000.0,clear,None,2026-08-18T11:48:58.796321
da1c378e-827e-4791-b99a-e7a85a54a880,LKO-019/P-DA1C,Lucknow,Mohanlalganj,Chinhat,1.19,Commercial,Office,d0609965-6800-4b21-bc00-0cd9fc850bf3,26.843624,80.816057,10501000.0,disputed,Court Order,2026-08-18T11:48:58.796379
cd1401a8-92b4-4fd4-b261-6ad1aabefd90,LKO-020/P-CD14,Lucknow,Sarojini Nagar,Hazratganj,0.31,Commercial,Warehouse,9861f3e6-41e2-4823-8edd-53508d2dc7e7,26.778926,80.796069,3441000.0,mortgaged,Bank Mortgage,2026-08-18T11:48:58.796424
ea2f9689-b314-460a-8bea-f370bfb7d162,LKO-021/3-EA2F,Lucknow,Lucknow,Shaheed Path,2.1,Commercial,Showroom,d0609965-6800-4b21-bc00-0cd9fc850bf3,26.908239,80.932355,39245000.0,clear,None,2026-08-18T11:48:58.796467
33e2424a-4d18-4789-84d2-f4c4b7198f39,LKO-022/P-33E2,Lucknow,Sarojini Nagar,Aliganj,0.4,Commercial,Showroom,d0609965-6800-4b21-bc00-0cd9fc850bf3,26.929438,80.910023,14811000.0,clear,None,2026-08-18T11:48:58.796525
28574a3e-12e8-444b-8cc3-33e6ad5ee15b,LKO-023/2-2857,Lucknow,Sarojini Nagar,Chinhat,1.24,Commercial,Office,34994167-b83b-429a-93b6-8bd2ac19c9d8,26.72126,81.092053,8096000.0,clear,None,2026-08-18T11:48:58.796578
bc75a0cb-19ab-4070-8e6e-65c1a7b73bdd,LKO-024/B-BC75,Lucknow,Lucknow,Vikas Nagar,2.33,Commercial,Warehouse,65cf51ec-6a84-4797-b53f-9c4736c52f69,26.842053,80.857383,78887000.0,disputed,Court Order,2026-08-18T11:48:58.796620
10863e60-6f4f-48e3-9c00-8654838ee3eb,LKO-025/C-1086,Lucknow,Mohanlalganj,Mahanagar,1.92,Commercial,Mall,9861f3e6-41e2-4823-8edd-53508d2dc7e7,26.727744,80.889218,34768000.0,mortgaged,Bank Mortgage,2026-08-18T11:48:58.796693
7eb7ac9b-a53f-4f0e-8125-1e77d183b118,LKO-026/P-7EB7,Lucknow,Mohanlalganj,Shaheed Path,0.64,Commercial,Warehouse,34994167-b83b-429a-93b6-8bd2ac19c9d8,26.805554,81.026221,6363000.0,clear,None,2026-08-18T11:48:58.796746
25552c1d-245d-4df5-9f1f-2e65b33dd633,LKO-027/1-2555,Lucknow,Bakshi Ka Talab,Indira Nagar,2.01,Commercial,Mall,5785d85b-36b1-434c-a776-8dbb362622b2,26.985208,80.838881,45453000.0,clear,None,2026-08-18T11:48:58.796791
12033ce3-1e3d-47f5-b00c-2e0914d595e9,LKO-028/1-1203,Lucknow,Bakshi Ka Talab,Shaheed Path,2.28,Commercial,Showroom,65cf51ec-6a84-4797-b53f-9c4736c52f69,26.873379,80.800612,99179000.0,clear,None,2026-08-18T11:48:58.796833
2e3d034b-2d1a-4ad8-a852-8088ba9b1da1,LKO-029/Q-2E3D,Lucknow,Bakshi Ka Talab,Ashiyana,2.17,Commercial,Retail Shop,34994167-b83b-429a-93b6-8bd2ac19c9d8,26.86258,80.83569,89342000.0,disputed,Court Order,2026-08-18T11:48:58.796893
71ed6db9-52f3-4da3-b9bb-d9d5d50ec8d2,LKO-030/3-71ED,Lucknow,Bakshi Ka Talab,Hazratganj,0.62,Commercial,Mall,9861f3e6-41e2-4823-8edd-53508d2dc7e7,26.696009,80.910616,8787000.0,mortgaged,Bank Mortgage,2026-08-18T11:48:58.796950
2fef0e65-c760-4116-aa88-0555789c9e19,LKO-031/2-2FEF,Lucknow,Sarojini Nagar,Hazratganj,14.98,Agricultural,Plantation,c1db0589-ab02-4dc4-8803-bb225d257db6,26.710052,80.896935,88828000.0,clear,None,2026-08-18T11:48:58.796999
193dbb60-8435-4d85-b3d7-d7be51eaf9b8,LKO-032/B-193D,Lucknow,Sarojini Nagar,Mahanagar,8.66,Agricultural,Horticulture,d0609965-6800-4b21-bc00-0cd9fc850bf3,26.981784,80.908255,41833000.0,clear,None,2026-08-18T11:48:58.797056
9ee7c9c0-053d-4dae-a0e9-260750facfc3,LKO-033/3-9EE7,Lucknow,Lucknow,Vikas Nagar,10.63,Agricultural,Orchard,d0609965-6800-4b21-bc00-0cd9fc850bf3,26.752493,81.04488,59827000.0,clear,None,2026-08-18T11:48:58.797109
c3af3177-b4ec-4873-b656-56ea8aaf4c74,LKO-034/P-C3AF,Lucknow,Sarojini Nagar,Janki Puram,9.53,Agricultural,Plantation,5785d85b-36b1-434c-a776-8dbb362622b2,26.945412,81.041719,53973000.0,disputed,Court Order,2026-08-18T11:48:58.797152
d8745d2f-7b65-4d10-8086-cd6ee74d671b,LKO-035/3-D874,Lucknow,Bakshi Ka Talab,Ashiyana,11.24,Agricultural,Horticulture,c1db0589-ab02-4dc4-8803-bb225d257db6,26.725377,80.916466,36427000.0,mortgaged,Bank Mortgage,2026-08-18T11:48:58.797213
158a2eb4-60a4-4373-b356-bf2517d15289,LKO-036/3-158A,Lucknow,Bakshi Ka Talab,Chinhat,11.07,Agricultural,Farming,c1db0589-ab02-4dc4-8803-bb225d257db6,26.92923,80.876977,68757000.0,clear,None,2026-08-18T11:48:58.797273
b49e1680-94db-48ec-812c-5e62453995df,LKO-037/A-B49E,Lucknow,Bakshi Ka Talab,Mahanagar,1.93,Agricultural,Orchard,5785d85b-36b1-434c-a776-8dbb362622b2,26.930068,80.795478,6567000.0,clear,None,2026-08-18T11:48:58.797315
636acce0-2c31-40fa-9ce8-aebfc9110c1d,LKO-038/P-636A,Lucknow,Lucknow,Mahanagar,12.55,Agricultural,Farming,65cf51ec-6a84-4797-b53f-9c4736c52f69,26.772245,80.944907,90767000.0,clear,None,2026-08-18T11:48:58.797371
6e3d162e-6752-48b6-aab9-55c115c155b4,LKO-039/1-6E3D,Lucknow,Lucknow,Aliganj,9.96,Agricultural,Orchard,f90ab632-5c21-4adb-9e75-7a8af6a9068b,26.805658,80.787825,54909000.0,disputed,Court Order,2026-08-18T11:48:58.797431
3363dee3-f077-4490-926f-a5ec9e4345f2,LKO-040/A-3363,Lucknow,Bakshi Ka Talab,Hazratganj,6.32,Agricultural,Grazing,c1db0589-ab02-4dc4-8803-bb225d257db6,26.716594,81.098646,18182000.0,mortgaged,Bank Mortgage,2026-08-18T11:48:58.797478
e828bbf5-5500-40da-a993-ea624d484235,LKO-041/C-E828,Lucknow,Bakshi Ka Talab,Janki Puram,11.82,Agricultural,Horticulture,34994167-b83b-429a-93b6-8bd2ac19c9d8,26.965209,80.925909,29828000.0,clear,None,2026-08-18T11:48:58.797530
5dc35d42-e043-4709-909d-5f635c0d3a69,LKO-042/P-5DC3,Lucknow,Mohanlalganj,Chinhat,12.08,Agricultural,Plantation,f90ab632-5c21-4adb-9e75-7a8af6a9068b,26.879127,81.042175,84778000.0,clear,None,2026-08-18T11:48:58.797590
96c9960f-cf04-429e-8887-5fa409a9a647,LKO-043/2-96C9,Lucknow,Sarojini Nagar,Chinhat,13.6,Agricultural,Orchard,d0609965-6800-4b21-bc00-0cd9fc850bf3,26.981747,81.056745,18663000.0,clear,None,2026-08-18T11:48:58.797641
a7a182f4-485b-417b-8ae9-9815c6cbcf63,LKO-044/B-A7A1,Lucknow,Mohanlalganj,Indira Nagar,8.2,Agricultural,Farming,b0a52fe3-03aa-46ae-8ba9-b06b9dde8149,26.983944,81.04832,8479000.0,disputed,Court Order,2026-08-18T11:48:58.797686
ed663ccf-ef4b-49de-a82b-220613b013d1,LKO-045/Q-ED66,Lucknow,Bakshi Ka Talab,Chinhat,6.78,Agricultural,Horticulture,65cf51ec-6a84-4797-b53f-9c4736c52f69,26.809489,80.800992,47766000.0,mortgaged,Bank Mortgage,2026-08-18T11:48:58.797736
c5825f56-0aa3-4fe5-bbc7-ff203e91dabe,LKO-046/C-C582,Lucknow,Bakshi Ka Talab,Gomti Nagar,4.92,Industrial,IT Park,9861f3e6-41e2-4823-8edd-53508d2dc7e7,26.829915,80.840459,79097000.0,clear,None,2026-08-18T11:48:58.797780
a1734c2a-0e3d-4fcd-aa3c-35e085dd4188,LKO-047/Q-A173,Lucknow,Mohanlalganj,Janki Puram,5.27,Industrial,Logistics,9861f3e6-41e2-4823-8edd-53508d2dc7e7,26.740705,80.910415,61136000.0,clear,None,2026-08-18T11:48:58.797839
fce2bd93-17a7-4e7c-96f7-57b461595eb1,LKO-048/C-FCE2,Lucknow,Sarojini Nagar,Vikas Nagar,4.43,Industrial,IT Park,65cf51ec-6a84-4797-b53f-9c4736c52f69,26.746136,80.802985,53464000.0,clear,None,2026-08-18T11:48:58.797889
a4e31616-bd68-443c-a9cd-d54fba7ddbcc,LKO-049/2-A4E3,Lucknow,Sarojini Nagar,Indira Nagar,2.16,Industrial,Workshop,d0609965-6800-4b21-bc00-0cd9fc850bf3,26.698355,80.917748,16246000.0,disputed,Court Order,2026-08-18T11:48:58.797940
8dded085-d293-4a2f-bb27-6a40548f07af,LKO-050/P-8DDE,Lucknow,Bakshi Ka Talab,Ashiyana,6.98,Industrial,Workshop,b0a52fe3-03aa-46ae-8ba9-b06b9dde8149,26.901618,81.007589,21450000.0,mortgaged,Bank Mortgage,2026-08-18T11:48:58.797994
75666210-4666-42df-a19b-d35ad5586b8b,LKO-051/B-7566,Lucknow,Mohanlalganj,Hazratganj,3.22,Industrial,Workshop,c1db0589-ab02-4dc4-8803-bb225d257db6,27.000336,81.049122,9697000.0,clear,None,2026-08-18T11:48:58.798039
6b6df125-0e68-4d28-a40e-220bb8b87e84,LKO-052/C-6B6D,Lucknow,Bakshi Ka Talab,Gomti Nagar,5.4,Industrial,Manufacturing,f90ab632-5c21-4adb-9e75-7a8af6a9068b,26.838082,80.804582,63665000.0,clear,None,2026-08-18T11:48:58.798101
a434b34b-795c-4414-a9e5-a4c8e41fb445,LKO-053/B-A434,Lucknow,Mohanlalganj,Ashiyana,6.72,Industrial,Manufacturing,9861f3e6-41e2-4823-8edd-53508d2dc7e7,26.973543,80.972338,40901000.0,clear,None,2026-08-18T11:48:58.798147
bda588a1-d604-4b40-a729-877e225f7da3,LKO-054/1-BDA5,Lucknow,Sarojini Nagar,Janki Puram,5.48,Industrial,Factory,b0a52fe3-03aa-46ae-8ba9-b06b9dde8149,26.733651,81.037813,12511000.0,disputed,Court Order,2026-08-18T11:48:58.798203
9bbb3d8b-198e-4f03-b509-4fdaabca38af,LKO-055/1-9BBB,Lucknow,Sarojini Nagar,Hazratganj,2.48,Industrial,IT Park,b0a52fe3-03aa-46ae-8ba9-b06b9dde8149,26.971297,80.878207,31622000.0,mortgaged,Bank Mortgage,2026-08-18T11:48:58.798255
75297de1-3b9e-40c6-963b-8cdbc2755f2d,LKO-056/1-7529,Lucknow,Lucknow,Ashiyana,5.55,Industrial,IT Park,9861f3e6-41e2-4823-8edd-53508d2dc7e7,26.875362,81.056381,11811000.0,clear,None,2026-08-18T11:48:58.798316
22e9bdb3-bdb8-4a1e-9a40-a64cd29ea5e1,LKO-057/B-22E9,Lucknow,Mohanlalganj,Indira Nagar,2.68,Industrial,Manufacturing,5785d85b-36b1-434c-a776-8dbb362622b2,26.983486,81.053051,59089000.0,clear,None,2026-08-18T11:48:58.798375
24a54cd8-cd93-4a27-bfee-14db472d2dfe,LKO-058/Q-24A5,Lucknow,Bakshi Ka Talab,Hazratganj,2.01,Industrial,Logistics,d0609965-6800-4b21-bc00-0cd9fc850bf3,26.698251,80.811881,12742000.0,clear,None,2026-08-18T11:48:58.798426
a732f4ea-d354-442c-8ed7-e59939a088d4,LKO-059/B-A732,Lucknow,Bakshi Ka Talab,Hazratganj,2.1,Industrial,IT Park,f90ab632-5c21-4adb-9e75-7a8af6a9068b,26.875785,80.998825,13169000.0,disputed,Court Order,2026-08-18T11:48:58.798476
98547f8d-db20-4efa-9a89-78bec54085d8,LKO-060/1-9854,Lucknow,Mohanlalganj,Vikas Nagar,3.45,Industrial,Workshop,f90ab632-5c21-4adb-9e75-7a8af6a9068b,26.847629,81.008814,12160000.0,mortgaged,Bank Mortgage,2026-08-18T11:48:58.798520
99d6321c-7dc4-4859-9f85-3ccff3eef461,PAT-001/A-99D6,Patna,Patna Sadar,Kankarbagh,0.17,Residential,Villa,65cf51ec-6a84-4797-b53f-9c4736c52f69,25.590135,85.212202,2289000.0,clear,None,2026-08-18T11:48:58.798571
c5c6f872-f2b6-4fb9-b06e-35ed750418e6,PAT-002/C-C5C6,Patna,Danapur,Anisabad,0.68,Residential,Villa,34994167-b83b-429a-93b6-8bd2ac19c9d8,25.544397,85.0846,8212000.0,clear,None,2026-08-18T11:48:58.798624
55e3410f-6760-4ff6-a881-9c6163d025f0,PAT-003/B-55E3,Patna,Fatwah,Boring Road,0.8,Residential,Row House,9861f3e6-41e2-4823-8edd-53508d2dc7e7,25.551341,85.104955,8140000.0,clear,None,2026-08-18T11:48:58.798677
fa189fa2-c4e2-436b-bdd0-1860457bd949,PAT-004/Q-FA18,Patna,Patna Sadar,Digha,0.6,Residential,Villa,34994167-b83b-429a-93b6-8bd2ac19c9d8,25.608741,85.157346,11402000.0,disputed,Court Order,2026-08-18T11:48:58.798728
fe5f9561-65d7-469a-a3b8-1340aaf5adbb,PAT-005/C-FE5F,Patna,Danapur,Ashiana Nagar,0.15,Residential,Row House,9861f3e6-41e2-4823-8edd-53508d2dc7e7,25.642722,85.124719,2721000.0,mortgaged,Bank Mortgage,2026-08-18T11:48:58.798788
e6b23de0-3360-4b1f-b718-576e60cbdaac,PAT-006/C-E6B2,Patna,Danapur,Rajendra Nagar,0.18,Residential,Villa,5785d85b-36b1-434c-a776-8dbb362622b2,25.605169,85.119903,1232000.0,clear,None,2026-08-18T11:48:58.798841
d5a8a46b-d279-4d1f-87a5-9f8d66d0cd01,PAT-007/C-D5A8,Patna,Phulwari,Rajendra Nagar,0.38,Residential,Apartment,65cf51ec-6a84-4797-b53f-9c4736c52f69,25.530902,85.007019,7597000.0,clear,None,2026-08-18T11:48:58.798891
97e5b952-b9df-4d4e-8874-73f6e8034fdb,PAT-008/3-97E5,Patna,Fatwah,Boring Road,0.43,Residential,Housing,b0a52fe3-03aa-46ae-8ba9-b06b9dde8149,25.556587,85.204564,6594000.0,clear,None,2026-08-18T11:48:58.798955
5e50e009-5646-4a37-ad05-5485657a4e9b,PAT-009/P-5E50,Patna,Fatwah,Patliputra,0.6,Residential,Villa,b0a52fe3-03aa-46ae-8ba9-b06b9dde8149,25.447045,85.243651,11836000.0,disputed,Court Order,2026-08-18T11:48:58.799013
62ee40f1-7a58-4cec-b8fc-5ae2ce2ae42d,PAT-010/3-62EE,Patna,Patna Sadar,Bailey Road,0.73,Residential,Housing,65cf51ec-6a84-4797-b53f-9c4736c52f69,25.576471,85.082752,11718000.0,mortgaged,Bank Mortgage,2026-08-18T11:48:58.799059
304a4255-b3c7-4077-837a-9ee3874ddb1f,PAT-011/Q-304A,Patna,Danapur,Boring Road,0.25,Residential,Row House,5785d85b-36b1-434c-a776-8dbb362622b2,25.570897,85.114984,3825000.0,clear,None,2026-08-18T11:48:58.799112
52450952-5d89-4e3a-abd8-e3a5ecd0e24a,PAT-012/3-5245,Patna,Fatwah,Anisabad,0.55,Residential,Apartment,5785d85b-36b1-434c-a776-8dbb362622b2,25.590836,85.226073,2146000.0,clear,None,2026-08-18T11:48:58.799170
e4d94c19-45f4-4d99-a32c-899151b5eb41,PAT-013/P-E4D9,Patna,Patna Sadar,Danapur,0.52,Residential,Apartment,f90ab632-5c21-4adb-9e75-7a8af6a9068b,25.682708,85.091951,7134000.0,clear,None,2026-08-18T11:48:58.799227
bb4f352b-4e8f-4be1-8ee4-2226ede4d5d0,PAT-014/3-BB4F,Patna,Phulwari,Danapur,0.39,Residential,Housing,d0609965-6800-4b21-bc00-0cd9fc850bf3,25.725819,85.142445,6374000.0,disputed,Court Order,2026-08-18T11:48:58.799287
07dc5347-33e7-474f-a994-24e7f177f3e5,PAT-015/P-07DC,Patna,Phulwari,Danapur,0.77,Residential,Apartment,5785d85b-36b1-434c-a776-8dbb362622b2,25.481925,85.075303,16854000.0,mortgaged,Bank Mortgage,2026-08-18T11:48:58.799338
43cad229-075b-4b9e-b52d-80fddfe98acd,PAT-016/A-43CA,Patna,Patna Sadar,Patliputra,2.04,Commercial,Mall,5785d85b-36b1-434c-a776-8dbb362622b2,25.512374,85.282384,68553000.0,clear,None,2026-08-18T11:48:58.799382
c1e163ed-e139-43c9-91d4-a4fc10a36f93,PAT-017/3-C1E1,Patna,Fatwah,Patliputra,0.92,Commercial,Retail Shop,9861f3e6-41e2-4823-8edd-53508d2dc7e7,25.706702,85.189126,10123000.0,clear,None,2026-08-18T11:48:58.799443
4f197b4a-e982-4027-b704-606a8ef2c1d4,PAT-018/3-4F19,Patna,Phulwari,Digha,1.89,Commercial,Mall,f90ab632-5c21-4adb-9e75-7a8af6a9068b,25.568026,85.198133,44284000.0,clear,None,2026-08-18T11:48:58.799494
2d4ec336-0394-4e9c-aaed-671da0e0b420,PAT-019/2-2D4E,Patna,Phulwari,Bailey Road,0.85,Commercial,Retail Shop,b0a52fe3-03aa-46ae-8ba9-b06b9dde8149,25.65447,85.135302,18259000.0,disputed,Court Order,2026-08-18T11:48:58.799547
1e361616-d768-4985-8efc-dc0a666095f4,PAT-020/3-1E36,Patna,Phulwari,Danapur,1.59,Commercial,Retail Shop,65cf51ec-6a84-4797-b53f-9c4736c52f69,25.457157,85.2143,8767000.0,mortgaged,Bank Mortgage,2026-08-18T11:48:58.799638
bce28303-9ce0-4404-988f-1cddcdb68c82,PAT-021/3-BCE2,Patna,Danapur,Bailey Road,0.41,Commercial,Showroom,d0609965-6800-4b21-bc00-0cd9fc850bf3,25.699449,85.165059,5428000.0,clear,None,2026-08-18T11:48:58.799684
06665f47-cc6e-4cba-a96e-0110964df1ec,PAT-022/B-0666,Patna,Phulwari,Boring Road,2.36,Commercial,Office,34994167-b83b-429a-93b6-8bd2ac19c9d8,25.656305,85.228997,55115000.0,clear,None,2026-08-18T11:48:58.799746
74522e52-741c-411a-b11b-9db64866db6b,PAT-023/A-7452,Patna,Danapur,Boring Road,0.2,Commercial,Showroom,b0a52fe3-03aa-46ae-8ba9-b06b9dde8149,25.576407,85.03714,2594000.0,clear,None,2026-08-18T11:48:58.799792
93e2717e-469f-4ef0-bd3f-50ae1bab07d8,PAT-024/A-93E2,Patna,Danapur,Phulwari Sharif,1.45,Commercial,Showroom,34994167-b83b-429a-93b6-8bd2ac19c9d8,25.449661,85.169849,30580000.0,disputed,Court Order,2026-08-18T11:48:58.799856
4514e235-ea1d-495c-9347-2226c536711c,PAT-025/A-4514,Patna,Patna Sadar,Anisabad,0.85,Commercial,Warehouse,b0a52fe3-03aa-46ae-8ba9-b06b9dde8149,25.464211,85.088466,8188000.0,mortgaged,Bank Mortgage,2026-08-18T11:48:58.799899
1f9053bf-2174-4a88-b639-cd6b8515cfd4,PAT-026/B-1F90,Patna,Danapur,Danapur,0.91,Commercial,Office,f90ab632-5c21-4adb-9e75-7a8af6a9068b,25.734394,85.05539,21994000.0,clear,None,2026-08-18T11:48:58.799944
c3e24c46-c643-4121-8cd0-eb09ae38f7ef,PAT-027/B-C3E2,Patna,Fatwah,Boring Road,1.25,Commercial,Showroom,5785d85b-36b1-434c-a776-8dbb362622b2,25.489471,85.116237,48950000.0,clear,None,2026-08-18T11:48:58.799989
56e62483-7b4c-46a9-b474-00ad5e0f1655,PAT-028/C-56E6,Patna,Danapur,Ashiana Nagar,1.99,Commercial,Mall,34994167-b83b-429a-93b6-8bd2ac19c9d8,25.479443,85.096862,73517000.0,clear,None,2026-08-18T11:48:58.800051
b84ce5d5-83e0-4324-b8b8-85efede968a1,PAT-029/1-B84C,Patna,Patna Sadar,Danapur,2.09,Commercial,Retail Shop,f90ab632-5c21-4adb-9e75-7a8af6a9068b,25.565799,85.183871,16630000.0,disputed,Court Order,2026-08-18T11:48:58.800097
421570b8-c820-40ee-b30b-1e341801b2ed,PAT-030/C-4215,Patna,Phulwari,Kankarbagh,1.83,Commercial,Showroom,b0a52fe3-03aa-46ae-8ba9-b06b9dde8149,25.684097,85.237335,57082000.0,mortgaged,Bank Mortgage,2026-08-18T11:48:58.800151
77f26b52-ce7d-4c37-ad9f-27d8cd98a29f,PAT-031/B-77F2,Patna,Danapur,Patliputra,5.41,Agricultural,Farming,f90ab632-5c21-4adb-9e75-7a8af6a9068b,25.526031,85.141037,32837000.0,clear,None,2026-08-18T11:48:58.800205
90585d0c-8d43-40bf-92b9-35cd267b03b0,PAT-032/2-9058,Patna,Phulwari,Rajendra Nagar,2.45,Agricultural,Horticulture,5785d85b-36b1-434c-a776-8dbb362622b2,25.553227,85.073855,10449000.0,clear,None,2026-08-18T11:48:58.800262
dd87e3e4-a374-49ca-9ba2-ece1fe5d62ad,PAT-033/B-DD87,Patna,Phulwari,Kankarbagh,6.91,Agricultural,Farming,5785d85b-36b1-434c-a776-8dbb362622b2,25.519578,85.147133,17821000.0,clear,None,2026-08-18T11:48:58.800331
17d1cb09-24be-43c1-93de-d666e14a623d,PAT-034/2-17D1,Patna,Fatwah,Kankarbagh,13.97,Agricultural,Grazing,9861f3e6-41e2-4823-8edd-53508d2dc7e7,25.542206,85.192355,83194000.0,disputed,Court Order,2026-08-18T11:48:58.800388
3632be5b-995c-490e-8bda-220d805c25d4,PAT-035/Q-3632,Patna,Patna Sadar,Bailey Road,3.18,Agricultural,Horticulture,c1db0589-ab02-4dc4-8803-bb225d257db6,25.702237,85.097199,3073000.0,mortgaged,Bank Mortgage,2026-08-18T11:48:58.800452
ec372ca3-4c37-47b6-b254-1ffd56214ec5,PAT-036/Q-EC37,Patna,Phulwari,Danapur,11.76,Agricultural,Farming,34994167-b83b-429a-93b6-8bd2ac19c9d8,25.667789,85.051307,67425000.0,clear,None,2026-08-18T11:48:58.800512
401b6077-a03d-44d0-820a-82eb0cb79036,PAT-037/C-401B,Patna,Phulwari,Digha,7.75,Agricultural,Horticulture,c1db0589-ab02-4dc4-8803-bb225d257db6,25.459401,85.029251,7196000.0,clear,None,2026-08-18T11:48:58.800574
57ef4b34-4b38-4bb0-98cd-1fea9fea1122,PAT-038/3-57EF,Patna,Patna Sadar,Digha,1.55,Agricultural,Farming,65cf51ec-6a84-4797-b53f-9c4736c52f69,25.526932,85.063029,4471000.0,clear,None,2026-08-18T11:48:58.800637
2e83585f-a25c-48f4-b1b7-bca5d3a40001,PAT-039/C-2E83,Patna,Fatwah,Rajendra Nagar,14.08,Agricultural,Orchard,d0609965-6800-4b21-bc00-0cd9fc850bf3,25.709513,85.072706,38562000.0,disputed,Court Order,2026-08-18T11:48:58.800696
d1af7a77-5b35-4ec3-9e72-7da13cae7a60,PAT-040/B-D1AF,Patna,Phulwari,Phulwari Sharif,12.13,Agricultural,Farming,d0609965-6800-4b21-bc00-0cd9fc850bf3,25.697039,85.137509,47768000.0,mortgaged,Bank Mortgage,2026-08-18T11:48:58.800737
cd4a77d4-ed4b-4a00-8aeb-24771c08c13f,PAT-041/P-CD4A,Patna,Danapur,Danapur,4.0,Agricultural,Farming,5785d85b-36b1-434c-a776-8dbb362622b2,25.697976,85.001472,3919000.0,clear,None,2026-08-18T11:48:58.800798
e51c2425-f524-4a4f-aa52-115e25ff5401,PAT-042/Q-E51C,Patna,Danapur,Phulwari Sharif,11.65,Agricultural,Plantation,5785d85b-36b1-434c-a776-8dbb362622b2,25.564962,85.193711,7667000.0,clear,None,2026-08-18T11:48:58.800848
9ffafa56-ddcb-4f26-aac9-a336f982aeb6,PAT-043/Q-9FFA,Patna,Danapur,Bailey Road,4.92,Agricultural,Horticulture,d0609965-6800-4b21-bc00-0cd9fc850bf3,25.519522,85.250941,15274000.0,clear,None,2026-08-18T11:48:58.800905
b8dde789-f7dc-4404-bf77-c4a46e1de229,PAT-044/P-B8DD,Patna,Phulwari,Digha,12.3,Agricultural,Orchard,65cf51ec-6a84-4797-b53f-9c4736c52f69,25.512964,85.077509,9798000.0,disputed,Court Order,2026-08-18T11:48:58.800961
f8a92de3-352a-49b7-96c2-2003821799e8,PAT-045/B-F8A9,Patna,Fatwah,Bailey Road,3.98,Agricultural,Farming,34994167-b83b-429a-93b6-8bd2ac19c9d8,25.480758,85.166041,12261000.0,mortgaged,Bank Mortgage,2026-08-18T11:48:58.801018
211cbd0a-a2d0-4782-b293-ad448d935708,PAT-046/1-211C,Patna,Fatwah,Phulwari Sharif,3.61,Industrial,Factory,d0609965-6800-4b21-bc00-0cd9fc850bf3,25.465919,85.073003,39484000.0,clear,None,2026-08-18T11:48:58.801060
c995d89a-4a07-4111-b57d-9717e66771ea,PAT-047/Q-C995,Patna,Phulwari,Digha,2.16,Industrial,Logistics,d0609965-6800-4b21-bc00-0cd9fc850bf3,25.73047,85.211134,10329000.0,clear,None,2026-08-18T11:48:58.801129
b52cd150-049c-4413-8385-4c179b362759,PAT-048/B-B52C,Patna,Phulwari,Digha,1.42,Industrial,Factory,c1db0589-ab02-4dc4-8803-bb225d257db6,25.546915,85.121808,23660000.0,clear,None,2026-08-18T11:48:58.801180
fa0a268a-6d92-485a-bc0e-cefeb8cb808f,PAT-049/C-FA0A,Patna,Danapur,Kankarbagh,1.19,Industrial,Logistics,9861f3e6-41e2-4823-8edd-53508d2dc7e7,25.712717,85.24255,13946000.0,disputed,Court Order,2026-08-18T11:48:58.801239
8b23b48d-36a6-4863-a29d-c4805ba1336a,PAT-050/Q-8B23,Patna,Fatwah,Anisabad,3.91,Industrial,Manufacturing,d0609965-6800-4b21-bc00-0cd9fc850bf3,25.465468,85.245754,15869000.0,mortgaged,Bank Mortgage,2026-08-18T11:48:58.801301
aeb97395-5255-4a2a-b843-590eea813031,PAT-051/1-AEB9,Patna,Fatwah,Rajendra Nagar,2.14,Industrial,Factory,65cf51ec-6a84-4797-b53f-9c4736c52f69,25.714442,84.996604,36474000.0,clear,None,2026-08-18T11:48:58.801362
f0983ee5-438d-49c4-9683-90fb4f0c4717,PAT-052/3-F098,Patna,Fatwah,Bailey Road,3.81,Industrial,Workshop,65cf51ec-6a84-4797-b53f-9c4736c52f69,25.684013,85.146054,36393000.0,clear,None,2026-08-18T11:48:58.801420
23172991-4718-4e27-a801-42e4121e317f,PAT-053/B-2317,Patna,Patna Sadar,Bailey Road,7.85,Industrial,Factory,34994167-b83b-429a-93b6-8bd2ac19c9d8,25.566461,85.213329,107968000.0,clear,None,2026-08-18T11:48:58.801467
05e99aec-22f3-458b-b0e6-515c20d1a40e,PAT-054/C-05E9,Patna,Phulwari,Danapur,7.98,Industrial,Workshop,d0609965-6800-4b21-bc00-0cd9fc850bf3,25.451813,85.138552,34059000.0,disputed,Court Order,2026-08-18T11:48:58.801519
ff2aa7b8-3df7-4191-9005-61ff7c8ef81e,PAT-055/B-FF2A,Patna,Patna Sadar,Rajendra Nagar,1.75,Industrial,Factory,65cf51ec-6a84-4797-b53f-9c4736c52f69,25.493507,84.988268,26899000.0,mortgaged,Bank Mortgage,2026-08-18T11:48:58.801569
563ac0ee-2006-4634-9e5f-2b4942b2ac5a,PAT-056/A-563A,Patna,Phulwari,Kankarbagh,2.95,Industrial,Factory,5785d85b-36b1-434c-a776-8dbb362622b2,25.525006,85.064816,5532000.0,clear,None,2026-08-18T11:48:58.801618
63c4b3a1-5856-41f0-88b9-2d30db58b44c,PAT-057/1-63C4,Patna,Fatwah,Anisabad,1.11,Industrial,Manufacturing,65cf51ec-6a84-4797-b53f-9c4736c52f69,25.537665,85.17532,2638000.0,clear,None,2026-08-18T11:48:58.801663
5e8611b9-63f9-4a84-9b06-e27a4c151461,PAT-058/1-5E86,Patna,Fatwah,Rajendra Nagar,2.68,Industrial,Logistics,5785d85b-36b1-434c-a776-8dbb362622b2,25.491343,85.070526,16705000.0,clear,None,2026-08-18T11:48:58.801723
07913131-1c5f-4de3-85de-a25d28a2fbe4,PAT-059/A-0791,Patna,Patna Sadar,Bailey Road,5.65,Industrial,Workshop,b0a52fe3-03aa-46ae-8ba9-b06b9dde8149,25.545926,84.999014,9214000.0,disputed,Court Order,2026-08-18T11:48:58.801784
e069c84a-e53a-4be8-9c22-62fa45edc94b,PAT-060/B-E069,Patna,Fatwah,Phulwari Sharif,4.47,Industrial,IT Park,f90ab632-5c21-4adb-9e75-7a8af6a9068b,25.578747,85.143984,62243000.0,mortgaged,Bank Mortgage,2026-08-18T11:48:58.801828
5d93f0d9-bccc-49d1-9236-39c5fb20edb3,VSKP-001/Q-5D93,Visakhapatnam,Anakapalle,Pendurthi,0.24,Residential,Duplex,b0a52fe3-03aa-46ae-8ba9-b06b9dde8149,17.659932,83.303378,3881000.0,clear,None,2026-08-18T11:48:58.801888
c900f318-8f5d-4c12-9c0e-c344ea281d2b,VSKP-002/A-C900,Visakhapatnam,Visakhapatnam Rural,Dwaraka Nagar,0.07,Residential,Duplex,9861f3e6-41e2-4823-8edd-53508d2dc7e7,17.667605,83.288036,1400000.0,clear,None,2026-08-18T11:48:58.801940
65c313f1-3c29-4bec-883c-561947652869,VSKP-003/3-65C3,Visakhapatnam,Anakapalle,Siripuram,0.52,Residential,Villa,f90ab632-5c21-4adb-9e75-7a8af6a9068b,17.54831,83.284698,10425000.0,clear,None,2026-08-18T11:48:58.802001
b8670722-fff0-4b28-a3bc-678dc2746b6c,VSKP-004/3-B867,Visakhapatnam,Visakhapatnam Rural,MVP Colony,0.58,Residential,Row House,5785d85b-36b1-434c-a776-8dbb362622b2,17.545135,83.279682,13071000.0,disputed,Court Order,2026-08-18T11:48:58.802052
c499f119-7f3f-4d4b-bc14-3fd24a556b0c,VSKP-005/P-C499,Visakhapatnam,Visakhapatnam Urban,Bheemunipatnam,0.33,Residential,Villa,d0609965-6800-4b21-bc00-0cd9fc850bf3,17.676591,83.280122,4422000.0,mortgaged,Bank Mortgage,2026-08-18T11:48:58.802104
11441a91-b2ca-4056-8ef8-57222609534a,VSKP-006/Q-1144,Visakhapatnam,Gajuwaka,Bheemunipatnam,0.42,Residential,Row House,d0609965-6800-4b21-bc00-0cd9fc850bf3,17.767973,83.22089,8707000.0,clear,None,2026-08-18T11:48:58.802162
979983ca-42b5-40c4-bbcb-fda0dec4ebc2,VSKP-007/1-9799,Visakhapatnam,Anakapalle,Seethammadhara,0.34,Residential,Duplex,b0a52fe3-03aa-46ae-8ba9-b06b9dde8149,17.725309,83.151086,8697000.0,clear,None,2026-08-18T11:48:58.802221
95ce715b-b311-4413-ac49-326e7280c5cd,VSKP-008/A-95CE,Visakhapatnam,Gajuwaka,Dwaraka Nagar,0.55,Residential,Row House,f90ab632-5c21-4adb-9e75-7a8af6a9068b,17.658985,83.102897,2403000.0,clear,None,2026-08-18T11:48:58.802269
0d8f216c-136d-4de5-ad0c-2bb9008c4be9,VSKP-009/Q-0D8F,Visakhapatnam,Visakhapatnam Rural,MVP Colony,0.27,Residential,Row House,65cf51ec-6a84-4797-b53f-9c4736c52f69,17.844616,83.324933,4648000.0,disputed,Court Order,2026-08-18T11:48:58.802311
d20f01b8-19dd-4a70-ae9a-462f5c7dd6d9,VSKP-010/C-D20F,Visakhapatnam,Visakhapatnam Urban,MVP Colony,0.15,Residential,Villa,9861f3e6-41e2-4823-8edd-53508d2dc7e7,17.714672,83.19985,2232000.0,mortgaged,Bank Mortgage,2026-08-18T11:48:58.802363
3e1daad8-6999-44e3-b50f-0554b643f6c4,VSKP-011/1-3E1D,Visakhapatnam,Anakapalle,Bheemunipatnam,0.52,Residential,Villa,c1db0589-ab02-4dc4-8803-bb225d257db6,17.532066,83.294276,15119000.0,clear,None,2026-08-18T11:48:58.802411
ef6e3845-cc91-4aef-bb40-dd6b801379cb,VSKP-012/P-EF6E,Visakhapatnam,Anakapalle,Dwaraka Nagar,0.78,Residential,Duplex,5785d85b-36b1-434c-a776-8dbb362622b2,17.66852,83.360663,6536000.0,clear,None,2026-08-18T11:48:58.802466
048bacd3-08f5-4fb9-9902-423448239b01,VSKP-013/3-048B,Visakhapatnam,Anakapalle,Rushikonda,0.54,Residential,Row House,c1db0589-ab02-4dc4-8803-bb225d257db6,17.685249,83.367915,13032000.0,clear,None,2026-08-18T11:48:58.802515
2a33b12e-7bfd-4d38-bf24-6bfd2bbb5ad9,VSKP-014/1-2A33,Visakhapatnam,Gajuwaka,Bheemunipatnam,0.35,Residential,Villa,5785d85b-36b1-434c-a776-8dbb362622b2,17.820456,83.28541,7514000.0,disputed,Court Order,2026-08-18T11:48:58.802575
1f563944-a178-44e8-9583-8aaa3cb28651,VSKP-015/2-1F56,Visakhapatnam,Gajuwaka,Madhurawada,0.67,Residential,Housing,c1db0589-ab02-4dc4-8803-bb225d257db6,17.627124,83.202014,14262000.0,mortgaged,Bank Mortgage,2026-08-18T11:48:58.802627
fe722799-90c4-4a76-9ffa-8f8697e272ce,VSKP-016/Q-FE72,Visakhapatnam,Gajuwaka,Siripuram,1.49,Commercial,Mall,9861f3e6-41e2-4823-8edd-53508d2dc7e7,17.703098,83.09601,21320000.0,clear,None,2026-08-18T11:48:58.802692
dd977c56-32dc-4c39-be6e-88758c1dfd00,VSKP-017/Q-DD97,Visakhapatnam,Anakapalle,Pendurthi,1.57,Commercial,Office,34994167-b83b-429a-93b6-8bd2ac19c9d8,17.732691,83.143712,50442000.0,clear,None,2026-08-18T11:48:58.802737
0df91240-2cbe-4806-91c6-dff90175f516,VSKP-018/3-0DF9,Visakhapatnam,Anakapalle,Dwaraka Nagar,2.01,Commercial,Retail Shop,d0609965-6800-4b21-bc00-0cd9fc850bf3,17.700703,83.168682,38007000.0,clear,None,2026-08-18T11:48:58.802787
40d93121-49e8-4b0c-b380-6e87a19fff89,VSKP-019/A-40D9,Visakhapatnam,Visakhapatnam Urban,Seethammadhara,2.19,Commercial,Mall,34994167-b83b-429a-93b6-8bd2ac19c9d8,17.806413,83.28969,97099000.0,disputed,Court Order,2026-08-18T11:48:58.802839
295c5524-d150-42b8-879e-75df97e06afe,VSKP-020/C-295C,Visakhapatnam,Gajuwaka,Madhurawada,1.98,Commercial,Office,65cf51ec-6a84-4797-b53f-9c4736c52f69,17.754872,83.114724,98103000.0,mortgaged,Bank Mortgage,2026-08-18T11:48:58.802891
9c1fa4fe-3faf-4212-afa3-c00bd342546f,VSKP-021/2-9C1F,Visakhapatnam,Gajuwaka,MVP Colony,1.53,Commercial,Showroom,9861f3e6-41e2-4823-8edd-53508d2dc7e7,17.768403,83.362891,31886000.0,clear,None,2026-08-18T11:48:58.802936
22b9b53b-826a-4bc7-8248-528d201d771f,VSKP-022/1-22B9,Visakhapatnam,Gajuwaka,MVP Colony,0.3,Commercial,Showroom,34994167-b83b-429a-93b6-8bd2ac19c9d8,17.676909,83.29665,14934000.0,clear,None,2026-08-18T11:48:58.802985
b95decb4-05f8-4911-91f0-936bace7d0d6,VSKP-023/A-B95D,Visakhapatnam,Gajuwaka,Bheemunipatnam,1.18,Commercial,Warehouse,c1db0589-ab02-4dc4-8803-bb225d257db6,17.538443,83.292457,47869000.0,clear,None,2026-08-18T11:48:58.803044
289be1fe-8d05-4c79-a63d-312212912a69,VSKP-024/A-289B,Visakhapatnam,Visakhapatnam Rural,Pendurthi,1.39,Commercial,Warehouse,f90ab632-5c21-4adb-9e75-7a8af6a9068b,17.534473,83.136543,48745000.0,disputed,Court Order,2026-08-18T11:48:58.803110
4260366b-3142-4ce8-9cdc-c5127567456e,VSKP-025/3-4260,Visakhapatnam,Anakapalle,MVP Colony,2.47,Commercial,Retail Shop,65cf51ec-6a84-4797-b53f-9c4736c52f69,17.570279,83.298447,79715000.0,mortgaged,Bank Mortgage,2026-08-18T11:48:58.803167
cc2879eb-8657-4a48-a36c-ecd9f91ef6d1,VSKP-026/Q-CC28,Visakhapatnam,Gajuwaka,Siripuram,0.26,Commercial,Warehouse,5785d85b-36b1-434c-a776-8dbb362622b2,17.627585,83.23677,12247000.0,clear,None,2026-08-18T11:48:58.803227
411405e1-e877-460b-93fa-1b6647a87916,VSKP-027/Q-4114,Visakhapatnam,Visakhapatnam Urban,Rushikonda,0.22,Commercial,Retail Shop,65cf51ec-6a84-4797-b53f-9c4736c52f69,17.5606,83.059003,5383000.0,clear,None,2026-08-18T11:48:58.803275
c53123ad-96c6-4a6b-99d4-1e0fb1260a65,VSKP-028/A-C531,Visakhapatnam,Gajuwaka,Gajuwaka,1.58,Commercial,Retail Shop,c1db0589-ab02-4dc4-8803-bb225d257db6,17.570208,83.28192,69754000.0,clear,None,2026-08-18T11:48:58.803331
29e4eea9-4fa1-443b-bc52-fbec122d8b4c,VSKP-029/P-29E4,Visakhapatnam,Visakhapatnam Urban,Bheemunipatnam,1.39,Commercial,Office,5785d85b-36b1-434c-a776-8dbb362622b2,17.765462,83.152368,12352000.0,disputed,Court Order,2026-08-18T11:48:58.803391
2645cf06-e196-45e0-8697-4bdaa116dcc3,VSKP-030/C-2645,Visakhapatnam,Visakhapatnam Rural,Siripuram,1.94,Commercial,Showroom,34994167-b83b-429a-93b6-8bd2ac19c9d8,17.726414,83.329817,54172000.0,mortgaged,Bank Mortgage,2026-08-18T11:48:58.803442
384072df-c99b-47d8-b441-fc0c9a3d96fb,VSKP-031/3-3840,Visakhapatnam,Visakhapatnam Urban,Dwaraka Nagar,4.72,Agricultural,Horticulture,b0a52fe3-03aa-46ae-8ba9-b06b9dde8149,17.802465,83.097872,28760000.0,clear,None,2026-08-18T11:48:58.803491
752c2adb-8a0d-4803-b515-8c4964df7998,VSKP-032/3-752C,Visakhapatnam,Anakapalle,Bheemunipatnam,10.98,Agricultural,Grazing,5785d85b-36b1-434c-a776-8dbb362622b2,17.827606,83.368109,26671000.0,clear,None,2026-08-18T11:48:58.803536
ed3168c1-577b-487d-a8f1-1c94b6d04d9a,VSKP-033/Q-ED31,Visakhapatnam,Visakhapatnam Rural,Seethammadhara,11.98,Agricultural,Orchard,5785d85b-36b1-434c-a776-8dbb362622b2,17.526991,83.09386,21138000.0,clear,None,2026-08-18T11:48:58.803579
bd28c65b-1785-41d0-92cf-95fb8c56cd24,VSKP-034/A-BD28,Visakhapatnam,Anakapalle,Gajuwaka,1.79,Agricultural,Grazing,f90ab632-5c21-4adb-9e75-7a8af6a9068b,17.748786,83.0929,10682000.0,disputed,Court Order,2026-08-18T11:48:58.803639
fee2507f-0fa1-4345-8d50-e869d001db7b,VSKP-035/1-FEE2,Visakhapatnam,Anakapalle,Madhurawada,7.8,Agricultural,Farming,65cf51ec-6a84-4797-b53f-9c4736c52f69,17.739769,83.175522,57162000.0,mortgaged,Bank Mortgage,2026-08-18T11:48:58.803685
6884bf07-704e-45b7-96e4-7fcfe402ac04,VSKP-036/1-6884,Visakhapatnam,Anakapalle,Seethammadhara,1.97,Agricultural,Farming,f90ab632-5c21-4adb-9e75-7a8af6a9068b,17.73421,83.165612,6316000.0,clear,None,2026-08-18T11:48:58.803745
b2e0909d-657e-4a73-aeb1-cfe2ad8a2407,VSKP-037/P-B2E0,Visakhapatnam,Gajuwaka,Siripuram,14.17,Agricultural,Horticulture,34994167-b83b-429a-93b6-8bd2ac19c9d8,17.78425,83.19659,44305000.0,clear,None,2026-08-18T11:48:58.803787
96e0d092-ade9-4a47-926a-c57a8366bc0b,VSKP-038/C-96E0,Visakhapatnam,Visakhapatnam Urban,Dwaraka Nagar,11.68,Agricultural,Orchard,c1db0589-ab02-4dc4-8803-bb225d257db6,17.719272,83.061152,8072000.0,clear,None,2026-08-18T11:48:58.803832
56a78bab-8409-4ecf-94c9-75f71581df2e,VSKP-039/B-56A7,Visakhapatnam,Gajuwaka,Madhurawada,14.5,Agricultural,Orchard,9861f3e6-41e2-4823-8edd-53508d2dc7e7,17.792227,83.30675,24313000.0,disputed,Court Order,2026-08-18T11:48:58.804009
476c6edd-241c-41a0-b067-2bd5e9a00e5f,VSKP-040/3-476C,Visakhapatnam,Visakhapatnam Urban,Pendurthi,1.81,Agricultural,Horticulture,b0a52fe3-03aa-46ae-8ba9-b06b9dde8149,17.840392,83.258059,12714000.0,mortgaged,Bank Mortgage,2026-08-18T11:48:58.804109
e50ec2bf-f513-4148-846e-bb956f212147,VSKP-041/3-E50E,Visakhapatnam,Anakapalle,Seethammadhara,5.83,Agricultural,Plantation,f90ab632-5c21-4adb-9e75-7a8af6a9068b,17.653795,83.219775,3990000.0,clear,None,2026-08-18T11:48:58.804232
1bc85143-a1fa-429c-82f5-2dbaadbf7036,VSKP-042/A-1BC8,Visakhapatnam,Visakhapatnam Rural,Madhurawada,1.74,Agricultural,Grazing,c1db0589-ab02-4dc4-8803-bb225d257db6,17.802286,83.217583,9960000.0,clear,None,2026-08-18T11:48:58.804336
9c31ea34-0f99-422e-acfa-714d69f1e768,VSKP-043/C-9C31,Visakhapatnam,Visakhapatnam Urban,MVP Colony,10.44,Agricultural,Farming,b0a52fe3-03aa-46ae-8ba9-b06b9dde8149,17.546485,83.058992,24336000.0,clear,None,2026-08-18T11:48:58.804428
0ddadc3d-0ea0-4c29-838b-1339131a5a9f,VSKP-044/B-0DDA,Visakhapatnam,Gajuwaka,Bheemunipatnam,2.76,Agricultural,Horticulture,c1db0589-ab02-4dc4-8803-bb225d257db6,17.826219,83.148732,8078000.0,disputed,Court Order,2026-08-18T11:48:58.804518
87d91cf0-403f-4517-91bb-3c6d7806eb67,VSKP-045/C-87D9,Visakhapatnam,Gajuwaka,Bheemunipatnam,3.27,Agricultural,Horticulture,f90ab632-5c21-4adb-9e75-7a8af6a9068b,17.73127,83.106568,26044000.0,mortgaged,Bank Mortgage,2026-08-18T11:48:58.804596
ff5ebcfd-6749-491c-b999-9d079a0e792d,VSKP-046/P-FF5E,Visakhapatnam,Gajuwaka,Seethammadhara,7.61,Industrial,IT Park,5785d85b-36b1-434c-a776-8dbb362622b2,17.807715,83.275769,117368000.0,clear,None,2026-08-18T11:48:58.804691
3c42a5fc-46ee-4002-8d0a-206df21cea23,VSKP-047/P-3C42,Visakhapatnam,Gajuwaka,Dwaraka Nagar,5.33,Industrial,Workshop,f90ab632-5c21-4adb-9e75-7a8af6a9068b,17.787956,83.12198,15472000.0,clear,None,2026-08-18T11:48:58.804827
e19b3dfe-62ae-44aa-8b50-48076ff647dc,VSKP-048/Q-E19B,Visakhapatnam,Gajuwaka,Siripuram,4.29,Industrial,Factory,34994167-b83b-429a-93b6-8bd2ac19c9d8,17.679563,83.259955,77977000.0,clear,None,2026-08-18T11:48:58.804912
7e326e4a-bba3-484d-a8ad-34a1f5729439,VSKP-049/B-7E32,Visakhapatnam,Anakapalle,MVP Colony,4.66,Industrial,Workshop,d0609965-6800-4b21-bc00-0cd9fc850bf3,17.598479,83.249024,98693000.0,disputed,Court Order,2026-08-18T11:48:58.805026
a525d81b-eebf-409a-aa2e-91891a73800c,VSKP-050/Q-A525,Visakhapatnam,Gajuwaka,MVP Colony,1.76,Industrial,IT Park,65cf51ec-6a84-4797-b53f-9c4736c52f69,17.592234,83.267791,35322000.0,mortgaged,Bank Mortgage,2026-08-18T11:48:58.805104
d35da990-a516-4111-b0d2-e04fcb86d9a0,VSKP-051/3-D35D,Visakhapatnam,Anakapalle,Pendurthi,5.85,Industrial,Factory,34994167-b83b-429a-93b6-8bd2ac19c9d8,17.764192,83.375564,84104000.0,clear,None,2026-08-18T11:48:58.805174
4b8da1a9-9259-483e-ab0d-e1dc8d1cbdf2,VSKP-052/2-4B8D,Visakhapatnam,Gajuwaka,Pendurthi,2.94,Industrial,Manufacturing,65cf51ec-6a84-4797-b53f-9c4736c52f69,17.64198,83.069325,53349000.0,clear,None,2026-08-18T11:48:58.805239
4a383eb8-3abd-447a-a5a1-3b1dfe6d08d0,VSKP-053/1-4A38,Visakhapatnam,Anakapalle,Pendurthi,2.36,Industrial,Manufacturing,f90ab632-5c21-4adb-9e75-7a8af6a9068b,17.649711,83.26138,26188000.0,clear,None,2026-08-18T11:48:58.805287
2a533713-3b57-48c6-92ea-3294413b87f7,VSKP-054/A-2A53,Visakhapatnam,Visakhapatnam Urban,Seethammadhara,4.31,Industrial,Logistics,d0609965-6800-4b21-bc00-0cd9fc850bf3,17.767296,83.066955,57023000.0,disputed,Court Order,2026-08-18T11:48:58.805333
c4bdfc97-bfa1-49b1-9a03-da108506fa6c,VSKP-055/3-C4BD,Visakhapatnam,Visakhapatnam Urban,Pendurthi,1.79,Industrial,Workshop,b0a52fe3-03aa-46ae-8ba9-b06b9dde8149,17.728959,83.22977,44202000.0,mortgaged,Bank Mortgage,2026-08-18T11:48:58.805382
7ea866c0-affa-4262-a9a1-643727ba8909,VSKP-056/Q-7EA8,Visakhapatnam,Anakapalle,Gajuwaka,4.85,Industrial,Logistics,65cf51ec-6a84-4797-b53f-9c4736c52f69,17.617802,83.161706,74464000.0,clear,None,2026-08-18T11:48:58.805467
0d6a741e-aafc-4668-bfb3-9ad0784d93c9,VSKP-057/C-0D6A,Visakhapatnam,Visakhapatnam Rural,Pendurthi,6.96,Industrial,Manufacturing,5785d85b-36b1-434c-a776-8dbb362622b2,17.662775,83.073669,167355000.0,clear,None,2026-08-18T11:48:58.805527
716dcebd-8e27-4c0d-9720-c4deeac9a7c2,VSKP-058/1-716D,Visakhapatnam,Visakhapatnam Rural,Madhurawada,3.49,Industrial,Manufacturing,65cf51ec-6a84-4797-b53f-9c4736c52f69,17.670365,83.109168,30491000.0,clear,None,2026-08-18T11:48:58.805576
550f9407-1491-4bb2-b849-42ac5aaceb97,VSKP-059/A-550F,Visakhapatnam,Visakhapatnam Rural,Seethammadhara,3.37,Industrial,Manufacturing,f90ab632-5c21-4adb-9e75-7a8af6a9068b,17.72733,83.103919,48070000.0,disputed,Court Order,2026-08-18T11:48:58.805628
6a480205-99ff-45bd-88f0-4b45a52276b0,VSKP-060/B-6A48,Visakhapatnam,Anakapalle,Gajuwaka,4.36,Industrial,Factory,c1db0589-ab02-4dc4-8803-bb225d257db6,17.527607,83.342137,79537000.0,mortgaged,Bank Mortgage,2026-08-18T11:48:58.805674
