id,survey_number,district,taluk,village,area_acres,land_type,land_use,current_owner_id,latitude,longitude,market_value,status,encumbrance,created_at,location_url
9d0f8259-b1c0-4142-b9d5-9628b082109d,BLR-001/B-9D0F,Bengaluru Urban,Bengaluru East,Koramangala,0.23,Residential,Apartment,9d9734a7-1703-4db3-82ad-825e8a41a5ea,13.05673,77.658212,15507000.0,clear,None,2026-08-20T15:25:51.542556,
dcb5b5ef-3502-4e56-bf96-b8f59234b675,BLR-002/Q-DCB5,Bengaluru Urban,Bengaluru East,Hebbal,0.33,Residential,Apartment,9d9734a7-1703-4db3-82ad-825e8a41a5ea,12.867023,77.510712,23235000.0,clear,None,2026-08-20T15:25:51.542651,
63af4242-217d-4e09-a893-f572fe27e97e,BLR-003/2-63AF,Bengaluru Urban,Bengaluru East,Bannerghatta,0.28,Residential,Housing,72a28988-7259-4102-9ae0-452ede3ba196,12.848537,77.415768,15678000.0,clear,None,2026-08-20T15:25:51.542707,
f0b82a42-a99f-4bfa-bd08-400a4c96dbc4,BLR-004/Q-F0B8,Bengaluru Urban,Bengaluru South,Indiranagar,0.11,Residential,Apartment,c0dc331c-861c-4bb1-99dc-69d39c226fe6,12.799172,77.614012,5171000.0,disputed,Court Order,2026-08-20T15:25:51.542760,
9d5ed069-8037-4e1b-9350-d1c6cb098911,BLR-005/1-9D5E,Bengaluru Urban,Anekal,Jayanagar,0.16,Residential,Duplex,9d9734a7-1703-4db3-82ad-825e8a41a5ea,12.857656,77.581146,10597000.0,mortgaged,Bank Mortgage,2026-08-20T15:25:51.542794,
23f0afc2-b90b-4f9d-896f-7f09a820f62d,BLR-006/B-23F0,Bengaluru Urban,Bengaluru South,Hebbal,0.15,Residential,Duplex,9d9734a7-1703-4db3-82ad-825e8a41a5ea,13.112103,77.503238,7113000.0,clear,None,2026-08-20T15:25:51.542837,
0403cd7d-3f94-4d6b-877d-8024b8aa4227,BLR-007/C-0403,Bengaluru Urban,Bengaluru North,JP Nagar,0.61,Residential,Housing,4e5a68e7-3e07-44c8-8d9a-6b2d98b85c9b,12.847561,77.516032,13189000.0,clear,None,2026-08-20T15:25:51.542880,
5fd73707-cbde-4ee5-9b84-f9d369dd8428,BLR-008/3-5FD7,Bengaluru Urban,Bengaluru South,Jayanagar,0.32,Residential,Housing,518a99c7-276c-4f5f-98ae-e92d9bf6b3ac,12.993158,77.729497,23331000.0,clear,None,2026-08-20T15:25:51.542912,
1d3f5fa2-4185-4f7c-8c10-61328e5f75c3,BLR-009/3-1D3F,Bengaluru Urban,Bengaluru North,Koramangala,0.19,Residential,Villa,43beba1f-be3c-46c2-ba37-6a8f01fed7d4,13.138112,77.510168,4480000.0,disputed,Court Order,2026-08-20T15:25:51.542948,
e7178c3f-21eb-49e7-9887-0c0e877056c3,BLR-010/P-E717,Bengaluru Urban,Anekal,Bannerghatta,0.54,Residential,Row House,bf63502d-5134-47ad-8652-6e15c33425b7,12.958996,77.573778,11787000.0,mortgaged,Bank Mortgage,2026-08-20T15:25:51.542991,
30057037-baa3-4c15-84aa-72ad87eb845b,BLR-011/P-3005,Bengaluru Urban,Anekal,Rajajinagar,0.72,Residential,Duplex,09b9f80b-169e-4a15-9820-882165fe5129,13.059316,77.585483,17917000.0,clear,None,2026-08-20T15:25:51.543038,
a3cf5c96-9d9b-4901-9f7c-3626e744e286,BLR-012/P-A3CF,Bengaluru Urban,Bengaluru South,Yelahanka,0.74,Residential,Duplex,c0dc331c-861c-4bb1-99dc-69d39c226fe6,13.14466,77.606885,50625000.0,clear,None,2026-08-20T15:25:51.543099,
a1d6c4e3-cddc-4871-9696-4e94ab69330f,BLR-013/C-A1D6,Bengaluru Urban,Bengaluru North,Marathahalli,0.76,Residential,Row House,9d9734a7-1703-4db3-82ad-825e8a41a5ea,12.959012,77.506848,24515000.0,clear,None,2026-08-20T15:25:51.543132,
e41281c5-18a9-4a62-a7c6-8cceaa0d9572,BLR-014/2-E412,Bengaluru Urban,Anekal,Sarjapur,0.4,Residential,Duplex,09b9f80b-169e-4a15-9820-882165fe5129,13.088864,77.627891,11650000.0,disputed,Court Order,2026-08-20T15:25:51.543167,
4127d80b-6e7b-4277-a8e4-3602770e6ee1,BLR-015/2-4127,Bengaluru Urban,Anekal,Hebbal,0.41,Residential,Villa,4e5a68e7-3e07-44c8-8d9a-6b2d98b85c9b,12.982732,77.567781,23613000.0,mortgaged,Bank Mortgage,2026-08-20T15:25:51.543203,
1e45661d-2eb1-4484-bc04-7aa975f4c8df,BLR-016/A-1E45,Bengaluru Urban,Yelahanka,JP Nagar,2.09,Commercial,Office,c0dc331c-861c-4bb1-99dc-69d39c226fe6,12.935855,77.44127,163444000.0,clear,None,2026-08-20T15:25:51.543244,
0b0fbe6a-76bb-44a2-b2e4-7cdccb20083a,BLR-017/Q-0B0F,Bengaluru Urban,Bengaluru South,Indiranagar,2.01,Commercial,Mall,43beba1f-be3c-46c2-ba37-6a8f01fed7d4,13.016621,77.652626,221761000.0,clear,None,2026-08-20T15:25:51.543279,
0621d252-c6f2-49a8-8c76-ece355e80df8,BLR-018/2-0621,Bengaluru Urban,Bengaluru North,Sarjapur,1.28,Commercial,Retail Shop,43beba1f-be3c-46c2-ba37-6a8f01fed7d4,13.026143,77.744386,39550000.0,clear,None,2026-08-20T15:25:51.543313,
7ee35808-0472-414c-91ab-626673f14c5d,BLR-019/B-7EE3,Bengaluru Urban,Bengaluru North,Marathahalli,1.35,Commercial,Retail Shop,bf63502d-5134-47ad-8652-6e15c33425b7,13.049577,77.597794,54819000.0,disputed,Court Order,2026-08-20T15:25:51.543359,
14ad25fb-1f5a-4124-b163-cba122ac57a3,BLR-020/C-14AD,Bengaluru Urban,Bengaluru North,Marathahalli,1.36,Commercial,Retail Shop,bf63502d-5134-47ad-8652-6e15c33425b7,13.004065,77.727692,141505000.0,mortgaged,Bank Mortgage,2026-08-20T15:25:51.543401,
ed6eda0c-5761-44e7-aad1-cafb3de29aa6,BLR-021/B-ED6E,Bengaluru Urban,Bengaluru South,Marathahalli,2.28,Commercial,Mall,4e5a68e7-3e07-44c8-8d9a-6b2d98b85c9b,12.808157,77.701212,97386000.0,clear,None,2026-08-20T15:25:51.543435,
1f920b66-929b-4773-af6c-204907d7e670,BLR-022/2-1F92,Bengaluru Urban,Yelahanka,Koramangala,0.22,Commercial,Mall,bf63502d-5134-47ad-8652-6e15c33425b7,13.103024,77.694792,25200000.0,clear,None,2026-08-20T15:25:51.543474,
4b80a6c7-3aba-4704-a115-dd3cee05be06,BLR-023/P-4B80,Bengaluru Urban,Anekal,Rajajinagar,0.41,Commercial,Mall,4e5a68e7-3e07-44c8-8d9a-6b2d98b85c9b,12.933647,77.509805,10162000.0,clear,None,2026-08-20T15:25:51.543514,
f7a6cd85-350e-47d3-a9c9-fbe0861fa989,BLR-024/3-F7A6,Bengaluru Urban,Yelahanka,Koramangala,0.64,Commercial,Mall,09b9f80b-169e-4a15-9820-882165fe5129,12.835577,77.719892,38241000.0,disputed,Court Order,2026-08-20T15:25:51.543569,
239b4b64-4c0c-4213-86b7-32bf6dac5bc3,BLR-025/A-239B,Bengaluru Urban,Yelahanka,Koramangala,1.18,Commercial,Showroom,9d9734a7-1703-4db3-82ad-825e8a41a5ea,12.830466,77.671064,69117000.0,mortgaged,Bank Mortgage,2026-08-20T15:25:51.543615,
c41ce1e2-2bec-462c-a7e9-8242edf7f8a1,BLR-026/3-C41C,Bengaluru Urban,Bengaluru North,Hebbal,1.01,Commercial,Showroom,c0dc331c-861c-4bb1-99dc-69d39c226fe6,13.031123,77.684702,104438000.0,clear,None,2026-08-20T15:25:51.543655,
3746c2dc-3843-40f6-bc41-060998d7c861,BLR-027/B-3746,Bengaluru Urban,Bengaluru North,Malleswaram,0.56,Commercial,Retail Shop,43beba1f-be3c-46c2-ba37-6a8f01fed7d4,13.014022,77.657229,22662000.0,clear,None,2026-08-20T15:25:51.543696,
bae67161-db7c-4524-862a-8cfde8755b93,BLR-028/3-BAE6,Bengaluru Urban,Yelahanka,Sarjapur,1.13,Commercial,Warehouse,4e5a68e7-3e07-44c8-8d9a-6b2d98b85c9b,13.022051,77.518825,61590000.0,clear,None,2026-08-20T15:25:51.543735,
ce33c89e-4c27-4022-9b70-6773de6baee9,BLR-029/B-CE33,Bengaluru Urban,Yelahanka,Whitefield,1.94,Commercial,Showroom,4e5a68e7-3e07-44c8-8d9a-6b2d98b85c9b,13.065156,77.576206,212089000.0,disputed,Court Order,2026-08-20T15:25:51.543767,
a3eaa3e4-bb79-4641-bedb-736cb9766b3b,BLR-030/3-A3EA,Bengaluru Urban,Bengaluru East,Indiranagar,1.48,Commercial,Office,518a99c7-276c-4f5f-98ae-e92d9bf6b3ac,12.930763,77.505318,150455000.0,mortgaged,Bank Mortgage,2026-08-20T15:25:51.543816,
b4fdc36b-eb1d-49b7-837d-14f2a2152123,BLR-031/C-B4FD,Bengaluru Urban,Anekal,Rajajinagar,11.24,Agricultural,Horticulture,bf63502d-5134-47ad-8652-6e15c33425b7,12.807329,77.545748,156862000.0,clear,None,2026-08-20T15:25:51.543857,
150ad3cb-8c05-4c66-92ff-b7850256a4ea,BLR-032/C-150A,Bengaluru Urban,Bengaluru North,Whitefield,13.88,Agricultural,Plantation,bf63502d-5134-47ad-8652-6e15c33425b7,12.961684,77.7138,202859000.0,clear,None,2026-08-20T15:25:51.543903,
a8763871-f790-4497-a4c3-c243eadd2e41,BLR-033/A-A876,Bengaluru Urban,Yelahanka,Hebbal,4.92,Agricultural,Plantation,9d9734a7-1703-4db3-82ad-825e8a41a5ea,12.797447,77.698467,37684000.0,clear,None,2026-08-20T15:25:51.543944,
969263cf-1bea-49a5-9037-3701b743cfb0,BLR-034/B-9692,Bengaluru Urban,Anekal,BTM Layout,8.86,Agricultural,Horticulture,72a28988-7259-4102-9ae0-452ede3ba196,12.907236,77.443425,114915000.0,disputed,Court Order,2026-08-20T15:25:51.543986,
2b77719c-fac1-4210-a7b3-1ae2ab6fe416,BLR-035/P-2B77,Bengaluru Urban,Anekal,Malleswaram,5.03,Agricultural,Farming,72a28988-7259-4102-9ae0-452ede3ba196,12.885304,77.575258,93586000.0,mortgaged,Bank Mortgage,2026-08-20T15:25:51.544026,
889e740b-6c77-46d4-89c2-76bcd9c09a8a,BLR-036/C-889E,Bengaluru Urban,Bengaluru South,Bannerghatta,8.29,Agricultural,Orchard,72a28988-7259-4102-9ae0-452ede3ba196,13.104156,77.713901,87632000.0,clear,None,2026-08-20T15:25:51.544073,
b40a7288-eaa1-4be8-bf10-364dd50dc88a,BLR-037/1-B40A,Bengaluru Urban,Anekal,Bannerghatta,9.84,Agricultural,Orchard,72a28988-7259-4102-9ae0-452ede3ba196,12.802503,77.734639,108559000.0,clear,None,2026-08-20T15:25:51.544108,
ab8479a3-e378-4c2a-bd74-438ffd3a7b6d,BLR-038/Q-AB84,Bengaluru Urban,Bengaluru East,Marathahalli,1.81,Agricultural,Orchard,09b9f80b-169e-4a15-9820-882165fe5129,13.131884,77.59656,32774000.0,clear,None,2026-08-20T15:25:51.544146,
42caab3f-70c7-46e7-9d12-cfbc9c84ffe3,BLR-039/C-42CA,Bengaluru Urban,Anekal,HSR Layout,3.69,Agricultural,Plantation,4e5a68e7-3e07-44c8-8d9a-6b2d98b85c9b,13.148222,77.680755,25438000.0,disputed,Court Order,2026-08-20T15:25:51.544192,
c63a3b2e-ff7b-4115-971e-5928caedbf55,BLR-040/P-C63A,Bengaluru Urban,Bengaluru South,HSR Layout,13.81,Agricultural,Orchard,72a28988-7259-4102-9ae0-452ede3ba196,12.914838,77.542143,204886000.0,mortgaged,Bank Mortgage,2026-08-20T15:25:51.544236,
d0e3096e-acf7-49cc-abfb-8d06d2bdece0,BLR-041/Q-D0E3,Bengaluru Urban,Bengaluru South,Indiranagar,14.52,Agricultural,Farming,bf63502d-5134-47ad-8652-6e15c33425b7,13.143648,77.471459,186368000.0,clear,None,2026-08-20T15:25:51.544280,
10e6fb79-b31d-4ed6-9315-49afec67fe34,BLR-042/1-10E6,Bengaluru Urban,Anekal,Whitefield,12.66,Agricultural,Orchard,518a99c7-276c-4f5f-98ae-e92d9bf6b3ac,12.977101,77.445826,165975000.0,clear,None,2026-08-20T15:25:51.544320,
691cd042-7ada-47ad-85bc-29f3132e64d7,BLR-043/3-691C,Bengaluru Urban,Anekal,BTM Layout,11.72,Agricultural,Orchard,9d9734a7-1703-4db3-82ad-825e8a41a5ea,13.080318,77.711817,171884000.0,clear,None,2026-08-20T15:25:51.544354,
9549ba4d-6ff2-4fe0-a3d9-29c7ceece050,BLR-044/P-9549,Bengaluru Urban,Yelahanka,HSR Layout,13.24,Agricultural,Orchard,518a99c7-276c-4f5f-98ae-e92d9bf6b3ac,13.118036,77.549832,176576000.0,disputed,Court Order,2026-08-20T15:25:51.544412,
d65aa44f-91d6-4b13-91ef-d48809c72e14,BLR-045/3-D65A,Bengaluru Urban,Bengaluru East,Jayanagar,14.81,Agricultural,Horticulture,518a99c7-276c-4f5f-98ae-e92d9bf6b3ac,12.97925,77.563482,96106000.0,mortgaged,Bank Mortgage,2026-08-20T15:25:51.544455,
74821cc8-c107-46c4-b565-f41d2ccec879,BLR-046/2-7482,Bengaluru Urban,Bengaluru North,Malleswaram,7.56,Industrial,Workshop,bf63502d-5134-47ad-8652-6e15c33425b7,13.137948,77.456834,443349000.0,clear,None,2026-08-20T15:25:51.544505,
b2742192-ffd7-4a85-9885-c2ee3a85af06,BLR-047/C-B274,Bengaluru Urban,Bengaluru East,Jayanagar,3.66,Industrial,Workshop,4e5a68e7-3e07-44c8-8d9a-6b2d98b85c9b,13.091611,77.594349,147974000.0,clear,None,2026-08-20T15:25:51.544536,
93213140-3454-4866-bf22-a7fc7442e686,BLR-048/2-9321,Bengaluru Urban,Anekal,Koramangala,6.64,Industrial,Manufacturing,518a99c7-276c-4f5f-98ae-e92d9bf6b3ac,13.119118,77.453126,72722000.0,clear,None,2026-08-20T15:25:51.544575,
bbb9ab25-3b5f-4511-85c5-7aa916f43450,BLR-049/1-BBB9,Bengaluru Urban,Anekal,Malleswaram,2.9,Industrial,Manufacturing,c0dc331c-861c-4bb1-99dc-69d39c226fe6,13.124297,77.660994,59944000.0,disputed,Court Order,2026-08-20T15:25:51.544611,
349aba3e-5a1a-4e1c-8652-bd204c2cd0d3,BLR-050/3-349A,Bengaluru Urban,Bengaluru East,Koramangala,4.43,Industrial,Manufacturing,43beba1f-be3c-46c2-ba37-6a8f01fed7d4,12.919692,77.753411,127000000.0,mortgaged,Bank Mortgage,2026-08-20T15:25:51.544646,
35af0cf2-3ce7-4599-906f-e3e643186d17,BLR-051/P-35AF,Bengaluru Urban,Bengaluru North,Bannerghatta,7.34,Industrial,IT Park,43beba1f-be3c-46c2-ba37-6a8f01fed7d4,13.143742,77.620506,108784000.0,clear,None,2026-08-20T15:25:51.544679,
cdd01c5f-fca2-44f3-81cb-2045bbefdffc,BLR-052/1-CDD0,Bengaluru Urban,Bengaluru East,Marathahalli,7.75,Industrial,Workshop,bf63502d-5134-47ad-8652-6e15c33425b7,13.140341,77.519521,329843000.0,clear,None,2026-08-20T15:25:51.544712,
0989ce68-ac53-4d00-8d38-fe89e0d4589f,BLR-053/3-0989,Bengaluru Urban,Anekal,Whitefield,4.94,Industrial,Factory,4e5a68e7-3e07-44c8-8d9a-6b2d98b85c9b,13.023811,77.647428,281157000.0,clear,None,2026-08-20T15:25:51.544756,
3bba5ad1-911c-42ce-86cd-91ea8ca32f48,BLR-054/1-3BBA,Bengaluru Urban,Bengaluru South,Electronic City,2.12,Industrial,IT Park,43beba1f-be3c-46c2-ba37-6a8f01fed7d4,12.993146,77.759647,38390000.0,disputed,Court Order,2026-08-20T15:25:51.544796,
b6668f6f-5c5c-40b8-800f-0f3f36b7d3c3,BLR-055/C-B666,Bengaluru Urban,Bengaluru South,Electronic City,3.02,Industrial,Manufacturing,4e5a68e7-3e07-44c8-8d9a-6b2d98b85c9b,12.858955,77.717715,116486000.0,mortgaged,Bank Mortgage,2026-08-20T15:25:51.544840,
a44f89a2-19c1-4472-80dd-c39e0200010a,BLR-056/Q-A44F,Bengaluru Urban,Bengaluru South,Electronic City,1.72,Industrial,Manufacturing,c0dc331c-861c-4bb1-99dc-69d39c226fe6,13.090425,77.685084,37127000.0,clear,None,2026-08-20T15:25:51.544874,
a2c1e824-95dd-49c3-a64b-cfe865aff8df,BLR-057/P-A2C1,Bengaluru Urban,Bengaluru South,Marathahalli,5.43,Industrial,IT Park,9d9734a7-1703-4db3-82ad-825e8a41a5ea,13.017613,77.549662,53507000.0,clear,None,2026-08-20T15:25:51.544915,
91cdc431-aa5e-442e-b372-1a944eb5552d,BLR-058/2-91CD,Bengaluru Urban,Bengaluru East,Indiranagar,1.58,Industrial,Logistics,72a28988-7259-4102-9ae0-452ede3ba196,13.030823,77.648208,13590000.0,clear,None,2026-08-20T15:25:51.544952,
bc124166-edb4-48cb-8d3c-bf19f7e2b268,BLR-059/B-BC12,Bengaluru Urban,Bengaluru North,Whitefield,6.11,Industrial,IT Park,09b9f80b-169e-4a15-9820-882165fe5129,12.918153,77.56918,291053000.0,disputed,Court Order,2026-08-20T15:25:51.544997,
90767464-393f-461c-b612-d738ee3dc6a0,BLR-060/P-9076,Bengaluru Urban,Bengaluru East,Electronic City,6.37,Industrial,IT Park,518a99c7-276c-4f5f-98ae-e92d9bf6b3ac,12.944087,77.55942,252806000.0,mortgaged,Bank Mortgage,2026-08-20T15:25:51.545035,
e9b8c0d0-f3b6-4e03-97c8-e53139260657,BLRR-001/3-E9B8,Bengaluru Rural,Nelamangala,Vijayapura,0.45,Residential,Villa,bf63502d-5134-47ad-8652-6e15c33425b7,13.13818,77.75702,8454000.0,clear,None,2026-08-20T15:25:51.545073,
d27441a9-2163-4f92-8ad2-4be7b96f298e,BLRR-002/2-D274,Bengaluru Rural,Hoskote,Vijayapura,0.12,Residential,Villa,72a28988-7259-4102-9ae0-452ede3ba196,13.215698,77.514568,1960000.0,clear,None,2026-08-20T15:25:51.545115,
421a1119-aa37-4b21-aacf-e625b40e63c7,BLRR-003/3-421A,Bengaluru Rural,Nelamangala,Doddaballapur Cross,0.23,Residential,Villa,9d9734a7-1703-4db3-82ad-825e8a41a5ea,13.410422,77.421445,5132000.0,clear,None,2026-08-20T15:25:51.545161,
0675b5c2-686e-48ea-a60c-2b782492dc35,BLRR-004/B-0675,Bengaluru Rural,Devanahalli,Nelamangala Highway,0.15,Residential,Apartment,09b9f80b-169e-4a15-9820-882165fe5129,13.057668,77.679384,1960000.0,disputed,Court Order,2026-08-20T15:25:51.545193,
424eb5d6-12ae-4896-ad36-ff8500c0a27c,BLRR-005/1-424E,Bengaluru Rural,Devanahalli,Budigere Cross,0.64,Residential,Duplex,4e5a68e7-3e07-44c8-8d9a-6b2d98b85c9b,13.176645,77.584807,9763000.0,mortgaged,Bank Mortgage,2026-08-20T15:25:51.545231,
e9d6c700-aa32-4d47-ba14-4e41097312c6,BLRR-006/2-E9D6,Bengaluru Rural,Nelamangala,Hoskote Industrial,0.13,Residential,Housing,c0dc331c-861c-4bb1-99dc-69d39c226fe6,13.126049,77.454524,2117000.0,clear,None,2026-08-20T15:25:51.545271,
ad10e6a0-cec8-4c3d-af47-fd8a3c2dff2a,BLRR-007/P-AD10,Bengaluru Rural,Devanahalli,Vijayapura,0.51,Residential,Apartment,9d9734a7-1703-4db3-82ad-825e8a41a5ea,13.401415,77.754013,4452000.0,clear,None,2026-08-20T15:25:51.545311,
1ded7030-72a4-4563-a74c-abef8daa3d85,BLRR-008/C-1DED,Bengaluru Rural,Doddaballapura,Nelamangala Highway,0.46,Residential,Housing,bf63502d-5134-47ad-8652-6e15c33425b7,13.39225,77.404242,8261000.0,clear,None,2026-08-20T15:25:51.545348,
cb13ba8b-1fef-4f35-922d-e1dfdd915ffe,BLRR-009/1-CB13,Bengaluru Rural,Hoskote,Vijayapura,0.11,Residential,Row House,4e5a68e7-3e07-44c8-8d9a-6b2d98b85c9b,13.333894,77.633987,1960000.0,disputed,Court Order,2026-08-20T15:25:51.545394,
23c62b3f-ce5f-4576-be99-bf9c58af553a,BLRR-010/P-23C6,Bengaluru Rural,Nelamangala,Devanahalli Town,0.17,Residential,Apartment,9d9734a7-1703-4db3-82ad-825e8a41a5ea,13.268174,77.670351,4506000.0,mortgaged,Bank Mortgage,2026-08-20T15:25:51.545437,
cea1b3a1-81c6-4a60-ac1c-9222ef8b024b,BLRR-011/C-CEA1,Bengaluru Rural,Hoskote,Devanahalli Town,0.36,Residential,Row House,518a99c7-276c-4f5f-98ae-e92d9bf6b3ac,13.345207,77.576714,6239000.0,clear,None,2026-08-20T15:25:51.545479,
7959785f-bf9c-40e8-956a-e36d40f4937b,BLRR-012/C-7959,Bengaluru Rural,Doddaballapura,Vijayapura,0.54,Residential,Apartment,c0dc331c-861c-4bb1-99dc-69d39c226fe6,13.304078,77.474633,7233000.0,clear,None,2026-08-20T15:25:51.545515,
2d4a0163-8e8b-47e8-b1d5-b47cce5a7b35,BLRR-013/2-2D4A,Bengaluru Rural,Nelamangala,Doddaballapur Cross,0.35,Residential,Duplex,09b9f80b-169e-4a15-9820-882165fe5129,13.047128,77.650228,6095000.0,clear,None,2026-08-20T15:25:51.545564,
dd282e15-d9f3-4fa8-b777-794025a61469,BLRR-014/C-DD28,Bengaluru Rural,Doddaballapura,Hoskote Industrial,0.36,Residential,Villa,4e5a68e7-3e07-44c8-8d9a-6b2d98b85c9b,13.260761,77.729648,5250000.0,disputed,Court Order,2026-08-20T15:25:51.545601,
9530553e-bd29-4c49-bce0-4cddaf7b7859,BLRR-015/3-9530,Bengaluru Rural,Doddaballapura,Nelamangala Highway,0.8,Residential,Villa,43beba1f-be3c-46c2-ba37-6a8f01fed7d4,13.229071,77.667046,5876000.0,mortgaged,Bank Mortgage,2026-08-20T15:25:51.545648,
f2ce074f-6707-4fac-a4eb-d24cafb11b2e,BLRR-016/C-F2CE,Bengaluru Rural,Devanahalli,Nelamangala Highway,1.85,Commercial,Warehouse,09b9f80b-169e-4a15-9820-882165fe5129,13.080094,77.412605,17137000.0,clear,None,2026-08-20T15:25:51.545681,
bf5c7f6b-e375-44db-bdb6-97f0658ab716,BLRR-017/Q-BF5C,Bengaluru Rural,Hoskote,Bagalur,1.06,Commercial,Office,bf63502d-5134-47ad-8652-6e15c33425b7,13.170089,77.412533,21931000.0,clear,None,2026-08-20T15:25:51.545726,
11f41021-0bc9-451e-a54d-d6bac6e3b00e,BLRR-018/B-11F4,Bengaluru Rural,Doddaballapura,Nelamangala Highway,1.0,Commercial,Showroom,c0dc331c-861c-4bb1-99dc-69d39c226fe6,13.303518,77.520951,37744000.0,clear,None,2026-08-20T15:25:51.545770,
ffc3ecd9-390a-4581-a640-a81df727b615,BLRR-019/A-FFC3,Bengaluru Rural,Devanahalli,Vijayapura,2.42,Commercial,Warehouse,bf63502d-5134-47ad-8652-6e15c33425b7,13.288015,77.723044,65314000.0,disputed,Court Order,2026-08-20T15:25:51.545802,
727ec472-1f50-4617-b395-3efbe707361f,BLRR-020/Q-727E,Bengaluru Rural,Doddaballapura,Budigere Cross,0.21,Commercial,Showroom,bf63502d-5134-47ad-8652-6e15c33425b7,13.327486,77.588291,4611000.0,mortgaged,Bank Mortgage,2026-08-20T15:25:51.545840,
5904bc36-31f2-4bc1-8780-1d536c3f1bbc,BLRR-021/2-5904,Bengaluru Rural,Nelamangala,Vijayapura,1.4,Commercial,Office,09b9f80b-169e-4a15-9820-882165fe5129,13.043109,77.425131,43657000.0,clear,None,2026-08-20T15:25:51.545883,
e469a245-e7a1-4589-9090-0bbe9af237af,BLRR-022/2-E469,Bengaluru Rural,Doddaballapura,Nelamangala Highway,0.63,Commercial,Office,43beba1f-be3c-46c2-ba37-6a8f01fed7d4,13.102518,77.572539,12470000.0,clear,None,2026-08-20T15:25:51.545924,
8469b5ea-dbad-45a9-88a4-62b0c6e85fdd,BLRR-023/A-8469,Bengaluru Rural,Hoskote,Devanahalli Town,0.75,Commercial,Showroom,c0dc331c-861c-4bb1-99dc-69d39c226fe6,13.289906,77.734443,10958000.0,clear,None,2026-08-20T15:25:51.545961,
24bf611a-4330-493c-bd46-558d55f2bd8e,BLRR-024/Q-24BF,Bengaluru Rural,Nelamangala,Budigere Cross,0.93,Commercial,Showroom,9d9734a7-1703-4db3-82ad-825e8a41a5ea,13.188801,77.414322,4987000.0,disputed,Court Order,2026-08-20T15:25:51.546005,
11601d26-c1c2-489d-b60d-f787c2e58811,BLRR-025/1-1160,Bengaluru Rural,Doddaballapura,Devanahalli Town,2.16,Commercial,Warehouse,bf63502d-5134-47ad-8652-6e15c33425b7,13.373555,77.739948,94563000.0,mortgaged,Bank Mortgage,2026-08-20T15:25:51.546051,
fa05d88f-36fd-4286-848f-632e30483c6e,BLRR-026/2-FA05,Bengaluru Rural,Devanahalli,Budigere Cross,2.25,Commercial,Office,43beba1f-be3c-46c2-ba37-6a8f01fed7d4,13.372835,77.619651,82616000.0,clear,None,2026-08-20T15:25:51.546092,
c10f0469-05c7-446b-ad52-be04b4715708,BLRR-027/2-C10F,Bengaluru Rural,Hoskote,Vijayapura,1.45,Commercial,Warehouse,9d9734a7-1703-4db3-82ad-825e8a41a5ea,13.10254,77.62847,28030000.0,clear,None,2026-08-20T15:25:51.546139,
30156760-82cc-4e5b-b3f1-c2190b5cbb64,BLRR-028/2-3015,Bengaluru Rural,Doddaballapura,Devanahalli Town,1.6,Commercial,Showroom,43beba1f-be3c-46c2-ba37-6a8f01fed7d4,13.221565,77.559667,21855000.0,clear,None,2026-08-20T15:25:51.546204,
69a84c80-c4d2-4d5b-84a8-9550cae2da91,BLRR-029/B-69A8,Bengaluru Rural,Doddaballapura,Nelamangala Highway,1.3,Commercial,Mall,43beba1f-be3c-46c2-ba37-6a8f01fed7d4,13.126005,77.710621,20986000.0,disputed,Court Order,2026-08-20T15:25:51.546249,
e14406c9-655e-418c-9564-28051244f036,BLRR-030/P-E144,Bengaluru Rural,Hoskote,Vijayapura,1.61,Commercial,Warehouse,c0dc331c-861c-4bb1-99dc-69d39c226fe6,13.306826,77.387821,32613000.0,mortgaged,Bank Mortgage,2026-08-20T15:25:51.546286,
b220b2c0-bd72-48f2-b0cf-bbdde8167c93,BLRR-031/B-B220,Bengaluru Rural,Nelamangala,Doddaballapur Cross,10.54,Agricultural,Plantation,9d9734a7-1703-4db3-82ad-825e8a41a5ea,13.19518,77.447124,9609000.0,clear,None,2026-08-20T15:25:51.546318,
25577ced-0212-4184-a371-533477402bcf,BLRR-032/Q-2557,Bengaluru Rural,Devanahalli,Bagalur,3.07,Agricultural,Orchard,09b9f80b-169e-4a15-9820-882165fe5129,13.060022,77.620465,21380000.0,clear,None,2026-08-20T15:25:51.546354,
69de2c16-1050-4ba2-ab81-a96dc1044612,BLRR-033/A-69DE,Bengaluru Rural,Nelamangala,Vijayapura,9.88,Agricultural,Plantation,72a28988-7259-4102-9ae0-452ede3ba196,13.229936,77.761145,62868000.0,clear,None,2026-08-20T15:25:51.546391,
0d344034-9648-4830-9065-6b5fcfc0992b,BLRR-034/Q-0D34,Bengaluru Rural,Doddaballapura,Hoskote Industrial,10.76,Agricultural,Grazing,43beba1f-be3c-46c2-ba37-6a8f01fed7d4,13.358676,77.655326,62285000.0,disputed,Court Order,2026-08-20T15:25:51.546427,
7801e465-c635-437f-964a-d457e91fed1d,BLRR-035/2-7801,Bengaluru Rural,Hoskote,Doddaballapur Cross,8.08,Agricultural,Grazing,72a28988-7259-4102-9ae0-452ede3ba196,13.32761,77.722853,25637000.0,mortgaged,Bank Mortgage,2026-08-20T15:25:51.546468,
fab32f54-ebd9-4313-b281-f833d9dce0cf,BLRR-036/P-FAB3,Bengaluru Rural,Devanahalli,Bagalur,5.04,Agricultural,Farming,72a28988-7259-4102-9ae0-452ede3ba196,13.09511,77.628933,31711000.0,clear,None,2026-08-20T15:25:51.546504,
0ee563b2-dc27-4495-aba1-3feb7cdfd38f,BLRR-037/Q-0EE5,Bengaluru Rural,Hoskote,Doddaballapur Cross,5.01,Agricultural,Orchard,518a99c7-276c-4f5f-98ae-e92d9bf6b3ac,13.154429,77.367037,29351000.0,clear,None,2026-08-20T15:25:51.546536,
02d3db41-2dc0-4371-b217-95f37c999ba9,BLRR-038/B-02D3,Bengaluru Rural,Nelamangala,Budigere Cross,7.61,Agricultural,Grazing,518a99c7-276c-4f5f-98ae-e92d9bf6b3ac,13.313189,77.563798,21303000.0,clear,None,2026-08-20T15:25:51.546577,
ed1f5c14-da45-4934-88f7-a8e300cda769,BLRR-039/P-ED1F,Bengaluru Rural,Devanahalli,Vijayapura,14.66,Agricultural,Farming,09b9f80b-169e-4a15-9820-882165fe5129,13.318873,77.520919,100351000.0,disputed,Court Order,2026-08-20T15:25:51.546607,
843cc00e-9635-4b42-9ce0-1efb635ecbf3,BLRR-040/3-843C,Bengaluru Rural,Doddaballapura,Budigere Cross,12.18,Agricultural,Grazing,4e5a68e7-3e07-44c8-8d9a-6b2d98b85c9b,13.083331,77.46007,83880000.0,mortgaged,Bank Mortgage,2026-08-20T15:25:51.546654,
03e44692-aab4-4e34-a918-2b30dc4d5ac2,BLRR-041/P-03E4,Bengaluru Rural,Nelamangala,Hoskote Industrial,3.58,Agricultural,Grazing,9d9734a7-1703-4db3-82ad-825e8a41a5ea,13.146252,77.530922,10052000.0,clear,None,2026-08-20T15:25:51.546695,
8dc72556-c7c9-4cf8-ab4b-89369cc28f06,BLRR-042/P-8DC7,Bengaluru Rural,Devanahalli,Budigere Cross,6.33,Agricultural,Grazing,518a99c7-276c-4f5f-98ae-e92d9bf6b3ac,13.216488,77.633097,39724000.0,clear,None,2026-08-20T15:25:51.546738,
0e501250-5870-4f01-8438-e0b8519db7ee,BLRR-043/1-0E50,Bengaluru Rural,Hoskote,Hoskote Industrial,11.92,Agricultural,Farming,518a99c7-276c-4f5f-98ae-e92d9bf6b3ac,13.410339,77.695935,77478000.0,clear,None,2026-08-20T15:25:51.546772,
9ae2182e-3cb4-480d-9dc1-e3e52aea2b0a,BLRR-044/P-9AE2,Bengaluru Rural,Devanahalli,Nelamangala Highway,11.59,Agricultural,Horticulture,43beba1f-be3c-46c2-ba37-6a8f01fed7d4,13.372791,77.738461,54893000.0,disputed,Court Order,2026-08-20T15:25:51.546802,
7e0b5d2f-198f-4e83-a627-55cda9558e0c,BLRR-045/P-7E0B,Bengaluru Rural,Doddaballapura,Budigere Cross,9.82,Agricultural,Grazing,43beba1f-be3c-46c2-ba37-6a8f01fed7d4,13.327267,77.465498,12370000.0,mortgaged,Bank Mortgage,2026-08-20T15:25:51.546837,
8d082337-e5fa-490b-8253-abe8a1a0758b,BLRR-046/2-8D08,Bengaluru Rural,Nelamangala,Bagalur,6.11,Industrial,IT Park,c0dc331c-861c-4bb1-99dc-69d39c226fe6,13.089539,77.646502,17866000.0,clear,None,2026-08-20T15:25:51.546873,
1cf4fea8-33e3-4ec9-884d-145003a4b2a9,BLRR-047/2-1CF4,Bengaluru Rural,Hoskote,Hoskote Industrial,5.38,Industrial,Factory,c0dc331c-861c-4bb1-99dc-69d39c226fe6,13.384471,77.723161,99003000.0,clear,None,2026-08-20T15:25:51.546911,
90ad3013-caf4-43ca-9466-d16f5db641f0,BLRR-048/2-90AD,Bengaluru Rural,Doddaballapura,Hoskote Industrial,1.92,Industrial,Factory,09b9f80b-169e-4a15-9820-882165fe5129,13.043479,77.761382,27948000.0,clear,None,2026-08-20T15:25:51.546958,
e15840e4-1dbb-4d81-a7d6-70d4abc11553,BLRR-049/Q-E158,Bengaluru Rural,Devanahalli,Vijayapura,4.63,Industrial,Workshop,c0dc331c-861c-4bb1-99dc-69d39c226fe6,13.191244,77.661068,62064000.0,disputed,Court Order,2026-08-20T15:25:51.547132,
054cf7fa-4234-45c1-a88f-fe8047fa76ce,BLRR-050/C-054C,Bengaluru Rural,Devanahalli,Budigere Cross,1.8,Industrial,Factory,43beba1f-be3c-46c2-ba37-6a8f01fed7d4,13.212759,77.512177,22943000.0,mortgaged,Bank Mortgage,2026-08-20T15:25:51.547169,
a7a34fc2-87d7-4aee-bf63-f7285406ee68,BLRR-051/C-A7A3,Bengaluru Rural,Devanahalli,Vijayapura,6.87,Industrial,IT Park,43beba1f-be3c-46c2-ba37-6a8f01fed7d4,13.152377,77.735154,24179000.0,clear,None,2026-08-20T15:25:51.547517,
4109ac40-9411-40c7-a973-fe0f9aebffca,BLRR-052/2-4109,Bengaluru Rural,Hoskote,Nelamangala Highway,4.68,Industrial,Logistics,bf63502d-5134-47ad-8652-6e15c33425b7,13.43101,77.508541,23809000.0,clear,None,2026-08-20T15:25:51.547632,
fabec487-7064-4a0d-8538-f658c52a907a,BLRR-053/3-FABE,Bengaluru Rural,Nelamangala,Nelamangala Highway,6.85,Industrial,Factory,c0dc331c-861c-4bb1-99dc-69d39c226fe6,13.152737,77.656986,59581000.0,clear,None,2026-08-20T15:25:51.547725,
f95d440a-994d-4898-8860-dbbc9c9e9aa4,BLRR-054/A-F95D,Bengaluru Rural,Nelamangala,Vijayapura,2.08,Industrial,IT Park,72a28988-7259-4102-9ae0-452ede3ba196,13.169046,77.560389,40662000.0,disputed,Court Order,2026-08-20T15:25:51.547813,
f5653d95-a6ab-43cc-b6bb-28fd04e59e68,BLRR-055/2-F565,Bengaluru Rural,Hoskote,Hoskote Industrial,2.71,Industrial,IT Park,bf63502d-5134-47ad-8652-6e15c33425b7,13.061497,77.612305,24795000.0,mortgaged,Bank Mortgage,2026-08-20T15:25:51.547899,
0c552443-8d6e-4f82-a91a-200fa5b8058e,BLRR-056/2-0C55,Bengaluru Rural,Nelamangala,Doddaballapur Cross,5.9,Industrial,Workshop,bf63502d-5134-47ad-8652-6e15c33425b7,13.299072,77.682511,116317000.0,clear,None,2026-08-20T15:25:51.547970,
41da998a-b17d-4d53-a9e0-2117854db4eb,BLRR-057/Q-41DA,Bengaluru Rural,Nelamangala,Devanahalli Town,4.89,Industrial,Logistics,9d9734a7-1703-4db3-82ad-825e8a41a5ea,13.361809,77.43747,103388000.0,clear,None,2026-08-20T15:25:51.548053,
9391bebf-2a3d-49e2-a070-524460bb4223,BLRR-058/P-9391,Bengaluru Rural,Doddaballapura,Nelamangala Highway,4.32,Industrial,Workshop,43beba1f-be3c-46c2-ba37-6a8f01fed7d4,13.108291,77.520838,88700000.0,clear,None,2026-08-20T15:25:51.548164,
a3d3cb8e-c91c-48c0-809f-5721020f0a66,BLRR-059/A-A3D3,Bengaluru Rural,Nelamangala,Bagalur,1.79,Industrial,Logistics,72a28988-7259-4102-9ae0-452ede3ba196,13.225613,77.643199,9537000.0,disputed,Court Order,2026-08-20T15:25:51.548238,
a7fbcd2a-8195-4e00-80af-d21a66edcf0e,BLRR-060/B-A7FB,Bengaluru Rural,Hoskote,Vijayapura,1.93,Industrial,Logistics,9d9734a7-1703-4db3-82ad-825e8a41a5ea,13.145389,77.710143,5486000.0,mortgaged,Bank Mortgage,2026-08-20T15:25:51.548330,
a0a7f3ab-a5b7-4e9b-87b6-c2ffddfbfe5d,DLH-001/A-A0A7,Delhi,West Delhi,Lajpat Nagar,0.77,Residential,Villa,4e5a68e7-3e07-44c8-8d9a-6b2d98b85c9b,28.586614,77.376217,75043000.0,clear,None,2026-08-20T15:25:51.548857,
345a7f32-795f-4976-b329-0414d9c147b8,DLH-002/C-345A,Delhi,New Delhi,Narela,0.25,Residential,Apartment,72a28988-7259-4102-9ae0-452ede3ba196,28.600682,77.383473,18729000.0,clear,None,2026-08-20T15:25:51.548918,
d01d171b-9dba-4ff5-b62d-83683f4ae872,DLH-003/2-D01D,Delhi,Dwarka,Saket,0.73,Residential,Villa,bf63502d-5134-47ad-8652-6e15c33425b7,28.643756,77.215153,77257000.0,clear,None,2026-08-20T15:25:51.548969,
794f04bf-e6a5-4b2f-9266-5a2473a769e9,DLH-004/P-794F,Delhi,West Delhi,Lajpat Nagar,0.43,Residential,Villa,c0dc331c-861c-4bb1-99dc-69d39c226fe6,28.799882,77.333711,46684000.0,disputed,Court Order,2026-08-20T15:25:51.549020,
2a582c67-bbad-47da-a2e1-36b9124c52f8,DLH-005/1-2A58,Delhi,North Delhi,Lajpat Nagar,0.31,Residential,Duplex,9d9734a7-1703-4db3-82ad-825e8a41a5ea,28.748258,77.304171,15688000.0,mortgaged,Bank Mortgage,2026-08-20T15:25:51.549059,
7c60b022-4889-45b4-b50e-2086b663e1eb,DLH-006/P-7C60,Delhi,West Delhi,Connaught Place,0.2,Residential,Apartment,09b9f80b-169e-4a15-9820-882165fe5129,28.808541,77.399717,14575000.0,clear,None,2026-08-20T15:25:51.549137,
2c1101b2-7bae-41c2-8f60-837873b04e4b,DLH-007/B-2C11,Delhi,Dwarka,Dwarka,0.7,Residential,Duplex,bf63502d-5134-47ad-8652-6e15c33425b7,28.564113,77.097265,40382000.0,clear,None,2026-08-20T15:25:51.549185,
858dbca3-aef8-4b03-bcc1-9b9a5ad87dc6,DLH-008/1-858D,Delhi,East Delhi,Lajpat Nagar,0.42,Residential,Row House,72a28988-7259-4102-9ae0-452ede3ba196,28.812166,77.245632,40011000.0,clear,None,2026-08-20T15:25:51.549226,
ff662a1e-c626-4f64-be97-76f257386027,DLH-009/Q-FF66,Delhi,South Delhi,Greater Kailash,0.58,Residential,Apartment,bf63502d-5134-47ad-8652-6e15c33425b7,28.757069,77.307915,6867000.0,disputed,Court Order,2026-08-20T15:25:51.549272,
c8ea0541-177a-49af-ae9e-74f495dac262,DLH-010/1-C8EA,Delhi,Dwarka,Mehrauli,0.3,Residential,Apartment,c0dc331c-861c-4bb1-99dc-69d39c226fe6,28.773073,77.210426,15826000.0,mortgaged,Bank Mortgage,2026-08-20T15:25:51.549326,
a8912a64-a1b4-4085-888a-fd9fa1848e23,DLH-011/C-A891,Delhi,South Delhi,Hauz Khas,0.39,Residential,Duplex,09b9f80b-169e-4a15-9820-882165fe5129,28.671774,77.125607,6160000.0,clear,None,2026-08-20T15:25:51.549372,
94459aed-38fa-42a8-ace5-eca20e92f034,DLH-012/B-9445,Delhi,New Delhi,Narela,0.75,Residential,Duplex,518a99c7-276c-4f5f-98ae-e92d9bf6b3ac,28.721307,77.388116,78441000.0,clear,None,2026-08-20T15:25:51.549430,
093f5d6a-be58-4a86-ade4-1d59e0222b65,DLH-013/Q-093F,Delhi,Dwarka,Greater Kailash,0.78,Residential,Housing,c0dc331c-861c-4bb1-99dc-69d39c226fe6,28.571669,77.205186,55582000.0,clear,None,2026-08-20T15:25:51.549480,
357592ff-c46f-47d1-aae0-605d2d822967,DLH-014/2-3575,Delhi,West Delhi,Hauz Khas,0.23,Residential,Duplex,bf63502d-5134-47ad-8652-6e15c33425b7,28.730388,77.07061,9235000.0,disputed,Court Order,2026-08-20T15:25:51.549539,
c7f62dc7-7ab0-42ba-8eb6-c0e631bd273f,DLH-015/3-C7F6,Delhi,Dwarka,Pitampura,0.1,Residential,Villa,09b9f80b-169e-4a15-9820-882165fe5129,28.530566,77.264579,5600000.0,mortgaged,Bank Mortgage,2026-08-20T15:25:51.549582,
a4d784e8-c7e1-45a9-a039-b3343b38f57a,DLH-016/A-A4D7,Delhi,New Delhi,Defence Colony,0.5,Commercial,Retail Shop,09b9f80b-169e-4a15-9820-882165fe5129,28.691598,77.284219,32133000.0,clear,None,2026-08-20T15:25:51.549642,
8ff9308e-da8c-4eda-84e6-3770cea524d5,DLH-017/C-8FF9,Delhi,West Delhi,Najafgarh,0.76,Commercial,Warehouse,c0dc331c-861c-4bb1-99dc-69d39c226fe6,28.641994,77.048642,82034000.0,clear,None,2026-08-20T15:25:51.549688,
6bd7a719-7704-45db-a702-2447e71ddcf8,DLH-018/3-6BD7,Delhi,New Delhi,Saket,1.75,Commercial,Showroom,9d9734a7-1703-4db3-82ad-825e8a41a5ea,28.572448,77.218065,216670000.0,clear,None,2026-08-20T15:25:51.549750,
37bca64e-074f-4ea4-b3a4-0b276e333d33,DLH-019/2-37BC,Delhi,East Delhi,Hauz Khas,1.65,Commercial,Retail Shop,9d9734a7-1703-4db3-82ad-825e8a41a5ea,28.467743,77.048841,38269000.0,disputed,Court Order,2026-08-20T15:25:51.549790,
b5ecda74-0bdf-48dc-a39d-821238783957,DLH-020/C-B5EC,Delhi,Dwarka,Rohini,1.32,Commercial,Showroom,bf63502d-5134-47ad-8652-6e15c33425b7,28.457653,77.27901,159930000.0,mortgaged,Bank Mortgage,2026-08-20T15:25:51.549841,
5b13a2e2-c907-4660-adff-b880631bfdd3,DLH-021/P-5B13,Delhi,West Delhi,Vasant Kunj,0.81,Commercial,Showroom,43beba1f-be3c-46c2-ba37-6a8f01fed7d4,28.692283,77.244196,140700000.0,clear,None,2026-08-20T15:25:51.549895,
1e84064c-2c42-4711-8007-306baad3e8af,DLH-022/C-1E84,Delhi,East Delhi,Vasant Kunj,1.72,Commercial,Retail Shop,43beba1f-be3c-46c2-ba37-6a8f01fed7d4,28.743463,77.384241,99577000.0,clear,None,2026-08-20T15:25:51.549950,
6cd0b949-cbe0-43ef-ac3c-19fb4d29b16c,DLH-023/B-6CD0,Delhi,West Delhi,Janakpuri,2.19,Commercial,Mall,9d9734a7-1703-4db3-82ad-825e8a41a5ea,28.77413,77.171803,160529000.0,clear,None,2026-08-20T15:25:51.550008,
39f951af-6105-4fe8-a32f-84e7ffea48fd,DLH-024/C-39F9,Delhi,East Delhi,Janakpuri,2.09,Commercial,Mall,c0dc331c-861c-4bb1-99dc-69d39c226fe6,28.42233,77.395722,234926000.0,disputed,Court Order,2026-08-20T15:25:51.550059,
cb91f52c-d2ca-4f6d-959f-5d2146c72413,DLH-025/C-CB91,Delhi,East Delhi,Greater Kailash,0.21,Commercial,Retail Shop,9d9734a7-1703-4db3-82ad-825e8a41a5ea,28.49393,77.131219,22588000.0,mortgaged,Bank Mortgage,2026-08-20T15:25:51.550119,
5392b5ba-2774-4001-a9ed-dd0739a5db93,DLH-026/C-5392,Delhi,East Delhi,Connaught Place,1.19,Commercial,Warehouse,9d9734a7-1703-4db3-82ad-825e8a41a5ea,28.517963,77.044625,88089000.0,clear,None,2026-08-20T15:25:51.550160,
fcb8f9cb-7ae8-4142-8d20-ca6472a9be78,DLH-027/C-FCB8,Delhi,South Delhi,Najafgarh,1.78,Commercial,Showroom,72a28988-7259-4102-9ae0-452ede3ba196,28.699234,77.292381,237496000.0,clear,None,2026-08-20T15:25:51.550205,
b6d9d887-ff5c-49df-bec8-a977e0fb7b4c,DLH-028/2-B6D9,Delhi,South Delhi,Defence Colony,0.85,Commercial,Showroom,72a28988-7259-4102-9ae0-452ede3ba196,28.764675,77.254173,116902000.0,clear,None,2026-08-20T15:25:51.550247,
aab0dc3d-9201-4d25-a351-baac247273bb,DLH-029/1-AAB0,Delhi,East Delhi,Mehrauli,2.24,Commercial,Office,43beba1f-be3c-46c2-ba37-6a8f01fed7d4,28.424285,77.281525,278827000.0,disputed,Court Order,2026-08-20T15:25:51.550303,
2e46c9b3-d844-4997-b4d1-eb5edd5a6380,DLH-030/2-2E46,Delhi,Dwarka,Narela,0.5,Commercial,Warehouse,bf63502d-5134-47ad-8652-6e15c33425b7,28.680108,77.341821,48687000.0,mortgaged,Bank Mortgage,2026-08-20T15:25:51.550355,
83e68c12-be68-430a-bae3-5f99d74baaee,DLH-031/3-83E6,Delhi,West Delhi,Rohini,11.88,Agricultural,Farming,518a99c7-276c-4f5f-98ae-e92d9bf6b3ac,28.420407,77.305206,168861000.0,clear,None,2026-08-20T15:25:51.550440,
acfa9348-2706-42be-9966-823e6b33133d,DLH-032/A-ACFA,Delhi,North Delhi,Defence Colony,4.32,Agricultural,Farming,09b9f80b-169e-4a15-9820-882165fe5129,28.673349,77.268896,58400000.0,clear,None,2026-08-20T15:25:51.550490,
9d844500-179a-42c6-b701-09930ada48bc,DLH-033/Q-9D84,Delhi,Dwarka,Dwarka,8.63,Agricultural,Farming,43beba1f-be3c-46c2-ba37-6a8f01fed7d4,28.582702,77.13534,34204000.0,clear,None,2026-08-20T15:25:51.550712,
267bbdbd-76ff-462a-bf81-22c273a15eef,DLH-034/3-267B,Delhi,South Delhi,Narela,10.64,Agricultural,Plantation,9d9734a7-1703-4db3-82ad-825e8a41a5ea,28.483786,77.352785,162323000.0,disputed,Court Order,2026-08-20T15:25:51.550796,
36dffca8-522b-4a51-89a3-290a77bf0cd9,DLH-035/1-36DF,Delhi,East Delhi,Hauz Khas,4.81,Agricultural,Farming,9d9734a7-1703-4db3-82ad-825e8a41a5ea,28.737558,77.145528,73572000.0,mortgaged,Bank Mortgage,2026-08-20T15:25:51.550861,
87cd3ff4-15db-4987-b5f7-c809344dd598,DLH-036/2-87CD,Delhi,Dwarka,Defence Colony,13.77,Agricultural,Plantation,518a99c7-276c-4f5f-98ae-e92d9bf6b3ac,28.417061,77.120912,218667000.0,clear,None,2026-08-20T15:25:51.550922,
df7e64cf-5e36-4d25-86e7-c83287a23e2b,DLH-037/A-DF7E,Delhi,South Delhi,Hauz Khas,12.37,Agricultural,Horticulture,09b9f80b-169e-4a15-9820-882165fe5129,28.8095,77.235239,312813000.0,clear,None,2026-08-20T15:25:51.550987,
eb9ba5a0-7ea5-4145-b18a-69f307ce69fd,DLH-038/C-EB9B,Delhi,North Delhi,Karol Bagh,11.1,Agricultural,Orchard,9d9734a7-1703-4db3-82ad-825e8a41a5ea,28.465654,77.29081,271846000.0,clear,None,2026-08-20T15:25:51.551042,
ba47a2d4-d982-4685-9425-726f6e397e2a,DLH-039/Q-BA47,Delhi,Dwarka,Saket,2.71,Agricultural,Plantation,43beba1f-be3c-46c2-ba37-6a8f01fed7d4,28.663808,77.258436,33258000.0,disputed,Court Order,2026-08-20T15:25:51.551106,
5bc7d47d-9395-4653-af9e-2ed43406bf83,DLH-040/3-5BC7,Delhi,South Delhi,Pitampura,3.05,Agricultural,Farming,72a28988-7259-4102-9ae0-452ede3ba196,28.453633,77.076262,18392000.0,mortgaged,Bank Mortgage,2026-08-20T15:25:51.551161,
659fb924-d822-4589-8025-3b41dedae870,DLH-041/A-659F,Delhi,West Delhi,Rohini,10.61,Agricultural,Grazing,72a28988-7259-4102-9ae0-452ede3ba196,28.512426,77.230883,238589000.0,clear,None,2026-08-20T15:25:51.551209,
a4c26db0-a977-447a-b770-142dcd059dfd,DLH-042/3-A4C2,Delhi,South Delhi,Greater Kailash,5.19,Agricultural,Orchard,4e5a68e7-3e07-44c8-8d9a-6b2d98b85c9b,28.678811,77.137655,40167000.0,clear,None,2026-08-20T15:25:51.551262,
9fbd2eaa-6213-4499-b7d1-7ed3fef7d164,DLH-043/A-9FBD,Delhi,Dwarka,Dwarka,11.74,Agricultural,Farming,72a28988-7259-4102-9ae0-452ede3ba196,28.686122,77.292679,85101000.0,clear,None,2026-08-20T15:25:51.551299,
51bb273f-a949-49b1-a0b1-059042fd0722,DLH-044/3-51BB,Delhi,New Delhi,Karol Bagh,2.13,Agricultural,Horticulture,43beba1f-be3c-46c2-ba37-6a8f01fed7d4,28.781257,77.221964,22259000.0,disputed,Court Order,2026-08-20T15:25:51.551348,
a55b1fc2-0f81-457e-804c-6d7b1d2e74c7,DLH-045/Q-A55B,Delhi,New Delhi,Mehrauli,9.32,Agricultural,Orchard,4e5a68e7-3e07-44c8-8d9a-6b2d98b85c9b,28.448114,77.033275,29723000.0,mortgaged,Bank Mortgage,2026-08-20T15:25:51.551381,
285c1c9c-6414-426d-ad55-70fc3dc573ff,DLH-046/C-285C,Delhi,East Delhi,Saket,5.22,Industrial,Logistics,518a99c7-276c-4f5f-98ae-e92d9bf6b3ac,28.530326,77.397108,256265000.0,clear,None,2026-08-20T15:25:51.551431,
811aa24e-943f-4dea-8eae-ce6050848c49,DLH-047/P-811A,Delhi,East Delhi,Dwarka,6.78,Industrial,Workshop,9d9734a7-1703-4db3-82ad-825e8a41a5ea,28.41659,77.012957,245455000.0,clear,None,2026-08-20T15:25:51.551465,
abe509bf-a7d6-4253-8929-4ef02613b3f8,DLH-048/P-ABE5,Delhi,Dwarka,Narela,1.83,Industrial,Factory,43beba1f-be3c-46c2-ba37-6a8f01fed7d4,28.766989,77.061318,41415000.0,clear,None,2026-08-20T15:25:51.551499,
6dfe9bb7-0497-4793-aeee-8156a5387055,DLH-049/P-6DFE,Delhi,North Delhi,Vasant Kunj,2.78,Industrial,Logistics,4e5a68e7-3e07-44c8-8d9a-6b2d98b85c9b,28.447804,77.309649,86552000.0,disputed,Court Order,2026-08-20T15:25:51.551554,
cc0b1dc1-3c9e-41f9-b983-a91e847b1bb8,DLH-050/2-CC0B,Delhi,Dwarka,Rohini,2.33,Industrial,Logistics,72a28988-7259-4102-9ae0-452ede3ba196,28.655514,77.064146,177787000.0,mortgaged,Bank Mortgage,2026-08-20T15:25:51.551590,
07912388-1340-4cc1-9529-a1da9f454140,DLH-051/C-0791,Delhi,North Delhi,Vasant Kunj,7.6,Industrial,Logistics,4e5a68e7-3e07-44c8-8d9a-6b2d98b85c9b,28.417772,77.333161,567214000.0,clear,None,2026-08-20T15:25:51.551625,
04e1e61b-7fe2-4fde-847f-eb94dc82f2da,DLH-052/P-04E1,Delhi,North Delhi,Rohini,3.04,Industrial,Workshop,c0dc331c-861c-4bb1-99dc-69d39c226fe6,28.623658,77.190865,112697000.0,clear,None,2026-08-20T15:25:51.551659,
0fa5bddc-2a9c-41c9-83ec-a780387ebe70,DLH-053/Q-0FA5,Delhi,East Delhi,Hauz Khas,1.27,Industrial,IT Park,4e5a68e7-3e07-44c8-8d9a-6b2d98b85c9b,28.450341,77.26752,103451000.0,clear,None,2026-08-20T15:25:51.551694,
ddf426f3-2dfb-4591-b3f4-000c9be8b5aa,DLH-054/C-DDF4,Delhi,Dwarka,Janakpuri,4.39,Industrial,Manufacturing,bf63502d-5134-47ad-8652-6e15c33425b7,28.441195,77.228371,117996000.0,disputed,Court Order,2026-08-20T15:25:51.551742,
2714b410-79ba-496b-9c65-b20331fd332e,DLH-055/A-2714,Delhi,East Delhi,Connaught Place,7.5,Industrial,Workshop,43beba1f-be3c-46c2-ba37-6a8f01fed7d4,28.563758,77.104416,110289000.0,mortgaged,Bank Mortgage,2026-08-20T15:25:51.551775,
4a50d7fc-c7ee-4ac4-92a5-ba83403b8c95,DLH-056/B-4A50,Delhi,North Delhi,Narela,3.11,Industrial,Manufacturing,518a99c7-276c-4f5f-98ae-e92d9bf6b3ac,28.653448,77.402241,48349000.0,clear,None,2026-08-20T15:25:51.551809,
d6d24d37-b719-4c93-ae29-25fd3f2c594d,DLH-057/Q-D6D2,Delhi,South Delhi,Defence Colony,2.95,Industrial,Workshop,43beba1f-be3c-46c2-ba37-6a8f01fed7d4,28.671341,77.313198,145584000.0,clear,None,2026-08-20T15:25:51.551850,
149505ed-ebc0-45d1-a483-2cb4ddf22db0,DLH-058/P-1495,Delhi,North Delhi,Pitampura,4.09,Industrial,Manufacturing,bf63502d-5134-47ad-8652-6e15c33425b7,28.616017,77.302971,280845000.0,clear,None,2026-08-20T15:25:51.551894,
ad5c82a0-eda6-409f-88a6-b963ba4c2ce0,DLH-059/B-AD5C,Delhi,New Delhi,Pitampura,3.69,Industrial,Factory,72a28988-7259-4102-9ae0-452ede3ba196,28.640143,77.086691,156928000.0,disputed,Court Order,2026-08-20T15:25:51.551928,
37acdb8f-c185-4996-91a1-837002b85958,DLH-060/3-37AC,Delhi,North Delhi,Najafgarh,6.24,Industrial,Logistics,518a99c7-276c-4f5f-98ae-e92d9bf6b3ac,28.785907,77.168188,200845000.0,mortgaged,Bank Mortgage,2026-08-20T15:25:51.551973,
daeebe08-7f85-41b0-a5c8-d50805d0b946,CHN-001/2-DAEE,Chennai,Chennai North,Perungudi,0.64,Residential,Row House,43beba1f-be3c-46c2-ba37-6a8f01fed7d4,12.985023,80.145328,29124000.0,clear,None,2026-08-20T15:25:51.552013,
f7b4271d-f081-45d4-b295-e2775a829855,CHN-002/B-F7B4,Chennai,Sholinganallur,Porur,0.79,Residential,Duplex,72a28988-7259-4102-9ae0-452ede3ba196,13.082852,80.228624,33660000.0,clear,None,2026-08-20T15:25:51.552059,
153db468-71a0-44b0-8230-779b7eaf35c5,CHN-003/P-153D,Chennai,Ambattur,Guindy,0.66,Residential,Duplex,9d9734a7-1703-4db3-82ad-825e8a41a5ea,13.006826,80.133883,6613000.0,clear,None,2026-08-20T15:25:51.552109,
23971b59-5761-4ee2-b3a2-85512c632740,CHN-004/2-2397,Chennai,Chennai North,Royapettah,0.8,Residential,Villa,bf63502d-5134-47ad-8652-6e15c33425b7,13.064783,80.177394,37893000.0,disputed,Court Order,2026-08-20T15:25:51.552148,
d7b3c152-94a0-4841-8110-c9708b0f5361,CHN-005/C-D7B3,Chennai,Sholinganallur,Perambur,0.72,Residential,Villa,c0dc331c-861c-4bb1-99dc-69d39c226fe6,13.005172,80.216523,11132000.0,mortgaged,Bank Mortgage,2026-08-20T15:25:51.552186,
0b1af986-411d-48c7-b213-6dbbe0fd03c6,CHN-006/3-0B1A,Chennai,Chennai North,T Nagar,0.12,Residential,Housing,c0dc331c-861c-4bb1-99dc-69d39c226fe6,13.038706,80.200255,3755000.0,clear,None,2026-08-20T15:25:51.552249,
46889c9f-25a0-4a26-b78e-d0bc4e88ce03,CHN-007/2-4688,Chennai,Ambattur,Porur,0.37,Residential,Apartment,72a28988-7259-4102-9ae0-452ede3ba196,13.093427,80.12001,7678000.0,clear,None,2026-08-20T15:25:51.552307,
22a28f0b-1e1c-4496-9359-45f63c3064fe,CHN-008/C-22A2,Chennai,Chennai South,Chromepet,0.79,Residential,Villa,9d9734a7-1703-4db3-82ad-825e8a41a5ea,13.032035,80.123109,28457000.0,clear,None,2026-08-20T15:25:51.552353,
d1ae8ad4-91a4-48ca-9fb4-083d1a8ce320,CHN-009/P-D1AE,Chennai,Ambattur,Perambur,0.25,Residential,Apartment,518a99c7-276c-4f5f-98ae-e92d9bf6b3ac,13.062399,80.205587,9685000.0,disputed,Court Order,2026-08-20T15:25:51.552395,
733d2c10-8fa0-41ec-bc11-a32372f7d1bf,CHN-010/C-733D,Chennai,Sholinganallur,Perambur,0.57,Residential,Row House,c0dc331c-861c-4bb1-99dc-69d39c226fe6,13.061213,80.183889,6774000.0,mortgaged,Bank Mortgage,2026-08-20T15:25:51.552433,
9f9b4d6d-4361-4d77-affe-e24eca2c1ccc,CHN-011/A-9F9B,Chennai,Chennai North,Porur,0.4,Residential,Row House,518a99c7-276c-4f5f-98ae-e92d9bf6b3ac,13.015802,80.13286,9290000.0,clear,None,2026-08-20T15:25:51.552479,
e05f0363-ef6f-4772-8c7a-14cb80e9ccdb,CHN-012/1-E05F,Chennai,Tambaram,Perambur,0.37,Residential,Housing,4e5a68e7-3e07-44c8-8d9a-6b2d98b85c9b,13.046015,80.215978,15393000.0,clear,None,2026-08-20T15:25:51.552521,
94ca4872-5d5a-4863-a243-aa7fa7118d8d,CHN-013/C-94CA,Chennai,Chennai North,Velachery,0.36,Residential,Apartment,c0dc331c-861c-4bb1-99dc-69d39c226fe6,13.012863,80.143061,4669000.0,clear,None,2026-08-20T15:25:51.552560,
3c23615d-e278-46e0-88d6-c6bfe2cbce7f,CHN-014/2-3C23,Chennai,Ambattur,Velachery,0.12,Residential,Duplex,c0dc331c-861c-4bb1-99dc-69d39c226fe6,12.992764,80.195547,4312000.0,disputed,Court Order,2026-08-20T15:25:51.552603,
46c0e793-0513-4a5f-9ee5-89802a5d813a,CHN-015/P-46C0,Chennai,Sholinganallur,Royapettah,0.51,Residential,Duplex,c0dc331c-861c-4bb1-99dc-69d39c226fe6,13.004831,80.120432,17556000.0,mortgaged,Bank Mortgage,2026-08-20T15:25:51.552647,
27ae5d55-dce1-4963-91ae-eb1a1562ffeb,CHN-016/2-27AE,Chennai,Ambattur,Ambattur,0.67,Commercial,Warehouse,43beba1f-be3c-46c2-ba37-6a8f01fed7d4,13.033062,80.158912,16717000.0,clear,None,2026-08-20T15:25:51.552694,
f0249470-b38a-4bef-87d7-5734b4984940,CHN-017/B-F024,Chennai,Sholinganallur,Chromepet,0.45,Commercial,Office,518a99c7-276c-4f5f-98ae-e92d9bf6b3ac,12.981626,80.219662,37272000.0,clear,None,2026-08-20T15:25:51.552729,
bd7637fb-80e8-4bad-ac75-ab600c9a246d,CHN-018/1-BD76,Chennai,Sholinganallur,Chromepet,1.01,Commercial,Retail Shop,9d9734a7-1703-4db3-82ad-825e8a41a5ea,13.014422,80.230603,63636000.0,clear,None,2026-08-20T15:25:51.552761,
fa868f48-7592-40ac-9b92-c043a7a238d3,CHN-019/Q-FA86,Chennai,Chennai North,Ambattur,1.53,Commercial,Office,518a99c7-276c-4f5f-98ae-e92d9bf6b3ac,13.09515,80.153417,24424000.0,disputed,Court Order,2026-08-20T15:25:51.552800,
4ee2e506-6c29-4a1c-b9f4-4fa7137846c3,CHN-020/Q-4EE2,Chennai,Chennai North,Anna Nagar,2.3,Commercial,Office,518a99c7-276c-4f5f-98ae-e92d9bf6b3ac,13.023303,80.221919,162078000.0,mortgaged,Bank Mortgage,2026-08-20T15:25:51.552833,
7d70c66c-1416-4ade-b57e-40b422af9b2c,CHN-021/A-7D70,Chennai,Chennai North,Tambaram,0.34,Commercial,Retail Shop,518a99c7-276c-4f5f-98ae-e92d9bf6b3ac,13.057095,80.192501,7666000.0,clear,None,2026-08-20T15:25:51.552874,
475338e7-ce0b-4b14-969d-288eaeef553d,CHN-022/P-4753,Chennai,Tambaram,Velachery,0.44,Commercial,Office,09b9f80b-169e-4a15-9820-882165fe5129,13.023524,80.213456,15563000.0,clear,None,2026-08-20T15:25:51.552909,
2ec3e9ae-6c83-49ea-82cb-ddaf45da2988,CHN-023/A-2EC3,Chennai,Chennai South,Tambaram,1.77,Commercial,Retail Shop,09b9f80b-169e-4a15-9820-882165fe5129,12.98945,80.195114,149146000.0,clear,None,2026-08-20T15:25:51.552949,
9d073b1b-97c2-4b46-8585-3a6b8f9b003f,CHN-024/B-9D07,Chennai,Tambaram,Perambur,2.35,Commercial,Retail Shop,9d9734a7-1703-4db3-82ad-825e8a41a5ea,12.999377,80.153614,88303000.0,disputed,Court Order,2026-08-20T15:25:51.552982,
7ad1c07b-6cd0-4304-96e0-e559d482353d,CHN-025/A-7AD1,Chennai,Chennai North,Anna Nagar,1.06,Commercial,Mall,bf63502d-5134-47ad-8652-6e15c33425b7,13.048416,80.22246,28054000.0,mortgaged,Bank Mortgage,2026-08-20T15:25:51.553016,
c5be8675-d9c1-478b-9dd4-6fa987eb076e,CHN-026/2-C5BE,Chennai,Sholinganallur,Ambattur,1.41,Commercial,Showroom,9d9734a7-1703-4db3-82ad-825e8a41a5ea,13.060357,80.151134,105157000.0,clear,None,2026-08-20T15:25:51.553060,
44f3d50e-7d78-4be4-a5f6-5e120a3affed,CHN-027/A-44F3,Chennai,Chennai South,Velachery,1.8,Commercial,Showroom,09b9f80b-169e-4a15-9820-882165fe5129,13.072926,80.192113,46653000.0,clear,None,2026-08-20T15:25:51.553098,
192fd9fe-2e37-4fe3-bb41-72322198c0dd,CHN-028/2-192F,Chennai,Ambattur,Sholinganallur,2.49,Commercial,Office,43beba1f-be3c-46c2-ba37-6a8f01fed7d4,13.076713,80.132457,150023000.0,clear,None,2026-08-20T15:25:51.553133,
a935b880-a7c0-4207-9840-485d008de506,CHN-029/P-A935,Chennai,Chennai South,Guindy,2.27,Commercial,Office,4e5a68e7-3e07-44c8-8d9a-6b2d98b85c9b,13.029747,80.121864,47550000.0,disputed,Court Order,2026-08-20T15:25:51.553168,
e55de269-e6ac-403d-b052-5ad4d26f7b7e,CHN-030/3-E55D,Chennai,Chennai South,Anna Nagar,0.88,Commercial,Retail Shop,43beba1f-be3c-46c2-ba37-6a8f01fed7d4,13.04425,80.149431,62109000.0,mortgaged,Bank Mortgage,2026-08-20T15:25:51.553212,
f1902394-079f-4809-9e74-ceb9be4bac15,CHN-031/3-F190,Chennai,Sholinganallur,Porur,9.6,Agricultural,Grazing,9d9734a7-1703-4db3-82ad-825e8a41a5ea,12.980602,80.18261,44224000.0,clear,None,2026-08-20T15:25:51.553251,
7365cf34-453a-46be-817c-ee719e689bb4,CHN-032/P-7365,Chennai,Ambattur,Adyar,5.71,Agricultural,Grazing,bf63502d-5134-47ad-8652-6e15c33425b7,13.075292,80.234451,43092000.0,clear,None,2026-08-20T15:25:51.553284,
06f4bfbf-0fc8-40f8-adf9-d9efd355d697,CHN-033/2-06F4,Chennai,Chennai South,Mylapore,4.44,Agricultural,Grazing,9d9734a7-1703-4db3-82ad-825e8a41a5ea,13.047315,80.205952,59154000.0,clear,None,2026-08-20T15:25:51.553324,
3b2462fe-a9a3-455b-a3d7-82bc30a21ac6,CHN-034/B-3B24,Chennai,Tambaram,Ambattur,2.89,Agricultural,Grazing,4e5a68e7-3e07-44c8-8d9a-6b2d98b85c9b,13.006882,80.219055,9098000.0,disputed,Court Order,2026-08-20T15:25:51.553371,
b2a8f853-1f11-45c6-b22d-917d59e10cac,CHN-035/1-B2A8,Chennai,Chennai North,Sholinganallur,14.62,Agricultural,Farming,43beba1f-be3c-46c2-ba37-6a8f01fed7d4,12.987232,80.121575,60283000.0,mortgaged,Bank Mortgage,2026-08-20T15:25:51.553414,
431f1794-b4fb-45ec-b450-159b99a31274,CHN-036/Q-431F,Chennai,Tambaram,Anna Nagar,7.93,Agricultural,Farming,9d9734a7-1703-4db3-82ad-825e8a41a5ea,13.043706,80.162235,22925000.0,clear,None,2026-08-20T15:25:51.553449,
46317294-267b-4ee8-9980-8d5c9c8c7f03,CHN-037/B-4631,Chennai,Tambaram,Velachery,4.28,Agricultural,Orchard,72a28988-7259-4102-9ae0-452ede3ba196,13.074287,80.161716,21523000.0,clear,None,2026-08-20T15:25:51.553485,
c1d8d491-0d23-44e0-9033-db34dd55bc75,CHN-038/2-C1D8,Chennai,Sholinganallur,Porur,12.67,Agricultural,Farming,bf63502d-5134-47ad-8652-6e15c33425b7,13.016136,80.160049,100406000.0,clear,None,2026-08-20T15:25:51.553534,
723504bb-53cc-4f3d-8b19-f1f999c4f3b9,CHN-039/2-7235,Chennai,Chennai South,Tambaram,9.32,Agricultural,Farming,bf63502d-5134-47ad-8652-6e15c33425b7,13.06422,80.220101,27488000.0,disputed,Court Order,2026-08-20T15:25:51.553566,
adc27f16-54dd-4ff5-86c6-1f49e3f34d0a,CHN-040/3-ADC2,Chennai,Sholinganallur,Velachery,6.89,Agricultural,Orchard,72a28988-7259-4102-9ae0-452ede3ba196,13.0885,80.227164,89532000.0,mortgaged,Bank Mortgage,2026-08-20T15:25:51.553607,
47e50b39-e9d5-409f-9111-64064674d671,CHN-041/A-47E5,Chennai,Sholinganallur,Perungudi,11.7,Agricultural,Farming,4e5a68e7-3e07-44c8-8d9a-6b2d98b85c9b,13.053825,80.156287,52151000.0,clear,None,2026-08-20T15:25:51.553641,
4895cd53-68cf-4b78-b7d3-30a131e3ff88,CHN-042/1-4895,Chennai,Chennai South,Avadi,9.98,Agricultural,Plantation,09b9f80b-169e-4a15-9820-882165fe5129,13.066297,80.232384,115277000.0,clear,None,2026-08-20T15:25:51.553674,
c2fa79ad-3069-4c0d-aa34-deac8d8433e4,CHN-043/1-C2FA,Chennai,Sholinganallur,Perambur,5.41,Agricultural,Plantation,72a28988-7259-4102-9ae0-452ede3ba196,12.992002,80.190652,32614000.0,clear,None,2026-08-20T15:25:51.553705,
da018360-61fa-4b56-9e85-ec2661d94e26,CHN-044/P-DA01,Chennai,Sholinganallur,Adyar,14.49,Agricultural,Orchard,72a28988-7259-4102-9ae0-452ede3ba196,13.052701,80.141645,149640000.0,disputed,Court Order,2026-08-20T15:25:51.553746,
79323bb8-8939-4228-8560-5d39b9099ed6,CHN-045/B-7932,Chennai,Tambaram,Perambur,10.02,Agricultural,Grazing,bf63502d-5134-47ad-8652-6e15c33425b7,12.983535,80.140888,27620000.0,mortgaged,Bank Mortgage,2026-08-20T15:25:51.553800,
920093eb-9e7f-48ea-b644-d3ff1e6e0059,CHN-046/Q-9200,Chennai,Sholinganallur,Chromepet,4.98,Industrial,Factory,bf63502d-5134-47ad-8652-6e15c33425b7,12.995263,80.18207,41813000.0,clear,None,2026-08-20T15:25:51.553839,
fe4f9a58-e789-4ff8-8e8c-9a51778612a8,CHN-047/3-FE4F,Chennai,Chennai North,Avadi,4.45,Industrial,Workshop,c0dc331c-861c-4bb1-99dc-69d39c226fe6,13.076679,80.187663,127075000.0,clear,None,2026-08-20T15:25:51.553875,
63889313-7bb6-4212-8046-8459d51a1a0a,CHN-048/1-6388,Chennai,Chennai North,Velachery,1.07,Industrial,IT Park,c0dc331c-861c-4bb1-99dc-69d39c226fe6,13.029568,80.210308,38933000.0,clear,None,2026-08-20T15:25:51.553916,
ba86b12e-3a8b-45e8-bf31-ac8c6b28cdb7,CHN-049/1-BA86,Chennai,Tambaram,Royapettah,5.88,Industrial,Logistics,bf63502d-5134-47ad-8652-6e15c33425b7,13.040413,80.12648,235534000.0,disputed,Court Order,2026-08-20T15:25:51.553950,
3d08e544-2338-4502-a3c5-ace77b284fc6,CHN-050/3-3D08,Chennai,Tambaram,Avadi,2.52,Industrial,IT Park,43beba1f-be3c-46c2-ba37-6a8f01fed7d4,12.983281,80.207094,73112000.0,mortgaged,Bank Mortgage,2026-08-20T15:25:51.553988,
20c3394e-8ce3-43c5-a373-faffb8c0940a,CHN-051/3-20C3,Chennai,Sholinganallur,Adyar,2.81,Industrial,Workshop,09b9f80b-169e-4a15-9820-882165fe5129,13.074408,80.151145,67438000.0,clear,None,2026-08-20T15:25:51.554034,
0014d7b8-c081-4309-ad62-4a8e78251a68,CHN-052/C-0014,Chennai,Ambattur,Avadi,1.74,Industrial,Factory,4e5a68e7-3e07-44c8-8d9a-6b2d98b85c9b,13.005378,80.157573,56975000.0,clear,None,2026-08-20T15:25:51.554078,
f97e4edd-0317-4271-92ff-1ac88e7109f8,CHN-053/1-F97E,Chennai,Sholinganallur,Perambur,1.56,Industrial,Logistics,bf63502d-5134-47ad-8652-6e15c33425b7,13.047255,80.129173,29245000.0,clear,None,2026-08-20T15:25:51.554110,
c8419da6-6599-439c-87c1-e13b492adebf,CHN-054/3-C841,Chennai,Ambattur,Mylapore,1.75,Industrial,IT Park,bf63502d-5134-47ad-8652-6e15c33425b7,13.066662,80.12885,71506000.0,disputed,Court Order,2026-08-20T15:25:51.554236,
a44544fe-e1fd-4af7-82a1-516c8f93f963,CHN-055/2-A445,Chennai,Ambattur,Mylapore,1.7,Industrial,Logistics,bf63502d-5134-47ad-8652-6e15c33425b7,13.014175,80.134226,25915000.0,mortgaged,Bank Mortgage,2026-08-20T15:25:51.554470,
f780cf33-dede-46a6-8357-0fe3ce130cd4,CHN-056/B-F780,Chennai,Sholinganallur,Perambur,2.84,Industrial,Manufacturing,9d9734a7-1703-4db3-82ad-825e8a41a5ea,13.08374,80.239169,94778000.0,clear,None,2026-08-20T15:25:51.554745,
25e07a13-8c6b-467c-84b4-3ed533aa3f60,CHN-057/A-25E0,Chennai,Chennai North,Chromepet,4.9,Industrial,Manufacturing,72a28988-7259-4102-9ae0-452ede3ba196,13.005026,80.141374,102700000.0,clear,None,2026-08-20T15:25:51.554817,
1a4a51f4-cfad-4c96-86f4-93fe1d6fb749,CHN-058/3-1A4A,Chennai,Sholinganallur,Chromepet,3.98,Industrial,Manufacturing,09b9f80b-169e-4a15-9820-882165fe5129,13.011284,80.126556,94032000.0,clear,None,2026-08-20T15:25:51.554868,
0d2cd4ac-e16a-40c2-a3f4-55b5f0fcdad3,CHN-059/B-0D2C,Chennai,Sholinganallur,Royapettah,1.3,Industrial,Manufacturing,09b9f80b-169e-4a15-9820-882165fe5129,13.013971,80.122909,38232000.0,disputed,Court Order,2026-08-20T15:25:51.554911,
b786b19a-f8c5-438b-a392-a446ae97d808,CHN-060/P-B786,Chennai,Tambaram,Royapettah,2.99,Industrial,Manufacturing,bf63502d-5134-47ad-8652-6e15c33425b7,13.064346,80.180791,58435000.0,mortgaged,Bank Mortgage,2026-08-20T15:25:51.554946,
90b61073-2dda-40e7-a311-c4bb67db3c75,MUM-001/1-90B6,Mumbai,Borivali,Thane,0.44,Residential,Duplex,9d9734a7-1703-4db3-82ad-825e8a41a5ea,19.135865,72.949276,12347000.0,clear,None,2026-08-20T15:25:51.554998,
843d7e06-6cc4-4746-a53b-775afb282045,MUM-002/C-843D,Mumbai,Kurla,Malad,0.07,Residential,Duplex,c0dc331c-861c-4bb1-99dc-69d39c226fe6,19.09163,72.865035,8400000.0,clear,None,2026-08-20T15:25:51.555041,
9d40ca1c-903c-4584-8e57-d5dd461677bb,MUM-003/2-9D40,Mumbai,Mumbai Suburban,Worli,0.06,Residential,Apartment,518a99c7-276c-4f5f-98ae-e92d9bf6b3ac,19.073183,72.871644,10470000.0,clear,None,2026-08-20T15:25:51.555081,
5bd7b838-808d-4935-bee2-b165ee429a94,MUM-004/Q-5BD7,Mumbai,Mumbai City,Ghatkopar,0.73,Residential,Row House,bf63502d-5134-47ad-8652-6e15c33425b7,19.115209,72.867801,119394000.0,disputed,Court Order,2026-08-20T15:25:51.555115,
d7b20c1e-8d74-41a9-a602-4103fcc39a88,MUM-005/C-D7B2,Mumbai,Mumbai Suburban,Malad,0.37,Residential,Housing,c0dc331c-861c-4bb1-99dc-69d39c226fe6,19.13458,72.855605,45906000.0,mortgaged,Bank Mortgage,2026-08-20T15:25:51.555161,
27144286-0b1e-497f-bfc8-ee4b990e63ea,MUM-006/Q-2714,Mumbai,Mumbai City,Borivali,0.2,Residential,Housing,c0dc331c-861c-4bb1-99dc-69d39c226fe6,19.058642,72.88175,24439000.0,clear,None,2026-08-20T15:25:51.555202,
a46dc1bd-b86e-460f-93c0-bfb34892c062,MUM-007/C-A46D,Mumbai,Kurla,Bandra,0.18,Residential,Duplex,72a28988-7259-4102-9ae0-452ede3ba196,19.106871,72.949376,16004000.0,clear,None,2026-08-20T15:25:51.555235,
fab385a0-d214-4631-ad08-2bd5020b8c20,MUM-008/3-FAB3,Mumbai,Mumbai Suburban,Mulund,0.46,Residential,Duplex,43beba1f-be3c-46c2-ba37-6a8f01fed7d4,19.125205,72.893901,55415000.0,clear,None,2026-08-20T15:25:51.555270,
e5913b48-5d2f-4f10-881f-6989a6fad45b,MUM-009/3-E591,Mumbai,Borivali,Andheri,0.32,Residential,Apartment,bf63502d-5134-47ad-8652-6e15c33425b7,19.09708,72.918679,43090000.0,disputed,Court Order,2026-08-20T15:25:51.555316,
4038087b-1eeb-4f1a-9d11-0f3d537015ad,MUM-010/B-4038,Mumbai,Mumbai City,Sion,0.57,Residential,Villa,c0dc331c-861c-4bb1-99dc-69d39c226fe6,19.060141,72.936247,87065000.0,mortgaged,Bank Mortgage,2026-08-20T15:25:51.555362,
1d22febd-6eed-4ca6-b48f-1086dc3fa1b6,MUM-011/2-1D22,Mumbai,Kurla,Kandivali,0.6,Residential,Row House,9d9734a7-1703-4db3-82ad-825e8a41a5ea,19.095499,72.854854,37586000.0,clear,None,2026-08-20T15:25:51.555394,
405e7999-7259-4807-89f9-b9f180ecd24a,MUM-012/A-405E,Mumbai,Andheri,Borivali,0.09,Residential,Villa,9d9734a7-1703-4db3-82ad-825e8a41a5ea,19.110935,72.922381,13886000.0,clear,None,2026-08-20T15:25:51.555434,
9d65de47-3c75-435b-ba13-a6be81c34de1,MUM-013/C-9D65,Mumbai,Andheri,Ghatkopar,0.5,Residential,Duplex,c0dc331c-861c-4bb1-99dc-69d39c226fe6,19.14759,72.881816,26108000.0,clear,None,2026-08-20T15:25:51.555470,
51538a73-d016-418f-a2ed-de640d9931b1,MUM-014/1-5153,Mumbai,Kurla,Vikhroli,0.34,Residential,Apartment,09b9f80b-169e-4a15-9820-882165fe5129,19.144882,72.862349,27993000.0,disputed,Court Order,2026-08-20T15:25:51.555520,
aa03df55-d5b9-40d3-9843-507cf5d0392b,MUM-015/2-AA03,Mumbai,Kurla,Andheri,0.62,Residential,Villa,43beba1f-be3c-46c2-ba37-6a8f01fed7d4,19.115619,72.918335,19206000.0,mortgaged,Bank Mortgage,2026-08-20T15:25:51.555556,
44b966ad-e64d-4892-86f5-4b758487c039,MUM-016/Q-44B9,Mumbai,Mumbai City,Lower Parel,2.13,Commercial,Warehouse,9d9734a7-1703-4db3-82ad-825e8a41a5ea,19.137209,72.940888,188376000.0,clear,None,2026-08-20T15:25:51.555594,
467f201d-85f3-497c-b18d-ff403dddf1d5,MUM-017/C-467F,Mumbai,Borivali,Powai,0.53,Commercial,Mall,4e5a68e7-3e07-44c8-8d9a-6b2d98b85c9b,19.074307,72.898259,49698000.0,clear,None,2026-08-20T15:25:51.555630,
77f8e7c2-b02e-40a1-a266-5655b9446ea1,MUM-018/C-77F8,Mumbai,Mumbai Suburban,Powai,2.16,Commercial,Warehouse,bf63502d-5134-47ad-8652-6e15c33425b7,19.08143,72.887436,554719000.0,clear,None,2026-08-20T15:25:51.555674,
7cefcf79-7e6f-458a-b192-44d21e41433a,MUM-019/Q-7CEF,Mumbai,Mumbai City,Malad,0.81,Commercial,Warehouse,9d9734a7-1703-4db3-82ad-825e8a41a5ea,19.077748,72.924311,178993000.0,disputed,Court Order,2026-08-20T15:25:51.555717,
fda01545-2ee7-4d27-87d1-ef5f4577ae78,MUM-020/Q-FDA0,Mumbai,Andheri,Andheri,1.58,Commercial,Showroom,72a28988-7259-4102-9ae0-452ede3ba196,19.099261,72.867653,252240000.0,mortgaged,Bank Mortgage,2026-08-20T15:25:51.555751,
a2d8a9f8-03b4-48b7-b541-17f2b0febace,MUM-021/Q-A2D8,Mumbai,Andheri,Chembur,2.35,Commercial,Retail Shop,518a99c7-276c-4f5f-98ae-e92d9bf6b3ac,19.097198,72.935624,245297000.0,clear,None,2026-08-20T15:25:51.555796,
10486e98-dbe7-474f-8215-1872e9d40f1d,MUM-022/Q-1048,Mumbai,Borivali,Bandra,0.77,Commercial,Showroom,c0dc331c-861c-4bb1-99dc-69d39c226fe6,19.148693,72.908611,29333000.0,clear,None,2026-08-20T15:25:51.555835,
3ba4ec8c-4296-4acf-87e9-45c7d4c5a114,MUM-023/A-3BA4,Mumbai,Andheri,Lower Parel,1.5,Commercial,Office,4e5a68e7-3e07-44c8-8d9a-6b2d98b85c9b,19.149565,72.945979,388344000.0,clear,None,2026-08-20T15:25:51.555878,
023831f6-210a-4643-a18d-9834ec2c4cd6,MUM-024/3-0238,Mumbai,Mumbai Suburban,Goregaon,0.67,Commercial,Retail Shop,c0dc331c-861c-4bb1-99dc-69d39c226fe6,19.068159,72.852622,124165000.0,disputed,Court Order,2026-08-20T15:25:51.555928,
10922776-6818-48d4-b0d2-12019ca7fb59,MUM-025/B-1092,Mumbai,Mumbai Suburban,Malad,2.36,Commercial,Office,43beba1f-be3c-46c2-ba37-6a8f01fed7d4,19.124064,72.885839,689294000.0,mortgaged,Bank Mortgage,2026-08-20T15:25:51.555961,
b8a35654-da0e-4fcb-9e24-4ab62d12dbdd,MUM-026/1-B8A3,Mumbai,Kurla,Malad,0.49,Commercial,Office,c0dc331c-861c-4bb1-99dc-69d39c226fe6,19.065576,72.919507,112129000.0,clear,None,2026-08-20T15:25:51.556004,
cab80974-5e91-4685-a511-ea1ab59a4a4f,MUM-027/A-CAB8,Mumbai,Borivali,Mulund,2.27,Commercial,Showroom,9d9734a7-1703-4db3-82ad-825e8a41a5ea,19.075686,72.882288,382532000.0,clear,None,2026-08-20T15:25:51.556053,
f3fc05d4-79ce-4057-a6c1-c7be1a1b4138,MUM-028/1-F3FC,Mumbai,Borivali,Malad,0.23,Commercial,Mall,43beba1f-be3c-46c2-ba37-6a8f01fed7d4,19.098078,72.935768,16777000.0,clear,None,2026-08-20T15:25:51.556093,
572eaa4b-7994-4a26-9901-5e8421bf7c92,MUM-029/1-572E,Mumbai,Mumbai Suburban,Goregaon,0.66,Commercial,Office,c0dc331c-861c-4bb1-99dc-69d39c226fe6,19.12446,72.902557,154191000.0,disputed,Court Order,2026-08-20T15:25:51.556132,
33bdc798-9c27-4de2-b740-f42fc4fbc594,MUM-030/1-33BD,Mumbai,Andheri,Kurla,0.72,Commercial,Office,518a99c7-276c-4f5f-98ae-e92d9bf6b3ac,19.144905,72.864044,94265000.0,mortgaged,Bank Mortgage,2026-08-20T15:25:51.556178,
b3c705ab-ae28-402a-b22b-cd3220db804b,MUM-031/Q-B3C7,Mumbai,Mumbai Suburban,Mulund,2.89,Agricultural,Grazing,4e5a68e7-3e07-44c8-8d9a-6b2d98b85c9b,19.149761,72.910332,84847000.0,clear,None,2026-08-20T15:25:51.556211,
aea40695-c06f-4ca4-aabe-fa19a7d4652d,MUM-032/P-AEA4,Mumbai,Kurla,Bandra,9.47,Agricultural,Farming,9d9734a7-1703-4db3-82ad-825e8a41a5ea,19.12936,72.945407,268454000.0,clear,None,2026-08-20T15:25:51.556244,
fdc26347-a9d7-4baa-93b8-13d38b79dffd,MUM-033/A-FDC2,Mumbai,Borivali,Thane,11.88,Agricultural,Plantation,4e5a68e7-3e07-44c8-8d9a-6b2d98b85c9b,19.066059,72.905848,484391000.0,clear,None,2026-08-20T15:25:51.556279,
2b1cfcf8-a85c-4574-a7dd-3a00f3a3b533,MUM-034/2-2B1C,Mumbai,Andheri,Goregaon,6.28,Agricultural,Grazing,72a28988-7259-4102-9ae0-452ede3ba196,19.063303,72.888524,251051000.0,disputed,Court Order,2026-08-20T15:25:51.556324,
44481f64-f584-4f3e-b571-a3f0ea55ff68,MUM-035/3-4448,Mumbai,Mumbai Suburban,Borivali,13.11,Agricultural,Plantation,518a99c7-276c-4f5f-98ae-e92d9bf6b3ac,19.148626,72.87469,350503000.0,mortgaged,Bank Mortgage,2026-08-20T15:25:51.556368,
ee3b3b5b-ffa8-4bbe-8f53-db6426f548f5,MUM-036/Q-EE3B,Mumbai,Mumbai Suburban,Chembur,4.41,Agricultural,Orchard,4e5a68e7-3e07-44c8-8d9a-6b2d98b85c9b,19.095211,72.90384,143868000.0,clear,None,2026-08-20T15:25:51.556406,
20815d09-fab4-4f3c-8b4e-77d8346d05e8,MUM-037/P-2081,Mumbai,Borivali,Chembur,3.37,Agricultural,Orchard,43beba1f-be3c-46c2-ba37-6a8f01fed7d4,19.08433,72.859586,63460000.0,clear,None,2026-08-20T15:25:51.556517,
5601752c-1200-45bb-89d2-04d57c3d4040,MUM-038/C-5601,Mumbai,Mumbai Suburban,Sion,3.51,Agricultural,Grazing,9d9734a7-1703-4db3-82ad-825e8a41a5ea,19.1319,72.853034,18160000.0,clear,None,2026-08-20T15:25:51.556560,
8b33d60c-74a1-4be0-9f82-e92595e6cae8,MUM-039/P-8B33,Mumbai,Mumbai Suburban,Prabhadevi,5.82,Agricultural,Plantation,43beba1f-be3c-46c2-ba37-6a8f01fed7d4,19.09479,72.869804,257593000.0,disputed,Court Order,2026-08-20T15:25:51.556602,
83738583-30a7-463c-91ed-07908b35b24a,MUM-040/B-8373,Mumbai,Borivali,Kandivali,9.21,Agricultural,Horticulture,9d9734a7-1703-4db3-82ad-825e8a41a5ea,19.111302,72.854523,183902000.0,mortgaged,Bank Mortgage,2026-08-20T15:25:51.556642,
ba8bf2ac-812c-43e3-a42a-d570768cb280,MUM-041/3-BA8B,Mumbai,Andheri,Malad,5.34,Agricultural,Orchard,9d9734a7-1703-4db3-82ad-825e8a41a5ea,19.078644,72.935551,78968000.0,clear,None,2026-08-20T15:25:51.556680,
6187c8a6-b9fe-491c-a002-8cb44c1740a1,MUM-042/P-6187,Mumbai,Mumbai Suburban,Vikhroli,8.33,Agricultural,Plantation,bf63502d-5134-47ad-8652-6e15c33425b7,19.072524,72.912721,149933000.0,clear,None,2026-08-20T15:25:51.556720,
d31ae610-dd6e-4828-8ea7-3e9b595f3d63,MUM-043/B-D31A,Mumbai,Borivali,Andheri,10.2,Agricultural,Grazing,09b9f80b-169e-4a15-9820-882165fe5129,19.078247,72.911605,233690000.0,clear,None,2026-08-20T15:25:51.556753,
4c66a010-f92f-4834-842a-6b2cbaad6541,MUM-044/3-4C66,Mumbai,Kurla,Sion,6.56,Agricultural,Orchard,bf63502d-5134-47ad-8652-6e15c33425b7,19.08069,72.889283,156117000.0,disputed,Court Order,2026-08-20T15:25:51.556797,
44f6f41c-902d-4495-8679-6fd66a7d091e,MUM-045/A-44F6,Mumbai,Mumbai City,Thane,14.08,Agricultural,Plantation,72a28988-7259-4102-9ae0-452ede3ba196,19.08567,72.924358,631513000.0,mortgaged,Bank Mortgage,2026-08-20T15:25:51.556836,
626f5841-03cc-4650-a527-1d1db9046114,MUM-046/C-626F,Mumbai,Kurla,Andheri,7.52,Industrial,Logistics,bf63502d-5134-47ad-8652-6e15c33425b7,19.108489,72.868183,994779000.0,clear,None,2026-08-20T15:25:51.556867,
0c1f2e0d-d92a-4d7c-bab0-01de8dd90e00,MUM-047/1-0C1F,Mumbai,Borivali,Worli,1.25,Industrial,Manufacturing,43beba1f-be3c-46c2-ba37-6a8f01fed7d4,19.11719,72.919686,70668000.0,clear,None,2026-08-20T15:25:51.556914,
07a8f28f-2c88-464b-8b50-1d7de0330907,MUM-048/3-07A8,Mumbai,Kurla,Dadar,1.39,Industrial,Factory,518a99c7-276c-4f5f-98ae-e92d9bf6b3ac,19.063871,72.9418,190018000.0,clear,None,2026-08-20T15:25:51.556952,
40c33460-bd69-489b-9cbb-0ba69f8ed494,MUM-049/1-40C3,Mumbai,Andheri,Malad,2.14,Industrial,Workshop,72a28988-7259-4102-9ae0-452ede3ba196,19.11353,72.909231,198187000.0,disputed,Court Order,2026-08-20T15:25:51.556983,
39727764-0851-4cb2-8ae9-5f68c78990c6,MUM-050/Q-3972,Mumbai,Borivali,Powai,4.5,Industrial,Logistics,09b9f80b-169e-4a15-9820-882165fe5129,19.126341,72.881347,659449000.0,mortgaged,Bank Mortgage,2026-08-20T15:25:51.557021,
229e43e3-2f8b-4407-8b0b-663443a69c6c,MUM-051/3-229E,Mumbai,Mumbai City,Kandivali,3.75,Industrial,Manufacturing,09b9f80b-169e-4a15-9820-882165fe5129,19.080352,72.94552,320721000.0,clear,None,2026-08-20T15:25:51.557054,
5048e34e-de36-4697-9b61-9c6f09fbd9c5,MUM-052/C-5048,Mumbai,Kurla,Powai,1.44,Industrial,Manufacturing,4e5a68e7-3e07-44c8-8d9a-6b2d98b85c9b,19.094708,72.8917,56759000.0,clear,None,2026-08-20T15:25:51.557086,
bfccc52c-5ad8-40ce-a729-bf12cb6d8291,MUM-053/1-BFCC,Mumbai,Andheri,Dadar,6.15,Industrial,Factory,43beba1f-be3c-46c2-ba37-6a8f01fed7d4,19.069494,72.929885,303317000.0,clear,None,2026-08-20T15:25:51.557133,
e37de47b-d8e8-40af-9009-9d96027701f7,MUM-054/3-E37D,Mumbai,Andheri,Bandra,4.96,Industrial,Logistics,518a99c7-276c-4f5f-98ae-e92d9bf6b3ac,19.106853,72.938326,92148000.0,disputed,Court Order,2026-08-20T15:25:51.557171,
d938123a-9147-4290-9157-6b52f755fd0f,MUM-055/C-D938,Mumbai,Kurla,Goregaon,3.26,Industrial,Logistics,72a28988-7259-4102-9ae0-452ede3ba196,19.125596,72.917026,44376000.0,mortgaged,Bank Mortgage,2026-08-20T15:25:51.557208,
180978ef-5286-471b-bbe3-fd6f9d2953dc,MUM-056/C-1809,Mumbai,Mumbai City,Dadar,6.63,Industrial,Manufacturing,72a28988-7259-4102-9ae0-452ede3ba196,19.124281,72.937423,252952000.0,clear,None,2026-08-20T15:25:51.557248,
f848c91a-3b68-435c-b3ea-2e948e72d38b,MUM-057/B-F848,Mumbai,Borivali,Ghatkopar,3.08,Industrial,Factory,bf63502d-5134-47ad-8652-6e15c33425b7,19.053499,72.862008,93148000.0,clear,None,2026-08-20T15:25:51.557296,
3973c0cb-86a8-4de8-a285-e2c9654d2e0d,MUM-058/2-3973,Mumbai,Andheri,Andheri,2.64,Industrial,Workshop,43beba1f-be3c-46c2-ba37-6a8f01fed7d4,19.094799,72.850195,261909000.0,clear,None,2026-08-20T15:25:51.557331,
8d88a9f0-9d36-4b29-a46b-af9239d568a0,MUM-059/3-8D88,Mumbai,Mumbai Suburban,Prabhadevi,1.98,Industrial,IT Park,9d9734a7-1703-4db3-82ad-825e8a41a5ea,19.131626,72.870581,207991000.0,disputed,Court Order,2026-08-20T15:25:51.557374,
300818b3-c9c6-4081-bf1a-4460f5708b3d,MUM-060/2-3008,Mumbai,Kurla,Kandivali,7.66,Industrial,Factory,09b9f80b-169e-4a15-9820-882165fe5129,19.069101,72.851622,391641000.0,mortgaged,Bank Mortgage,2026-08-20T15:25:51.557415,
0de12c76-b9b5-43af-a407-38d632b481f5,VLR-001/3-0DE1,Vellore,Arcot,Gudiyatham,0.34,Residential,Housing,72a28988-7259-4102-9ae0-452ede3ba196,13.101607,79.23612,1018000.0,clear,None,2026-08-20T15:25:51.557447,
ea349cc0-5297-4e34-9a9b-dfc3e00aec0e,VLR-002/C-EA34,Vellore,Arcot,Vaniyambadi,0.28,Residential,Housing,bf63502d-5134-47ad-8652-6e15c33425b7,12.805869,79.278726,2941000.0,clear,None,2026-08-20T15:25:51.557492,
5ef2359e-631f-4d63-9aae-d51795e88ade,VLR-003/C-5EF2,Vellore,Gudiyatham,Sathuvachari,0.55,Residential,Apartment,72a28988-7259-4102-9ae0-452ede3ba196,12.894941,79.331108,4029000.0,clear,None,2026-08-20T15:25:51.557526,
090c8c56-36f7-419f-afe4-419a94e837de,VLR-004/C-090C,Vellore,Katpadi,Wallajah,0.41,Residential,Housing,43beba1f-be3c-46c2-ba37-6a8f01fed7d4,13.112447,78.961536,1710000.0,disputed,Court Order,2026-08-20T15:25:51.557563,
6064900e-d152-42b1-a3e2-7b43a275dc89,VLR-005/Q-6064,Vellore,Arcot,Wallajah,0.62,Residential,Duplex,518a99c7-276c-4f5f-98ae-e92d9bf6b3ac,13.052303,79.168324,6293000.0,mortgaged,Bank Mortgage,2026-08-20T15:25:51.557607,
b7530a91-1508-4f46-a348-91a460f72c21,VLR-006/C-B753,Vellore,Anaicut,Sathuvachari,0.21,Residential,Apartment,bf63502d-5134-47ad-8652-6e15c33425b7,13.032478,79.264656,1008000.0,clear,None,2026-08-20T15:25:51.557646,
2f6693bd-2d9c-41d2-a2b2-0a8590f52f52,VLR-007/B-2F66,Vellore,Gudiyatham,Wallajah,0.15,Residential,Villa,c0dc331c-861c-4bb1-99dc-69d39c226fe6,12.754856,79.229709,1212000.0,clear,None,2026-08-20T15:25:51.557684,
1259e8eb-d0eb-4d1c-a028-79fd1b914f06,VLR-008/Q-1259,Vellore,Katpadi,Ranipet,0.69,Residential,Duplex,09b9f80b-169e-4a15-9820-882165fe5129,13.016778,78.941711,9141000.0,clear,None,2026-08-20T15:25:51.557727,
0d83395c-6615-4658-97d3-923cfe085179,VLR-009/C-0D83,Vellore,Gudiyatham,Bagayam,0.5,Residential,Row House,4e5a68e7-3e07-44c8-8d9a-6b2d98b85c9b,13.040557,79.270861,8242000.0,disputed,Court Order,2026-08-20T15:25:51.557772,
472ea7eb-3e3b-42c6-98b0-3efd585e7287,VLR-010/1-472E,Vellore,Katpadi,Katpadi,0.59,Residential,Row House,518a99c7-276c-4f5f-98ae-e92d9bf6b3ac,12.743453,78.973104,8282000.0,mortgaged,Bank Mortgage,2026-08-20T15:25:51.557887,
c5763d6b-9dc3-4df5-a3f3-a5d4baaa36a4,VLR-011/3-C576,Vellore,Gudiyatham,Vaniyambadi,0.59,Residential,Row House,43beba1f-be3c-46c2-ba37-6a8f01fed7d4,13.016237,79.233153,5661000.0,clear,None,2026-08-20T15:25:51.557929,
a24f7318-061c-449b-bf77-83d922b02d21,VLR-012/Q-A24F,Vellore,Arcot,Arcot,0.33,Residential,Duplex,09b9f80b-169e-4a15-9820-882165fe5129,12.798377,78.984666,5343000.0,clear,None,2026-08-20T15:25:51.557965,
980babf6-46e0-4c86-b228-8820dbfc600e,VLR-013/Q-980B,Vellore,Gudiyatham,Melvisharam,0.27,Residential,Villa,bf63502d-5134-47ad-8652-6e15c33425b7,12.736867,79.139299,1008000.0,clear,None,2026-08-20T15:25:51.557998,
5c052c4c-2ee0-4fed-a609-21721127c6a3,VLR-014/A-5C05,Vellore,Arcot,Kosapet,0.22,Residential,Housing,9d9734a7-1703-4db3-82ad-825e8a41a5ea,13.082554,78.998742,2607000.0,disputed,Court Order,2026-08-20T15:25:51.558034,
9e6aaab9-33ac-4cb7-8628-1e4db2409173,VLR-015/1-9E6A,Vellore,Katpadi,Ranipet,0.58,Residential,Housing,4e5a68e7-3e07-44c8-8d9a-6b2d98b85c9b,12.918837,79.097558,4481000.0,mortgaged,Bank Mortgage,2026-08-20T15:25:51.558069,
5af32f8f-3e5c-4e25-ba35-281d99c3d10e,VLR-016/C-5AF3,Vellore,Vellore,Katpadi,0.61,Commercial,Showroom,4e5a68e7-3e07-44c8-8d9a-6b2d98b85c9b,12.769893,79.32598,6926000.0,clear,None,2026-08-20T15:25:51.558107,
f8940a24-2800-47f0-82eb-6f4fa82afdb8,VLR-017/1-F894,Vellore,Katpadi,Ranipet,0.28,Commercial,Retail Shop,bf63502d-5134-47ad-8652-6e15c33425b7,12.739999,79.282557,1722000.0,clear,None,2026-08-20T15:25:51.558148,
f36bc1d4-c365-4f4c-98a9-256d4259636b,VLR-018/P-F36B,Vellore,Anaicut,Gudiyatham,2.2,Commercial,Warehouse,72a28988-7259-4102-9ae0-452ede3ba196,12.790085,79.28017,14390000.0,clear,None,2026-08-20T15:25:51.558187,
8f0d4e22-2298-4217-8164-7e4119add39a,VLR-019/2-8F0D,Vellore,Arcot,Wallajah,0.85,Commercial,Office,9d9734a7-1703-4db3-82ad-825e8a41a5ea,12.723666,79.168228,21735000.0,disputed,Court Order,2026-08-20T15:25:51.558235,
6f10ca6d-8aa2-4042-b8c2-eac417505c15,VLR-020/Q-6F10,Vellore,Katpadi,Sholingur,1.72,Commercial,Warehouse,43beba1f-be3c-46c2-ba37-6a8f01fed7d4,12.831523,78.978849,14138000.0,mortgaged,Bank Mortgage,2026-08-20T15:25:51.558274,
68237705-f5da-43ad-8a6c-89ba3a6ae919,VLR-021/B-6823,Vellore,Gudiyatham,Ranipet,2.01,Commercial,Mall,09b9f80b-169e-4a15-9820-882165fe5129,12.859004,78.969312,13731000.0,clear,None,2026-08-20T15:25:51.558318,
c5143859-0e67-49fd-9851-a68003f14922,VLR-022/B-C514,Vellore,Katpadi,Sholingur,1.34,Commercial,Showroom,c0dc331c-861c-4bb1-99dc-69d39c226fe6,13.114954,79.222861,14385000.0,clear,None,2026-08-20T15:25:51.558363,
40c392b9-175b-4a92-ad78-ef9be7b44477,VLR-023/2-40C3,Vellore,Anaicut,Wallajah,2.26,Commercial,Office,43beba1f-be3c-46c2-ba37-6a8f01fed7d4,13.017421,78.948795,55306000.0,clear,None,2026-08-20T15:25:51.558408,
bbfbe8fa-cf5f-4eac-9907-8e70ae85d75d,VLR-024/A-BBFB,Vellore,Gudiyatham,Gudiyatham,1.53,Commercial,Mall,09b9f80b-169e-4a15-9820-882165fe5129,13.008441,79.269236,21949000.0,disputed,Court Order,2026-08-20T15:25:51.558441,
1dc13b8b-693c-4e21-8b79-c7d0d4fb8bd1,VLR-025/B-1DC1,Vellore,Arcot,Gudiyatham,2.42,Commercial,Retail Shop,09b9f80b-169e-4a15-9820-882165fe5129,12.82712,78.977545,6551000.0,mortgaged,Bank Mortgage,2026-08-20T15:25:51.558474,
3a770f7f-de96-47c7-8864-ff786ef46626,VLR-026/3-3A77,Vellore,Katpadi,Kosapet,0.66,Commercial,Showroom,72a28988-7259-4102-9ae0-452ede3ba196,13.062039,79.268287,16852000.0,clear,None,2026-08-20T15:25:51.558519,
b32a0bdc-0c2e-4eb6-8abd-6d21e03e9a91,VLR-027/C-B32A,Vellore,Arcot,Gudiyatham,0.21,Commercial,Warehouse,43beba1f-be3c-46c2-ba37-6a8f01fed7d4,13.099949,79.063451,3995000.0,clear,None,2026-08-20T15:25:51.558551,
c4ae6c3b-1d32-49b2-88cf-bc87dfbff8b2,VLR-028/B-C4AE,Vellore,Anaicut,Katpadi,2.31,Commercial,Office,bf63502d-5134-47ad-8652-6e15c33425b7,12.880155,79.329026,41391000.0,clear,None,2026-08-20T15:25:51.558595,
e8bba458-b910-4f36-a500-ba733ba0a464,VLR-029/A-E8BB,Vellore,Anaicut,Gudiyatham,0.6,Commercial,Retail Shop,09b9f80b-169e-4a15-9820-882165fe5129,12.779282,79.22749,12026000.0,disputed,Court Order,2026-08-20T15:25:51.558629,
27f7c636-b178-4343-8f1c-5ff16e77230d,VLR-030/C-27F7,Vellore,Gudiyatham,Kosapet,2.23,Commercial,Warehouse,4e5a68e7-3e07-44c8-8d9a-6b2d98b85c9b,12.928846,79.292866,37237000.0,mortgaged,Bank Mortgage,2026-08-20T15:25:51.558663,
9690e8d1-6fac-402c-9127-f5a9a6c21cf7,VLR-031/A-9690,Vellore,Gudiyatham,Wallajah,13.44,Agricultural,Grazing,9d9734a7-1703-4db3-82ad-825e8a41a5ea,12.813098,79.153411,22873000.0,clear,None,2026-08-20T15:25:51.558699,
666ee13d-91e3-4d99-8835-587992bc8f27,VLR-032/B-666E,Vellore,Gudiyatham,Ranipet,2.27,Agricultural,Plantation,518a99c7-276c-4f5f-98ae-e92d9bf6b3ac,12.968838,79.319957,1175000.0,clear,None,2026-08-20T15:25:51.558738,
290ebca7-d6b0-4bf7-87c7-44f22af9825d,VLR-033/B-290E,Vellore,Arcot,Bagayam,12.27,Agricultural,Horticulture,c0dc331c-861c-4bb1-99dc-69d39c226fe6,12.921173,79.328767,22294000.0,clear,None,2026-08-20T15:25:51.558776,
be4fad25-e11a-42ba-9f46-11ac284e3b89,VLR-034/1-BE4F,Vellore,Katpadi,Arcot,10.24,Agricultural,Grazing,518a99c7-276c-4f5f-98ae-e92d9bf6b3ac,12.876383,79.029391,30351000.0,disputed,Court Order,2026-08-20T15:25:51.558814,
17a2de2d-111b-4207-9122-0a889ae4dbd7,VLR-035/A-17A2,Vellore,Katpadi,Vaniyambadi,6.47,Agricultural,Farming,72a28988-7259-4102-9ae0-452ede3ba196,12.938936,79.132888,7082000.0,mortgaged,Bank Mortgage,2026-08-20T15:25:51.558866,
a46969cd-f2d0-4da1-8c72-d1a9c5a54768,VLR-036/1-A469,Vellore,Arcot,Gandhi Nagar,14.99,Agricultural,Plantation,9d9734a7-1703-4db3-82ad-825e8a41a5ea,12.732184,79.095159,8265000.0,clear,None,2026-08-20T15:25:51.558904,
015048e4-f41f-4505-9ae4-44e126ce5003,VLR-037/B-0150,Vellore,Arcot,Ambur,13.41,Agricultural,Farming,4e5a68e7-3e07-44c8-8d9a-6b2d98b85c9b,12.988548,79.089205,36540000.0,clear,None,2026-08-20T15:25:51.558937,
ed9c343b-4120-460b-ad90-4e0dfdf736dc,VLR-038/2-ED9C,Vellore,Gudiyatham,Gandhi Nagar,7.0,Agricultural,Grazing,4e5a68e7-3e07-44c8-8d9a-6b2d98b85c9b,13.015358,79.264333,19622000.0,clear,None,2026-08-20T15:25:51.558974,
aed43f66-8b7e-493e-857f-988d3408cc5b,VLR-039/2-AED4,Vellore,Anaicut,Melvisharam,12.53,Agricultural,Farming,bf63502d-5134-47ad-8652-6e15c33425b7,12.92013,79.005862,32356000.0,disputed,Court Order,2026-08-20T15:25:51.559009,
f0e3d3d5-66a1-458d-870e-02dca7b206bf,VLR-040/2-F0E3,Vellore,Katpadi,Sholingur,11.71,Agricultural,Orchard,43beba1f-be3c-46c2-ba37-6a8f01fed7d4,12.998965,79.18201,32626000.0,mortgaged,Bank Mortgage,2026-08-20T15:25:51.559053,
d1f4ccc1-65ae-4e36-9468-0944ccf2b66f,VLR-041/3-D1F4,Vellore,Katpadi,Gudiyatham,3.37,Agricultural,Grazing,72a28988-7259-4102-9ae0-452ede3ba196,13.075326,79.235305,12065000.0,clear,None,2026-08-20T15:25:51.559098,
1fe65f3d-96fd-42c3-bab4-6a659cca55b1,VLR-042/1-1FE6,Vellore,Gudiyatham,Vaniyambadi,9.22,Agricultural,Plantation,09b9f80b-169e-4a15-9820-882165fe5129,13.10869,79.232669,12653000.0,clear,None,2026-08-20T15:25:51.559131,
4b96ee80-73b7-4d1d-aa24-0ff41d3f5bc8,VLR-043/3-4B96,Vellore,Arcot,Katpadi,11.94,Agricultural,Orchard,bf63502d-5134-47ad-8652-6e15c33425b7,13.061659,79.141223,44364000.0,clear,None,2026-08-20T15:25:51.559169,
4096b5be-e638-45a8-a348-6ab1783bc0c8,VLR-044/P-4096,Vellore,Arcot,Sathuvachari,14.02,Agricultural,Grazing,518a99c7-276c-4f5f-98ae-e92d9bf6b3ac,12.902202,79.014467,58678000.0,disputed,Court Order,2026-08-20T15:25:51.559212,
d56ea7e7-7946-4a66-8907-a47a14157cbc,VLR-045/Q-D56E,Vellore,Gudiyatham,Gudiyatham,13.85,Agricultural,Horticulture,bf63502d-5134-47ad-8652-6e15c33425b7,12.746571,79.266083,39274000.0,mortgaged,Bank Mortgage,2026-08-20T15:25:51.559258,
4b1be576-c9d8-437c-91ce-557f6e0fdb69,VLR-046/A-4B1B,Vellore,Vellore,Melvisharam,4.78,Industrial,Manufacturing,4e5a68e7-3e07-44c8-8d9a-6b2d98b85c9b,12.750241,79.268772,16557000.0,clear,None,2026-08-20T15:25:51.559301,
63ba24d4-470d-47cc-b934-0f3db9b05037,VLR-047/P-63BA,Vellore,Gudiyatham,Ambur,4.55,Industrial,Logistics,4e5a68e7-3e07-44c8-8d9a-6b2d98b85c9b,12.833247,78.984495,53708000.0,clear,None,2026-08-20T15:25:51.559339,
b1ff5be7-6fd8-42e9-993b-e85cc89a2216,VLR-048/3-B1FF,Vellore,Gudiyatham,Gudiyatham,3.79,Industrial,Factory,c0dc331c-861c-4bb1-99dc-69d39c226fe6,12.790995,79.18258,15695000.0,clear,None,2026-08-20T15:25:51.559386,
9ea26cef-77de-4fa8-acb6-9dd137af9c44,VLR-049/3-9EA2,Vellore,Arcot,Ambur,7.4,Industrial,Workshop,43beba1f-be3c-46c2-ba37-6a8f01fed7d4,12.85384,78.999572,60356000.0,disputed,Court Order,2026-08-20T15:25:51.559430,
23febb88-154f-4f33-a3d1-a865633981b5,VLR-050/Q-23FE,Vellore,Anaicut,Sathuvachari,2.42,Industrial,Logistics,09b9f80b-169e-4a15-9820-882165fe5129,12.803138,79.001904,21001000.0,mortgaged,Bank Mortgage,2026-08-20T15:25:51.559472,
ba4427db-b63c-4690-8861-8dfcada95de4,VLR-051/P-BA44,Vellore,Vellore,Arcot,7.05,Industrial,Logistics,bf63502d-5134-47ad-8652-6e15c33425b7,12.949927,79.098705,72481000.0,clear,None,2026-08-20T15:25:51.559509,
db0ff126-c5e7-41ae-b6c6-1fdee92529d0,VLR-052/B-DB0F,Vellore,Anaicut,Vaniyambadi,1.48,Industrial,Logistics,09b9f80b-169e-4a15-9820-882165fe5129,12.718728,79.068472,2548000.0,clear,None,2026-08-20T15:25:51.559547,
df95dc4f-6d21-40d5-bb5b-abc1e5b5288e,VLR-053/2-DF95,Vellore,Vellore,Sholingur,3.64,Industrial,Factory,72a28988-7259-4102-9ae0-452ede3ba196,12.719746,78.96844,15389000.0,clear,None,2026-08-20T15:25:51.559590,
a9053e8c-e018-4035-b899-4e1c07ec8c03,VLR-054/C-A905,Vellore,Arcot,Sathuvachari,2.39,Industrial,Workshop,518a99c7-276c-4f5f-98ae-e92d9bf6b3ac,13.031385,79.223821,29441000.0,disputed,Court Order,2026-08-20T15:25:51.559629,
c5933f98-001e-45a9-b664-205600947d11,VLR-055/Q-C593,Vellore,Katpadi,Bagayam,3.03,Industrial,Manufacturing,72a28988-7259-4102-9ae0-452ede3ba196,13.093259,79.160917,13396000.0,mortgaged,Bank Mortgage,2026-08-20T15:25:51.559664,
e6e95cd7-84cf-46b8-aa45-99c972515a4d,VLR-056/Q-E6E9,Vellore,Gudiyatham,Wallajah,7.05,Industrial,IT Park,4e5a68e7-3e07-44c8-8d9a-6b2d98b85c9b,12.891848,79.205939,67374000.0,clear,None,2026-08-20T15:25:51.559708,
7d5e98db-c088-45e9-a19a-d29da79f2ccf,VLR-057/B-7D5E,Vellore,Arcot,Gandhi Nagar,5.43,Industrial,Factory,bf63502d-5134-47ad-8652-6e15c33425b7,13.009202,78.978724,17322000.0,clear,None,2026-08-20T15:25:51.559750,
d08cda83-88db-438f-9e4c-37c80f4abaa8,VLR-058/2-D08C,Vellore,Gudiyatham,Katpadi,5.38,Industrial,Manufacturing,4e5a68e7-3e07-44c8-8d9a-6b2d98b85c9b,12.772744,79.067362,7660000.0,clear,None,2026-08-20T15:25:51.559792,
7fe217d3-11cc-4486-a9ce-8d0bab8b8030,VLR-059/C-7FE2,Vellore,Vellore,Bagayam,7.59,Industrial,Logistics,bf63502d-5134-47ad-8652-6e15c33425b7,13.071741,79.243908,12331000.0,disputed,Court Order,2026-08-20T15:25:51.559824,
49a49170-2e5f-4b6c-a772-665a29b1af06,VLR-060/2-49A4,Vellore,Katpadi,Katpadi,1.87,Industrial,Factory,bf63502d-5134-47ad-8652-6e15c33425b7,12.962955,79.295692,11478000.0,mortgaged,Bank Mortgage,2026-08-20T15:25:51.559856,
97b2f871-7db0-4f41-a023-ca7e4d15492e,HYD-001/Q-97B2,Hyderabad,Secunderabad,Jubilee Hills,0.08,Residential,Row House,bf63502d-5134-47ad-8652-6e15c33425b7,17.464125,78.657412,3792000.0,clear,None,2026-08-20T15:25:51.559903,
0456bbe3-0fd9-4b87-a284-d5b020bb258f,HYD-002/A-0456,Hyderabad,Secunderabad,Madhapur,0.51,Residential,Apartment,72a28988-7259-4102-9ae0-452ede3ba196,17.26137,78.598252,31425000.0,clear,None,2026-08-20T15:25:51.559934,
403d0489-4f98-4f38-b1ca-cb6074f19f16,HYD-003/2-403D,Hyderabad,Hyderabad,Begumpet,0.24,Residential,Villa,c0dc331c-861c-4bb1-99dc-69d39c226fe6,17.564095,78.33038,12542000.0,clear,None,2026-08-20T15:25:51.559971,
c922bcbd-aa8d-431c-af68-900ddc492c0f,HYD-004/B-C922,Hyderabad,Medchal,Begumpet,0.11,Residential,Housing,518a99c7-276c-4f5f-98ae-e92d9bf6b3ac,17.501117,78.401781,6409000.0,disputed,Court Order,2026-08-20T15:25:51.560010,
36f070b2-951b-4437-a1ce-b593ab5a58c7,HYD-005/2-36F0,Hyderabad,Shamshabad,Secunderabad,0.66,Residential,Housing,72a28988-7259-4102-9ae0-452ede3ba196,17.511504,78.656083,40240000.0,mortgaged,Bank Mortgage,2026-08-20T15:25:51.560044,
08a528c8-0494-4a55-a91b-7c046ec6b77b,HYD-006/P-08A5,Hyderabad,Shamshabad,Ameerpet,0.4,Residential,Apartment,bf63502d-5134-47ad-8652-6e15c33425b7,17.475776,78.514995,26110000.0,clear,None,2026-08-20T15:25:51.560081,
b2056366-dc8f-4f04-aef8-2466632efef9,HYD-007/1-B205,Hyderabad,Medchal,Secunderabad,0.46,Residential,Villa,09b9f80b-169e-4a15-9820-882165fe5129,17.250021,78.487612,18161000.0,clear,None,2026-08-20T15:25:51.560126,
21d7010c-d39b-40b2-8b3c-3b1faafd1b37,HYD-008/A-21D7,Hyderabad,Rangareddy,Hitech City,0.62,Residential,Villa,43beba1f-be3c-46c2-ba37-6a8f01fed7d4,17.383413,78.401086,26074000.0,clear,None,2026-08-20T15:25:51.560165,
c6fe920c-aeaf-4772-9117-7f294afe6c99,HYD-009/1-C6FE,Hyderabad,Shamshabad,Uppal,0.58,Residential,Duplex,72a28988-7259-4102-9ae0-452ede3ba196,17.402839,78.418882,20537000.0,disputed,Court Order,2026-08-20T15:25:51.560204,
ee047b63-bedc-44b3-846c-5c58f6389ac4,HYD-010/2-EE04,Hyderabad,Hyderabad,Hitech City,0.74,Residential,Villa,43beba1f-be3c-46c2-ba37-6a8f01fed7d4,17.56451,78.552367,15753000.0,mortgaged,Bank Mortgage,2026-08-20T15:25:51.560254,
631e52fd-2530-4ba8-8fa1-6d3dad42c042,HYD-011/1-631E,Hyderabad,Hyderabad,Banjara Hills,0.18,Residential,Duplex,bf63502d-5134-47ad-8652-6e15c33425b7,17.272226,78.369667,4052000.0,clear,None,2026-08-20T15:25:51.560295,
d384b2b0-9f34-46a8-8167-acf0b44731af,HYD-012/2-D384,Hyderabad,Secunderabad,Kukatpally,0.65,Residential,Duplex,518a99c7-276c-4f5f-98ae-e92d9bf6b3ac,17.511987,78.536594,19792000.0,clear,None,2026-08-20T15:25:51.560334,
c16b5237-24ef-4fc3-97a0-2f2b292a3dd6,HYD-013/B-C16B,Hyderabad,Secunderabad,Hitech City,0.75,Residential,Apartment,bf63502d-5134-47ad-8652-6e15c33425b7,17.559501,78.409468,27946000.0,clear,None,2026-08-20T15:25:51.560375,
41eb25dd-c7e7-45ed-9627-2bae85522e64,HYD-014/B-41EB,Hyderabad,Hyderabad,Ameerpet,0.39,Residential,Duplex,43beba1f-be3c-46c2-ba37-6a8f01fed7d4,17.386856,78.491808,3404000.0,disputed,Court Order,2026-08-20T15:25:51.560421,
304761a4-8093-4920-810c-b3654a41e56c,HYD-015/A-3047,Hyderabad,Rangareddy,Kondapur,0.49,Residential,Duplex,bf63502d-5134-47ad-8652-6e15c33425b7,17.252824,78.479263,10439000.0,mortgaged,Bank Mortgage,2026-08-20T15:25:51.560459,
fa527a81-3d38-41eb-9de9-07e5d12f0fa2,HYD-016/A-FA52,Hyderabad,Shamshabad,Ameerpet,2.31,Commercial,Warehouse,9d9734a7-1703-4db3-82ad-825e8a41a5ea,17.448625,78.564052,43741000.0,clear,None,2026-08-20T15:25:51.560503,
4bc6e6f0-95b8-4b2c-9f15-759a4482f7e7,HYD-017/A-4BC6,Hyderabad,Hyderabad,Uppal,1.2,Commercial,Showroom,9d9734a7-1703-4db3-82ad-825e8a41a5ea,17.527879,78.447076,39536000.0,clear,None,2026-08-20T15:25:51.560541,
b02acc97-8db0-4332-b979-0f2b6458aed3,HYD-018/A-B02A,Hyderabad,Secunderabad,Ameerpet,1.2,Commercial,Warehouse,bf63502d-5134-47ad-8652-6e15c33425b7,17.404951,78.629874,73522000.0,clear,None,2026-08-20T15:25:51.560576,
69deac4b-4caa-4af4-b8fc-ca58fb89f79b,HYD-019/C-69DE,Hyderabad,Hyderabad,Kondapur,1.84,Commercial,Warehouse,518a99c7-276c-4f5f-98ae-e92d9bf6b3ac,17.350013,78.356297,60201000.0,disputed,Court Order,2026-08-20T15:25:51.560619,
da26ab00-696f-41a1-8f05-753608aa277b,HYD-020/P-DA26,Hyderabad,Rangareddy,Gachibowli,0.83,Commercial,Showroom,72a28988-7259-4102-9ae0-452ede3ba196,17.224023,78.368504,71547000.0,mortgaged,Bank Mortgage,2026-08-20T15:25:51.560650,
5ec2b68e-f642-4ee7-a7c3-ce242431b141,HYD-021/B-5EC2,Hyderabad,Hyderabad,Secunderabad,0.63,Commercial,Mall,09b9f80b-169e-4a15-9820-882165fe5129,17.234113,78.62354,49297000.0,clear,None,2026-08-20T15:25:51.560694,
e096dbb2-84e2-431b-ad99-7165e0052365,HYD-022/Q-E096,Hyderabad,Rangareddy,Gachibowli,0.39,Commercial,Warehouse,72a28988-7259-4102-9ae0-452ede3ba196,17.529611,78.567827,5489000.0,clear,None,2026-08-20T15:25:51.560734,
c7e94492-5ef9-473e-8eb6-def9bd135a5d,HYD-023/2-C7E9,Hyderabad,Secunderabad,Manikonda,0.31,Commercial,Warehouse,72a28988-7259-4102-9ae0-452ede3ba196,17.325237,78.467086,15405000.0,clear,None,2026-08-20T15:25:51.560772,
f4bd1d32-bf5e-4459-8623-779f41020a02,HYD-024/B-F4BD,Hyderabad,Secunderabad,Secunderabad,2.25,Commercial,Office,4e5a68e7-3e07-44c8-8d9a-6b2d98b85c9b,17.44507,78.372307,209790000.0,disputed,Court Order,2026-08-20T15:25:51.560818,
08365ee1-b43c-4aa7-b809-117a43db5067,HYD-025/B-0836,Hyderabad,Hyderabad,Banjara Hills,0.86,Commercial,Showroom,c0dc331c-861c-4bb1-99dc-69d39c226fe6,17.448914,78.384543,31236000.0,mortgaged,Bank Mortgage,2026-08-20T15:25:51.560852,
1fbd0453-83b2-4ca3-a525-3fb6ea708cc2,HYD-026/A-1FBD,Hyderabad,Hyderabad,Secunderabad,1.51,Commercial,Showroom,9d9734a7-1703-4db3-82ad-825e8a41a5ea,17.544446,78.63388,89887000.0,clear,None,2026-08-20T15:25:51.560886,
dd8f2857-6409-4b72-99c5-a32d8be805c4,HYD-027/1-DD8F,Hyderabad,Rangareddy,Kondapur,0.36,Commercial,Office,43beba1f-be3c-46c2-ba37-6a8f01fed7d4,17.470402,78.318201,4400000.0,clear,None,2026-08-20T15:25:51.560929,
be927b33-9f5c-4441-9f2a-6d7b5d73254e,HYD-028/A-BE92,Hyderabad,Shamshabad,Uppal,0.2,Commercial,Retail Shop,518a99c7-276c-4f5f-98ae-e92d9bf6b3ac,17.36517,78.3394,8030000.0,clear,None,2026-08-20T15:25:51.560976,
7ea5e7d1-30d1-4aa3-8aa9-956b5fd7579b,HYD-029/B-7EA5,Hyderabad,Shamshabad,Manikonda,0.3,Commercial,Warehouse,09b9f80b-169e-4a15-9820-882165fe5129,17.223124,78.66397,11915000.0,disputed,Court Order,2026-08-20T15:25:51.561010,
ce75c1f5-e5ed-4b6c-9589-481a214fdd0b,HYD-030/B-CE75,Hyderabad,Medchal,Jubilee Hills,1.53,Commercial,Mall,c0dc331c-861c-4bb1-99dc-69d39c226fe6,17.460794,78.559096,109402000.0,mortgaged,Bank Mortgage,2026-08-20T15:25:51.561051,
8b22cf85-ea0f-486f-8709-dbe3ff830ee1,HYD-031/Q-8B22,Hyderabad,Medchal,Kukatpally,6.87,Agricultural,Plantation,9d9734a7-1703-4db3-82ad-825e8a41a5ea,17.415442,78.526698,31380000.0,clear,None,2026-08-20T15:25:51.561088,
5aded0d0-cb00-4ede-8493-cdae5eb89d5d,HYD-032/C-5ADE,Hyderabad,Shamshabad,Jubilee Hills,12.36,Agricultural,Grazing,72a28988-7259-4102-9ae0-452ede3ba196,17.335338,78.32846,123374000.0,clear,None,2026-08-20T15:25:51.561130,
62d86ed8-6523-4a97-90c1-6120a6aa4846,HYD-033/A-62D8,Hyderabad,Medchal,Ameerpet,14.33,Agricultural,Grazing,518a99c7-276c-4f5f-98ae-e92d9bf6b3ac,17.427372,78.573066,218909000.0,clear,None,2026-08-20T15:25:51.561171,
5c971ebb-231c-4ce1-8a58-b5a314673e1c,HYD-034/2-5C97,Hyderabad,Rangareddy,Uppal,6.37,Agricultural,Horticulture,72a28988-7259-4102-9ae0-452ede3ba196,17.291374,78.440159,53051000.0,disputed,Court Order,2026-08-20T15:25:51.561215,
f7bc50b6-96ed-4863-9f1e-510c108d1408,HYD-035/2-F7BC,Hyderabad,Medchal,Hitech City,14.1,Agricultural,Farming,09b9f80b-169e-4a15-9820-882165fe5129,17.307929,78.665871,220390000.0,mortgaged,Bank Mortgage,2026-08-20T15:25:51.561251,
0f86279c-beed-4316-b03d-934b90adae93,HYD-036/2-0F86,Hyderabad,Secunderabad,Madhapur,6.4,Agricultural,Horticulture,43beba1f-be3c-46c2-ba37-6a8f01fed7d4,17.554006,78.40727,94464000.0,clear,None,2026-08-20T15:25:51.561286,
418280ba-bd8a-49ac-9273-c468eb442063,HYD-037/C-4182,Hyderabad,Secunderabad,Kukatpally,2.39,Agricultural,Horticulture,09b9f80b-169e-4a15-9820-882165fe5129,17.272071,78.473421,33479000.0,clear,None,2026-08-20T15:25:51.561331,
cccd2a25-d828-4cc8-b721-d3f0e51eae59,HYD-038/3-CCCD,Hyderabad,Secunderabad,Secunderabad,3.5,Agricultural,Horticulture,09b9f80b-169e-4a15-9820-882165fe5129,17.259279,78.556261,47329000.0,clear,None,2026-08-20T15:25:51.561363,
f6e7b931-31b5-4d80-945c-4d2992c98c94,HYD-039/Q-F6E7,Hyderabad,Medchal,Secunderabad,8.71,Agricultural,Plantation,bf63502d-5134-47ad-8652-6e15c33425b7,17.297977,78.451613,36622000.0,disputed,Court Order,2026-08-20T15:25:51.561408,
f7f7ae0d-f8f6-4070-893b-594d35abf403,HYD-040/1-F7F7,Hyderabad,Medchal,Banjara Hills,4.59,Agricultural,Plantation,4e5a68e7-3e07-44c8-8d9a-6b2d98b85c9b,17.406201,78.416461,13850000.0,mortgaged,Bank Mortgage,2026-08-20T15:25:51.561447,
b760c50e-a1e8-4498-aca2-39fe90c0ed55,HYD-041/3-B760,Hyderabad,Medchal,Madhapur,1.73,Agricultural,Plantation,09b9f80b-169e-4a15-9820-882165fe5129,17.541004,78.339577,20933000.0,clear,None,2026-08-20T15:25:51.561482,
707617d0-812a-4f41-9147-ffaba00c661c,HYD-042/3-7076,Hyderabad,Shamshabad,Uppal,8.72,Agricultural,Grazing,09b9f80b-169e-4a15-9820-882165fe5129,17.376056,78.502791,56782000.0,clear,None,2026-08-20T15:25:51.561528,
770e17b8-15a0-452b-a863-ba016040c72b,HYD-043/B-770E,Hyderabad,Secunderabad,Manikonda,13.52,Agricultural,Orchard,4e5a68e7-3e07-44c8-8d9a-6b2d98b85c9b,17.358587,78.663319,68458000.0,clear,None,2026-08-20T15:25:51.561573,
e0ec8e48-276a-49df-9314-f9bed5c82bc2,HYD-044/C-E0EC,Hyderabad,Medchal,Kukatpally,7.26,Agricultural,Horticulture,72a28988-7259-4102-9ae0-452ede3ba196,17.289517,78.334911,43046000.0,disputed,Court Order,2026-08-20T15:25:51.561606,
94f1b622-af34-4751-b278-cb7e7ab91398,HYD-045/2-94F1,Hyderabad,Secunderabad,Jubilee Hills,2.9,Agricultural,Horticulture,518a99c7-276c-4f5f-98ae-e92d9bf6b3ac,17.207871,78.628618,28498000.0,mortgaged,Bank Mortgage,2026-08-20T15:25:51.561652,
4ca141dd-26c3-44d7-8fb1-bbebcd35bdf1,HYD-046/B-4CA1,Hyderabad,Medchal,Gachibowli,7.01,Industrial,Logistics,09b9f80b-169e-4a15-9820-882165fe5129,17.516155,78.497055,224487000.0,clear,None,2026-08-20T15:25:51.561683,
1bc82022-8cc0-4732-aa1d-6b19714d365a,HYD-047/P-1BC8,Hyderabad,Medchal,Ameerpet,6.82,Industrial,IT Park,4e5a68e7-3e07-44c8-8d9a-6b2d98b85c9b,17.216761,78.591629,346380000.0,clear,None,2026-08-20T15:25:51.561724,
9c513f06-2df6-4da2-9f08-19e4fe32b393,HYD-048/P-9C51,Hyderabad,Medchal,Kukatpally,6.14,Industrial,Factory,4e5a68e7-3e07-44c8-8d9a-6b2d98b85c9b,17.249228,78.631025,251768000.0,clear,None,2026-08-20T15:25:51.561771,
06fe0d38-382b-43b0-96c1-ca20fe48d947,HYD-049/A-06FE,Hyderabad,Medchal,Jubilee Hills,7.7,Industrial,Workshop,4e5a68e7-3e07-44c8-8d9a-6b2d98b85c9b,17.44329,78.354365,47363000.0,disputed,Court Order,2026-08-20T15:25:51.561805,
db937caa-d068-4677-8dfe-cec7dd208c3c,HYD-050/3-DB93,Hyderabad,Medchal,Manikonda,2.97,Industrial,IT Park,09b9f80b-169e-4a15-9820-882165fe5129,17.2967,78.489268,115581000.0,mortgaged,Bank Mortgage,2026-08-20T15:25:51.561838,
33646f13-8cad-4818-aa18-486ddc9c1872,HYD-051/B-3364,Hyderabad,Hyderabad,Kukatpally,2.23,Industrial,Workshop,09b9f80b-169e-4a15-9820-882165fe5129,17.530914,78.647025,87733000.0,clear,None,2026-08-20T15:25:51.561877,
0858487a-b510-473e-bc47-401913d5a5e1,HYD-052/3-0858,Hyderabad,Rangareddy,Banjara Hills,1.15,Industrial,Manufacturing,43beba1f-be3c-46c2-ba37-6a8f01fed7d4,17.264836,78.616365,37866000.0,clear,None,2026-08-20T15:25:51.561909,
71e4bbd6-0f12-4585-b033-871a3958fdaf,HYD-053/3-71E4,Hyderabad,Shamshabad,Madhapur,2.63,Industrial,Manufacturing,43beba1f-be3c-46c2-ba37-6a8f01fed7d4,17.292971,78.547315,111484000.0,clear,None,2026-08-20T15:25:51.561956,
8935824c-8367-4ffe-b5b5-9d67deda272b,HYD-054/2-8935,Hyderabad,Hyderabad,Ameerpet,4.77,Industrial,Logistics,43beba1f-be3c-46c2-ba37-6a8f01fed7d4,17.518103,78.502338,139312000.0,disputed,Court Order,2026-08-20T15:25:51.561992,
a67ecfb8-c87a-402b-91ec-19daf40c2943,HYD-055/P-A67E,Hyderabad,Secunderabad,LB Nagar,1.53,Industrial,Workshop,72a28988-7259-4102-9ae0-452ede3ba196,17.270888,78.41673,10275000.0,mortgaged,Bank Mortgage,2026-08-20T15:25:51.562031,
ef0343d5-d345-408c-912d-fed853883c3a,HYD-056/C-EF03,Hyderabad,Rangareddy,Ameerpet,4.81,Industrial,Workshop,c0dc331c-861c-4bb1-99dc-69d39c226fe6,17.272879,78.34139,91410000.0,clear,None,2026-08-20T15:25:51.562066,
935a435b-3692-4396-b23b-4f6319aa5a23,HYD-057/P-935A,Hyderabad,Medchal,Hitech City,1.73,Industrial,Manufacturing,c0dc331c-861c-4bb1-99dc-69d39c226fe6,17.361259,78.416393,70415000.0,clear,None,2026-08-20T15:25:51.562110,
75bf9a37-07dd-449b-95a8-07f1630e1121,HYD-058/B-75BF,Hyderabad,Rangareddy,Secunderabad,6.39,Industrial,Workshop,43beba1f-be3c-46c2-ba37-6a8f01fed7d4,17.428621,78.474852,158849000.0,clear,None,2026-08-20T15:25:51.562141,
c5d64edc-f227-4d8e-a731-2c01b765f051,HYD-059/C-C5D6,Hyderabad,Rangareddy,Madhapur,5.22,Industrial,Workshop,bf63502d-5134-47ad-8652-6e15c33425b7,17.446618,78.532879,21387000.0,disputed,Court Order,2026-08-20T15:25:51.562176,
ae6e7561-2d82-47df-a00f-3de4db387bfb,HYD-060/3-AE6E,Hyderabad,Shamshabad,Banjara Hills,5.64,Industrial,Workshop,518a99c7-276c-4f5f-98ae-e92d9bf6b3ac,17.390317,78.448719,23345000.0,mortgaged,Bank Mortgage,2026-08-20T15:25:51.562230,
8f8f8683-c356-439c-afb9-e96f8f18c32a,PNE-001/Q-8F8F,Pune,Pune City,Hinjewadi,0.32,Residential,Row House,bf63502d-5134-47ad-8652-6e15c33425b7,18.694729,73.761862,3247000.0,clear,None,2026-08-20T15:25:51.562264,
e2723ecd-1c3e-4eff-bd85-42a38abefa33,PNE-002/B-E272,Pune,Haveli,Kothrud,0.74,Residential,Villa,c0dc331c-861c-4bb1-99dc-69d39c226fe6,18.449486,74.025514,6941000.0,clear,None,2026-08-20T15:25:51.562305,
840910a6-cad6-43f1-b8f9-2de330fa344c,PNE-003/1-8409,Pune,Shirur,Magarpatta,0.19,Residential,Villa,4e5a68e7-3e07-44c8-8d9a-6b2d98b85c9b,18.645717,73.971101,5068000.0,clear,None,2026-08-20T15:25:51.562347,
4241a005-907d-42d8-be0d-1b74595df7ec,PNE-004/3-4241,Pune,Khed,Hadapsar,0.19,Residential,Apartment,518a99c7-276c-4f5f-98ae-e92d9bf6b3ac,18.581094,73.738012,7575000.0,disputed,Court Order,2026-08-20T15:25:51.562383,
402b0021-9c08-4246-b117-4043acc2d36a,PNE-005/3-402B,Pune,Shirur,Aundh,0.46,Residential,Row House,9d9734a7-1703-4db3-82ad-825e8a41a5ea,18.420408,73.721632,6018000.0,mortgaged,Bank Mortgage,2026-08-20T15:25:51.562426,
67a67d68-3658-4234-bf61-2f3a0513e543,PNE-006/1-67A6,Pune,Mulshi,Kalyani Nagar,0.14,Residential,Housing,bf63502d-5134-47ad-8652-6e15c33425b7,18.543629,73.715357,3076000.0,clear,None,2026-08-20T15:25:51.562460,
59d91c39-df31-4325-8c85-0602cb6317fe,PNE-007/1-59D9,Pune,Khed,Balewadi,0.13,Residential,Apartment,72a28988-7259-4102-9ae0-452ede3ba196,18.370994,73.890702,4189000.0,clear,None,2026-08-20T15:25:51.562494,
62fe48cc-d632-4227-b773-702453098457,PNE-008/B-62FE,Pune,Pune City,Kalyani Nagar,0.62,Residential,Villa,4e5a68e7-3e07-44c8-8d9a-6b2d98b85c9b,18.530884,74.006425,9307000.0,clear,None,2026-08-20T15:25:51.562534,
b59856a8-1631-41cd-a347-aa897bc49aba,PNE-009/C-B598,Pune,Pune City,Balewadi,0.41,Residential,Duplex,43beba1f-be3c-46c2-ba37-6a8f01fed7d4,18.357318,73.790324,11393000.0,disputed,Court Order,2026-08-20T15:25:51.562567,
6fe62a22-1c1a-4270-9dc1-ffeed7135c6f,PNE-010/B-6FE6,Pune,Mulshi,Balewadi,0.09,Residential,Housing,bf63502d-5134-47ad-8652-6e15c33425b7,18.458386,73.993255,2240000.0,mortgaged,Bank Mortgage,2026-08-20T15:25:51.562609,
6e7c53f4-5597-4004-ae05-bb8b8f426388,PNE-011/3-6E7C,Pune,Shirur,Balewadi,0.24,Residential,Duplex,9d9734a7-1703-4db3-82ad-825e8a41a5ea,18.515844,73.743637,4469000.0,clear,None,2026-08-20T15:25:51.562639,
399f2251-6c91-498e-b1ca-ea072680592c,PNE-012/3-399F,Pune,Haveli,Kondhwa,0.46,Residential,Villa,72a28988-7259-4102-9ae0-452ede3ba196,18.634929,74.007557,9807000.0,clear,None,2026-08-20T15:25:51.562671,
67475b38-e66f-4a1e-a007-8fa38e65b6a5,PNE-013/A-6747,Pune,Haveli,Magarpatta,0.43,Residential,Apartment,bf63502d-5134-47ad-8652-6e15c33425b7,18.615271,73.776859,12934000.0,clear,None,2026-08-20T15:25:51.562709,
006b553b-ec6c-4fad-8597-b617eaaf37cb,PNE-014/2-006B,Pune,Haveli,Wakad,0.51,Residential,Housing,09b9f80b-169e-4a15-9820-882165fe5129,18.564568,73.717278,22738000.0,disputed,Court Order,2026-08-20T15:25:51.562748,
2a7b52de-9fd9-4b17-a03d-2490b50495e5,PNE-015/A-2A7B,Pune,Mulshi,Magarpatta,0.17,Residential,Duplex,43beba1f-be3c-46c2-ba37-6a8f01fed7d4,18.480719,73.768773,7447000.0,mortgaged,Bank Mortgage,2026-08-20T15:25:51.562791,
fd7f2726-a648-4c17-b388-f8d0ee456277,PNE-016/3-FD7F,Pune,Haveli,Bavdhan,2.25,Commercial,Showroom,09b9f80b-169e-4a15-9820-882165fe5129,18.489478,73.725495,99914000.0,clear,None,2026-08-20T15:25:51.562825,
29ada793-8941-4935-9f0e-7e5ef52fb0d1,PNE-017/2-29AD,Pune,Shirur,Katraj,2.5,Commercial,Office,9d9734a7-1703-4db3-82ad-825e8a41a5ea,18.380345,73.736886,150906000.0,clear,None,2026-08-20T15:25:51.562865,
12d0377a-66a3-414e-afaf-b7a7c83a9a15,PNE-018/P-12D0,Pune,Shirur,Wakad,2.08,Commercial,Warehouse,518a99c7-276c-4f5f-98ae-e92d9bf6b3ac,18.599672,73.685378,148418000.0,clear,None,2026-08-20T15:25:51.562904,
8ca40821-0925-4a97-86ba-ac9d189026f0,PNE-019/A-8CA4,Pune,Khed,Kalyani Nagar,2.15,Commercial,Warehouse,43beba1f-be3c-46c2-ba37-6a8f01fed7d4,18.387427,73.834086,18939000.0,disputed,Court Order,2026-08-20T15:25:51.562944,
601f797b-d6c3-42b8-9a30-a6ae89395ded,PNE-020/P-601F,Pune,Haveli,Kalyani Nagar,0.46,Commercial,Warehouse,9d9734a7-1703-4db3-82ad-825e8a41a5ea,18.342139,73.862517,20442000.0,mortgaged,Bank Mortgage,2026-08-20T15:25:51.562986,
cf2f07e8-f4ad-4273-9322-e9a92be78719,PNE-021/2-CF2F,Pune,Haveli,Kondhwa,1.2,Commercial,Retail Shop,bf63502d-5134-47ad-8652-6e15c33425b7,18.660915,73.936985,26820000.0,clear,None,2026-08-20T15:25:51.563021,
525eae00-11e7-4055-9a6e-c6c21526f368,PNE-022/C-525E,Pune,Pune City,Katraj,0.33,Commercial,Office,518a99c7-276c-4f5f-98ae-e92d9bf6b3ac,18.390061,73.993944,17989000.0,clear,None,2026-08-20T15:25:51.563053,
3fd47787-2302-4097-bb44-08e8093f8e74,PNE-023/3-3FD4,Pune,Pune City,Magarpatta,1.73,Commercial,Mall,bf63502d-5134-47ad-8652-6e15c33425b7,18.661612,73.717892,13850000.0,clear,None,2026-08-20T15:25:51.563098,
4bb4d64c-ef04-458e-a5c1-0eebf43b7a9e,PNE-024/1-4BB4,Pune,Khed,Kothrud,1.85,Commercial,Showroom,72a28988-7259-4102-9ae0-452ede3ba196,18.627878,74.030593,131178000.0,disputed,Court Order,2026-08-20T15:25:51.563143,
33ebd051-4cb3-41c1-a279-bbb781fe233a,PNE-025/B-33EB,Pune,Haveli,Kondhwa,0.34,Commercial,Warehouse,9d9734a7-1703-4db3-82ad-825e8a41a5ea,18.41517,73.682116,11463000.0,mortgaged,Bank Mortgage,2026-08-20T15:25:51.563182,
5325c75e-cedf-429a-a050-57bd5251183b,PNE-026/2-5325,Pune,Mulshi,Hadapsar,1.87,Commercial,Retail Shop,c0dc331c-861c-4bb1-99dc-69d39c226fe6,18.530565,73.776502,112074000.0,clear,None,2026-08-20T15:25:51.563226,
2ab129f9-aa10-4b7d-aa58-17cd54a0f09d,PNE-027/A-2AB1,Pune,Pune City,Wakad,0.27,Commercial,Mall,9d9734a7-1703-4db3-82ad-825e8a41a5ea,18.345154,73.783913,18649000.0,clear,None,2026-08-20T15:25:51.563265,
bb89cf25-f61b-4ec5-8808-856cd88f1d17,PNE-028/B-BB89,Pune,Shirur,Kothrud,1.48,Commercial,Retail Shop,c0dc331c-861c-4bb1-99dc-69d39c226fe6,18.583758,73.978064,60863000.0,clear,None,2026-08-20T15:25:51.563299,
e783d77a-9b7d-4c42-8133-137bda862f5c,PNE-029/A-E783,Pune,Haveli,Kothrud,1.74,Commercial,Mall,43beba1f-be3c-46c2-ba37-6a8f01fed7d4,18.445938,73.964125,26050000.0,disputed,Court Order,2026-08-20T15:25:51.563339,
2b507a19-3c39-4abc-8d86-5fab788bfc99,PNE-030/P-2B50,Pune,Pune City,Wakad,2.33,Commercial,Showroom,72a28988-7259-4102-9ae0-452ede3ba196,18.418731,73.807732,167601000.0,mortgaged,Bank Mortgage,2026-08-20T15:25:51.563376,
f2f1cf94-05f6-46f6-b79e-052b107c82d0,PNE-031/P-F2F1,Pune,Haveli,Katraj,10.51,Agricultural,Horticulture,9d9734a7-1703-4db3-82ad-825e8a41a5ea,18.677259,73.987201,36057000.0,clear,None,2026-08-20T15:25:51.563410,
ad5fbb5e-2f6e-4ccd-8572-4625907b3441,PNE-032/3-AD5F,Pune,Haveli,Hinjewadi,13.03,Agricultural,Orchard,bf63502d-5134-47ad-8652-6e15c33425b7,18.570617,73.951174,125738000.0,clear,None,2026-08-20T15:25:51.563443,
55905b40-7566-4eea-9428-28f643143899,PNE-033/2-5590,Pune,Mulshi,Aundh,11.98,Agricultural,Farming,72a28988-7259-4102-9ae0-452ede3ba196,18.66032,73.783442,20555000.0,clear,None,2026-08-20T15:25:51.563475,
be8a4282-6181-44c9-abee-071fc742e969,PNE-034/P-BE8A,Pune,Haveli,Magarpatta,2.28,Agricultural,Horticulture,c0dc331c-861c-4bb1-99dc-69d39c226fe6,18.460859,73.810086,7887000.0,disputed,Court Order,2026-08-20T15:25:51.563522,
529179ea-6205-41b0-877b-d881fb9a9696,PNE-035/A-5291,Pune,Haveli,Katraj,14.24,Agricultural,Horticulture,bf63502d-5134-47ad-8652-6e15c33425b7,18.393401,73.713883,129692000.0,mortgaged,Bank Mortgage,2026-08-20T15:25:51.563558,
7d0c22cd-45ad-4b0e-98dd-ba1ef4881f98,PNE-036/2-7D0C,Pune,Shirur,Baner,8.19,Agricultural,Plantation,9d9734a7-1703-4db3-82ad-825e8a41a5ea,18.368276,73.828729,9866000.0,clear,None,2026-08-20T15:25:51.563602,
1a1ca494-3b78-4aeb-8c16-64a5e15b2ee1,PNE-037/3-1A1C,Pune,Mulshi,Wakad,11.47,Agricultural,Horticulture,bf63502d-5134-47ad-8652-6e15c33425b7,18.421352,73.843026,30157000.0,clear,None,2026-08-20T15:25:51.563639,
25beb305-2276-4de3-a947-87488901bebd,PNE-038/P-25BE,Pune,Pune City,Hinjewadi,11.6,Agricultural,Orchard,c0dc331c-861c-4bb1-99dc-69d39c226fe6,18.698138,73.947973,116220000.0,clear,None,2026-08-20T15:25:51.563670,
86774156-8cf4-43d6-97d7-5e6224c2c2ae,PNE-039/3-8677,Pune,Pune City,Viman Nagar,9.85,Agricultural,Farming,c0dc331c-861c-4bb1-99dc-69d39c226fe6,18.602979,74.032852,39185000.0,disputed,Court Order,2026-08-20T15:25:51.563706,
b7039d8d-9d6e-4514-b73e-f2577206abe5,PNE-040/A-B703,Pune,Khed,Kalyani Nagar,6.8,Agricultural,Grazing,c0dc331c-861c-4bb1-99dc-69d39c226fe6,18.667162,73.896922,51218000.0,mortgaged,Bank Mortgage,2026-08-20T15:25:51.563740,
434b3400-8804-465a-9a8f-e28a11ab6a50,PNE-041/C-434B,Pune,Mulshi,Kondhwa,4.9,Agricultural,Orchard,43beba1f-be3c-46c2-ba37-6a8f01fed7d4,18.377439,74.002754,41453000.0,clear,None,2026-08-20T15:25:51.563771,
30981bfe-cbf0-478d-b3f1-81e2d562540b,PNE-042/Q-3098,Pune,Haveli,Kondhwa,7.79,Agricultural,Plantation,518a99c7-276c-4f5f-98ae-e92d9bf6b3ac,18.690977,73.81147,69248000.0,clear,None,2026-08-20T15:25:51.563804,
6089633a-a0ce-4753-bfde-67679fe7b70e,PNE-043/Q-6089,Pune,Mulshi,Katraj,14.46,Agricultural,Plantation,4e5a68e7-3e07-44c8-8d9a-6b2d98b85c9b,18.439377,73.994731,65263000.0,clear,None,2026-08-20T15:25:51.563839,
3511e7b8-b177-400c-9759-143a5382ad61,PNE-044/A-3511,Pune,Haveli,Wakad,4.82,Agricultural,Horticulture,c0dc331c-861c-4bb1-99dc-69d39c226fe6,18.43887,73.78019,34163000.0,disputed,Court Order,2026-08-20T15:25:51.563881,
199b8ce1-237d-4048-829e-060a05e4cebc,PNE-045/2-199B,Pune,Shirur,Balewadi,2.67,Agricultural,Farming,c0dc331c-861c-4bb1-99dc-69d39c226fe6,18.553479,73.814336,2658000.0,mortgaged,Bank Mortgage,2026-08-20T15:25:51.563918,
ea1a91fe-8918-4f91-a612-ab0190334a01,PNE-046/2-EA1A,Pune,Pune City,Hinjewadi,3.1,Industrial,Manufacturing,72a28988-7259-4102-9ae0-452ede3ba196,18.678329,73.93425,49782000.0,clear,None,2026-08-20T15:25:51.563959,
006d39c1-17d0-46c4-aa59-dcfd1ac06a81,PNE-047/2-006D,Pune,Khed,Bavdhan,6.38,Industrial,Factory,4e5a68e7-3e07-44c8-8d9a-6b2d98b85c9b,18.400959,73.773421,110914000.0,clear,None,2026-08-20T15:25:51.564000,
a567daa3-428a-49a8-ae8c-e58cfca99ac4,PNE-048/2-A567,Pune,Pune City,Baner,6.08,Industrial,Manufacturing,c0dc331c-861c-4bb1-99dc-69d39c226fe6,18.424804,73.957583,141592000.0,clear,None,2026-08-20T15:25:51.564033,
6085c9c1-ec0c-4172-8001-a35adbc42c20,PNE-049/C-6085,Pune,Pune City,Magarpatta,6.44,Industrial,Factory,43beba1f-be3c-46c2-ba37-6a8f01fed7d4,18.451304,73.691463,117611000.0,disputed,Court Order,2026-08-20T15:25:51.564082,
5c9a3676-9b1e-4c09-b713-df14c5450f98,PNE-050/2-5C9A,Pune,Pune City,Bavdhan,1.11,Industrial,IT Park,4e5a68e7-3e07-44c8-8d9a-6b2d98b85c9b,18.524684,73.859611,22243000.0,mortgaged,Bank Mortgage,2026-08-20T15:25:51.564114,
b9a12222-c09d-495f-838f-01a9200eaa4a,PNE-051/B-B9A1,Pune,Shirur,Hadapsar,1.21,Industrial,Manufacturing,9d9734a7-1703-4db3-82ad-825e8a41a5ea,18.481071,73.743955,6047000.0,clear,None,2026-08-20T15:25:51.564147,
a6513df4-fc5d-4ced-825c-f86659dcf8df,PNE-052/3-A651,Pune,Mulshi,Hinjewadi,1.79,Industrial,Factory,bf63502d-5134-47ad-8652-6e15c33425b7,18.469565,73.880309,64329000.0,clear,None,2026-08-20T15:25:51.564247,
de5a863e-a88e-496b-981b-b8cc85eecccc,PNE-053/2-DE5A,Pune,Haveli,Kondhwa,3.41,Industrial,Factory,c0dc331c-861c-4bb1-99dc-69d39c226fe6,18.572672,73.885463,96920000.0,clear,None,2026-08-20T15:25:51.564282,
2635a147-0744-4098-a036-bbc2cd6bcbbf,PNE-054/C-2635,Pune,Khed,Kondhwa,6.9,Industrial,Logistics,c0dc331c-861c-4bb1-99dc-69d39c226fe6,18.45785,74.01745,173981000.0,disputed,Court Order,2026-08-20T15:25:51.564317,
ca66042d-7fd5-4e07-a64a-4277fb3dc4cd,PNE-055/C-CA66,Pune,Khed,Kondhwa,7.99,Industrial,Logistics,9d9734a7-1703-4db3-82ad-825e8a41a5ea,18.585368,73.991716,266011000.0,mortgaged,Bank Mortgage,2026-08-20T15:25:51.564781,
e9ddc541-5392-45fe-a07d-65ab58a3e99f,PNE-056/2-E9DD,Pune,Khed,Kothrud,2.56,Industrial,Logistics,bf63502d-5134-47ad-8652-6e15c33425b7,18.615475,73.768803,72614000.0,clear,None,2026-08-20T15:25:51.564906,
6ddbe27d-8b55-412e-a5d6-8033fb2e8013,PNE-057/C-6DDB,Pune,Pune City,Baner,2.3,Industrial,Logistics,518a99c7-276c-4f5f-98ae-e92d9bf6b3ac,18.529197,73.743127,81327000.0,clear,None,2026-08-20T15:25:51.564995,
a128a6ee-4f9c-4a87-9520-f82edf9aac5d,PNE-058/A-A128,Pune,Khed,Hadapsar,6.69,Industrial,IT Park,09b9f80b-169e-4a15-9820-882165fe5129,18.374832,73.748751,138754000.0,clear,None,2026-08-20T15:25:51.565090,
56ed8796-8376-40a5-a6cc-364ea86ab5ec,PNE-059/1-56ED,Pune,Mulshi,Kothrud,7.95,Industrial,Manufacturing,72a28988-7259-4102-9ae0-452ede3ba196,18.494519,74.015967,50756000.0,disputed,Court Order,2026-08-20T15:25:51.565201,
6e5de2fb-2a9f-4dd2-ae70-146a3e570299,PNE-060/3-6E5D,Pune,Haveli,Kothrud,1.6,Industrial,Manufacturing,518a99c7-276c-4f5f-98ae-e92d9bf6b3ac,18.547616,73.915467,56831000.0,mortgaged,Bank Mortgage,2026-08-20T15:25:51.565311,
3816778e-c048-4d40-84f5-a0dcd6ba4942,KOL-001/3-3816,Kolkata,Salt Lake,New Town,0.34,Residential,Villa,4e5a68e7-3e07-44c8-8d9a-6b2d98b85c9b,22.71408,88.225012,10509000.0,clear,None,2026-08-20T15:25:51.565429,
e4468707-1cb0-4b58-9e8e-5a144de1245f,KOL-002/2-E446,Kolkata,Kolkata North,Howrah,0.46,Residential,Duplex,4e5a68e7-3e07-44c8-8d9a-6b2d98b85c9b,22.426334,88.331423,3789000.0,clear,None,2026-08-20T15:25:51.565543,
6bc76e53-bf93-4357-b06d-5d50165fb415,KOL-003/B-6BC7,Kolkata,Barasat,Alipore,0.46,Residential,Housing,72a28988-7259-4102-9ae0-452ede3ba196,22.639466,88.421727,15358000.0,clear,None,2026-08-20T15:25:51.565636,
3c221880-c208-4e3e-bc25-81cc7556d9e5,KOL-004/Q-3C22,Kolkata,Salt Lake,Behala,0.28,Residential,Villa,518a99c7-276c-4f5f-98ae-e92d9bf6b3ac,22.640523,88.501474,1680000.0,disputed,Court Order,2026-08-20T15:25:51.565731,
20e637d7-a07c-4284-a712-0621f36f4919,KOL-005/3-20E6,Kolkata,Kolkata South,Salt Lake,0.72,Residential,Row House,c0dc331c-861c-4bb1-99dc-69d39c226fe6,22.448919,88.403886,8629000.0,mortgaged,Bank Mortgage,2026-08-20T15:25:51.565842,
4d799d33-bcda-455b-b2f7-4a5bd50b12c5,KOL-006/2-4D79,Kolkata,Salt Lake,Shibpur,0.23,Residential,Villa,9d9734a7-1703-4db3-82ad-825e8a41a5ea,22.449769,88.381131,5653000.0,clear,None,2026-08-20T15:25:51.566012,
816b2a65-274e-4a63-b12f-2fd16e844f12,KOL-007/1-816B,Kolkata,Kolkata North,Howrah,0.39,Residential,Housing,bf63502d-5134-47ad-8652-6e15c33425b7,22.626417,88.404343,2306000.0,clear,None,2026-08-20T15:25:51.566101,
10561d00-7c74-45ef-b051-7d7612702008,KOL-008/B-1056,Kolkata,Barasat,Barasat,0.45,Residential,Row House,43beba1f-be3c-46c2-ba37-6a8f01fed7d4,22.553018,88.436978,5927000.0,clear,None,2026-08-20T15:25:51.566140,
10e0ffd1-7866-436a-8430-0757b30ca52d,KOL-009/A-10E0,Kolkata,Barasat,Rajarhat,0.3,Residential,Apartment,bf63502d-5134-47ad-8652-6e15c33425b7,22.651526,88.458543,10524000.0,disputed,Court Order,2026-08-20T15:25:51.566184,
9123168a-546c-4be9-8a30-960b00a09f0b,KOL-010/B-9123,Kolkata,Salt Lake,Jadavpur,0.15,Residential,Villa,43beba1f-be3c-46c2-ba37-6a8f01fed7d4,22.539301,88.488352,2712000.0,mortgaged,Bank Mortgage,2026-08-20T15:25:51.566222,
e8e3eef5-06fb-42c0-ae5d-181f82b9e158,KOL-011/2-E8E3,Kolkata,Kolkata North,Shibpur,0.72,Residential,Apartment,bf63502d-5134-47ad-8652-6e15c33425b7,22.503675,88.416519,23611000.0,clear,None,2026-08-20T15:25:51.566308,
f28c3990-ac26-4cad-a417-41ff9eab488e,KOL-012/A-F28C,Kolkata,Barasat,Alipore,0.66,Residential,Villa,09b9f80b-169e-4a15-9820-882165fe5129,22.426862,88.298529,17853000.0,clear,None,2026-08-20T15:25:51.566350,
110be680-6b7d-4ffb-97cc-22e72d6bd53f,KOL-013/1-110B,Kolkata,Barasat,Alipore,0.75,Residential,Villa,518a99c7-276c-4f5f-98ae-e92d9bf6b3ac,22.512651,88.461913,26165000.0,clear,None,2026-08-20T15:25:51.566385,
6080ed3e-8782-40d8-9ad3-f589ab6ed9c8,KOL-014/2-6080,Kolkata,Howrah,Alipore,0.71,Residential,Apartment,bf63502d-5134-47ad-8652-6e15c33425b7,22.585073,88.50522,22984000.0,disputed,Court Order,2026-08-20T15:25:51.566424,
7eb04af3-d4e7-488a-ada3-cebd0472730e,KOL-015/2-7EB0,Kolkata,Kolkata North,Salt Lake,0.35,Residential,Housing,518a99c7-276c-4f5f-98ae-e92d9bf6b3ac,22.556523,88.370206,10762000.0,mortgaged,Bank Mortgage,2026-08-20T15:25:51.566643,
690c90be-e9aa-44b3-ac03-49299bff0b6a,KOL-016/P-690C,Kolkata,Kolkata South,Salt Lake,2.03,Commercial,Office,09b9f80b-169e-4a15-9820-882165fe5129,22.522435,88.228453,76292000.0,clear,None,2026-08-20T15:25:51.566699,
f9fe3b09-7d14-48e1-b720-9cd97ec7b29f,KOL-017/A-F9FE,Kolkata,Salt Lake,Alipore,1.67,Commercial,Showroom,4e5a68e7-3e07-44c8-8d9a-6b2d98b85c9b,22.708602,88.385811,68686000.0,clear,None,2026-08-20T15:25:51.566734,
db994610-feea-4bed-b239-c0e7c42a174d,KOL-018/C-DB99,Kolkata,Salt Lake,Alipore,2.21,Commercial,Warehouse,43beba1f-be3c-46c2-ba37-6a8f01fed7d4,22.631499,88.455694,42879000.0,clear,None,2026-08-20T15:25:51.566780,
4886aba7-2ece-4cbc-b4c3-ad27ec576c13,KOL-019/B-4886,Kolkata,Barasat,Ballygunge,0.54,Commercial,Warehouse,4e5a68e7-3e07-44c8-8d9a-6b2d98b85c9b,22.656282,88.479806,26503000.0,disputed,Court Order,2026-08-20T15:25:51.566814,
5de2460b-63f0-4789-b0bf-b06c70d04253,KOL-020/1-5DE2,Kolkata,Barasat,Ballygunge,1.01,Commercial,Office,72a28988-7259-4102-9ae0-452ede3ba196,22.442041,88.362134,7627000.0,mortgaged,Bank Mortgage,2026-08-20T15:25:51.566860,
1fc8d009-b8c9-47db-ab6a-6fccdc5fea9d,KOL-021/B-1FC8,Kolkata,Kolkata South,Park Street,1.69,Commercial,Office,c0dc331c-861c-4bb1-99dc-69d39c226fe6,22.569136,88.488523,43022000.0,clear,None,2026-08-20T15:25:51.566900,
b6c1b5aa-c86a-4af6-baf4-a70fb73231b3,KOL-022/Q-B6C1,Kolkata,Kolkata North,Dum Dum,2.13,Commercial,Retail Shop,4e5a68e7-3e07-44c8-8d9a-6b2d98b85c9b,22.62006,88.477856,20948000.0,clear,None,2026-08-20T15:25:51.566936,
39f1c392-586a-4ebb-8e1d-85a9f2f1fe3f,KOL-023/B-39F1,Kolkata,Kolkata North,Shibpur,1.67,Commercial,Warehouse,c0dc331c-861c-4bb1-99dc-69d39c226fe6,22.686102,88.349,47804000.0,clear,None,2026-08-20T15:25:51.566975,
c85cbcac-6843-4e97-aa3d-dd125fd73bc9,KOL-024/C-C85C,Kolkata,Howrah,Howrah,0.44,Commercial,Retail Shop,c0dc331c-861c-4bb1-99dc-69d39c226fe6,22.540651,88.381768,19678000.0,disputed,Court Order,2026-08-20T15:25:51.567089,
13a5f431-f7ab-455c-afcd-caa55310b356,KOL-025/3-13A5,Kolkata,Salt Lake,Park Street,2.32,Commercial,Office,9d9734a7-1703-4db3-82ad-825e8a41a5ea,22.568717,88.436117,126456000.0,mortgaged,Bank Mortgage,2026-08-20T15:25:51.567158,
95c03bdb-f238-404b-a114-91b38806993a,KOL-026/3-95C0,Kolkata,Kolkata North,Shibpur,1.87,Commercial,Warehouse,09b9f80b-169e-4a15-9820-882165fe5129,22.598143,88.426024,27221000.0,clear,None,2026-08-20T15:25:51.567207,
4d40b9b9-8914-4ea1-9a2b-98d16fe61e2a,KOL-027/3-4D40,Kolkata,Salt Lake,Rajarhat,2.07,Commercial,Mall,09b9f80b-169e-4a15-9820-882165fe5129,22.458689,88.30203,78392000.0,clear,None,2026-08-20T15:25:51.567250,
84a60166-9525-4912-b048-db4eedad480d,KOL-028/2-84A6,Kolkata,Kolkata North,Barasat,1.6,Commercial,Mall,4e5a68e7-3e07-44c8-8d9a-6b2d98b85c9b,22.430498,88.492088,91153000.0,clear,None,2026-08-20T15:25:51.567287,
85957b2e-00cd-46b0-a48c-b9e1448ac5b8,KOL-029/Q-8595,Kolkata,Barasat,Park Street,1.56,Commercial,Showroom,c0dc331c-861c-4bb1-99dc-69d39c226fe6,22.517645,88.232958,80925000.0,disputed,Court Order,2026-08-20T15:25:51.567322,
3c9a2a22-86d0-4d21-bf5f-bd836e41a53d,KOL-030/3-3C9A,Kolkata,Salt Lake,Tollygunge,0.96,Commercial,Retail Shop,c0dc331c-861c-4bb1-99dc-69d39c226fe6,22.558842,88.229764,37686000.0,mortgaged,Bank Mortgage,2026-08-20T15:25:51.567364,
d813a3e5-98d1-444f-8e59-fc823670eee2,KOL-031/C-D813,Kolkata,Howrah,Salt Lake,7.99,Agricultural,Orchard,518a99c7-276c-4f5f-98ae-e92d9bf6b3ac,22.453529,88.236516,27650000.0,clear,None,2026-08-20T15:25:51.567402,
4f9b6915-0c53-453e-bf23-753fb007ab3b,KOL-032/B-4F9B,Kolkata,Kolkata South,Dum Dum,6.41,Agricultural,Horticulture,09b9f80b-169e-4a15-9820-882165fe5129,22.577707,88.500507,10948000.0,clear,None,2026-08-20T15:25:51.567556,
acb9fe0c-2cf9-401d-9782-879e1e62c8d4,KOL-033/1-ACB9,Kolkata,Barasat,Behala,10.1,Agricultural,Grazing,4e5a68e7-3e07-44c8-8d9a-6b2d98b85c9b,22.530757,88.400449,79476000.0,clear,None,2026-08-20T15:25:51.567592,
a038c572-7d22-4d4f-b6e7-b9d8063c28fc,KOL-034/3-A038,Kolkata,Barasat,Dum Dum,10.93,Agricultural,Grazing,4e5a68e7-3e07-44c8-8d9a-6b2d98b85c9b,22.632513,88.336217,79545000.0,disputed,Court Order,2026-08-20T15:25:51.567634,
52b9c588-9fe3-4682-b74d-7061d89ba00b,KOL-035/1-52B9,Kolkata,Howrah,Shibpur,1.89,Agricultural,Farming,43beba1f-be3c-46c2-ba37-6a8f01fed7d4,22.429536,88.455821,9057000.0,mortgaged,Bank Mortgage,2026-08-20T15:25:51.567681,
60594bc6-c079-4522-86d2-6a5e73e5dbfb,KOL-036/2-6059,Kolkata,Howrah,Jadavpur,13.88,Agricultural,Horticulture,72a28988-7259-4102-9ae0-452ede3ba196,22.479976,88.246565,26336000.0,clear,None,2026-08-20T15:25:51.567714,
759f55b7-934e-464f-9c5f-c8e943b6f660,KOL-037/2-759F,Kolkata,Barasat,Shibpur,11.78,Agricultural,Farming,72a28988-7259-4102-9ae0-452ede3ba196,22.446991,88.281826,35926000.0,clear,None,2026-08-20T15:25:51.567749,
4484a79a-6e6c-4487-a4e3-43d40993bbc5,KOL-038/C-4484,Kolkata,Kolkata South,Salt Lake,9.08,Agricultural,Grazing,43beba1f-be3c-46c2-ba37-6a8f01fed7d4,22.68711,88.469865,78932000.0,clear,None,2026-08-20T15:25:51.567786,
0c2de156-7fd1-44e0-a89f-ec2043d725bc,KOL-039/B-0C2D,Kolkata,Kolkata North,Behala,3.29,Agricultural,Farming,518a99c7-276c-4f5f-98ae-e92d9bf6b3ac,22.582685,88.469225,10798000.0,disputed,Court Order,2026-08-20T15:25:51.567830,
82a711f4-e972-470c-a6fa-a9576560be6c,KOL-040/2-82A7,Kolkata,Salt Lake,Jadavpur,14.98,Agricultural,Horticulture,9d9734a7-1703-4db3-82ad-825e8a41a5ea,22.47525,88.410696,106136000.0,mortgaged,Bank Mortgage,2026-08-20T15:25:51.567871,
9440fbab-d6de-46dd-b399-29fae45e974e,KOL-041/Q-9440,Kolkata,Kolkata North,Howrah,3.61,Agricultural,Orchard,4e5a68e7-3e07-44c8-8d9a-6b2d98b85c9b,22.543862,88.442026,13798000.0,clear,None,2026-08-20T15:25:51.567910,
0a9f3735-536c-4ce0-9404-b884a5d7fcd4,KOL-042/C-0A9F,Kolkata,Kolkata South,Park Street,7.87,Agricultural,Farming,4e5a68e7-3e07-44c8-8d9a-6b2d98b85c9b,22.47315,88.364351,13073000.0,clear,None,2026-08-20T15:25:51.567945,
c3cf0092-6809-49c6-829d-8f89380e3cd4,KOL-043/2-C3CF,Kolkata,Salt Lake,New Town,9.01,Agricultural,Orchard,c0dc331c-861c-4bb1-99dc-69d39c226fe6,22.43488,88.441651,47082000.0,clear,None,2026-08-20T15:25:51.567993,
5e4c113e-66f2-4bc3-9d20-082b1828f394,KOL-044/A-5E4C,Kolkata,Kolkata South,Howrah,9.04,Agricultural,Orchard,bf63502d-5134-47ad-8652-6e15c33425b7,22.654533,88.41419,13925000.0,disputed,Court Order,2026-08-20T15:25:51.568030,
6e133ba9-06ef-4e24-be71-458bf87a747b,KOL-045/A-6E13,Kolkata,Howrah,New Town,3.44,Agricultural,Plantation,9d9734a7-1703-4db3-82ad-825e8a41a5ea,22.546912,88.491833,14830000.0,mortgaged,Bank Mortgage,2026-08-20T15:25:51.568067,
7b17f66c-9470-46b2-a886-a49437e4a385,KOL-046/P-7B17,Kolkata,Kolkata North,Alipore,4.74,Industrial,Logistics,c0dc331c-861c-4bb1-99dc-69d39c226fe6,22.517198,88.298437,133470000.0,clear,None,2026-08-20T15:25:51.568105,
3ddd0a07-4166-4138-a78b-2d74c659bbf4,KOL-047/C-3DDD,Kolkata,Salt Lake,Salt Lake,3.85,Industrial,Factory,4e5a68e7-3e07-44c8-8d9a-6b2d98b85c9b,22.585072,88.44463,103027000.0,clear,None,2026-08-20T15:25:51.568147,
5c7c1462-a8c9-42f6-89a9-761821c32a76,KOL-048/2-5C7C,Kolkata,Howrah,Shibpur,4.6,Industrial,Factory,bf63502d-5134-47ad-8652-6e15c33425b7,22.53314,88.504848,48700000.0,clear,None,2026-08-20T15:25:51.568193,
536b791a-6865-4ee9-829d-5cc9edb78304,KOL-049/3-536B,Kolkata,Barasat,Ballygunge,3.85,Industrial,Factory,518a99c7-276c-4f5f-98ae-e92d9bf6b3ac,22.444854,88.430308,14725000.0,disputed,Court Order,2026-08-20T15:25:51.568239,
091d9983-7c04-4c65-adab-7b9b2a5298fe,KOL-050/2-091D,Kolkata,Kolkata North,Dum Dum,1.2,Industrial,Factory,09b9f80b-169e-4a15-9820-882165fe5129,22.646537,88.349967,13601000.0,mortgaged,Bank Mortgage,2026-08-20T15:25:51.568273,
8ce3ee8d-3900-48a1-aaa4-641274dd2c72,KOL-051/C-8CE3,Kolkata,Kolkata South,Ballygunge,3.21,Industrial,Logistics,bf63502d-5134-47ad-8652-6e15c33425b7,22.526228,88.502571,86285000.0,clear,None,2026-08-20T15:25:51.568317,
0a7453c7-2d2d-49cd-bc41-ef47b1f36fb8,KOL-052/A-0A74,Kolkata,Howrah,Alipore,6.44,Industrial,IT Park,9d9734a7-1703-4db3-82ad-825e8a41a5ea,22.49982,88.477101,165574000.0,clear,None,2026-08-20T15:25:51.568357,
a9c2532a-7ca2-4f37-bc7e-b422c130d259,KOL-053/C-A9C2,Kolkata,Kolkata South,Barasat,4.11,Industrial,Workshop,72a28988-7259-4102-9ae0-452ede3ba196,22.641941,88.260718,15298000.0,clear,None,2026-08-20T15:25:51.568393,
764be358-4c04-4131-b22b-22c39fe722b6,KOL-054/P-764B,Kolkata,Kolkata North,Ballygunge,3.67,Industrial,Workshop,72a28988-7259-4102-9ae0-452ede3ba196,22.678146,88.405934,33287000.0,disputed,Court Order,2026-08-20T15:25:51.568434,
e846e694-dd2f-48d0-b253-eed3bcd72b01,KOL-055/B-E846,Kolkata,Salt Lake,Salt Lake,2.9,Industrial,Factory,4e5a68e7-3e07-44c8-8d9a-6b2d98b85c9b,22.441762,88.3356,76696000.0,mortgaged,Bank Mortgage,2026-08-20T15:25:51.568476,
18c8c8fc-bd65-434e-aeee-e08ac64bd378,KOL-056/B-18C8,Kolkata,Barasat,Tollygunge,5.86,Industrial,IT Park,43beba1f-be3c-46c2-ba37-6a8f01fed7d4,22.616351,88.275162,124467000.0,clear,None,2026-08-20T15:25:51.568508,
f15a6298-e112-4a69-a60d-822c62476408,KOL-057/3-F15A,Kolkata,Kolkata South,Ballygunge,3.59,Industrial,IT Park,518a99c7-276c-4f5f-98ae-e92d9bf6b3ac,22.532024,88.285725,32003000.0,clear,None,2026-08-20T15:25:51.568541,
75a34088-07a0-483c-86aa-0cc635a32095,KOL-058/C-75A3,Kolkata,Salt Lake,Park Street,3.99,Industrial,Logistics,09b9f80b-169e-4a15-9820-882165fe5129,22.713084,88.215225,67712000.0,clear,None,2026-08-20T15:25:51.568582,
6c35df9b-f157-4047-8895-e5c37fbaa563,KOL-059/C-6C35,Kolkata,Salt Lake,Dum Dum,4.42,Industrial,Logistics,bf63502d-5134-47ad-8652-6e15c33425b7,22.689134,88.503194,51555000.0,disputed,Court Order,2026-08-20T15:25:51.568617,
0876e9d0-8ee5-4427-8f82-5082967bc312,KOL-060/A-0876,Kolkata,Kolkata North,Ballygunge,5.85,Industrial,Logistics,9d9734a7-1703-4db3-82ad-825e8a41a5ea,22.566072,88.286874,20817000.0,mortgaged,Bank Mortgage,2026-08-20T15:25:51.568661,
027cc1ab-4165-4aad-9de1-00f718d45bd4,AMD-001/P-027C,Ahmedabad,Dholka,Thaltej,0.56,Residential,Villa,9d9734a7-1703-4db3-82ad-825e8a41a5ea,22.939321,72.461245,20843000.0,clear,None,2026-08-20T15:25:51.568702,
885ff6bb-ee33-4361-8233-aabcf02d4a3d,AMD-002/1-885F,Ahmedabad,Daskroi,SG Highway,0.3,Residential,Apartment,09b9f80b-169e-4a15-9820-882165fe5129,22.997159,72.621145,3502000.0,clear,None,2026-08-20T15:25:51.568742,
2c2516a5-11d3-42de-b6cb-f098ade464f7,AMD-003/1-2C25,Ahmedabad,Dholka,Thaltej,0.37,Residential,Duplex,c0dc331c-861c-4bb1-99dc-69d39c226fe6,22.940081,72.544995,3651000.0,clear,None,2026-08-20T15:25:51.568797,
601cadad-0afc-479a-a1aa-6a740ea47009,AMD-004/B-601C,Ahmedabad,Dholka,Vastrapur,0.41,Residential,Duplex,518a99c7-276c-4f5f-98ae-e92d9bf6b3ac,23.139868,72.574308,8942000.0,disputed,Court Order,2026-08-20T15:25:51.568844,
9290d531-a226-4cb0-a2e7-631105568456,AMD-005/C-9290,Ahmedabad,Sanand,Bodakdev,0.41,Residential,Row House,bf63502d-5134-47ad-8652-6e15c33425b7,23.011253,72.550227,16816000.0,mortgaged,Bank Mortgage,2026-08-20T15:25:51.568888,
a416c893-0770-4ca4-8b6f-bc647de4fff1,AMD-006/C-A416,Ahmedabad,Dholka,Sanand Industrial,0.68,Residential,Row House,09b9f80b-169e-4a15-9820-882165fe5129,23.019708,72.616025,28360000.0,clear,None,2026-08-20T15:25:51.569157,
8f0317ea-34e7-4412-9f27-066e03ae98e1,AMD-007/Q-8F03,Ahmedabad,Daskroi,Bodakdev,0.76,Residential,Duplex,4e5a68e7-3e07-44c8-8d9a-6b2d98b85c9b,23.097629,72.50365,3215000.0,clear,None,2026-08-20T15:25:51.569214,
4e2fe2d7-b15c-4d91-a893-ee593b3a44fd,AMD-008/3-4E2F,Ahmedabad,Dholka,Thaltej,0.69,Residential,Apartment,72a28988-7259-4102-9ae0-452ede3ba196,23.12878,72.480467,28409000.0,clear,None,2026-08-20T15:25:51.569258,
01207523-dc66-4d73-a8dc-6c6d80f4a93c,AMD-009/Q-0120,Ahmedabad,Daskroi,Maninagar,0.73,Residential,Duplex,4e5a68e7-3e07-44c8-8d9a-6b2d98b85c9b,23.132752,72.600293,10009000.0,disputed,Court Order,2026-08-20T15:25:51.569308,
4afc3f62-5732-4ab7-be15-5554981b2cc5,AMD-010/Q-4AFC,Ahmedabad,Daskroi,Prahlad Nagar,0.38,Residential,Row House,4e5a68e7-3e07-44c8-8d9a-6b2d98b85c9b,23.078706,72.701355,13106000.0,mortgaged,Bank Mortgage,2026-08-20T15:25:51.569357,
1743d344-7a92-47bd-86e7-14d1025d86d8,AMD-011/P-1743,Ahmedabad,Daskroi,Maninagar,0.39,Residential,Apartment,9d9734a7-1703-4db3-82ad-825e8a41a5ea,22.985787,72.73066,3395000.0,clear,None,2026-08-20T15:25:51.569391,
52c2d199-dd74-4d3b-877a-9dc79c600984,AMD-012/B-52C2,Ahmedabad,Daskroi,Satellite,0.64,Residential,Villa,c0dc331c-861c-4bb1-99dc-69d39c226fe6,23.127391,72.581325,15875000.0,clear,None,2026-08-20T15:25:51.569433,
5b8a52ad-0012-471b-b0a6-4e8053023fba,AMD-013/3-5B8A,Ahmedabad,Ahmedabad City,Navrangpura,0.57,Residential,Housing,bf63502d-5134-47ad-8652-6e15c33425b7,23.136341,72.624031,14783000.0,clear,None,2026-08-20T15:25:51.569474,
b5854580-b6aa-4225-81ca-a591588076f7,AMD-014/Q-B585,Ahmedabad,Dholka,Vastrapur,0.63,Residential,Housing,bf63502d-5134-47ad-8652-6e15c33425b7,22.977375,72.592162,18711000.0,disputed,Court Order,2026-08-20T15:25:51.569508,
b96c4852-8448-4d74-abc9-3f6851051964,AMD-015/1-B96C,Ahmedabad,Ahmedabad City,Thaltej,0.07,Residential,Villa,bf63502d-5134-47ad-8652-6e15c33425b7,23.112379,72.663777,1960000.0,mortgaged,Bank Mortgage,2026-08-20T15:25:51.569539,
ba7f4592-d011-4a8d-8049-49d1aa26657e,AMD-016/B-BA7F,Ahmedabad,Dholka,Thaltej,1.9,Commercial,Retail Shop,72a28988-7259-4102-9ae0-452ede3ba196,23.054574,72.560474,68766000.0,clear,None,2026-08-20T15:25:51.569584,
2c6feb8d-f875-4ef5-be09-ff98286c5970,AMD-017/P-2C6F,Ahmedabad,Ahmedabad City,Maninagar,1.21,Commercial,Retail Shop,43beba1f-be3c-46c2-ba37-6a8f01fed7d4,23.097496,72.670882,56889000.0,clear,None,2026-08-20T15:25:51.569628,
c3f54df8-c61a-4bf4-b473-5b0e5c310be0,AMD-018/B-C3F5,Ahmedabad,Sanand,Prahlad Nagar,2.24,Commercial,Showroom,c0dc331c-861c-4bb1-99dc-69d39c226fe6,22.918791,72.547164,110690000.0,clear,None,2026-08-20T15:25:51.569661,
05f27eaa-c430-4a2c-9b1a-2292ae033643,AMD-019/1-05F2,Ahmedabad,Daskroi,Vastrapur,1.96,Commercial,Office,9d9734a7-1703-4db3-82ad-825e8a41a5ea,23.047029,72.46936,123644000.0,disputed,Court Order,2026-08-20T15:25:51.569702,
f3d03e84-ed39-4b2c-bd22-c6a179f2e647,AMD-020/A-F3D0,Ahmedabad,Daskroi,Bodakdev,0.44,Commercial,Retail Shop,4e5a68e7-3e07-44c8-8d9a-6b2d98b85c9b,22.902256,72.500731,25121000.0,mortgaged,Bank Mortgage,2026-08-20T15:25:51.569745,
a9708ff7-67a6-4bac-9589-cd8241d8d1a1,AMD-021/C-A970,Ahmedabad,Ahmedabad City,SG Highway,1.68,Commercial,Retail Shop,4e5a68e7-3e07-44c8-8d9a-6b2d98b85c9b,22.86665,72.435995,109971000.0,clear,None,2026-08-20T15:25:51.569782,
ba48a585-74a4-4420-ad6b-eb5db3e87208,AMD-022/1-BA48,Ahmedabad,Ahmedabad City,Thaltej,1.31,Commercial,Retail Shop,518a99c7-276c-4f5f-98ae-e92d9bf6b3ac,22.951605,72.645806,54865000.0,clear,None,2026-08-20T15:25:51.569816,
fdabb403-60cc-4bce-a967-30ca7bca36ac,AMD-023/A-FDAB,Ahmedabad,Daskroi,Ghatlodia,2.26,Commercial,Office,4e5a68e7-3e07-44c8-8d9a-6b2d98b85c9b,23.118814,72.602701,83313000.0,clear,None,2026-08-20T15:25:51.569852,
04a48588-b8cd-4065-81c7-73deecaafea3,AMD-024/1-04A4,Ahmedabad,Dholka,SG Highway,0.63,Commercial,Retail Shop,9d9734a7-1703-4db3-82ad-825e8a41a5ea,22.9376,72.511455,37814000.0,disputed,Court Order,2026-08-20T15:25:51.569893,
74e88783-10c6-4994-a0f7-06147ff12a4f,AMD-025/C-74E8,Ahmedabad,Ahmedabad City,Vastrapur,0.26,Commercial,Office,518a99c7-276c-4f5f-98ae-e92d9bf6b3ac,22.926383,72.534066,11091000.0,mortgaged,Bank Mortgage,2026-08-20T15:25:51.569940,
9e79ff33-ea19-41d6-b357-07f4e2213a60,AMD-026/2-9E79,Ahmedabad,Dholka,Navrangpura,0.44,Commercial,Mall,72a28988-7259-4102-9ae0-452ede3ba196,23.168761,72.579979,13940000.0,clear,None,2026-08-20T15:25:51.569982,
802d61da-94db-4d32-82c4-33f0f937a884,AMD-027/Q-802D,Ahmedabad,Sanand,Navrangpura,1.9,Commercial,Mall,43beba1f-be3c-46c2-ba37-6a8f01fed7d4,23.057867,72.540029,53386000.0,clear,None,2026-08-20T15:25:51.570028,
f4ab0a3c-f825-4a20-a580-a18215b5600e,AMD-028/C-F4AB,Ahmedabad,Sanand,Navrangpura,2.43,Commercial,Retail Shop,4e5a68e7-3e07-44c8-8d9a-6b2d98b85c9b,22.98024,72.695429,157922000.0,clear,None,2026-08-20T15:25:51.570065,
4b5e8c1e-c453-4ffa-b6dd-98c830e8b813,AMD-029/3-4B5E,Ahmedabad,Dholka,Maninagar,1.94,Commercial,Retail Shop,9d9734a7-1703-4db3-82ad-825e8a41a5ea,23.142354,72.507673,127180000.0,disputed,Court Order,2026-08-20T15:25:51.570098,
e33a0bb9-cb35-4a91-b8f4-ee0fba707547,AMD-030/P-E33A,Ahmedabad,Daskroi,Navrangpura,1.44,Commercial,Office,bf63502d-5134-47ad-8652-6e15c33425b7,23.078265,72.459573,26881000.0,mortgaged,Bank Mortgage,2026-08-20T15:25:51.570146,
4ef8ea8a-52e6-4f77-83fb-742441c34ef2,AMD-031/A-4EF8,Ahmedabad,Daskroi,Prahlad Nagar,14.44,Agricultural,Farming,bf63502d-5134-47ad-8652-6e15c33425b7,23.016106,72.560919,23051000.0,clear,None,2026-08-20T15:25:51.570190,
31279a2a-139d-42c6-a2ec-8450df321328,AMD-032/A-3127,Ahmedabad,Sanand,SG Highway,1.89,Agricultural,Orchard,09b9f80b-169e-4a15-9820-882165fe5129,23.182353,72.647196,2827000.0,clear,None,2026-08-20T15:25:51.570229,
920bff86-a754-4637-a39a-b4c94ea472f4,AMD-033/C-920B,Ahmedabad,Ahmedabad City,Ghatlodia,11.11,Agricultural,Plantation,4e5a68e7-3e07-44c8-8d9a-6b2d98b85c9b,22.980535,72.52119,73665000.0,clear,None,2026-08-20T15:25:51.570266,
497b2419-ba05-47aa-8903-9813056cddd9,AMD-034/1-497B,Ahmedabad,Ahmedabad City,Navrangpura,7.63,Agricultural,Plantation,72a28988-7259-4102-9ae0-452ede3ba196,23.099508,72.520067,25526000.0,disputed,Court Order,2026-08-20T15:25:51.570298,
bc1d771b-af80-4304-a97c-ef7b6026cbac,AMD-035/1-BC1D,Ahmedabad,Sanand,Ghatlodia,10.87,Agricultural,Horticulture,c0dc331c-861c-4bb1-99dc-69d39c226fe6,23.018967,72.604142,45057000.0,mortgaged,Bank Mortgage,2026-08-20T15:25:51.570338,
0f305ac3-5c01-433e-88e8-f76637a95131,AMD-036/B-0F30,Ahmedabad,Ahmedabad City,Satellite,5.74,Agricultural,Grazing,9d9734a7-1703-4db3-82ad-825e8a41a5ea,23.013598,72.473221,9728000.0,clear,None,2026-08-20T15:25:51.570381,
e753955f-f58c-47e0-b889-8593384d528c,AMD-037/B-E753,Ahmedabad,Dholka,Satellite,13.08,Agricultural,Grazing,72a28988-7259-4102-9ae0-452ede3ba196,23.053844,72.520598,17658000.0,clear,None,2026-08-20T15:25:51.570420,
daf1760e-bc97-4a51-acbc-3554b249b7a4,AMD-038/C-DAF1,Ahmedabad,Dholka,Satellite,11.0,Agricultural,Farming,bf63502d-5134-47ad-8652-6e15c33425b7,22.913028,72.421162,111257000.0,clear,None,2026-08-20T15:25:51.570464,
86389161-1241-496c-9ffb-91851225685c,AMD-039/A-8638,Ahmedabad,Ahmedabad City,Ghatlodia,13.25,Agricultural,Plantation,4e5a68e7-3e07-44c8-8d9a-6b2d98b85c9b,23.065561,72.722457,85805000.0,disputed,Court Order,2026-08-20T15:25:51.570503,
9f4fde46-36bc-40f8-a473-62bcc3adde44,AMD-040/2-9F4F,Ahmedabad,Dholka,Thaltej,11.67,Agricultural,Farming,4e5a68e7-3e07-44c8-8d9a-6b2d98b85c9b,23.059428,72.479982,11415000.0,mortgaged,Bank Mortgage,2026-08-20T15:25:51.570544,
a235b03d-33aa-4a15-ad55-b9e6341582be,AMD-041/2-A235,Ahmedabad,Dholka,Sanand Industrial,11.6,Agricultural,Grazing,518a99c7-276c-4f5f-98ae-e92d9bf6b3ac,22.994939,72.667296,52157000.0,clear,None,2026-08-20T15:25:51.570576,
67e66d9f-ae5c-41e9-8476-a782e7a504cd,AMD-042/C-67E6,Ahmedabad,Dholka,Sanand Industrial,8.76,Agricultural,Plantation,9d9734a7-1703-4db3-82ad-825e8a41a5ea,23.008853,72.499859,89178000.0,clear,None,2026-08-20T15:25:51.570623,
32a9d54a-23c8-43da-b2eb-613d3af26024,AMD-043/2-32A9,Ahmedabad,Daskroi,Satellite,5.29,Agricultural,Grazing,518a99c7-276c-4f5f-98ae-e92d9bf6b3ac,23.035764,72.649834,19960000.0,clear,None,2026-08-20T15:25:51.570668,
54430144-9474-47bb-83c8-c969d443ab24,AMD-044/P-5443,Ahmedabad,Daskroi,Thaltej,3.34,Agricultural,Orchard,72a28988-7259-4102-9ae0-452ede3ba196,23.06382,72.651204,15506000.0,disputed,Court Order,2026-08-20T15:25:51.570706,
b10e6f18-1f14-4f5b-9c15-5a89d035d323,AMD-045/B-B10E,Ahmedabad,Ahmedabad City,Ghatlodia,8.02,Agricultural,Orchard,72a28988-7259-4102-9ae0-452ede3ba196,22.981004,72.460417,59171000.0,mortgaged,Bank Mortgage,2026-08-20T15:25:51.570750,
99703025-90d2-4d4d-8999-9b18f445d964,AMD-046/C-9970,Ahmedabad,Ahmedabad City,Satellite,2.86,Industrial,IT Park,09b9f80b-169e-4a15-9820-882165fe5129,23.058497,72.69863,49718000.0,clear,None,2026-08-20T15:25:51.570791,
2a0d2d5d-d715-47db-8c64-4c5c670f120c,AMD-047/3-2A0D,Ahmedabad,Daskroi,Satellite,4.75,Industrial,Workshop,4e5a68e7-3e07-44c8-8d9a-6b2d98b85c9b,23.171856,72.523246,14744000.0,clear,None,2026-08-20T15:25:51.570827,
2f873091-bafa-4897-9ffc-f9110a093f3a,AMD-048/3-2F87,Ahmedabad,Sanand,Ghatlodia,4.63,Industrial,Factory,43beba1f-be3c-46c2-ba37-6a8f01fed7d4,22.931861,72.711826,64422000.0,clear,None,2026-08-20T15:25:51.570873,
94684ea4-11b8-4bdf-9ce8-62511aa339e2,AMD-049/1-9468,Ahmedabad,Dholka,Thaltej,3.81,Industrial,Manufacturing,bf63502d-5134-47ad-8652-6e15c33425b7,22.942496,72.730829,101448000.0,disputed,Court Order,2026-08-20T15:25:51.570909,
580c6a32-100f-4714-8ae1-bbd96ddc7e2c,AMD-050/1-580C,Ahmedabad,Dholka,Bodakdev,3.9,Industrial,IT Park,72a28988-7259-4102-9ae0-452ede3ba196,23.10846,72.69442,122848000.0,mortgaged,Bank Mortgage,2026-08-20T15:25:51.570941,
910b205e-4e63-47c7-b97c-f6d50ff8e131,AMD-051/C-910B,Ahmedabad,Sanand,Bodakdev,7.84,Industrial,Manufacturing,72a28988-7259-4102-9ae0-452ede3ba196,23.105309,72.555882,83138000.0,clear,None,2026-08-20T15:25:51.570986,
4f753686-03cc-4a19-bf85-e3e53c1fa203,AMD-052/2-4F75,Ahmedabad,Daskroi,Vastrapur,1.2,Industrial,Workshop,09b9f80b-169e-4a15-9820-882165fe5129,22.88634,72.6232,11985000.0,clear,None,2026-08-20T15:25:51.571026,
46b1f231-b2f0-4486-9fd8-0997f0782ec2,AMD-053/P-46B1,Ahmedabad,Ahmedabad City,Sanand Industrial,1.72,Industrial,Logistics,518a99c7-276c-4f5f-98ae-e92d9bf6b3ac,22.987278,72.595177,6755000.0,clear,None,2026-08-20T15:25:51.571061,
e07dfce7-65d6-48b9-b1aa-3b96e1b2a3ee,AMD-054/P-E07D,Ahmedabad,Ahmedabad City,Maninagar,2.94,Industrial,Manufacturing,09b9f80b-169e-4a15-9820-882165fe5129,22.900217,72.517676,29611000.0,disputed,Court Order,2026-08-20T15:25:51.571100,
e9d233c4-62af-452e-89e3-16cbdf23d2dc,AMD-055/A-E9D2,Ahmedabad,Daskroi,Bopal,2.71,Industrial,IT Park,bf63502d-5134-47ad-8652-6e15c33425b7,22.89027,72.517134,49284000.0,mortgaged,Bank Mortgage,2026-08-20T15:25:51.571149,
cbe66208-9943-406e-9185-2a83ddef8cd3,AMD-056/Q-CBE6,Ahmedabad,Daskroi,Thaltej,5.47,Industrial,Factory,518a99c7-276c-4f5f-98ae-e92d9bf6b3ac,23.013674,72.487027,51936000.0,clear,None,2026-08-20T15:25:51.571193,
7f4b4878-8e10-4a58-8d41-fcc0320987c9,AMD-057/Q-7F4B,Ahmedabad,Dholka,Ghatlodia,3.15,Industrial,Manufacturing,43beba1f-be3c-46c2-ba37-6a8f01fed7d4,23.006364,72.504178,79330000.0,clear,None,2026-08-20T15:25:51.571228,
887d9009-f238-4ffe-95d5-f8e5c2ba12f5,AMD-058/P-887D,Ahmedabad,Dholka,Satellite,4.48,Industrial,Workshop,bf63502d-5134-47ad-8652-6e15c33425b7,23.051063,72.692789,121648000.0,clear,None,2026-08-20T15:25:51.571267,
1ff0ff83-5cb6-4dd9-8973-297d1e7d6f00,AMD-059/P-1FF0,Ahmedabad,Sanand,Ghatlodia,5.76,Industrial,Workshop,09b9f80b-169e-4a15-9820-882165fe5129,22.863238,72.607231,129492000.0,disputed,Court Order,2026-08-20T15:25:51.571302,
dd7cfcec-4477-4654-b6ad-40f8dc048312,AMD-060/C-DD7C,Ahmedabad,Sanand,Bodakdev,4.36,Industrial,Factory,bf63502d-5134-47ad-8652-6e15c33425b7,23.137585,72.715783,84256000.0,mortgaged,Bank Mortgage,2026-08-20T15:25:51.571338,
59bf38f3-bb56-40b7-b159-61c93ead4482,JPR-001/A-59BF,Jaipur,Amer,Malviya Nagar,0.58,Residential,Housing,9d9734a7-1703-4db3-82ad-825e8a41a5ea,26.796767,75.782861,7308000.0,clear,None,2026-08-20T15:25:51.571385,
3db23b5c-3125-42cf-8d7b-abf65c06f106,JPR-002/2-3DB2,Jaipur,Jaipur,Mansarovar,0.7,Residential,Apartment,4e5a68e7-3e07-44c8-8d9a-6b2d98b85c9b,26.875767,75.780561,20925000.0,clear,None,2026-08-20T15:25:51.571419,
a1d5c7af-2264-40ae-9174-6a1284436779,JPR-003/Q-A1D5,Jaipur,Jaipur,Mansarovar,0.16,Residential,Row House,518a99c7-276c-4f5f-98ae-e92d9bf6b3ac,26.758901,75.65435,1400000.0,clear,None,2026-08-20T15:25:51.571454,
15f3703c-a997-4895-969f-fd98c63f8c9c,JPR-004/B-15F3,Jaipur,Amer,Mansarovar,0.76,Residential,Row House,09b9f80b-169e-4a15-9820-882165fe5129,27.080825,75.936676,18547000.0,disputed,Court Order,2026-08-20T15:25:51.571499,
5f1d4e83-d8fe-487c-a39d-edffaae753aa,JPR-005/P-5F1D,Jaipur,Amer,Mansarovar,0.36,Residential,Apartment,518a99c7-276c-4f5f-98ae-e92d9bf6b3ac,26.982428,75.956142,9940000.0,mortgaged,Bank Mortgage,2026-08-20T15:25:51.571542,
ac6b699c-f7b3-46f5-8152-c84da080e4ca,JPR-006/2-AC6B,Jaipur,Amer,Sanganer,0.18,Residential,Apartment,4e5a68e7-3e07-44c8-8d9a-6b2d98b85c9b,26.926333,75.694549,4755000.0,clear,None,2026-08-20T15:25:51.571580,
b7791b28-3cbd-4307-8a39-742d7a0caf73,JPR-007/A-B779,Jaipur,Chaksu,Ajmer Road,0.66,Residential,Villa,72a28988-7259-4102-9ae0-452ede3ba196,26.82875,75.812826,13992000.0,clear,None,2026-08-20T15:25:51.571626,
bc4a98b4-4231-4b92-a6bf-3895db05dde2,JPR-008/2-BC4A,Jaipur,Amer,Malviya Nagar,0.59,Residential,Apartment,c0dc331c-861c-4bb1-99dc-69d39c226fe6,26.897509,75.627087,5496000.0,clear,None,2026-08-20T15:25:51.571661,
0d460aaf-08fe-4462-9826-f2b5aabc8bda,JPR-009/3-0D46,Jaipur,Amer,Malviya Nagar,0.6,Residential,Apartment,9d9734a7-1703-4db3-82ad-825e8a41a5ea,26.844022,75.953259,18355000.0,disputed,Court Order,2026-08-20T15:25:51.571697,
520ee9e0-098f-4970-a2b3-dcaf41b0385e,JPR-010/P-520E,Jaipur,Jaipur,Malviya Nagar,0.09,Residential,Row House,43beba1f-be3c-46c2-ba37-6a8f01fed7d4,26.748287,75.937226,2299000.0,mortgaged,Bank Mortgage,2026-08-20T15:25:51.571741,
cdd7715f-2b95-4792-a5d0-7b405560c4a6,JPR-011/2-CDD7,Jaipur,Sanganer,Sanganer,0.4,Residential,Apartment,09b9f80b-169e-4a15-9820-882165fe5129,26.859014,75.709078,6589000.0,clear,None,2026-08-20T15:25:51.571785,
5743c3b0-c746-41f4-96ff-7637b26ea85d,JPR-012/C-5743,Jaipur,Jaipur,Malviya Nagar,0.32,Residential,Apartment,09b9f80b-169e-4a15-9820-882165fe5129,27.032962,75.731896,3962000.0,clear,None,2026-08-20T15:25:51.571830,
2d369941-2663-4702-8862-aa2784a962d5,JPR-013/A-2D36,Jaipur,Jaipur,Amer Road,0.49,Residential,Row House,43beba1f-be3c-46c2-ba37-6a8f01fed7d4,26.930602,75.682461,13727000.0,clear,None,2026-08-20T15:25:51.571864,
c17d29ef-4822-43b2-b3d0-056d8b11edc9,JPR-014/C-C17D,Jaipur,Jaipur,C Scheme,0.23,Residential,Apartment,bf63502d-5134-47ad-8652-6e15c33425b7,27.075812,75.621323,3203000.0,disputed,Court Order,2026-08-20T15:25:51.571905,
20f07dc7-7cd4-434d-8df1-63e6303513a3,JPR-015/2-20F0,Jaipur,Amer,Jagatpura,0.07,Residential,Apartment,518a99c7-276c-4f5f-98ae-e92d9bf6b3ac,26.790025,75.959049,1637000.0,mortgaged,Bank Mortgage,2026-08-20T15:25:51.571944,
e94ab7a7-d4ae-4f0c-ba32-36e0fd31796e,JPR-016/P-E94A,Jaipur,Sanganer,Bani Park,1.87,Commercial,Mall,72a28988-7259-4102-9ae0-452ede3ba196,26.879715,75.806096,76121000.0,clear,None,2026-08-20T15:25:51.571984,
104a1b6c-b11c-426a-9acb-275ebe766432,JPR-017/A-104A,Jaipur,Chaksu,Ajmer Road,0.88,Commercial,Office,c0dc331c-861c-4bb1-99dc-69d39c226fe6,27.02671,75.772458,12148000.0,clear,None,2026-08-20T15:25:51.572015,
8252761e-402b-461d-82f3-d7594deadcff,JPR-018/2-8252,Jaipur,Sanganer,Vaishali Nagar,2.42,Commercial,Showroom,518a99c7-276c-4f5f-98ae-e92d9bf6b3ac,26.757891,75.907344,10825000.0,clear,None,2026-08-20T15:25:51.572050,
b1765497-8d04-4a7e-9140-8d35de7d53fb,JPR-019/2-B176,Jaipur,Jaipur,Amer Road,0.23,Commercial,Showroom,c0dc331c-861c-4bb1-99dc-69d39c226fe6,26.966267,75.753204,2200000.0,disputed,Court Order,2026-08-20T15:25:51.572087,
ccb30c27-562c-42f9-bb0d-35e001f5f9fa,JPR-020/P-CCB3,Jaipur,Amer,Tonk Road,0.73,Commercial,Retail Shop,09b9f80b-169e-4a15-9820-882165fe5129,27.08723,75.780116,26328000.0,mortgaged,Bank Mortgage,2026-08-20T15:25:51.572124,
31815adf-c77a-4446-8958-954d98622a56,JPR-021/B-3181,Jaipur,Chaksu,Sanganer,2.36,Commercial,Showroom,9d9734a7-1703-4db3-82ad-825e8a41a5ea,26.887352,75.738805,71561000.0,clear,None,2026-08-20T15:25:51.572173,
52644c78-149e-4d30-b36b-8cda5a08ac30,JPR-022/P-5264,Jaipur,Sanganer,Bani Park,0.94,Commercial,Mall,c0dc331c-861c-4bb1-99dc-69d39c226fe6,26.949961,75.914108,5900000.0,clear,None,2026-08-20T15:25:51.572211,
170e2ea8-5e67-48cd-ab4f-2f0bfa577f59,JPR-023/B-170E,Jaipur,Chaksu,Sanganer,1.64,Commercial,Retail Shop,4e5a68e7-3e07-44c8-8d9a-6b2d98b85c9b,26.880969,75.931676,34375000.0,clear,None,2026-08-20T15:25:51.572256,
2e8d1315-122a-4ccf-821b-0ce94fd9a9ca,JPR-024/C-2E8D,Jaipur,Sanganer,Tonk Road,0.54,Commercial,Warehouse,9d9734a7-1703-4db3-82ad-825e8a41a5ea,27.051674,75.897115,22702000.0,disputed,Court Order,2026-08-20T15:25:51.572296,
5ae4ca4d-e977-421f-975b-63149c02eeee,JPR-025/P-5AE4,Jaipur,Jaipur,Jagatpura,1.83,Commercial,Warehouse,4e5a68e7-3e07-44c8-8d9a-6b2d98b85c9b,26.741228,75.809594,48485000.0,mortgaged,Bank Mortgage,2026-08-20T15:25:51.572331,
5091348b-6c57-4e71-bab4-a5f8a7b7cb2f,JPR-026/Q-5091,Jaipur,Sanganer,Bani Park,2.11,Commercial,Warehouse,4e5a68e7-3e07-44c8-8d9a-6b2d98b85c9b,27.084029,75.914277,39504000.0,clear,None,2026-08-20T15:25:51.572369,
9e8ef246-a0f1-4744-a63f-3ee303e68ab6,JPR-027/3-9E8E,Jaipur,Sanganer,Ajmer Road,1.91,Commercial,Office,72a28988-7259-4102-9ae0-452ede3ba196,26.915339,75.659915,94770000.0,clear,None,2026-08-20T15:25:51.572401,
068b9394-19e6-418f-9094-2ca0f7a0e850,JPR-028/A-068B,Jaipur,Amer,Malviya Nagar,0.27,Commercial,Office,72a28988-7259-4102-9ae0-452ede3ba196,26.773736,75.716587,7911000.0,clear,None,2026-08-20T15:25:51.572448,
fa45f236-e4e7-4e50-9b64-08f918ad239c,JPR-029/2-FA45,Jaipur,Jaipur,Vaishali Nagar,0.43,Commercial,Showroom,72a28988-7259-4102-9ae0-452ede3ba196,26.873147,75.816203,2200000.0,disputed,Court Order,2026-08-20T15:25:51.572489,
2c4eb8cf-c2ad-49ed-a8fa-cccafa9fbc0c,JPR-030/C-2C4E,Jaipur,Jaipur,Mansarovar,1.36,Commercial,Mall,72a28988-7259-4102-9ae0-452ede3ba196,26.929769,75.961578,46989000.0,mortgaged,Bank Mortgage,2026-08-20T15:25:51.572526,
1c3e490a-ae67-44d1-99e7-ddaa69fa970f,JPR-031/1-1C3E,Jaipur,Amer,Malviya Nagar,12.33,Agricultural,Plantation,bf63502d-5134-47ad-8652-6e15c33425b7,26.924513,75.894411,7846000.0,clear,None,2026-08-20T15:25:51.572561,
914348c5-1ddb-4100-98bb-34001d661ad3,JPR-032/3-9143,Jaipur,Chaksu,Sanganer,7.47,Agricultural,Horticulture,9d9734a7-1703-4db3-82ad-825e8a41a5ea,26.822441,75.88344,43038000.0,clear,None,2026-08-20T15:25:51.572594,
393f8337-7e91-4d31-953e-2cc5e5fcc102,JPR-033/Q-393F,Jaipur,Sanganer,Bani Park,2.92,Agricultural,Orchard,c0dc331c-861c-4bb1-99dc-69d39c226fe6,27.058691,75.72551,10427000.0,clear,None,2026-08-20T15:25:51.572635,
7d4f22cb-f158-4531-9d7f-851dfc98fa12,JPR-034/2-7D4F,Jaipur,Chaksu,Tonk Road,13.24,Agricultural,Plantation,bf63502d-5134-47ad-8652-6e15c33425b7,26.843894,75.647015,104413000.0,disputed,Court Order,2026-08-20T15:25:51.572672,
ee84700a-9159-438f-b03e-3228796fc1f7,JPR-035/2-EE84,Jaipur,Amer,C Scheme,8.1,Agricultural,Farming,9d9734a7-1703-4db3-82ad-825e8a41a5ea,27.076288,75.683086,65909000.0,mortgaged,Bank Mortgage,2026-08-20T15:25:51.572708,
63986b02-2302-40ad-bebb-d2c02e3635d3,JPR-036/B-6398,Jaipur,Chaksu,Jagatpura,5.95,Agricultural,Grazing,4e5a68e7-3e07-44c8-8d9a-6b2d98b85c9b,26.744417,75.694789,19576000.0,clear,None,2026-08-20T15:25:51.572752,
7d8974a1-383c-4206-a94f-e612392333d7,JPR-037/A-7D89,Jaipur,Chaksu,Tonk Road,5.32,Agricultural,Plantation,72a28988-7259-4102-9ae0-452ede3ba196,26.933085,75.734272,30182000.0,clear,None,2026-08-20T15:25:51.572792,
5eddd572-2fda-4ed6-9cb9-707da7493c2e,JPR-038/C-5EDD,Jaipur,Jaipur,Mansarovar,7.5,Agricultural,Grazing,bf63502d-5134-47ad-8652-6e15c33425b7,27.074003,75.850852,27148000.0,clear,None,2026-08-20T15:25:51.572830,
f4d85da5-a197-448a-a7dc-61dd3c55e8be,JPR-039/C-F4D8,Jaipur,Jaipur,Sanganer,5.36,Agricultural,Plantation,bf63502d-5134-47ad-8652-6e15c33425b7,26.933878,75.784058,25136000.0,disputed,Court Order,2026-08-20T15:25:51.572907,
521a7f2f-a068-43f0-b9e7-37f7718e2b12,JPR-040/Q-521A,Jaipur,Amer,Mansarovar,3.89,Agricultural,Plantation,72a28988-7259-4102-9ae0-452ede3ba196,26.898371,75.770397,16009000.0,mortgaged,Bank Mortgage,2026-08-20T15:25:51.572951,
7d0142b1-02f9-4162-adc9-7479ee9c10be,JPR-041/P-7D01,Jaipur,Amer,Malviya Nagar,11.34,Agricultural,Orchard,9d9734a7-1703-4db3-82ad-825e8a41a5ea,26.875613,75.792812,74972000.0,clear,None,2026-08-20T15:25:51.572989,
9f7ac2fc-1e48-4e29-b7b4-53e87462659e,JPR-042/P-9F7A,Jaipur,Amer,Amer Road,9.56,Agricultural,Orchard,43beba1f-be3c-46c2-ba37-6a8f01fed7d4,26.895484,75.6619,71694000.0,clear,None,2026-08-20T15:25:51.573034,
150c2cf8-33d6-425e-8304-e1b408a27e21,JPR-043/3-150C,Jaipur,Chaksu,Bani Park,10.25,Agricultural,Plantation,4e5a68e7-3e07-44c8-8d9a-6b2d98b85c9b,26.975198,75.842723,72834000.0,clear,None,2026-08-20T15:25:51.573069,
8a144390-9b33-4a71-899f-7f2f8716556b,JPR-044/Q-8A14,Jaipur,Jaipur,Jagatpura,8.53,Agricultural,Plantation,72a28988-7259-4102-9ae0-452ede3ba196,26.953936,75.748055,37910000.0,disputed,Court Order,2026-08-20T15:25:51.573114,
d70945ac-19f5-4f03-ab21-3bd9fb8f94fd,JPR-045/1-D709,Jaipur,Jaipur,Mansarovar,6.32,Agricultural,Horticulture,c0dc331c-861c-4bb1-99dc-69d39c226fe6,26.940075,75.649702,35606000.0,mortgaged,Bank Mortgage,2026-08-20T15:25:51.573155,
e2a94ade-a6db-4a3e-addf-4c3874d11251,JPR-046/B-E2A9,Jaipur,Sanganer,Sanganer,3.35,Industrial,Manufacturing,518a99c7-276c-4f5f-98ae-e92d9bf6b3ac,26.749471,75.705013,70064000.0,clear,None,2026-08-20T15:25:51.573200,
adcf25a2-ea39-46e5-9126-55b676d1108d,JPR-047/2-ADCF,Jaipur,Chaksu,Jagatpura,2.7,Industrial,IT Park,9d9734a7-1703-4db3-82ad-825e8a41a5ea,26.991156,75.848169,31148000.0,clear,None,2026-08-20T15:25:51.573243,
65aabfde-750e-4c44-8764-3ea807c8a976,JPR-048/P-65AA,Jaipur,Jaipur,C Scheme,1.91,Industrial,Factory,518a99c7-276c-4f5f-98ae-e92d9bf6b3ac,26.759939,75.802998,4154000.0,clear,None,2026-08-20T15:25:51.573280,
c9478f52-d6bb-4fb2-9302-bbdc7adbb693,JPR-049/3-C947,Jaipur,Jaipur,Mansarovar,1.55,Industrial,Workshop,bf63502d-5134-47ad-8652-6e15c33425b7,26.811679,75.850124,32930000.0,disputed,Court Order,2026-08-20T15:25:51.573323,
42485fda-8733-4bfe-a5df-21f5bf3ce92a,JPR-050/1-4248,Jaipur,Chaksu,Jagatpura,7.7,Industrial,Factory,09b9f80b-169e-4a15-9820-882165fe5129,26.735011,75.672819,112655000.0,mortgaged,Bank Mortgage,2026-08-20T15:25:51.573357,
17d50332-ae3b-417c-809c-a0cbda99a565,JPR-051/C-17D5,Jaipur,Amer,Tonk Road,3.03,Industrial,Logistics,09b9f80b-169e-4a15-9820-882165fe5129,26.880196,75.824607,62587000.0,clear,None,2026-08-20T15:25:51.573394,
846d002c-3f1c-452d-b7aa-d3743752e28d,JPR-052/2-846D,Jaipur,Chaksu,Mansarovar,1.22,Industrial,Logistics,09b9f80b-169e-4a15-9820-882165fe5129,26.880929,75.836325,19527000.0,clear,None,2026-08-20T15:25:51.573441,
ea3acec2-caa3-430f-9739-948ec483c28f,JPR-053/1-EA3A,Jaipur,Chaksu,Tonk Road,1.15,Industrial,Manufacturing,bf63502d-5134-47ad-8652-6e15c33425b7,26.96132,75.769247,6650000.0,clear,None,2026-08-20T15:25:51.573482,
1c335de5-5804-4d22-b706-8edcead64c15,JPR-054/3-1C33,Jaipur,Amer,Mansarovar,6.17,Industrial,Workshop,c0dc331c-861c-4bb1-99dc-69d39c226fe6,26.971009,75.73941,130277000.0,disputed,Court Order,2026-08-20T15:25:51.573518,
fc95b5d7-fdf3-4e9b-b4e3-97aa736609f7,JPR-055/B-FC95,Jaipur,Amer,Mansarovar,1.07,Industrial,Logistics,43beba1f-be3c-46c2-ba37-6a8f01fed7d4,26.985203,75.81709,27429000.0,mortgaged,Bank Mortgage,2026-08-20T15:25:51.573558,
ef3aa12e-2af2-4d04-97d7-b468591362e3,JPR-056/B-EF3A,Jaipur,Amer,C Scheme,2.83,Industrial,Workshop,09b9f80b-169e-4a15-9820-882165fe5129,26.913242,75.73938,9819000.0,clear,None,2026-08-20T15:25:51.573592,
9e7440e3-809f-4db3-ba2e-1b0a52e611a5,JPR-057/C-9E74,Jaipur,Sanganer,Vaishali Nagar,3.25,Industrial,Workshop,9d9734a7-1703-4db3-82ad-825e8a41a5ea,27.079521,75.869042,59884000.0,clear,None,2026-08-20T15:25:51.573636,
72c3cb56-a042-41b5-a977-fe9299691d45,JPR-058/P-72C3,Jaipur,Jaipur,Tonk Road,4.18,Industrial,Manufacturing,bf63502d-5134-47ad-8652-6e15c33425b7,27.002807,75.662559,78145000.0,clear,None,2026-08-20T15:25:51.573679,
af6d5bab-310d-48fb-97fe-aa5f467a476b,JPR-059/1-AF6D,Jaipur,Chaksu,C Scheme,1.2,Industrial,Factory,c0dc331c-861c-4bb1-99dc-69d39c226fe6,26.771314,75.852527,17155000.0,disputed,Court Order,2026-08-20T15:25:51.573714,
bb7dc7a3-383c-4cff-8fb7-c6803d7e9607,JPR-060/3-BB7D,Jaipur,Sanganer,Amer Road,4.85,Industrial,Logistics,9d9734a7-1703-4db3-82ad-825e8a41a5ea,26.853959,75.706065,45461000.0,mortgaged,Bank Mortgage,2026-08-20T15:25:51.573749,
341b571b-7473-4f41-bf41-b8a1703c31f1,LKO-001/P-341B,Lucknow,Mohanlalganj,Janki Puram,0.35,Residential,Housing,09b9f80b-169e-4a15-9820-882165fe5129,26.84385,80.814468,1568000.0,clear,None,2026-08-20T15:25:51.573880,
b2e3116d-7074-43fe-bdec-f3c00cfc671c,LKO-002/B-B2E3,Lucknow,Bakshi Ka Talab,Hazratganj,0.61,Residential,Duplex,72a28988-7259-4102-9ae0-452ede3ba196,26.693783,80.892711,7243000.0,clear,None,2026-08-20T15:25:51.573914,
af3bf206-f528-48de-8bda-758020a5edcc,LKO-003/2-AF3B,Lucknow,Lucknow,Aliganj,0.61,Residential,Duplex,4e5a68e7-3e07-44c8-8d9a-6b2d98b85c9b,26.943635,80.911185,10411000.0,clear,None,2026-08-20T15:25:51.573954,
3ebb8304-b19d-407f-895f-ef495c774515,LKO-004/P-3EBB,Lucknow,Mohanlalganj,Chinhat,0.16,Residential,Villa,4e5a68e7-3e07-44c8-8d9a-6b2d98b85c9b,26.713754,81.023601,3456000.0,disputed,Court Order,2026-08-20T15:25:51.574003,
160a798c-e742-439b-8e28-4a7d1321774f,LKO-005/3-160A,Lucknow,Sarojini Nagar,Janki Puram,0.61,Residential,Housing,72a28988-7259-4102-9ae0-452ede3ba196,26.76331,81.060259,16123000.0,mortgaged,Bank Mortgage,2026-08-20T15:25:51.574044,
f76b7ee2-e24a-4594-b9bb-ca9f807f04f4,LKO-006/A-F76B,Lucknow,Lucknow,Janki Puram,0.79,Residential,Housing,72a28988-7259-4102-9ae0-452ede3ba196,26.724863,80.882423,10705000.0,clear,None,2026-08-20T15:25:51.574090,
2b8b932a-bd20-4e5f-86d7-96144f493f56,LKO-007/C-2B8B,Lucknow,Sarojini Nagar,Aliganj,0.48,Residential,Duplex,43beba1f-be3c-46c2-ba37-6a8f01fed7d4,26.874078,80.982842,9965000.0,clear,None,2026-08-20T15:25:51.574133,
3127ac0b-00c4-4eeb-92d0-c5bd83b57ad2,LKO-008/C-3127,Lucknow,Sarojini Nagar,Ashiyana,0.46,Residential,Villa,43beba1f-be3c-46c2-ba37-6a8f01fed7d4,26.963574,81.085038,3409000.0,clear,None,2026-08-20T15:25:51.574177,
2ed402a5-3fd9-47a4-b7fe-6753e14638dd,LKO-009/3-2ED4,Lucknow,Mohanlalganj,Aliganj,0.22,Residential,Duplex,bf63502d-5134-47ad-8652-6e15c33425b7,26.689935,81.077567,5125000.0,disputed,Court Order,2026-08-20T15:25:51.574216,
f7d95552-96ea-48ca-9d6f-35231f319247,LKO-010/1-F7D9,Lucknow,Bakshi Ka Talab,Janki Puram,0.43,Residential,Apartment,9d9734a7-1703-4db3-82ad-825e8a41a5ea,26.743248,80.894046,7918000.0,mortgaged,Bank Mortgage,2026-08-20T15:25:51.574260,
0db3ff16-d700-4892-9d03-be38f08129f8,LKO-011/Q-0DB3,Lucknow,Lucknow,Shaheed Path,0.4,Residential,Villa,4e5a68e7-3e07-44c8-8d9a-6b2d98b85c9b,26.827464,80.975781,9777000.0,clear,None,2026-08-20T15:25:51.574291,
bed03ee1-8cb4-4691-b1d1-81f41f3afc79,LKO-012/1-BED0,Lucknow,Lucknow,Indira Nagar,0.08,Residential,Villa,43beba1f-be3c-46c2-ba37-6a8f01fed7d4,26.739494,80.976236,1568000.0,clear,None,2026-08-20T15:25:51.574333,
90185ac9-b329-4b67-a5f8-b9ad0fbbbe39,LKO-013/1-9018,Lucknow,Mohanlalganj,Chinhat,0.31,Residential,Row House,4e5a68e7-3e07-44c8-8d9a-6b2d98b85c9b,26.877572,80.788511,5510000.0,clear,None,2026-08-20T15:25:51.574400,
66185fc0-96df-43c7-875b-f69af176cc34,LKO-014/P-6618,Lucknow,Lucknow,Gomti Nagar,0.15,Residential,Row House,43beba1f-be3c-46c2-ba37-6a8f01fed7d4,26.879727,80.882956,2515000.0,disputed,Court Order,2026-08-20T15:25:51.574441,
367ec392-1ae1-413a-a4c0-fb89a8691a6d,LKO-015/A-367E,Lucknow,Bakshi Ka Talab,Mahanagar,0.76,Residential,Row House,9d9734a7-1703-4db3-82ad-825e8a41a5ea,26.696298,80.892362,11032000.0,mortgaged,Bank Mortgage,2026-08-20T15:25:51.574487,
49374b39-a740-45e3-b051-0c14db3df58c,LKO-016/A-4937,Lucknow,Sarojini Nagar,Indira Nagar,0.21,Commercial,Office,43beba1f-be3c-46c2-ba37-6a8f01fed7d4,26.861389,80.853265,8667000.0,clear,None,2026-08-20T15:25:51.574530,
cbd0be11-3cf6-49c4-92ed-0a4fff064d9a,LKO-017/A-CBD0,Lucknow,Bakshi Ka Talab,Gomti Nagar,0.98,Commercial,Warehouse,9d9734a7-1703-4db3-82ad-825e8a41a5ea,26.960167,80.847967,25793000.0,clear,None,2026-08-20T15:25:51.574578,
5beb92ba-cafa-46d7-922c-7799029dd2f3,LKO-018/Q-5BEB,Lucknow,Sarojini Nagar,Hazratganj,1.43,Commercial,Office,09b9f80b-169e-4a15-9820-882165fe5129,26.892143,80.981502,14912000.0,clear,None,2026-08-20T15:25:51.574609,
5e64a7c9-ee12-4801-a4ca-def85d9a8332,LKO-019/P-5E64,Lucknow,Mohanlalganj,Chinhat,1.19,Commercial,Office,43beba1f-be3c-46c2-ba37-6a8f01fed7d4,26.843624,80.816057,10501000.0,disputed,Court Order,2026-08-20T15:25:51.574657,
c40f4502-15da-4f55-90b3-bd27eb5a79f0,LKO-020/P-C40F,Lucknow,Sarojini Nagar,Hazratganj,0.31,Commercial,Warehouse,9d9734a7-1703-4db3-82ad-825e8a41a5ea,26.778926,80.796069,3441000.0,mortgaged,Bank Mortgage,2026-08-20T15:25:51.574692,
0b1bcdc2-57d3-42e6-beb9-b69dc98b4ca7,LKO-021/3-0B1B,Lucknow,Lucknow,Shaheed Path,2.1,Commercial,Showroom,43beba1f-be3c-46c2-ba37-6a8f01fed7d4,26.908239,80.932355,39245000.0,clear,None,2026-08-20T15:25:51.574723,
a23cd804-606a-4007-9e1d-9e8eca77de14,LKO-022/P-A23C,Lucknow,Sarojini Nagar,Aliganj,0.4,Commercial,Showroom,43beba1f-be3c-46c2-ba37-6a8f01fed7d4,26.929438,80.910023,14811000.0,clear,None,2026-08-20T15:25:51.574769,
f0cf874b-1986-46dd-9830-eede4be52b6b,LKO-023/2-F0CF,Lucknow,Sarojini Nagar,Chinhat,1.24,Commercial,Office,518a99c7-276c-4f5f-98ae-e92d9bf6b3ac,26.72126,81.092053,8096000.0,clear,None,2026-08-20T15:25:51.574809,
51b8e22c-ad4e-4d05-82d7-711bd3d69188,LKO-024/B-51B8,Lucknow,Lucknow,Vikas Nagar,2.33,Commercial,Warehouse,09b9f80b-169e-4a15-9820-882165fe5129,26.842053,80.857383,78887000.0,disputed,Court Order,2026-08-20T15:25:51.574842,
3848a406-1187-462c-8ac2-1e7f62ae3bb6,LKO-025/C-3848,Lucknow,Mohanlalganj,Mahanagar,1.92,Commercial,Mall,9d9734a7-1703-4db3-82ad-825e8a41a5ea,26.727744,80.889218,34768000.0,mortgaged,Bank Mortgage,2026-08-20T15:25:51.574887,
c3c01411-d5a4-478d-a8f8-3c02e1176d97,LKO-026/P-C3C0,Lucknow,Mohanlalganj,Shaheed Path,0.64,Commercial,Warehouse,518a99c7-276c-4f5f-98ae-e92d9bf6b3ac,26.805554,81.026221,6363000.0,clear,None,2026-08-20T15:25:51.574927,
f28c9585-44d4-4e8d-88c2-5d623b95388f,LKO-027/1-F28C,Lucknow,Bakshi Ka Talab,Indira Nagar,2.01,Commercial,Mall,bf63502d-5134-47ad-8652-6e15c33425b7,26.985208,80.838881,45453000.0,clear,None,2026-08-20T15:25:51.574957,
f540bd51-d6ed-4983-b1f0-da038cc0f202,LKO-028/1-F540,Lucknow,Bakshi Ka Talab,Shaheed Path,2.28,Commercial,Showroom,09b9f80b-169e-4a15-9820-882165fe5129,26.873379,80.800612,99179000.0,clear,None,2026-08-20T15:25:51.574990,
21d55307-0ff0-4300-b785-2da7e4ac3098,LKO-029/Q-21D5,Lucknow,Bakshi Ka Talab,Ashiyana,2.17,Commercial,Retail Shop,518a99c7-276c-4f5f-98ae-e92d9bf6b3ac,26.86258,80.83569,89342000.0,disputed,Court Order,2026-08-20T15:25:51.575049,
98e857bf-cd8f-42fa-9f96-02f959dedb3f,LKO-030/3-98E8,Lucknow,Bakshi Ka Talab,Hazratganj,0.62,Commercial,Mall,9d9734a7-1703-4db3-82ad-825e8a41a5ea,26.696009,80.910616,8787000.0,mortgaged,Bank Mortgage,2026-08-20T15:25:51.575093,
534537c4-e98e-42e0-a284-ae1ff4e0c6fe,LKO-031/2-5345,Lucknow,Sarojini Nagar,Hazratganj,14.98,Agricultural,Plantation,c0dc331c-861c-4bb1-99dc-69d39c226fe6,26.710052,80.896935,88828000.0,clear,None,2026-08-20T15:25:51.575131,
c65bbafd-1f10-491c-bf9a-f24c8b473dc3,LKO-032/B-C65B,Lucknow,Sarojini Nagar,Mahanagar,8.66,Agricultural,Horticulture,43beba1f-be3c-46c2-ba37-6a8f01fed7d4,26.981784,80.908255,41833000.0,clear,None,2026-08-20T15:25:51.575175,
3631c69d-f363-4b04-b9de-af5934131dff,LKO-033/3-3631,Lucknow,Lucknow,Vikas Nagar,10.63,Agricultural,Orchard,43beba1f-be3c-46c2-ba37-6a8f01fed7d4,26.752493,81.04488,59827000.0,clear,None,2026-08-20T15:25:51.575213,
a90ea157-bee0-47e1-a479-bf072d97516e,LKO-034/P-A90E,Lucknow,Sarojini Nagar,Janki Puram,9.53,Agricultural,Plantation,bf63502d-5134-47ad-8652-6e15c33425b7,26.945412,81.041719,53973000.0,disputed,Court Order,2026-08-20T15:25:51.575246,
60b6a991-31a9-4ca3-a4bf-d0b5a5b0a45a,LKO-035/3-60B6,Lucknow,Bakshi Ka Talab,Ashiyana,11.24,Agricultural,Horticulture,c0dc331c-861c-4bb1-99dc-69d39c226fe6,26.725377,80.916466,36427000.0,mortgaged,Bank Mortgage,2026-08-20T15:25:51.575291,
2c9af3cb-9c99-49dc-a874-c5e566ce1166,LKO-036/3-2C9A,Lucknow,Bakshi Ka Talab,Chinhat,11.07,Agricultural,Farming,c0dc331c-861c-4bb1-99dc-69d39c226fe6,26.92923,80.876977,68757000.0,clear,None,2026-08-20T15:25:51.575333,
fa29157d-8c57-4d09-9e0f-f381736d9252,LKO-037/A-FA29,Lucknow,Bakshi Ka Talab,Mahanagar,1.93,Agricultural,Orchard,bf63502d-5134-47ad-8652-6e15c33425b7,26.930068,80.795478,6567000.0,clear,None,2026-08-20T15:25:51.575368,
b40f34a4-439f-4b51-8157-f6fe1d3fab0d,LKO-038/P-B40F,Lucknow,Lucknow,Mahanagar,12.55,Agricultural,Farming,09b9f80b-169e-4a15-9820-882165fe5129,26.772245,80.944907,90767000.0,clear,None,2026-08-20T15:25:51.575404,
3151123a-fec4-4232-b801-da4759e24104,LKO-039/1-3151,Lucknow,Lucknow,Aliganj,9.96,Agricultural,Orchard,4e5a68e7-3e07-44c8-8d9a-6b2d98b85c9b,26.805658,80.787825,54909000.0,disputed,Court Order,2026-08-20T15:25:51.575448,
3ece917d-1e58-4ae4-9e43-33d545a89e4e,LKO-040/A-3ECE,Lucknow,Bakshi Ka Talab,Hazratganj,6.32,Agricultural,Grazing,c0dc331c-861c-4bb1-99dc-69d39c226fe6,26.716594,81.098646,18182000.0,mortgaged,Bank Mortgage,2026-08-20T15:25:51.575487,
4832ffea-70c0-49e2-ba63-343f3dee14dd,LKO-041/C-4832,Lucknow,Bakshi Ka Talab,Janki Puram,11.82,Agricultural,Horticulture,518a99c7-276c-4f5f-98ae-e92d9bf6b3ac,26.965209,80.925909,29828000.0,clear,None,2026-08-20T15:25:51.575522,
0ff2d6b2-1552-4368-8dd5-fcb9404ef062,LKO-042/P-0FF2,Lucknow,Mohanlalganj,Chinhat,12.08,Agricultural,Plantation,4e5a68e7-3e07-44c8-8d9a-6b2d98b85c9b,26.879127,81.042175,84778000.0,clear,None,2026-08-20T15:25:51.575565,
1b57b279-8da5-4753-a3eb-8f89035a37bf,LKO-043/2-1B57,Lucknow,Sarojini Nagar,Chinhat,13.6,Agricultural,Orchard,43beba1f-be3c-46c2-ba37-6a8f01fed7d4,26.981747,81.056745,18663000.0,clear,None,2026-08-20T15:25:51.575610,
dd223c7c-b44a-4727-8584-bcc2a35d0a20,LKO-044/B-DD22,Lucknow,Mohanlalganj,Indira Nagar,8.2,Agricultural,Farming,72a28988-7259-4102-9ae0-452ede3ba196,26.983944,81.04832,8479000.0,disputed,Court Order,2026-08-20T15:25:51.575643,
552623f3-41dd-4899-aeb2-af9717295e5a,LKO-045/Q-5526,Lucknow,Bakshi Ka Talab,Chinhat,6.78,Agricultural,Horticulture,09b9f80b-169e-4a15-9820-882165fe5129,26.809489,80.800992,47766000.0,mortgaged,Bank Mortgage,2026-08-20T15:25:51.575681,
4637875e-ba02-4e7c-ab0b-a539a4aa0a23,LKO-046/C-4637,Lucknow,Bakshi Ka Talab,Gomti Nagar,4.92,Industrial,IT Park,9d9734a7-1703-4db3-82ad-825e8a41a5ea,26.829915,80.840459,79097000.0,clear,None,2026-08-20T15:25:51.575717,
3870c60e-8fbc-4ff3-8270-b5a5922418a4,LKO-047/Q-3870,Lucknow,Mohanlalganj,Janki Puram,5.27,Industrial,Logistics,9d9734a7-1703-4db3-82ad-825e8a41a5ea,26.740705,80.910415,61136000.0,clear,None,2026-08-20T15:25:51.575757,
c9366051-b9e4-470f-8674-f59f9a0ac98d,LKO-048/C-C936,Lucknow,Sarojini Nagar,Vikas Nagar,4.43,Industrial,IT Park,09b9f80b-169e-4a15-9820-882165fe5129,26.746136,80.802985,53464000.0,clear,None,2026-08-20T15:25:51.575796,
6874e685-886b-4673-9928-5fbdb23e0b77,LKO-049/2-6874,Lucknow,Sarojini Nagar,Indira Nagar,2.16,Industrial,Workshop,43beba1f-be3c-46c2-ba37-6a8f01fed7d4,26.698355,80.917748,16246000.0,disputed,Court Order,2026-08-20T15:25:51.575835,
be9f7c84-0bb6-4534-86c2-4fa140c2a447,LKO-050/P-BE9F,Lucknow,Bakshi Ka Talab,Ashiyana,6.98,Industrial,Workshop,72a28988-7259-4102-9ae0-452ede3ba196,26.901618,81.007589,21450000.0,mortgaged,Bank Mortgage,2026-08-20T15:25:51.575874,
4a17a0c4-513f-4493-a14b-0bd2b0354597,LKO-051/B-4A17,Lucknow,Mohanlalganj,Hazratganj,3.22,Industrial,Workshop,c0dc331c-861c-4bb1-99dc-69d39c226fe6,27.000336,81.049122,9697000.0,clear,None,2026-08-20T15:25:51.575984,
8fac46c2-6c9b-46aa-85a1-10ec82a9aee3,LKO-052/C-8FAC,Lucknow,Bakshi Ka Talab,Gomti Nagar,5.4,Industrial,Manufacturing,4e5a68e7-3e07-44c8-8d9a-6b2d98b85c9b,26.838082,80.804582,63665000.0,clear,None,2026-08-20T15:25:51.576031,
bfa14cfd-1396-43cb-81ef-4f3ce539fcb1,LKO-053/B-BFA1,Lucknow,Mohanlalganj,Ashiyana,6.72,Industrial,Manufacturing,9d9734a7-1703-4db3-82ad-825e8a41a5ea,26.973543,80.972338,40901000.0,clear,None,2026-08-20T15:25:51.576064,
fe13d683-953e-4bfb-8331-da971e1e51c7,LKO-054/1-FE13,Lucknow,Sarojini Nagar,Janki Puram,5.48,Industrial,Factory,72a28988-7259-4102-9ae0-452ede3ba196,26.733651,81.037813,12511000.0,disputed,Court Order,2026-08-20T15:25:51.576107,
14ea8d76-c20c-4a47-b2a8-1da1ba717fcd,LKO-055/1-14EA,Lucknow,Sarojini Nagar,Hazratganj,2.48,Industrial,IT Park,72a28988-7259-4102-9ae0-452ede3ba196,26.971297,80.878207,31622000.0,mortgaged,Bank Mortgage,2026-08-20T15:25:51.576146,
4b3fa7d4-2139-435d-b993-7390b6de25ac,LKO-056/1-4B3F,Lucknow,Lucknow,Ashiyana,5.55,Industrial,IT Park,9d9734a7-1703-4db3-82ad-825e8a41a5ea,26.875362,81.056381,11811000.0,clear,None,2026-08-20T15:25:51.576195,
17978f0c-9348-4238-801e-4caeace586c9,LKO-057/B-1797,Lucknow,Mohanlalganj,Indira Nagar,2.68,Industrial,Manufacturing,bf63502d-5134-47ad-8652-6e15c33425b7,26.983486,81.053051,59089000.0,clear,None,2026-08-20T15:25:51.576238,
cbd4c4d4-67fc-437a-b572-2997ea294367,LKO-058/Q-CBD4,Lucknow,Bakshi Ka Talab,Hazratganj,2.01,Industrial,Logistics,43beba1f-be3c-46c2-ba37-6a8f01fed7d4,26.698251,80.811881,12742000.0,clear,None,2026-08-20T15:25:51.576274,
23fad383-1bee-492c-b183-df8f37fc8c14,LKO-059/B-23FA,Lucknow,Bakshi Ka Talab,Hazratganj,2.1,Industrial,IT Park,4e5a68e7-3e07-44c8-8d9a-6b2d98b85c9b,26.875785,80.998825,13169000.0,disputed,Court Order,2026-08-20T15:25:51.576312,
a1d7c2f9-6f69-4601-89f5-5b85283692f4,LKO-060/1-A1D7,Lucknow,Mohanlalganj,Vikas Nagar,3.45,Industrial,Workshop,4e5a68e7-3e07-44c8-8d9a-6b2d98b85c9b,26.847629,81.008814,12160000.0,mortgaged,Bank Mortgage,2026-08-20T15:25:51.576344,
f6c3cde7-5c78-4a7f-b3a1-1176c8f74a34,PAT-001/A-F6C3,Patna,Patna Sadar,Kankarbagh,0.17,Residential,Villa,09b9f80b-169e-4a15-9820-882165fe5129,25.590135,85.212202,2289000.0,clear,None,2026-08-20T15:25:51.576383,
172cc3b7-3586-4f7a-9da4-9c24b0d086be,PAT-002/C-172C,Patna,Danapur,Anisabad,0.68,Residential,Villa,518a99c7-276c-4f5f-98ae-e92d9bf6b3ac,25.544397,85.0846,8212000.0,clear,None,2026-08-20T15:25:51.576424,
ca2e2724-497c-4caa-aabc-48124b0cb281,PAT-003/B-CA2E,Patna,Fatwah,Boring Road,0.8,Residential,Row House,9d9734a7-1703-4db3-82ad-825e8a41a5ea,25.551341,85.104955,8140000.0,clear,None,2026-08-20T15:25:51.576455,
499ebd57-ac9d-4d1b-86b7-0a75f524501d,PAT-004/Q-499E,Patna,Patna Sadar,Digha,0.6,Residential,Villa,518a99c7-276c-4f5f-98ae-e92d9bf6b3ac,25.608741,85.157346,11402000.0,disputed,Court Order,2026-08-20T15:25:51.576492,
78b64650-5794-4a53-8d1b-3f2432f635c5,PAT-005/C-78B6,Patna,Danapur,Ashiana Nagar,0.15,Residential,Row House,9d9734a7-1703-4db3-82ad-825e8a41a5ea,25.642722,85.124719,2721000.0,mortgaged,Bank Mortgage,2026-08-20T15:25:51.576538,
3cc41679-ef27-43d9-842c-6db06d0454b2,PAT-006/C-3CC4,Patna,Danapur,Rajendra Nagar,0.18,Residential,Villa,bf63502d-5134-47ad-8652-6e15c33425b7,25.605169,85.119903,1232000.0,clear,None,2026-08-20T15:25:51.576576,
c4a4d6dc-6e70-4e44-92c8-18c428b1d534,PAT-007/C-C4A4,Patna,Phulwari,Rajendra Nagar,0.38,Residential,Apartment,09b9f80b-169e-4a15-9820-882165fe5129,25.530902,85.007019,7597000.0,clear,None,2026-08-20T15:25:51.576616,
e05dcfbc-41f8-4c18-a5e5-82f6db584822,PAT-008/3-E05D,Patna,Fatwah,Boring Road,0.43,Residential,Housing,72a28988-7259-4102-9ae0-452ede3ba196,25.556587,85.204564,6594000.0,clear,None,2026-08-20T15:25:51.576658,
5262f395-9b01-476a-95a9-cd844828381d,PAT-009/P-5262,Patna,Fatwah,Patliputra,0.6,Residential,Villa,72a28988-7259-4102-9ae0-452ede3ba196,25.447045,85.243651,11836000.0,disputed,Court Order,2026-08-20T15:25:51.576705,
0336f500-9e7a-4c1f-883a-ada0091c499d,PAT-010/3-0336,Patna,Patna Sadar,Bailey Road,0.73,Residential,Housing,09b9f80b-169e-4a15-9820-882165fe5129,25.576471,85.082752,11718000.0,mortgaged,Bank Mortgage,2026-08-20T15:25:51.576740,
1851ce16-45ab-4c42-afe1-a6c24589c432,PAT-011/Q-1851,Patna,Danapur,Boring Road,0.25,Residential,Row House,bf63502d-5134-47ad-8652-6e15c33425b7,25.570897,85.114984,3825000.0,clear,None,2026-08-20T15:25:51.576777,
9420ea2e-9259-42de-9d35-7683bf6cbf78,PAT-012/3-9420,Patna,Fatwah,Anisabad,0.55,Residential,Apartment,bf63502d-5134-47ad-8652-6e15c33425b7,25.590836,85.226073,2146000.0,clear,None,2026-08-20T15:25:51.576822,
95834a56-184c-467b-876b-f8654cb517bf,PAT-013/P-9583,Patna,Patna Sadar,Danapur,0.52,Residential,Apartment,4e5a68e7-3e07-44c8-8d9a-6b2d98b85c9b,25.682708,85.091951,7134000.0,clear,None,2026-08-20T15:25:51.576865,
73407f42-dc19-4b60-9f25-7badf5c34fe3,PAT-014/3-7340,Patna,Phulwari,Danapur,0.39,Residential,Housing,43beba1f-be3c-46c2-ba37-6a8f01fed7d4,25.725819,85.142445,6374000.0,disputed,Court Order,2026-08-20T15:25:51.576906,
def41c65-7370-45ee-8f3c-16e229c1bb75,PAT-015/P-DEF4,Patna,Phulwari,Danapur,0.77,Residential,Apartment,bf63502d-5134-47ad-8652-6e15c33425b7,25.481925,85.075303,16854000.0,mortgaged,Bank Mortgage,2026-08-20T15:25:51.576945,
ea0a8cd6-7ace-4997-bb92-886995d3d547,PAT-016/A-EA0A,Patna,Patna Sadar,Patliputra,2.04,Commercial,Mall,bf63502d-5134-47ad-8652-6e15c33425b7,25.512374,85.282384,68553000.0,clear,None,2026-08-20T15:25:51.576978,
1d7301a6-875a-443c-ab8f-3e532e54c936,PAT-017/3-1D73,Patna,Fatwah,Patliputra,0.92,Commercial,Retail Shop,9d9734a7-1703-4db3-82ad-825e8a41a5ea,25.706702,85.189126,10123000.0,clear,None,2026-08-20T15:25:51.577023,
fec57e70-54b1-4c7f-80f2-f8ff17599576,PAT-018/3-FEC5,Patna,Phulwari,Digha,1.89,Commercial,Mall,4e5a68e7-3e07-44c8-8d9a-6b2d98b85c9b,25.568026,85.198133,44284000.0,clear,None,2026-08-20T15:25:51.577060,
7908b3b4-e140-4222-b46f-63e7034bde91,PAT-019/2-7908,Patna,Phulwari,Bailey Road,0.85,Commercial,Retail Shop,72a28988-7259-4102-9ae0-452ede3ba196,25.65447,85.135302,18259000.0,disputed,Court Order,2026-08-20T15:25:51.577097,
94215513-e9d7-4654-b50a-db08d77a9198,PAT-020/3-9421,Patna,Phulwari,Danapur,1.59,Commercial,Retail Shop,09b9f80b-169e-4a15-9820-882165fe5129,25.457157,85.2143,8767000.0,mortgaged,Bank Mortgage,2026-08-20T15:25:51.577134,
77ac9a4f-2edc-4603-a510-2e1f6f1282fb,PAT-021/3-77AC,Patna,Danapur,Bailey Road,0.41,Commercial,Showroom,43beba1f-be3c-46c2-ba37-6a8f01fed7d4,25.699449,85.165059,5428000.0,clear,None,2026-08-20T15:25:51.577165,
8cd66fbe-ab06-4e91-9dfe-032dd22ad252,PAT-022/B-8CD6,Patna,Phulwari,Boring Road,2.36,Commercial,Office,518a99c7-276c-4f5f-98ae-e92d9bf6b3ac,25.656305,85.228997,55115000.0,clear,None,2026-08-20T15:25:51.577212,
284c7ee4-ba68-4cc7-b32f-6451652ed0a0,PAT-023/A-284C,Patna,Danapur,Boring Road,0.2,Commercial,Showroom,72a28988-7259-4102-9ae0-452ede3ba196,25.576407,85.03714,2594000.0,clear,None,2026-08-20T15:25:51.577245,
06c38f4a-72a3-462b-a103-62100c69a898,PAT-024/A-06C3,Patna,Danapur,Phulwari Sharif,1.45,Commercial,Showroom,518a99c7-276c-4f5f-98ae-e92d9bf6b3ac,25.449661,85.169849,30580000.0,disputed,Court Order,2026-08-20T15:25:51.577289,
6dfdcf6b-ee7f-4aac-a3dd-204194f6d16f,PAT-025/A-6DFD,Patna,Patna Sadar,Anisabad,0.85,Commercial,Warehouse,72a28988-7259-4102-9ae0-452ede3ba196,25.464211,85.088466,8188000.0,mortgaged,Bank Mortgage,2026-08-20T15:25:51.577471,
ae65951f-f489-4ec8-a3dc-be0904549807,PAT-026/B-AE65,Patna,Danapur,Danapur,0.91,Commercial,Office,4e5a68e7-3e07-44c8-8d9a-6b2d98b85c9b,25.734394,85.05539,21994000.0,clear,None,2026-08-20T15:25:51.577527,
a5ce642f-06ee-4406-b618-314e1a7bcbc3,PAT-027/B-A5CE,Patna,Fatwah,Boring Road,1.25,Commercial,Showroom,bf63502d-5134-47ad-8652-6e15c33425b7,25.489471,85.116237,48950000.0,clear,None,2026-08-20T15:25:51.577569,
786306e1-0de4-458b-82a6-a2e34b00f404,PAT-028/C-7863,Patna,Danapur,Ashiana Nagar,1.99,Commercial,Mall,518a99c7-276c-4f5f-98ae-e92d9bf6b3ac,25.479443,85.096862,73517000.0,clear,None,2026-08-20T15:25:51.577621,
dd28ae53-098b-4cea-ae84-89a567361813,PAT-029/1-DD28,Patna,Patna Sadar,Danapur,2.09,Commercial,Retail Shop,4e5a68e7-3e07-44c8-8d9a-6b2d98b85c9b,25.565799,85.183871,16630000.0,disputed,Court Order,2026-08-20T15:25:51.577658,
76976d09-5095-4a2d-907a-acc42cf3dc98,PAT-030/C-7697,Patna,Phulwari,Kankarbagh,1.83,Commercial,Showroom,72a28988-7259-4102-9ae0-452ede3ba196,25.684097,85.237335,57082000.0,mortgaged,Bank Mortgage,2026-08-20T15:25:51.577702,
bcf675dd-3f27-49fd-8960-c248ebddb64d,PAT-031/B-BCF6,Patna,Danapur,Patliputra,5.41,Agricultural,Farming,4e5a68e7-3e07-44c8-8d9a-6b2d98b85c9b,25.526031,85.141037,32837000.0,clear,None,2026-08-20T15:25:51.577745,
affdf607-5f5f-496b-9045-6c78e04df332,PAT-032/2-AFFD,Patna,Phulwari,Rajendra Nagar,2.45,Agricultural,Horticulture,bf63502d-5134-47ad-8652-6e15c33425b7,25.553227,85.073855,10449000.0,clear,None,2026-08-20T15:25:51.577787,
c47e53f9-ce98-43bc-9cbd-5d1dae61d0a9,PAT-033/B-C47E,Patna,Phulwari,Kankarbagh,6.91,Agricultural,Farming,bf63502d-5134-47ad-8652-6e15c33425b7,25.519578,85.147133,17821000.0,clear,None,2026-08-20T15:25:51.577829,
cedc06a7-aaa9-424e-aafb-84e8fcff2045,PAT-034/2-CEDC,Patna,Fatwah,Kankarbagh,13.97,Agricultural,Grazing,9d9734a7-1703-4db3-82ad-825e8a41a5ea,25.542206,85.192355,83194000.0,disputed,Court Order,2026-08-20T15:25:51.577868,
b5a6d930-fdb7-4c8f-8d61-13ef39b250d1,PAT-035/Q-B5A6,Patna,Patna Sadar,Bailey Road,3.18,Agricultural,Horticulture,c0dc331c-861c-4bb1-99dc-69d39c226fe6,25.702237,85.097199,3073000.0,mortgaged,Bank Mortgage,2026-08-20T15:25:51.577914,
a5f4a0c6-f7d2-4564-8580-44b4634d9d72,PAT-036/Q-A5F4,Patna,Phulwari,Danapur,11.76,Agricultural,Farming,518a99c7-276c-4f5f-98ae-e92d9bf6b3ac,25.667789,85.051307,67425000.0,clear,None,2026-08-20T15:25:51.577959,
8757590c-fd86-4f7f-9a0f-dac3efbfdffd,PAT-037/C-8757,Patna,Phulwari,Digha,7.75,Agricultural,Horticulture,c0dc331c-861c-4bb1-99dc-69d39c226fe6,25.459401,85.029251,7196000.0,clear,None,2026-08-20T15:25:51.578006,
bbce2d0b-f650-4d0b-ab43-574d734025b0,PAT-038/3-BBCE,Patna,Patna Sadar,Digha,1.55,Agricultural,Farming,09b9f80b-169e-4a15-9820-882165fe5129,25.526932,85.063029,4471000.0,clear,None,2026-08-20T15:25:51.578050,
5d18254b-c244-4cff-aa3d-0beed38e69e7,PAT-039/C-5D18,Patna,Fatwah,Rajendra Nagar,14.08,Agricultural,Orchard,43beba1f-be3c-46c2-ba37-6a8f01fed7d4,25.709513,85.072706,38562000.0,disputed,Court Order,2026-08-20T15:25:51.578089,
64ee1381-ef3e-4fdd-a257-ba4e08c013da,PAT-040/B-64EE,Patna,Phulwari,Phulwari Sharif,12.13,Agricultural,Farming,43beba1f-be3c-46c2-ba37-6a8f01fed7d4,25.697039,85.137509,47768000.0,mortgaged,Bank Mortgage,2026-08-20T15:25:51.578121,
e57f6248-910c-473a-bec8-e01be643dedc,PAT-041/P-E57F,Patna,Danapur,Danapur,4.0,Agricultural,Farming,bf63502d-5134-47ad-8652-6e15c33425b7,25.697976,85.001472,3919000.0,clear,None,2026-08-20T15:25:51.578162,
e4b6e9de-1fa1-4bf6-bdcb-2f593d427988,PAT-042/Q-E4B6,Patna,Danapur,Phulwari Sharif,11.65,Agricultural,Plantation,bf63502d-5134-47ad-8652-6e15c33425b7,25.564962,85.193711,7667000.0,clear,None,2026-08-20T15:25:51.578219,
68800828-142a-4ce8-a0d6-772569bf0f77,PAT-043/Q-6880,Patna,Danapur,Bailey Road,4.92,Agricultural,Horticulture,43beba1f-be3c-46c2-ba37-6a8f01fed7d4,25.519522,85.250941,15274000.0,clear,None,2026-08-20T15:25:51.578260,
3e949b78-a941-4907-bf62-fdfcba4e9009,PAT-044/P-3E94,Patna,Phulwari,Digha,12.3,Agricultural,Orchard,09b9f80b-169e-4a15-9820-882165fe5129,25.512964,85.077509,9798000.0,disputed,Court Order,2026-08-20T15:25:51.578294,
c84709a3-e5a4-4064-9472-377891a0dc29,PAT-045/B-C847,Patna,Fatwah,Bailey Road,3.98,Agricultural,Farming,518a99c7-276c-4f5f-98ae-e92d9bf6b3ac,25.480758,85.166041,12261000.0,mortgaged,Bank Mortgage,2026-08-20T15:25:51.578339,
0b509478-36b4-4891-81e1-85815c2cad43,PAT-046/1-0B50,Patna,Fatwah,Phulwari Sharif,3.61,Industrial,Factory,43beba1f-be3c-46c2-ba37-6a8f01fed7d4,25.465919,85.073003,39484000.0,clear,None,2026-08-20T15:25:51.578371,
1c8cb066-0542-4600-90e3-b2ef77bf89f2,PAT-047/Q-1C8C,Patna,Phulwari,Digha,2.16,Industrial,Logistics,43beba1f-be3c-46c2-ba37-6a8f01fed7d4,25.73047,85.211134,10329000.0,clear,None,2026-08-20T15:25:51.578412,
71d2c7c8-4615-4f8c-9d9a-52349b1d0e8c,PAT-048/B-71D2,Patna,Phulwari,Digha,1.42,Industrial,Factory,c0dc331c-861c-4bb1-99dc-69d39c226fe6,25.546915,85.121808,23660000.0,clear,None,2026-08-20T15:25:51.578453,
573c7eae-cf20-48a4-b8c0-bac32af3c0ff,PAT-049/C-573C,Patna,Danapur,Kankarbagh,1.19,Industrial,Logistics,9d9734a7-1703-4db3-82ad-825e8a41a5ea,25.712717,85.24255,13946000.0,disputed,Court Order,2026-08-20T15:25:51.578496,
c6a037b4-a6e5-41e7-9274-118485a486b3,PAT-050/Q-C6A0,Patna,Fatwah,Anisabad,3.91,Industrial,Manufacturing,43beba1f-be3c-46c2-ba37-6a8f01fed7d4,25.465468,85.245754,15869000.0,mortgaged,Bank Mortgage,2026-08-20T15:25:51.578539,
be781f43-a883-4372-9a51-aee6744d485a,PAT-051/1-BE78,Patna,Fatwah,Rajendra Nagar,2.14,Industrial,Factory,09b9f80b-169e-4a15-9820-882165fe5129,25.714442,84.996604,36474000.0,clear,None,2026-08-20T15:25:51.578583,
94c9eff0-45a6-4416-bda0-27caf1158e2a,PAT-052/3-94C9,Patna,Fatwah,Bailey Road,3.81,Industrial,Workshop,09b9f80b-169e-4a15-9820-882165fe5129,25.684013,85.146054,36393000.0,clear,None,2026-08-20T15:25:51.578628,
d0dcd9c1-545a-4372-9083-5ea321baf1fe,PAT-053/B-D0DC,Patna,Patna Sadar,Bailey Road,7.85,Industrial,Factory,518a99c7-276c-4f5f-98ae-e92d9bf6b3ac,25.566461,85.213329,107968000.0,clear,None,2026-08-20T15:25:51.578663,
da5ca7be-d08a-4fc9-95ce-8d37ed69b8df,PAT-054/C-DA5C,Patna,Phulwari,Danapur,7.98,Industrial,Workshop,43beba1f-be3c-46c2-ba37-6a8f01fed7d4,25.451813,85.138552,34059000.0,disputed,Court Order,2026-08-20T15:25:51.578701,
e7c338b2-8c67-483d-9aa2-f6e8f147f1cf,PAT-055/B-E7C3,Patna,Patna Sadar,Rajendra Nagar,1.75,Industrial,Factory,09b9f80b-169e-4a15-9820-882165fe5129,25.493507,84.988268,26899000.0,mortgaged,Bank Mortgage,2026-08-20T15:25:51.578741,
37975999-988f-4fd2-ad17-f248e61f5a4a,PAT-056/A-3797,Patna,Phulwari,Kankarbagh,2.95,Industrial,Factory,bf63502d-5134-47ad-8652-6e15c33425b7,25.525006,85.064816,5532000.0,clear,None,2026-08-20T15:25:51.578776,
93410058-baa5-45e3-a1a6-c53584fa7996,PAT-057/1-9341,Patna,Fatwah,Anisabad,1.11,Industrial,Manufacturing,09b9f80b-169e-4a15-9820-882165fe5129,25.537665,85.17532,2638000.0,clear,None,2026-08-20T15:25:51.578809,
46efb0ed-8efa-40ab-832e-8118b3a828e0,PAT-058/1-46EF,Patna,Fatwah,Rajendra Nagar,2.68,Industrial,Logistics,bf63502d-5134-47ad-8652-6e15c33425b7,25.491343,85.070526,16705000.0,clear,None,2026-08-20T15:25:51.578856,
0fba2d9d-3ac5-4d9a-85b5-775d487a1237,PAT-059/A-0FBA,Patna,Patna Sadar,Bailey Road,5.65,Industrial,Workshop,72a28988-7259-4102-9ae0-452ede3ba196,25.545926,84.999014,9214000.0,disputed,Court Order,2026-08-20T15:25:51.578899,
d4a030df-df17-4b91-ac8e-9b7817204ff2,PAT-060/B-D4A0,Patna,Fatwah,Phulwari Sharif,4.47,Industrial,IT Park,4e5a68e7-3e07-44c8-8d9a-6b2d98b85c9b,25.578747,85.143984,62243000.0,mortgaged,Bank Mortgage,2026-08-20T15:25:51.578934,
31db37ee-63ed-4cb5-9a0b-817bb9fe3805,VSKP-001/Q-31DB,Visakhapatnam,Anakapalle,Pendurthi,0.24,Residential,Duplex,72a28988-7259-4102-9ae0-452ede3ba196,17.709925,83.251829,3881000.0,clear,None,2026-08-20T15:25:51.578981,
8964d09c-3391-4cd3-ab29-09501c5ce1c3,VSKP-002/A-8964,Visakhapatnam,Visakhapatnam Rural,Dwaraka Nagar,0.07,Residential,Duplex,9d9734a7-1703-4db3-82ad-825e8a41a5ea,17.712802,83.246076,1400000.0,clear,None,2026-08-20T15:25:51.579016,
4861f1df-6b82-4978-b60b-bc6b8358173b,VSKP-003/3-4861,Visakhapatnam,Anakapalle,Siripuram,0.52,Residential,Villa,4e5a68e7-3e07-44c8-8d9a-6b2d98b85c9b,17.668066,83.244824,10425000.0,clear,None,2026-08-20T15:25:51.579062,
abd45783-eeeb-429f-bf37-d13698f0cd63,VSKP-004/3-ABD4,Visakhapatnam,Visakhapatnam Rural,MVP Colony,0.58,Residential,Row House,bf63502d-5134-47ad-8652-6e15c33425b7,17.666875,83.242943,13071000.0,disputed,Court Order,2026-08-20T15:25:51.579101,
115c767b-b4ee-4260-8d95-fb870871305e,VSKP-005/P-115C,Visakhapatnam,Visakhapatnam Urban,Bheemunipatnam,0.33,Residential,Villa,43beba1f-be3c-46c2-ba37-6a8f01fed7d4,17.716172,83.243108,4422000.0,mortgaged,Bank Mortgage,2026-08-20T15:25:51.579138,
2d78c226-dc55-4d4e-a187-22078d83f956,VSKP-006/Q-2D78,Visakhapatnam,Gajuwaka,Bheemunipatnam,0.42,Residential,Row House,43beba1f-be3c-46c2-ba37-6a8f01fed7d4,17.75044,83.220896,8707000.0,clear,None,2026-08-20T15:25:51.579183,
744b4497-0521-4152-aceb-4dde434dcfc7,VSKP-007/1-744B,Visakhapatnam,Anakapalle,Seethammadhara,0.34,Residential,Duplex,72a28988-7259-4102-9ae0-452ede3ba196,17.734441,83.19472,8697000.0,clear,None,2026-08-20T15:25:51.579237,
a4878984-c0b5-4252-971e-0ffed63822b8,VSKP-008/A-A487,Visakhapatnam,Gajuwaka,Dwaraka Nagar,0.55,Residential,Row House,4e5a68e7-3e07-44c8-8d9a-6b2d98b85c9b,17.709569,83.176649,2403000.0,clear,None,2026-08-20T15:25:51.579270,
e0c26bba-97a0-431c-bdec-1cc52485d719,VSKP-009/Q-E0C2,Visakhapatnam,Visakhapatnam Rural,MVP Colony,0.27,Residential,Row House,09b9f80b-169e-4a15-9820-882165fe5129,17.779181,83.259912,4648000.0,disputed,Court Order,2026-08-20T15:25:51.579303,
9901c93e-e2a4-4b5f-8a5a-bf7083a24467,VSKP-010/C-9901,Visakhapatnam,Visakhapatnam Urban,MVP Colony,0.15,Residential,Villa,9d9734a7-1703-4db3-82ad-825e8a41a5ea,17.730452,83.213006,2232000.0,mortgaged,Bank Mortgage,2026-08-20T15:25:51.579343,
f51ab3d1-3d23-4a5a-8c55-ad864b7d48d4,VSKP-011/1-F51A,Visakhapatnam,Anakapalle,Bheemunipatnam,0.52,Residential,Villa,c0dc331c-861c-4bb1-99dc-69d39c226fe6,17.661975,83.248416,15119000.0,clear,None,2026-08-20T15:25:51.579374,
42b56cf1-bd83-488c-b63c-77aa5df578ce,VSKP-012/P-42B5,Visakhapatnam,Anakapalle,Dwaraka Nagar,0.78,Residential,Duplex,bf63502d-5134-47ad-8652-6e15c33425b7,17.713145,83.273311,6536000.0,clear,None,2026-08-20T15:25:51.579419,
fb3ae02b-44a3-44c8-972b-6221e3ec0d6c,VSKP-013/3-FB3A,Visakhapatnam,Anakapalle,Rushikonda,0.54,Residential,Row House,c0dc331c-861c-4bb1-99dc-69d39c226fe6,17.719419,83.27603,13032000.0,clear,None,2026-08-20T15:25:51.579453,
4441b220-760d-4b90-b148-ab02e1676f38,VSKP-014/1-4441,Visakhapatnam,Gajuwaka,Bheemunipatnam,0.35,Residential,Villa,bf63502d-5134-47ad-8652-6e15c33425b7,17.770121,83.245091,7514000.0,disputed,Court Order,2026-08-20T15:25:51.579490,
048147ed-6642-494e-9e65-fc2a3a921032,VSKP-015/2-0481,Visakhapatnam,Gajuwaka,Madhurawada,0.67,Residential,Housing,c0dc331c-861c-4bb1-99dc-69d39c226fe6,17.697622,83.213818,14262000.0,mortgaged,Bank Mortgage,2026-08-20T15:25:51.579529,
d58eff57-791a-4508-90a8-ce5c3ba598c7,VSKP-016/Q-D58E,Visakhapatnam,Gajuwaka,Siripuram,1.49,Commercial,Mall,9d9734a7-1703-4db3-82ad-825e8a41a5ea,17.726112,83.174066,21320000.0,clear,None,2026-08-20T15:25:51.579570,
9771d09d-0f55-4770-b645-5065dde86f7b,VSKP-017/Q-9771,Visakhapatnam,Anakapalle,Pendurthi,1.57,Commercial,Office,518a99c7-276c-4f5f-98ae-e92d9bf6b3ac,17.737209,83.191955,50442000.0,clear,None,2026-08-20T15:25:51.579603,
286a53f2-e2de-478b-96bf-8c35b6a8007a,VSKP-018/3-286A,Visakhapatnam,Anakapalle,Dwaraka Nagar,2.01,Commercial,Retail Shop,43beba1f-be3c-46c2-ba37-6a8f01fed7d4,17.725214,83.201318,38007000.0,clear,None,2026-08-20T15:25:51.579643,
c021a48b-87d9-4df7-8fcd-70335bd5e9b4,VSKP-019/A-C021,Visakhapatnam,Visakhapatnam Urban,Seethammadhara,2.19,Commercial,Mall,518a99c7-276c-4f5f-98ae-e92d9bf6b3ac,17.764855,83.246696,97099000.0,disputed,Court Order,2026-08-20T15:25:51.579680,
094d8270-7500-4b92-ab50-591a44e2eb4f,VSKP-020/C-094D,Visakhapatnam,Gajuwaka,Madhurawada,1.98,Commercial,Office,09b9f80b-169e-4a15-9820-882165fe5129,17.745527,83.181084,98103000.0,mortgaged,Bank Mortgage,2026-08-20T15:25:51.579722,
7af5ad98-3698-4dd6-8108-dcf9beb46629,VSKP-021/2-7AF5,Visakhapatnam,Gajuwaka,MVP Colony,1.53,Commercial,Showroom,9d9734a7-1703-4db3-82ad-825e8a41a5ea,17.750601,83.274147,31886000.0,clear,None,2026-08-20T15:25:51.579754,
7c729ec3-2ff0-4798-b607-f7e01d6995f9,VSKP-022/1-7C72,Visakhapatnam,Gajuwaka,MVP Colony,0.3,Commercial,Showroom,518a99c7-276c-4f5f-98ae-e92d9bf6b3ac,17.716291,83.249306,14934000.0,clear,None,2026-08-20T15:25:51.579789,
aec88940-db4f-4b08-891a-033f45eea4d8,VSKP-023/A-AEC8,Visakhapatnam,Gajuwaka,Bheemunipatnam,1.18,Commercial,Warehouse,c0dc331c-861c-4bb1-99dc-69d39c226fe6,17.664366,83.247734,47869000.0,clear,None,2026-08-20T15:25:51.579834,
18820c98-f1a5-42a4-abce-5aa22e0cdd1d,VSKP-024/A-1882,Visakhapatnam,Visakhapatnam Rural,Pendurthi,1.39,Commercial,Warehouse,4e5a68e7-3e07-44c8-8d9a-6b2d98b85c9b,17.662877,83.189266,48745000.0,disputed,Court Order,2026-08-20T15:25:51.579878,
3996d954-e68f-44fa-b032-52b7eeac774a,VSKP-025/3-3996,Visakhapatnam,Anakapalle,MVP Colony,2.47,Commercial,Retail Shop,09b9f80b-169e-4a15-9820-882165fe5129,17.676305,83.24998,79715000.0,mortgaged,Bank Mortgage,2026-08-20T15:25:51.579922,
8973fbe6-abfd-44e0-9304-cbdd72ccaa2f,VSKP-026/Q-8973,Visakhapatnam,Gajuwaka,Siripuram,0.26,Commercial,Warehouse,bf63502d-5134-47ad-8652-6e15c33425b7,17.697794,83.226851,12247000.0,clear,None,2026-08-20T15:25:51.579963,
f4613de5-42f6-4602-abdc-20d366c0d01b,VSKP-027/Q-F461,Visakhapatnam,Visakhapatnam Urban,Rushikonda,0.22,Commercial,Retail Shop,09b9f80b-169e-4a15-9820-882165fe5129,17.672675,83.160189,5383000.0,clear,None,2026-08-20T15:25:51.580006,
b1af3ab2-13f4-45e9-880f-8e517a08ae3f,VSKP-028/A-B1AF,Visakhapatnam,Gajuwaka,Gajuwaka,1.58,Commercial,Retail Shop,c0dc331c-861c-4bb1-99dc-69d39c226fe6,17.676278,83.243782,69754000.0,clear,None,2026-08-20T15:25:51.580050,
98d55c57-f023-413b-8918-b47ae46df55c,VSKP-029/P-98D5,Visakhapatnam,Visakhapatnam Urban,Bheemunipatnam,1.39,Commercial,Office,bf63502d-5134-47ad-8652-6e15c33425b7,17.749498,83.195201,12352000.0,disputed,Court Order,2026-08-20T15:25:51.580094,
81e795e8-99c9-4726-b859-9b62d7db3d97,VSKP-030/C-81E7,Visakhapatnam,Visakhapatnam Rural,Siripuram,1.94,Commercial,Showroom,518a99c7-276c-4f5f-98ae-e92d9bf6b3ac,17.734855,83.261744,54172000.0,mortgaged,Bank Mortgage,2026-08-20T15:25:51.580135,
e492a40d-6b8d-4583-a174-28999dbc3272,VSKP-031/3-E492,Visakhapatnam,Visakhapatnam Urban,Dwaraka Nagar,4.72,Agricultural,Horticulture,72a28988-7259-4102-9ae0-452ede3ba196,17.763374,83.174764,28760000.0,clear,None,2026-08-20T15:25:51.580171,
df686f6c-380f-459b-89df-b640f630a009,VSKP-032/3-DF68,Visakhapatnam,Anakapalle,Bheemunipatnam,10.98,Agricultural,Grazing,bf63502d-5134-47ad-8652-6e15c33425b7,17.772802,83.276103,26671000.0,clear,None,2026-08-20T15:25:51.580205,
e47c1c2e-4076-4a6d-b8db-424b370fe338,VSKP-033/Q-E47C,Visakhapatnam,Visakhapatnam Rural,Seethammadhara,11.98,Agricultural,Orchard,bf63502d-5134-47ad-8652-6e15c33425b7,17.660072,83.17326,21138000.0,clear,None,2026-08-20T15:25:51.580238,
049dd403-3f13-40de-8fc4-8710e67bf1cb,VSKP-034/A-049D,Visakhapatnam,Anakapalle,Gajuwaka,1.79,Agricultural,Grazing,4e5a68e7-3e07-44c8-8d9a-6b2d98b85c9b,17.743245,83.1729,10682000.0,disputed,Court Order,2026-08-20T15:25:51.580288,
a0aa5c9e-956d-43ea-969a-c951cdf757de,VSKP-035/1-A0AA,Visakhapatnam,Anakapalle,Madhurawada,7.8,Agricultural,Farming,09b9f80b-169e-4a15-9820-882165fe5129,17.739864,83.203883,57162000.0,mortgaged,Bank Mortgage,2026-08-20T15:25:51.580319,
5a729c29-b3b0-412d-bc33-b6e8e75ca7da,VSKP-036/1-5A72,Visakhapatnam,Anakapalle,Seethammadhara,1.97,Agricultural,Farming,4e5a68e7-3e07-44c8-8d9a-6b2d98b85c9b,17.737779,83.200167,6316000.0,clear,None,2026-08-20T15:25:51.580366,
593a18d6-f552-45e2-91a3-8649a4e5f49e,VSKP-037/P-593A,Visakhapatnam,Gajuwaka,Siripuram,14.17,Agricultural,Horticulture,518a99c7-276c-4f5f-98ae-e92d9bf6b3ac,17.756544,83.211784,44305000.0,clear,None,2026-08-20T15:25:51.580398,
8307c976-a840-4152-a2e4-f97c4f3819dd,VSKP-038/C-8307,Visakhapatnam,Visakhapatnam Urban,Dwaraka Nagar,11.68,Agricultural,Orchard,c0dc331c-861c-4bb1-99dc-69d39c226fe6,17.732177,83.160994,8072000.0,clear,None,2026-08-20T15:25:51.580431,
ed93d0dc-8dc6-43fc-9893-81584fe7ce98,VSKP-039/B-ED93,Visakhapatnam,Gajuwaka,Madhurawada,14.5,Agricultural,Orchard,9d9734a7-1703-4db3-82ad-825e8a41a5ea,17.759535,83.253094,24313000.0,disputed,Court Order,2026-08-20T15:25:51.580473,
aa35d8bf-deea-4dac-ad47-765ec8189811,VSKP-040/3-AA35,Visakhapatnam,Visakhapatnam Urban,Pendurthi,1.81,Agricultural,Horticulture,72a28988-7259-4102-9ae0-452ede3ba196,17.777597,83.234835,12714000.0,mortgaged,Bank Mortgage,2026-08-20T15:25:51.580509,
750209cf-f9da-4c54-961e-011d02fa6403,VSKP-041/3-7502,Visakhapatnam,Anakapalle,Seethammadhara,5.83,Agricultural,Plantation,4e5a68e7-3e07-44c8-8d9a-6b2d98b85c9b,17.707623,83.220478,3990000.0,clear,None,2026-08-20T15:25:51.580541,
29a2f761-7991-4224-8d66-dcd50e2ff206,VSKP-042/A-29A2,Visakhapatnam,Visakhapatnam Rural,Madhurawada,1.74,Agricultural,Grazing,c0dc331c-861c-4bb1-99dc-69d39c226fe6,17.763307,83.219656,9960000.0,clear,None,2026-08-20T15:25:51.580588,
8f968876-4ef0-46f7-b61b-d49d927391a9,VSKP-043/C-8F96,Visakhapatnam,Visakhapatnam Urban,MVP Colony,10.44,Agricultural,Farming,72a28988-7259-4102-9ae0-452ede3ba196,17.667382,83.160184,24336000.0,clear,None,2026-08-20T15:25:51.580705,
023b5aac-a95a-4c13-b5c7-cf72ff280f22,VSKP-044/B-023B,Visakhapatnam,Gajuwaka,Bheemunipatnam,2.76,Agricultural,Horticulture,c0dc331c-861c-4bb1-99dc-69d39c226fe6,17.772282,83.193837,8078000.0,disputed,Court Order,2026-08-20T15:25:51.580862,
9026aa3e-dedf-4d22-a451-3e700ea9bb99,VSKP-045/C-9026,Visakhapatnam,Gajuwaka,Bheemunipatnam,3.27,Agricultural,Horticulture,4e5a68e7-3e07-44c8-8d9a-6b2d98b85c9b,17.736676,83.178026,26044000.0,mortgaged,Bank Mortgage,2026-08-20T15:25:51.580993,
b56e5582-7233-4c59-9c70-2e6099b9ca26,VSKP-046/P-B56E,Visakhapatnam,Gajuwaka,Seethammadhara,7.61,Industrial,IT Park,bf63502d-5134-47ad-8652-6e15c33425b7,17.765343,83.241476,117368000.0,clear,None,2026-08-20T15:25:51.581079,
c14c43cc-0db4-4ea9-930f-f5d8c0c60417,VSKP-047/P-C14C,Visakhapatnam,Gajuwaka,Dwaraka Nagar,5.33,Industrial,Workshop,4e5a68e7-3e07-44c8-8d9a-6b2d98b85c9b,17.757933,83.183805,15472000.0,clear,None,2026-08-20T15:25:51.581165,
dc3aa87b-40fb-45a7-acd5-0960b7927d61,VSKP-048/Q-DC3A,Visakhapatnam,Gajuwaka,Siripuram,4.29,Industrial,Factory,518a99c7-276c-4f5f-98ae-e92d9bf6b3ac,17.717286,83.235546,77977000.0,clear,None,2026-08-20T15:25:51.581240,
05e39c55-df10-4ff6-91ee-ce4581cc8d99,VSKP-049/B-05E3,Visakhapatnam,Anakapalle,MVP Colony,4.66,Industrial,Workshop,43beba1f-be3c-46c2-ba37-6a8f01fed7d4,17.68688,83.231446,98693000.0,disputed,Court Order,2026-08-20T15:25:51.581335,
73a3f5ee-78ef-4ecb-b0fc-d5c2942d32f2,VSKP-050/Q-73A3,Visakhapatnam,Gajuwaka,MVP Colony,1.76,Industrial,IT Park,09b9f80b-169e-4a15-9820-882165fe5129,17.684538,83.238484,35322000.0,mortgaged,Bank Mortgage,2026-08-20T15:25:51.581424,
d351491d-4a99-4821-8e39-46f35d9f47b5,VSKP-051/3-D351,Visakhapatnam,Anakapalle,Pendurthi,5.85,Industrial,Factory,518a99c7-276c-4f5f-98ae-e92d9bf6b3ac,17.749022,83.278899,84104000.0,clear,None,2026-08-20T15:25:51.581525,
08cb9636-1ebc-4326-b009-fc9cb37210b5,VSKP-052/2-08CB,Visakhapatnam,Gajuwaka,Pendurthi,2.94,Industrial,Manufacturing,09b9f80b-169e-4a15-9820-882165fe5129,17.703192,83.164059,53349000.0,clear,None,2026-08-20T15:25:51.581615,
6c801e24-681c-47b2-bd1e-7cee6fba6072,VSKP-053/1-6C80,Visakhapatnam,Anakapalle,Pendurthi,2.36,Industrial,Manufacturing,4e5a68e7-3e07-44c8-8d9a-6b2d98b85c9b,17.706092,83.23608,26188000.0,clear,None,2026-08-20T15:25:51.581762,
8b6d3771-8865-4913-9c6b-951b5e300cf6,VSKP-054/A-8B6D,Visakhapatnam,Visakhapatnam Urban,Seethammadhara,4.31,Industrial,Logistics,43beba1f-be3c-46c2-ba37-6a8f01fed7d4,17.750186,83.16317,57023000.0,disputed,Court Order,2026-08-20T15:25:51.581818,
bcae6141-59ba-4242-a9ca-899d842494f0,VSKP-055/3-BCAE,Visakhapatnam,Visakhapatnam Urban,Pendurthi,1.79,Industrial,Workshop,72a28988-7259-4102-9ae0-452ede3ba196,17.73581,83.224226,44202000.0,mortgaged,Bank Mortgage,2026-08-20T15:25:51.581860,
6b2783ce-f1e8-4644-86b2-d45c297fa5b4,VSKP-056/Q-6B27,Visakhapatnam,Anakapalle,Gajuwaka,4.85,Industrial,Logistics,09b9f80b-169e-4a15-9820-882165fe5129,17.694126,83.198702,74464000.0,clear,None,2026-08-20T15:25:51.582057,
49b9b0ab-128c-4dda-bf00-910520fc9635,VSKP-057/C-49B9,Visakhapatnam,Visakhapatnam Rural,Pendurthi,6.96,Industrial,Manufacturing,bf63502d-5134-47ad-8652-6e15c33425b7,17.710991,83.165688,167355000.0,clear,None,2026-08-20T15:25:51.582122,
227c0dc4-0106-4fbe-bf59-6cf5437215fa,VSKP-058/1-227C,Visakhapatnam,Visakhapatnam Rural,Madhurawada,3.49,Industrial,Manufacturing,09b9f80b-169e-4a15-9820-882165fe5129,17.713837,83.179001,30491000.0,clear,None,2026-08-20T15:25:51.582164,
84228674-fae8-40d5-a97f-a22ebce20981,VSKP-059/A-8422,Visakhapatnam,Visakhapatnam Rural,Seethammadhara,3.37,Industrial,Manufacturing,4e5a68e7-3e07-44c8-8d9a-6b2d98b85c9b,17.735199,83.177032,48070000.0,disputed,Court Order,2026-08-20T15:25:51.582203,
d0e4cb2e-414d-4884-ad9a-d118d0d90389,VSKP-060/B-D0E4,Visakhapatnam,Anakapalle,Gajuwaka,4.36,Industrial,Factory,c0dc331c-861c-4bb1-99dc-69d39c226fe6,17.660303,83.266364,79537000.0,mortgaged,Bank Mortgage,2026-08-20T15:25:51.582250,
ce34cd06-aab0-496c-b626-a95a7b375c05,TEST-SYNC-888/A,Bengaluru Urban,Bengaluru South,Koramangala 4th Block,1.25,commercial,Tech Office,,12.9352,77.6245,25000000.0,clear,None,2026-08-20T15:45:26.809369
fc07aead-3986-4167-8fa9-ad2934c0e5ad,ANI-NIC-001,Nicobar,Nicobar Zone,Car Nicobar,67.0,Agricultural,Farming,,11.748413815446263,92.65446684515244,5000000.0,mortgaged,None,2026-08-20T16:41:27.345354
4747e82f-24a5-4e4b-a28e-08475a980808,KA-BLR-999,Bengaluru Urban,Bengaluru North,Hebbal,2.5,Commercial,Tech Park,,12.969803586184197,77.60868824326258,25000000.0,clear,None,2026-08-20T16:41:27.386379
0cfa0ad7-a81a-4b14-8ab5-83f8b7bcc0ee,102/A,Bengaluru Urban,Bengaluru Urban East Zone,kr puram ,67.0,agricultural,Farmong,,13.0207613,77.6901305,1.0,disputed,None,2026-08-20T23:16:33.000464
7035eb06-bd53-40d7-958d-e02a3b6dcf63,1011/AA,Jammu,Jammu North Zone,JAMMU,3.0,agricultural,FARMING,,32.6763052,74.890611,150.0,clear,None,2026-08-21T11:23:23.587296
f99a8836-2aec-4825-8b8a-b761b187a422,10111/AD,Jammu,Jammu Rural Taluka,KATHUA,16.0,agricultural,FARMING,93786d6d-7265-44a0-b77a-5670d7e0e259,32.6934419,74.873381,9999999.0,clear,None,2026-08-21T11:39:40.358611
