id,parcel_id,owner_name,owner_aadhaar,owner_phone,from_date,to_date,transfer_type,deed_number,consideration_amount,remarks
d4916176-d096-4464-a4d7-306948f382c1,ca7d2a6f-c3ed-4b8c-91e9-8690d3c742f5,Sonia Verma,1434-4257-9928,9550455977,1999-12-15,1997-05-24,Sale,DD-2535-323,4776000.0,
b9b3dc1f-01a6-4a59-bb47-0e6bebed62ca,ca7d2a6f-c3ed-4b8c-91e9-8690d3c742f5,Rajesh Gupta,1106-3615-7924,9465341213,1997-05-24,2005-11-10,Inheritance,DD-8359-703,0,
be3998b5-6e8a-4079-871a-8720e1ac8235,ca7d2a6f-c3ed-4b8c-91e9-8690d3c742f5,Dinesh Patil,2674-2519-7224,9203848421,2005-11-10,2008-07-01,Gift,DD-3547-320,5888000.0,
2068725d-5179-409f-a80f-56361c6ca795,ca7d2a6f-c3ed-4b8c-91e9-8690d3c742f5,Suresh Babu Reddy,8527-9785-3045,9506448196,2008-07-01,,Gift,DD-6635-718,5628000.0,
c49ac0f2-ea27-4124-b4f9-f88180cd80d2,6aa57c9d-a504-4e82-ba76-61916ceebe61,Rajesh Gupta,4598-6313-1916,9345938494,1994-11-11,2007-12-09,Court Decree,DD-5010-267,9390000.0,
30e65e92-bd7d-4640-aedc-58fa96f6b012,6aa57c9d-a504-4e82-ba76-61916ceebe61,Harish Chandra,6155-4483-9179,9524806516,2007-12-09,2016-08-29,Sale,DD-6168-510,8987000.0,
3d3bb0be-8bc2-4dd5-a5f3-b77007aef093,6aa57c9d-a504-4e82-ba76-61916ceebe61,Mohan Das,9830-5304-8019,9726563708,2016-08-29,2018-12-10,Partition,DD-3340-371,8141000.0,
d4e08b22-dfb2-4e4c-a2b8-293c52160090,6aa57c9d-a504-4e82-ba76-61916ceebe61,Deepika Mehta,9348-9085-2489,9911514914,2018-12-10,,Partition,DD-6930-324,10168000.0,
0a89ee25-c0a5-4bdb-a8a9-d8f0dc046e45,926e2955-8fa0-45fa-8db3-9135634fea6e,Uma Shankar,9317-4258-3504,9501486939,1994-11-11,2007-02-14,Court Decree,DD-2743-991,7392000.0,
0a9f635e-642b-45e7-a79e-04197f293996,926e2955-8fa0-45fa-8db3-9135634fea6e,Sunil Shetty,1009-6310-9005,9120912992,2007-02-14,2008-05-05,Inheritance,DD-9837-897,0,
e0f6bab0-82fe-4bfc-9377-4e9a40b98070,926e2955-8fa0-45fa-8db3-9135634fea6e,Naresh Kumar,4923-1949-4946,9709194872,2008-05-05,2010-03-16,Sale,DD-6947-999,9197000.0,
6280dd10-5996-465e-a67d-52fa797cd3ba,926e2955-8fa0-45fa-8db3-9135634fea6e,Mohammad Arif Khan,9727-3060-3103,9808402051,2010-03-16,,Sale,DD-2403-849,9605000.0,
6e191ccd-7d50-4232-acb5-62b364263810,1804db81-a8e7-4c23-a322-813c756ee5c2,Dinesh Patil,2160-9423-4899,9399012686,1995-05-13,2004-11-16,Sale,DD-4750-169,2585000.0,
b767b070-b740-4ea1-99ba-1b73e4ac6a4a,1804db81-a8e7-4c23-a322-813c756ee5c2,Jyoti Prasad,8744-4981-8749,9967043303,2004-11-16,,Partition,DD-4510-652,2334000.0,
a4cc8ae1-7f5a-443e-b563-3d473ab01a22,8d446998-4e5c-4534-96e5-3eb9c176917f,Rani Mukherjee,1241-2528-4872,9278575192,1995-12-24,2019-02-16,Court Decree,DD-2604-151,5208000.0,
c8a9f418-f620-4b9d-9f92-f9609e42e24a,8d446998-4e5c-4534-96e5-3eb9c176917f,Ajay Singh,1960-3697-7209,9102314313,2019-02-16,2020-09-27,Partition,DD-8956-592,4872000.0,
71c34027-51ac-47df-9039-90dba5b240f6,8d446998-4e5c-4534-96e5-3eb9c176917f,Sushma Swarup,7930-8973-3536,9303901283,2020-09-27,,Partition,DD-5345-902,5671000.0,
2eaea38c-c3af-4873-b5f9-b2cfa43d6379,5123b1fd-76de-4aa4-b6f7-39e2b665fdf6,Harish Chandra,6147-4910-5351,9524971817,1993-06-28,2001-12-02,Court Decree,DD-9565-423,3458000.0,
2911b940-1f47-41c4-bc78-2f8f7d9487c3,5123b1fd-76de-4aa4-b6f7-39e2b665fdf6,Asha Bhosale,2188-1152-8508,9766964667,2001-12-02,2015-02-08,Inheritance,DD-5915-568,0,
e97b0dcc-3a5a-421c-9c63-11fae34d9c6a,5123b1fd-76de-4aa4-b6f7-39e2b665fdf6,Nandini Reddy,5345-3170-6718,9173864104,2015-02-08,,Court Decree,DD-2638-175,3683000.0,
209993e4-6e82-4ec2-8c02-c6102c802447,0906b8f5-8af5-4adf-9490-3339b4047056,Anita Kumari Singh,2512-7939-5533,9147337803,1997-01-20,2022-12-16,Gift,DD-9280-600,5093000.0,
9c44533c-1c8b-40fe-8173-ad774c2b8dc0,0906b8f5-8af5-4adf-9490-3339b4047056,Meena Devi,3647-8239-8007,9702269164,2022-12-16,,Sale,DD-6464-889,4596000.0,
a6ac0657-25b2-4be4-a1b9-faca55d43596,377768cc-6842-41ed-a0a0-add3c5f3d26f,Arun Prakash,6442-7745-5065,9386480450,1993-01-15,1998-04-13,Inheritance,DD-7755-125,0,
5edc80e5-8e6a-4132-a1ff-4f854cac399d,377768cc-6842-41ed-a0a0-add3c5f3d26f,Suresh Babu Reddy,8711-4644-4269,9976803188,1998-04-13,,Inheritance,DD-2771-491,0,
13a2de0e-0ccc-4af3-a818-80b632835b37,881ca4a8-0472-4d8e-bcd5-dbb15fdf1453,Geeta Mahesh Patel,7311-4114-5173,9147659674,1988-06-06,2001-02-07,Gift,DD-8149-720,2332000.0,
8d94e758-eedc-4572-a848-48d4eefc5440,881ca4a8-0472-4d8e-bcd5-dbb15fdf1453,Rani Mukherjee,4228-6967-8066,9175133802,2001-02-07,2006-04-03,Partition,DD-1027-632,2846000.0,
e383af44-e8a7-4031-894e-242ca08f8560,881ca4a8-0472-4d8e-bcd5-dbb15fdf1453,Saritha Devi,5920-9308-6067,9816070802,2006-04-03,,Gift,DD-6143-779,3384000.0,
8d8f6e73-4d8b-4a7d-828f-3722ea04a986,fdeaae34-f089-4497-95b7-c93b96244703,Girish Kumar,6491-2530-4848,9822408848,1990-01-16,1997-05-19,Sale,DD-5649-627,3299000.0,
9dda5059-2785-4478-b4d8-8a92fb3cc530,fdeaae34-f089-4497-95b7-c93b96244703,Priya Devi Nair,1757-5011-8784,9756350429,1997-05-19,2003-02-03,Gift,DD-4680-925,3067000.0,
085467d9-770e-4e15-adbe-5026b2fdb0f7,fdeaae34-f089-4497-95b7-c93b96244703,Jyoti Prasad,4185-7291-9099,9529123992,2003-02-03,2004-01-11,Sale,DD-8461-524,3694000.0,
6f6a7fa5-211f-4c56-90f1-3672970f8c2e,fdeaae34-f089-4497-95b7-c93b96244703,Revathy Nair,1090-2746-7965,9334978881,2004-01-11,,Inheritance,DD-3417-771,0,
492ae0db-8421-4d58-bdee-db4a13a50466,ffebcb20-9a6a-42a1-a658-7096e5654b59,Seema Malhotra,2269-5681-4841,9391751878,1990-01-25,1997-04-15,Court Decree,DD-8939-741,4798000.0,
3828eb76-8fc1-470d-a97b-b87f3b6c4210,ffebcb20-9a6a-42a1-a658-7096e5654b59,Santosh Kumar,4788-7275-3503,9858511779,1997-04-15,1999-10-30,Gift,DD-6238-653,4233000.0,
d4278ccc-da74-4be8-8ae5-3be22312fc9f,ffebcb20-9a6a-42a1-a658-7096e5654b59,Smita Patil,6421-9890-8633,9546434187,1999-10-30,2019-05-09,Inheritance,DD-2052-524,0,
7c108af0-2ab3-44eb-9570-391eda848dd9,ffebcb20-9a6a-42a1-a658-7096e5654b59,Rohit Sharma,1320-7232-8814,9106330865,2019-05-09,,Sale,DD-4388-952,4309000.0,
c77f4eeb-4392-4135-a5fd-dae9af683ee2,709b2f62-0476-44cb-8820-17b447336f90,Anita Kumari Singh,5262-7211-6363,9327268503,1993-03-14,2012-04-04,Inheritance,DD-8564-286,0,
c20c92ee-fe96-462d-a2cf-4088ea28b4c3,709b2f62-0476-44cb-8820-17b447336f90,Sridevi Kapoor,5558-7906-5133,9996478772,2012-04-04,,Partition,DD-6355-445,22959000.0,
22b6cba7-710f-4866-9e07-2db560e4d8d3,21da034f-740e-4be3-8696-44954e927c7d,Sridevi Kapoor,7498-4249-2245,9735760237,1987-04-16,2000-05-25,Sale,DD-1420-419,12962000.0,
7da5efb4-ebcc-4ba4-9518-1fea60c77b12,21da034f-740e-4be3-8696-44954e927c7d,Naresh Kumar,2983-1672-6688,9672030854,2000-05-25,,Inheritance,DD-2669-813,0,
5ce8eeae-f863-414e-bf42-9ace30c142f3,4f9f3f48-7899-43f1-bf3b-a438b8e40640,Girish Kumar,7209-6511-1470,9630757561,1989-11-17,2006-04-15,Partition,DD-4995-868,3423000.0,
6c989007-9f1b-41c8-8e27-7001c224b21e,4f9f3f48-7899-43f1-bf3b-a438b8e40640,Meena Devi,6576-5581-5526,9696776072,2006-04-15,,Gift,DD-3979-599,3200000.0,
345b4dc0-0e52-4624-8c5d-d0ff287afedd,ae21b62c-02ed-493a-9b93-e4c078af1abc,Saritha Devi,4155-6169-2958,9897662466,1988-06-27,2000-03-09,Gift,DD-6023-357,9141000.0,
2fe5fcce-ac17-43f3-8b0f-ef3b7fc6c66b,ae21b62c-02ed-493a-9b93-e4c078af1abc,Divya Menon,5530-9595-5636,9207939087,2000-03-09,2011-05-17,Court Decree,DD-4033-296,8561000.0,
01067a4a-96fd-4801-95d0-c8ccac114538,ae21b62c-02ed-493a-9b93-e4c078af1abc,Mahesh Babu,3939-5952-1231,9860229059,2011-05-17,,Inheritance,DD-5853-332,0,
6e4076a6-2ee9-49d0-bc8d-97ef75ee7533,0a6debe2-6fcc-4e7d-9548-6f7005e563ca,Geeta Mahesh Patel,7818-4697-9561,9508427798,1990-07-19,2007-07-20,Court Decree,DD-5978-187,49908000.0,
339876fc-13f2-4a76-8457-1b2cfc8f0011,0a6debe2-6fcc-4e7d-9548-6f7005e563ca,Ranjit Kumar,6003-1986-2625,9918982730,2007-07-20,,Partition,DD-8253-404,59593000.0,
fa6c3934-4e28-41ef-b126-a60278c95357,0a99591c-4bc3-4cf8-92bf-4e34992d4b1d,Santosh Kumar,2169-1977-3718,9951078441,1994-07-04,2019-03-30,Inheritance,DD-5352-946,0,
75bfc732-9923-4020-b034-d1f039098720,0a99591c-4bc3-4cf8-92bf-4e34992d4b1d,Revathy Nair,5982-7594-5460,9637377910,2019-03-30,,Gift,DD-5728-549,72502000.0,
89783661-4790-4bf1-b30e-ce1866797be8,34339098-48d4-4b27-aa77-eb64bd747903,Asha Bhosale,2713-3634-6403,9542000551,1988-03-12,2001-09-05,Sale,DD-8700-456,17805000.0,
89fd8766-72fa-4c07-8ef3-96b6d0fb403e,34339098-48d4-4b27-aa77-eb64bd747903,Vinod Khanna,1601-8451-2442,9437710224,2001-09-05,2022-02-17,Partition,DD-5722-778,21866000.0,
70fb9e10-aa16-4766-9907-8c0285cdfbf3,34339098-48d4-4b27-aa77-eb64bd747903,Ajay Singh,9431-1018-9889,9596043327,2022-02-17,2024-05-18,Gift,DD-6296-218,27072000.0,
aa6c94b4-d259-43df-856c-e783bf886455,34339098-48d4-4b27-aa77-eb64bd747903,Girish Kumar,9167-8242-1845,9318568997,2024-05-18,,Partition,DD-1888-292,28625000.0,
2b45e3ec-a5a3-40fe-90e1-ef90d30709d2,f4b5060e-7ecb-4383-9681-e29f8dc7115f,Sonia Verma,9327-3236-2143,9396618390,2000-09-20,2012-06-15,Court Decree,DD-3369-492,13868000.0,
ec07a629-15cb-46f5-9d7e-293c9dd58437,f4b5060e-7ecb-4383-9681-e29f8dc7115f,Ramesh Kumar Sharma,5634-5891-9022,9259553112,2012-06-15,2021-09-28,Partition,DD-6568-906,14604000.0,
e884340d-3eb2-4bf3-9d65-ea7f6b188597,f4b5060e-7ecb-4383-9681-e29f8dc7115f,Vinod Khanna,9903-7180-8460,9445505799,2021-09-28,,Partition,DD-9824-595,14429000.0,
5d4c36d8-170a-4f84-a043-5166a1e04c46,21becaee-408d-4b35-a406-e874e4239e49,Nitin Gadkari,3529-2225-8692,9939156387,1996-10-05,2001-04-20,Partition,DD-1251-839,45953000.0,
c663727f-f384-411d-8f17-f3f4683f5f1a,21becaee-408d-4b35-a406-e874e4239e49,Nitin Gadkari,2315-6383-9742,9508031980,2001-04-20,,Gift,DD-6546-738,51793000.0,
495a29c0-9b26-451e-8563-eb1a5a503f27,bb78253c-bac7-4a9f-8436-b64f2642aa95,Arun Prakash,3785-3868-2293,9754436820,1995-02-04,2009-12-17,Court Decree,DD-7751-679,26642000.0,
6b694007-03ad-42eb-80d3-8cfaf9b8d69e,bb78253c-bac7-4a9f-8436-b64f2642aa95,Santosh Kumar,4804-8555-5161,9593460064,2009-12-17,2014-05-12,Partition,DD-4945-609,32374000.0,
27082e18-82a1-477b-8941-5110af9bc0a9,bb78253c-bac7-4a9f-8436-b64f2642aa95,Sushma Swarup,9955-3588-2210,9574303740,2014-05-12,,Gift,DD-1153-923,33543000.0,
aae66032-2ed2-4158-a3d9-b150c6554f7e,a11e9eda-e73c-49ea-aee1-9d01b2890c61,Uma Shankar,4115-5106-3240,9774576271,1994-10-06,1999-10-21,Inheritance,DD-6772-324,0,
c06ff521-17d0-4afa-ac31-5779798f763b,a11e9eda-e73c-49ea-aee1-9d01b2890c61,Suresh Babu Reddy,6977-3153-2476,9416872439,1999-10-21,2001-04-19,Sale,DD-1645-416,12709000.0,
be6edf16-8ff7-4da1-9e1f-64dca2296f88,a11e9eda-e73c-49ea-aee1-9d01b2890c61,Rani Mukherjee,6994-9697-9221,9392624015,2001-04-19,,Gift,DD-7807-279,11823000.0,
aff6d815-3255-4331-9cf0-90144e7059cf,617a7086-ac9c-4238-ba0d-f77c795b7fee,Mahesh Babu,2775-4830-8724,9126870011,1993-06-29,1997-10-14,Gift,DD-7242-942,4771000.0,
62be12d2-4584-42c3-bdd9-6c15227653c8,617a7086-ac9c-4238-ba0d-f77c795b7fee,Mohammad Arif Khan,8606-5951-7689,9225279834,1997-10-14,2001-08-08,Court Decree,DD-6374-724,4478000.0,
9c4042c3-2c21-429e-8d08-d97f21d645bd,617a7086-ac9c-4238-ba0d-f77c795b7fee,Naresh Kumar,9071-2902-2592,9352114611,2001-08-08,2012-01-11,Inheritance,DD-1742-138,0,
7f52b0ae-4f54-4ffd-94a0-9aaff52cc2b4,617a7086-ac9c-4238-ba0d-f77c795b7fee,Lalitha Kumari,9850-7866-3531,9545478870,2012-01-11,,Court Decree,DD-3222-497,4619000.0,
4e5743cd-6d97-458d-b049-004808004939,b32af910-d78d-4510-9bfa-4dce62ddf693,Deepika Mehta,4362-2124-4394,9729624046,1997-11-16,2009-11-08,Sale,DD-1828-905,14736000.0,
ddd29acd-93b4-4626-85fe-722beb821011,b32af910-d78d-4510-9bfa-4dce62ddf693,Santosh Kumar,1046-5542-3370,9239577989,2009-11-08,2017-09-03,Inheritance,DD-4817-436,0,
bf05d592-9284-4e48-b62c-291820cf4d3c,b32af910-d78d-4510-9bfa-4dce62ddf693,Lalitha Kumari,1422-3159-1243,9484659715,2017-09-03,2020-04-06,Court Decree,DD-5106-917,13554000.0,
adb6ef68-e570-4f0c-9b9f-b9d5f1ce24fa,b32af910-d78d-4510-9bfa-4dce62ddf693,Arun Prakash,5347-1858-3076,9896413702,2020-04-06,,Inheritance,DD-6304-116,0,
ad881728-b443-4b70-92c8-661d7ab54467,9de1e1e1-099e-4b6a-aead-49897c4d65a4,Rohit Sharma,9984-6327-7240,9741444618,1991-12-05,2002-01-19,Sale,DD-3067-381,29073000.0,
5706b02d-99d8-4476-9f7e-6121f5d01ba5,9de1e1e1-099e-4b6a-aead-49897c4d65a4,Ranjit Kumar,2624-2874-4522,9561784080,2002-01-19,2018-07-07,Court Decree,DD-5831-564,30591000.0,
416659e6-79bd-4e62-b043-4406a81ffff8,9de1e1e1-099e-4b6a-aead-49897c4d65a4,Prakash Raj,7532-7815-2557,9435596237,2018-07-07,,Partition,DD-4743-523,30150000.0,
bad335b9-84ee-45b8-99d4-6df3280baa0f,1712986d-ddd2-4aec-a259-3d30fa380b78,Santosh Kumar,8900-4674-2773,9475932035,1988-12-26,2002-06-12,Gift,DD-2697-691,41802000.0,
45d569a6-1c1b-4056-aab2-0535fe495fd5,1712986d-ddd2-4aec-a259-3d30fa380b78,Jyoti Prasad,4705-8030-1430,9753903309,2002-06-12,2005-03-30,Court Decree,DD-7022-217,48283000.0,
97a27a69-3469-4426-905f-072ca34f45ff,1712986d-ddd2-4aec-a259-3d30fa380b78,Naresh Kumar,6567-6751-1100,9294782734,2005-03-30,,Gift,DD-1474-284,46318000.0,
cde382a5-6fb1-43b9-8a55-b1e302b5a5b2,4163b94f-4b89-491a-af2d-c09d5b14078f,Geeta Mahesh Patel,6655-8043-2816,9404133583,1998-05-08,2016-08-11,Partition,DD-5475-320,9976000.0,
218d4be8-9f1f-4d7a-afb2-ff7cb38aba15,4163b94f-4b89-491a-af2d-c09d5b14078f,Suresh Babu Reddy,4612-7475-1897,9108253947,2016-08-11,2018-08-16,Court Decree,DD-8972-639,11142000.0,
eb954a5d-ba5f-4356-a8d5-4567a13e5cf9,4163b94f-4b89-491a-af2d-c09d5b14078f,Deepika Mehta,5186-5742-6375,9228832213,2018-08-16,,Inheritance,DD-5938-316,0,
33d10065-667e-4630-afb5-fb442ceca720,42cf17b1-f659-481a-8a39-462d6b7e0467,Mahesh Babu,2443-8155-2734,9361259074,1989-03-08,2022-01-31,Court Decree,DD-8538-951,30537000.0,
198f9d8f-5351-405a-adb0-bd8a8fa73dc9,42cf17b1-f659-481a-8a39-462d6b7e0467,Naresh Kumar,6562-4630-6456,9936571442,2022-01-31,,Partition,DD-7560-636,26917000.0,
0dc04bd8-92fe-4493-8aa1-4e6fc1ff2889,d5e6d853-71a2-4b0a-9fb2-1aedc0d0504e,Naresh Kumar,5500-1920-6766,9644748834,1992-05-15,2002-12-10,Partition,DD-2118-580,64214000.0,
90c372ee-a455-47a0-9eb1-39a027bd8e2f,d5e6d853-71a2-4b0a-9fb2-1aedc0d0504e,Anita Kumari Singh,7041-5703-2257,9792205349,2002-12-10,2015-04-28,Sale,DD-6085-572,66190000.0,
fce06ed7-5596-4f1e-a4ae-6840f7036ab2,d5e6d853-71a2-4b0a-9fb2-1aedc0d0504e,Vinod Khanna,1672-8368-4084,9445236735,2015-04-28,2024-05-26,Sale,DD-9307-493,68512000.0,
702080f1-2d06-4819-8fc6-6605fc403706,d5e6d853-71a2-4b0a-9fb2-1aedc0d0504e,Anita Kumari Singh,8381-2695-6626,9866990485,2024-05-26,,Court Decree,DD-8792-613,62370000.0,
11c816a9-d31d-4422-84c9-3fa6965f8c02,2ebf135f-8f9f-4798-b660-0ea27036f782,Nitin Gadkari,7421-3112-2388,9432411019,1999-11-30,2001-03-27,Inheritance,DD-6731-417,0,
323d91c6-9d46-4206-8697-9500f3b8126d,2ebf135f-8f9f-4798-b660-0ea27036f782,Deepika Mehta,9624-2531-7937,9645985356,2001-03-27,2018-09-24,Court Decree,DD-7171-758,39398000.0,
f568be29-6133-4fca-a859-0566cb8642e3,2ebf135f-8f9f-4798-b660-0ea27036f782,Harish Chandra,6598-8967-4145,9343248743,2018-09-24,,Gift,DD-1298-471,38356000.0,
d1f7a5e8-effb-49c3-9ea0-5cc310111517,651ab6b2-cd95-4b16-8b3e-358edd838560,Divya Menon,4178-7026-8218,9595725097,1989-03-10,2004-02-06,Partition,DD-4833-646,42348000.0,
e2cb01b1-5691-444a-97fd-843de8b6e5d3,651ab6b2-cd95-4b16-8b3e-358edd838560,Rekha Nair,4271-3267-5096,9156027635,2004-02-06,2006-09-10,Gift,DD-7256-614,44931000.0,
d51ed753-e89e-4b2f-944a-27156d4f962e,651ab6b2-cd95-4b16-8b3e-358edd838560,Ganesh Patel,9452-3042-5670,9190060226,2006-09-10,2023-08-24,Partition,DD-7081-667,54983000.0,
076a18b8-c1f7-4cf3-b178-3f54a4dfb3f8,651ab6b2-cd95-4b16-8b3e-358edd838560,Nandini Reddy,3414-8167-2502,9338411494,2023-08-24,,Inheritance,DD-5469-560,0,
4eea02f8-55c7-4ef2-b184-2645c603df67,bd0b2052-5af6-4248-ab18-8589a5bf3fdf,Santosh Kumar,9991-9647-7934,9219385981,1994-06-21,2001-02-23,Sale,DD-1311-362,73048000.0,
b480dfa4-1cb9-4b7a-8b5c-5d7b68d83eff,bd0b2052-5af6-4248-ab18-8589a5bf3fdf,Ravi Shankar,7878-8489-2029,9219032752,2001-02-23,2011-06-08,Gift,DD-4893-408,65651000.0,
49c89401-0245-4854-b1f0-c978af393ede,bd0b2052-5af6-4248-ab18-8589a5bf3fdf,Jyoti Prasad,4963-3352-5772,9560891752,2011-06-08,,Partition,DD-9782-116,72399000.0,
444a22a2-ad99-499b-9bb3-396ec6a80ba6,cde4a3b8-c754-4087-b526-735da11b8d90,Dinesh Patil,3868-8612-8840,9778321204,1999-05-14,1998-02-16,Gift,DD-3185-145,15704000.0,
138f5bb4-6eda-46be-a05a-c399333910e8,cde4a3b8-c754-4087-b526-735da11b8d90,Ganesh Patel,8498-1605-5807,9316456682,1998-02-16,2002-09-10,Inheritance,DD-3209-164,0,
82223c3d-14c4-4fa0-8b61-2bc155add2ec,cde4a3b8-c754-4087-b526-735da11b8d90,Naresh Kumar,9444-7524-9897,9608309128,2002-09-10,2017-12-29,Sale,DD-4268-142,15331000.0,
c7c7af9f-69ce-452b-bdec-c4d5a75ce6ae,cde4a3b8-c754-4087-b526-735da11b8d90,Sushma Swarup,6848-1783-6438,9393364102,2017-12-29,,Gift,DD-1599-871,16998000.0,
90bc301c-5d7c-41db-a4a6-029814964ee2,1603771a-6814-455b-84be-9ec072381ac8,Seema Malhotra,1693-6776-8126,9394801573,1989-02-13,2007-08-19,Partition,DD-3730-806,44964000.0,
5904c938-2f14-4e26-b36a-ac0e91f64245,1603771a-6814-455b-84be-9ec072381ac8,Mahesh Babu,9406-3621-1510,9253308283,2007-08-19,2010-05-18,Sale,DD-2229-787,49685000.0,
932acd46-df37-4da1-9ad3-272e36b9b788,1603771a-6814-455b-84be-9ec072381ac8,Ravi Shankar,7001-6933-7272,9709074302,2010-05-18,,Court Decree,DD-8179-135,44741000.0,
a9a772e5-2760-4cc5-b9a1-2cd4448f776d,f2261160-0a4f-4ef1-8371-53d6e30d46f4,Mohammad Arif Khan,8406-3828-8292,9194264587,1988-09-06,2002-03-30,Partition,DD-4279-225,40194000.0,
bd05c3fd-c3b7-42bd-85fd-b548fef42e24,f2261160-0a4f-4ef1-8371-53d6e30d46f4,Rani Mukherjee,5757-5914-3580,9864299201,2002-03-30,2002-06-08,Gift,DD-6692-826,35209000.0,
186012ae-2fcb-4503-aa74-9cea7fdcbdfa,f2261160-0a4f-4ef1-8371-53d6e30d46f4,Kavitha Rao,2988-4292-3275,9354193540,2002-06-08,2023-03-02,Inheritance,DD-6922-620,0,
cedf5043-f665-4bb4-b444-fe5b8565b78c,f2261160-0a4f-4ef1-8371-53d6e30d46f4,Mahesh Babu,8657-3126-2412,9170596494,2023-03-02,,Partition,DD-1430-469,37730000.0,
a62bec0e-05d8-44a5-bdd7-c13fa2decf78,9959c8d5-ee83-4bf1-8ff9-927553a94f1e,Sushma Swarup,2292-5105-4216,9781887358,1997-07-27,1999-06-02,Inheritance,DD-6669-631,0,
f39fc3fd-835c-4e65-b21e-398bf5fcb2df,9959c8d5-ee83-4bf1-8ff9-927553a94f1e,Girish Kumar,9740-2530-9234,9788255012,1999-06-02,,Court Decree,DD-5496-228,23963000.0,
0eae028a-32c6-49d5-ad9e-388717f819f6,a0d06f50-0e4b-42e9-bb99-ac675d011db5,Anita Kumari Singh,3589-8202-7809,9619960692,1997-03-25,1998-09-12,Partition,DD-5873-564,26100000.0,
4a1e84b0-f05c-4c8c-a1eb-cee0a1285de0,a0d06f50-0e4b-42e9-bb99-ac675d011db5,Asha Bhosale,6231-6658-7532,9240409084,1998-09-12,2018-11-26,Partition,DD-4342-448,28519000.0,
88227e59-48bf-411f-8469-a4928e226de4,a0d06f50-0e4b-42e9-bb99-ac675d011db5,Ravi Shankar,8642-3007-5382,9582750043,2018-11-26,,Gift,DD-9437-675,25452000.0,
818f1259-537a-42fd-9cfd-c3e426111e5c,df59b83a-b654-43b1-95fa-aa732905b4c0,Nitin Gadkari,8710-5681-9793,9108780419,1988-04-26,2003-04-24,Sale,DD-5609-606,10917000.0,
eb67e089-ef89-4a2d-8488-7928d55811b6,df59b83a-b654-43b1-95fa-aa732905b4c0,Saritha Devi,6992-7606-6995,9148578655,2003-04-24,2006-10-06,Sale,DD-8060-237,13133000.0,
f1897c5a-6a00-493a-8054-9dff829199f1,df59b83a-b654-43b1-95fa-aa732905b4c0,Mahesh Babu,5728-2204-7329,9641440255,2006-10-06,2006-11-01,Partition,DD-1838-683,14114000.0,
b312c7c4-2142-4833-a081-fcd43845e971,df59b83a-b654-43b1-95fa-aa732905b4c0,Balu Mahendra,2946-3108-2584,9522950895,2006-11-01,,Partition,DD-5582-945,17581000.0,
49690c7d-dc85-4c7e-a5e5-ebabfc4a30e0,f28b1e79-3a6b-47c5-84ef-a00d0bf32eb2,Divya Menon,1272-7035-6427,9823494111,1992-08-04,1997-03-06,Court Decree,DD-9025-825,12266000.0,
5b047fd8-5f2d-42f5-b415-ca5ff903ec01,f28b1e79-3a6b-47c5-84ef-a00d0bf32eb2,Saritha Devi,1436-8775-5350,9803935444,1997-03-06,2000-05-19,Sale,DD-7824-697,11936000.0,
33f4b2c8-d700-4800-a4b2-ac0465480356,f28b1e79-3a6b-47c5-84ef-a00d0bf32eb2,Divya Menon,3793-9589-7229,9258672959,2000-05-19,2023-10-16,Court Decree,DD-4728-838,10391000.0,
a985867e-2ef5-4bf5-b1ec-0a57bd3dc788,f28b1e79-3a6b-47c5-84ef-a00d0bf32eb2,Revathy Nair,2800-4125-1310,9573561557,2023-10-16,,Inheritance,DD-1517-686,0,
e87b9925-537d-4de9-864f-284468011cf0,3929a0d8-c0cc-4bc0-8049-354639e2d676,Naresh Kumar,4684-5876-5735,9856881618,1997-07-28,1999-04-27,Inheritance,DD-5571-671,0,
ab1676f5-0d48-4686-aba3-297519a9a08a,3929a0d8-c0cc-4bc0-8049-354639e2d676,Divya Menon,6714-5480-5715,9230861323,1999-04-27,2011-11-25,Inheritance,DD-9011-424,0,
66477e07-f0ae-49a1-897f-88681ba13e97,3929a0d8-c0cc-4bc0-8049-354639e2d676,Ajay Singh,6654-3399-5758,9145168545,2011-11-25,2015-06-25,Court Decree,DD-9899-488,85473000.0,
720b6e9a-770c-474c-a302-c9d810c5e7d6,3929a0d8-c0cc-4bc0-8049-354639e2d676,Nitin Gadkari,5201-8849-4505,9316968866,2015-06-25,,Gift,DD-2294-454,104243000.0,
be5a8c5c-9488-45f0-9510-fe4dea42e26d,3861266d-ffef-4a27-914f-0fe9aa27cc4a,Lakshmi Venkatesh,4804-9767-1611,9287974375,1990-07-11,2005-06-21,Gift,DD-6262-392,81626000.0,
96148f9b-305f-419a-8d3b-cd1ea8ff742a,3861266d-ffef-4a27-914f-0fe9aa27cc4a,Ajay Singh,9116-4052-5742,9140229006,2005-06-21,2024-01-16,Partition,DD-3880-137,101940000.0,
7b7db1dc-a33e-4a5d-b527-7c07d99def93,3861266d-ffef-4a27-914f-0fe9aa27cc4a,Dinesh Patil,5662-8444-9901,9662982736,2024-01-16,,Sale,DD-5888-681,111228000.0,
40f5cbcc-bf08-4072-b463-a448fae04787,eb60111d-e4f5-4e66-a41a-2451137689fc,Sridevi Kapoor,4858-8319-5374,9453932473,1987-01-19,2017-03-23,Inheritance,DD-1111-367,0,
9a0a95dc-1c33-4769-afd1-f37fdfe8f2ac,eb60111d-e4f5-4e66-a41a-2451137689fc,Revathy Nair,4871-2017-2936,9599714064,2017-03-23,,Gift,DD-1187-367,63319000.0,
891f1aa1-6ac4-4d39-a2c7-8a5f0e0e5df8,5be0a720-d12b-49c1-9a6d-6180ae2c8d93,Vinod Khanna,9281-4312-9792,9260902774,1993-08-05,2006-04-18,Gift,DD-2279-677,51378000.0,
3073cda4-98f1-4f5b-8bd0-e2fc816459f7,5be0a720-d12b-49c1-9a6d-6180ae2c8d93,Sunil Shetty,8239-2904-4365,9869784803,2006-04-18,2017-05-07,Inheritance,DD-6375-974,0,
5c402920-9b73-44eb-a3e3-12200d3e5f37,5be0a720-d12b-49c1-9a6d-6180ae2c8d93,Seema Malhotra,1911-8429-3161,9651095672,2017-05-07,2017-05-19,Court Decree,DD-9008-193,62145000.0,
6482dfc2-a8fd-4169-a19f-c71ce9b9887f,5be0a720-d12b-49c1-9a6d-6180ae2c8d93,Prakash Raj,6049-1356-7487,9373221357,2017-05-19,,Partition,DD-8484-677,54258000.0,
e602669a-72d9-42d0-9e44-6ac64a4a2ff0,cdcd4e77-b26b-4d74-9bf0-61d4057a9492,Deepika Mehta,4648-1056-1372,9420364823,1999-08-09,1998-05-21,Sale,DD-3924-650,81471000.0,
db720577-11bc-4e64-b576-c263c8c75b1c,cdcd4e77-b26b-4d74-9bf0-61d4057a9492,Kavitha Rao,5055-8546-6671,9266560311,1998-05-21,2002-12-22,Partition,DD-9920-534,86585000.0,
c6710392-35af-4060-b459-44d92d58221d,cdcd4e77-b26b-4d74-9bf0-61d4057a9492,Geeta Mahesh Patel,1527-7868-1256,9358413465,2002-12-22,2019-11-12,Gift,DD-4088-996,98708000.0,
47b40486-6b21-4a84-baf3-a78820c386ba,cdcd4e77-b26b-4d74-9bf0-61d4057a9492,Sonia Verma,1550-8314-1797,9362781292,2019-11-12,,Inheritance,DD-2102-203,0,
a206ff1f-7c6d-470d-81b1-188e67db23e8,eaea3d7b-8f36-4be0-9a42-011367abb701,Nitin Gadkari,7244-9592-6222,9847655456,1990-04-12,2000-12-13,Court Decree,DD-9120-148,48059000.0,
f99e38d9-267e-459c-9bc6-a5fb609d617d,eaea3d7b-8f36-4be0-9a42-011367abb701,Arun Prakash,9813-8758-4948,9341961866,2000-12-13,2014-11-11,Partition,DD-7688-252,46615000.0,
170be16d-5d1c-4c04-9fb2-006c67e1a735,eaea3d7b-8f36-4be0-9a42-011367abb701,Anita Kumari Singh,7761-7824-9683,9243980993,2014-11-11,2019-08-25,Gift,DD-3365-925,48256000.0,
6a77d267-9773-44ee-a264-28ddef99f4b6,eaea3d7b-8f36-4be0-9a42-011367abb701,Nitin Gadkari,2295-8369-7079,9199282456,2019-08-25,,Partition,DD-4978-361,44942000.0,
496a4741-fe28-4c88-9c89-864324cc8597,905cd121-642b-482e-8c38-c7676fa11301,Vinod Khanna,6269-5637-7236,9600632621,1999-06-20,2023-09-07,Inheritance,DD-7498-345,0,
6dedde21-c27a-447d-98b6-9fc3c1b95975,905cd121-642b-482e-8c38-c7676fa11301,Nandini Reddy,9147-8635-2615,9962017778,2023-09-07,,Court Decree,DD-6886-415,172970000.0,
03588f31-92b3-45db-91fc-10cc12da26b7,576dcea8-d711-4efd-84ec-7e9ffa52c860,Pooja Sharma,3773-3293-9954,9624325659,1995-04-24,2002-04-20,Partition,DD-9037-571,58232000.0,
89c83c63-d966-4340-8cf5-37901fc7871b,576dcea8-d711-4efd-84ec-7e9ffa52c860,Anita Kumari Singh,9584-1554-2217,9978316418,2002-04-20,2007-09-24,Inheritance,DD-9882-757,0,
2593d4cd-b081-4d36-b686-9c51b5b40843,576dcea8-d711-4efd-84ec-7e9ffa52c860,Uma Shankar,4791-2113-3474,9109815572,2007-09-24,,Sale,DD-1104-522,52700000.0,
714583d8-57f0-4085-a2d5-73825be7a2a3,2771bc89-6079-40c8-b635-161f75eafc10,Ajay Singh,2294-7112-7652,9592845076,1999-03-04,2005-06-21,Court Decree,DD-5135-934,18578000.0,
0f8de0df-2dd8-463c-96a9-5508a987d702,2771bc89-6079-40c8-b635-161f75eafc10,Balu Mahendra,2320-1519-2531,9535164258,2005-06-21,,Court Decree,DD-4984-813,17470000.0,
8c0454a6-1c42-4f0d-88c2-4496142bddf1,5883f96b-bab7-491a-977e-f572037a6304,Ganesh Patel,7525-2260-5903,9274429624,1989-03-21,2005-01-17,Gift,DD-1256-312,31124000.0,
c922a264-43fd-49f3-bad9-14d5252ea27a,5883f96b-bab7-491a-977e-f572037a6304,Sridevi Kapoor,9856-6435-7288,9911329267,2005-01-17,,Court Decree,DD-4939-680,36846000.0,
54588db5-25fc-420d-b4a1-87c6ce585e37,0ef3dae2-9322-400f-aefe-a067c0d89fa5,Rajesh Gupta,3526-7225-3527,9894198823,1987-01-17,2010-06-22,Gift,DD-5037-830,48208000.0,
86618f7e-d547-4f71-8437-25654b8cf619,0ef3dae2-9322-400f-aefe-a067c0d89fa5,Ramesh Kumar Sharma,6050-8286-6896,9917489574,2010-06-22,,Partition,DD-6188-469,43031000.0,
ae90e32c-745d-40a0-a6ae-706fcbdb875e,058c9f5b-0607-4ea9-9b13-c4dc85dcde9a,Rekha Nair,8121-5521-7899,9421856529,1991-11-22,2018-07-07,Gift,DD-5397-604,23879000.0,
84f64cc9-955d-4019-8d7a-e471dc1a615c,058c9f5b-0607-4ea9-9b13-c4dc85dcde9a,Ravi Shankar,9123-4203-8501,9214860711,2018-07-07,,Partition,DD-2260-469,22701000.0,
128958c2-3e50-4308-be5d-f27ca44d6023,d522c026-cb90-4b34-92a8-b6fa72ad12d5,Ajay Singh,6980-2865-4273,9735898931,2000-04-28,2001-02-13,Gift,DD-7161-387,168662000.0,
850e006d-d704-46dc-ab7a-aff3659d1ec2,d522c026-cb90-4b34-92a8-b6fa72ad12d5,Priya Devi Nair,8563-4434-8183,9956508307,2001-02-13,2014-05-29,Court Decree,DD-3947-798,195150000.0,
73774971-4451-46d2-9018-bd023710166f,d522c026-cb90-4b34-92a8-b6fa72ad12d5,Smita Patil,9180-3280-5961,9359868249,2014-05-29,2016-06-21,Gift,DD-2133-938,232056000.0,
f34e53a1-5193-4eb9-96c5-095241b0897c,d522c026-cb90-4b34-92a8-b6fa72ad12d5,Sridevi Kapoor,2211-8357-8851,9725179752,2016-06-21,,Gift,DD-3525-832,236523000.0,
9bde4fe2-a13f-4c82-960e-846b9202a31a,8426c86e-6473-40b9-8df9-43c61ecc08a7,Sunil Shetty,4621-8303-7129,9519977113,1992-12-28,2014-08-05,Sale,DD-5239-327,68704000.0,
6ca39c5e-7ae6-4da6-a844-dced22d6eb29,8426c86e-6473-40b9-8df9-43c61ecc08a7,Priya Devi Nair,8909-2712-5840,9546650213,2014-08-05,2016-07-07,Partition,DD-9199-254,67879000.0,
c4a0a9a7-8261-4efa-8362-2fe399019ead,8426c86e-6473-40b9-8df9-43c61ecc08a7,Santosh Kumar,6707-6110-6620,9588909690,2016-07-07,,Sale,DD-2901-951,83238000.0,
4cd3c54a-5be5-4e73-b632-e04e97e7c15c,34db1e82-5061-471c-9eac-6aa1008f49c3,Sunita Verma,8365-8037-7370,9104778194,1988-12-05,2004-06-15,Partition,DD-7481-129,11223000.0,
04d7b7a3-f15f-47b9-b4c1-9bc52ea17030,34db1e82-5061-471c-9eac-6aa1008f49c3,Ganesh Patel,2025-2667-9796,9300746596,2004-06-15,2006-06-23,Inheritance,DD-4371-385,0,
28b6a063-aa62-4358-93b7-5478d93fb24c,34db1e82-5061-471c-9eac-6aa1008f49c3,Meena Devi,9019-9646-6134,9740992546,2006-06-23,2012-05-01,Gift,DD-6340-301,11594000.0,
867ce7fa-f384-4e0c-bd7d-00d708de4221,34db1e82-5061-471c-9eac-6aa1008f49c3,Pooja Sharma,8501-3826-5873,9759797724,2012-05-01,,Partition,DD-7431-701,10385000.0,
68b62db9-2a62-420d-bfcb-72b18d43983e,2d077d30-3b2c-4ba6-8dfb-69cc78932822,Nandini Reddy,9109-7703-9056,9546279777,1989-06-29,2018-11-30,Inheritance,DD-7290-675,0,
0fed6840-f576-4c6c-be3b-475e32eff16e,2d077d30-3b2c-4ba6-8dfb-69cc78932822,Priya Devi Nair,4613-5785-1535,9395121074,2018-11-30,,Partition,DD-9006-271,35528000.0,
e88c9bfe-14f5-4ef0-926a-c51ecfe1b09b,0b4cc539-d112-41be-bc7d-348abf10258e,Ravi Shankar,4438-6744-8015,9278221407,1987-06-11,2002-06-25,Sale,DD-8193-986,12916000.0,
d307a51e-07d3-4345-b9b7-b22b776e39b0,0b4cc539-d112-41be-bc7d-348abf10258e,Harish Chandra,1972-6747-9720,9401812742,2002-06-25,2004-03-12,Court Decree,DD-3281-903,12046000.0,
c34fe403-f7e8-4eed-8321-9a6e34e48994,0b4cc539-d112-41be-bc7d-348abf10258e,Ganesh Patel,5794-5740-5380,9652348887,2004-03-12,,Court Decree,DD-9827-272,11799000.0,
d4e3cc52-9a44-4d41-952d-2ad954276888,f5fa6b0b-e6d8-4e64-81ff-b5b0582aabbc,Asha Bhosale,1040-2526-8511,9781654847,1996-10-31,1996-11-02,Gift,DD-7046-565,23345000.0,
4d46f191-b042-422e-8e68-37a0cb1ce396,f5fa6b0b-e6d8-4e64-81ff-b5b0582aabbc,Harish Chandra,8039-4470-9105,9388339233,1996-11-02,2009-07-03,Gift,DD-2037-914,24834000.0,
53e4b8ec-8229-4462-bfe3-91b515f276eb,f5fa6b0b-e6d8-4e64-81ff-b5b0582aabbc,Deepika Mehta,8951-6631-1793,9149330844,2009-07-03,,Gift,DD-5646-445,26546000.0,
7e078e81-d9ef-4ca7-9ca1-9d098450f5de,08e179ab-4f78-4317-a9ed-01fd8b036edb,Lakshmi Venkatesh,2559-1017-4496,9611967311,1994-08-20,2001-11-15,Inheritance,DD-8032-771,0,
5abc7098-c647-45ce-8249-9ef836c76068,08e179ab-4f78-4317-a9ed-01fd8b036edb,Balu Mahendra,8291-1152-1132,9846891707,2001-11-15,2004-01-07,Sale,DD-3174-707,5238000.0,
76b824ad-7c39-490f-b110-b40009b0c905,08e179ab-4f78-4317-a9ed-01fd8b036edb,Deepika Mehta,8826-2160-4751,9511318205,2004-01-07,2011-12-23,Gift,DD-2975-980,5337000.0,
01ccb348-d7b2-4cd3-98a0-b93858a8cda6,08e179ab-4f78-4317-a9ed-01fd8b036edb,Naresh Kumar,3246-7270-3181,9788887139,2011-12-23,,Sale,DD-2678-205,5205000.0,
3dc6371c-4aa3-48e6-a67b-2f864448787d,64e4c7d4-a431-4000-a4bd-586a6cd79c3d,Revathy Nair,1439-5942-4366,9655928892,1994-12-05,2007-08-19,Inheritance,DD-5668-897,0,
ba1995c6-4ce5-45cf-8bea-4162770d4e67,64e4c7d4-a431-4000-a4bd-586a6cd79c3d,Sushma Swarup,1894-4921-9108,9514341484,2007-08-19,2012-03-20,Court Decree,DD-9348-293,131572000.0,
1db590ad-c07b-49a2-9f98-b6ac22fddd2c,64e4c7d4-a431-4000-a4bd-586a6cd79c3d,Mohammad Arif Khan,9655-1197-6916,9439809925,2012-03-20,,Sale,DD-4949-611,145418000.0,
856c52d5-1feb-48f5-ad78-e70b88226ef2,827caaa5-7d28-4d60-a622-dd006f3f0def,Santosh Kumar,9788-6353-7401,9729682105,1995-07-06,1998-11-02,Sale,DD-9377-308,70542000.0,
263aca62-8c00-4e20-9655-7de52f2ea9a1,827caaa5-7d28-4d60-a622-dd006f3f0def,Ravi Shankar,1948-5005-2412,9566523205,1998-11-02,2006-06-20,Sale,DD-6081-815,72305000.0,
cfd81803-85e1-4cf6-8f89-ee10289c96ee,827caaa5-7d28-4d60-a622-dd006f3f0def,Naresh Kumar,3877-2956-1207,9860102491,2006-06-20,,Sale,DD-8428-726,79068000.0,
7676f690-8c8c-487b-90be-421b8c242f16,6fe2e902-05f5-43c8-83ff-2a2b96d833b5,Mahesh Babu,3577-5179-2685,9716233644,1991-10-03,2002-04-25,Sale,DD-9185-979,3215000.0,
715391e4-3958-4af6-ac3f-7263909a748c,6fe2e902-05f5-43c8-83ff-2a2b96d833b5,Suresh Babu Reddy,1201-5006-1753,9606553372,2002-04-25,2011-04-30,Sale,DD-4742-858,3387000.0,
1c2dd5fd-3eb5-45c0-a718-89b6b3d899c8,6fe2e902-05f5-43c8-83ff-2a2b96d833b5,Suresh Babu Reddy,7870-4678-6272,9366570563,2011-04-30,,Gift,DD-7274-253,3121000.0,
201f1fb5-215f-417a-bf98-843e62684ddb,e3fb2ce1-d064-4564-baa2-ae5375bc76f9,Sunita Verma,9954-5016-3466,9106848195,1991-05-11,1998-06-04,Partition,DD-7033-705,939000.0,
e0189227-19d1-4290-b2d8-21984b8762a8,e3fb2ce1-d064-4564-baa2-ae5375bc76f9,Uma Shankar,1157-6488-1023,9914893975,1998-06-04,1998-10-06,Partition,DD-1391-338,1002000.0,
8a73d3a1-9848-42e4-bc07-3ed73ea7de39,e3fb2ce1-d064-4564-baa2-ae5375bc76f9,Ravi Shankar,7878-9061-1981,9252872361,1998-10-06,2019-03-09,Partition,DD-6038-206,934000.0,
f7e55ff6-c55e-4520-af4e-42f09dccbad2,e3fb2ce1-d064-4564-baa2-ae5375bc76f9,Sunil Shetty,7767-7102-8511,9903050869,2019-03-09,,Gift,DD-2524-144,1138000.0,
4386ecf2-714c-449f-8572-16f9b49318a2,1148bd15-4781-456d-8719-a7ebb08d1bfd,Rani Mukherjee,6870-4401-8404,9431042889,1989-07-16,2015-09-29,Partition,DD-8635-421,1204000.0,
c75892ee-d741-483f-8d8a-8bdb06230bb1,1148bd15-4781-456d-8719-a7ebb08d1bfd,Rekha Nair,5984-1660-4522,9997567367,2015-09-29,,Partition,DD-5341-972,1081000.0,
9b576452-a18e-428b-a832-d5e5ae2d54f3,9801e0cf-5646-4a52-96f5-d0e9a7864bad,Mohammad Arif Khan,4239-8265-3110,9198761306,1989-03-07,1999-03-31,Sale,DD-5240-932,538000.0,
6ca15986-6751-48b3-ba39-a3b13f9e8c09,9801e0cf-5646-4a52-96f5-d0e9a7864bad,Anita Kumari Singh,3752-8096-7471,9632711663,1999-03-31,2003-09-27,Gift,DD-3007-143,660000.0,
a3e998f1-b8ee-4ff1-a194-7644e4177459,9801e0cf-5646-4a52-96f5-d0e9a7864bad,Pooja Sharma,4517-4066-5505,9400491536,2003-09-27,,Sale,DD-7270-799,674000.0,
94861570-af85-4bd8-bfbd-94bcbbbb2cbc,35de8faf-af3b-4ce7-ae7e-12d50d687fdb,Rajesh Gupta,1959-8728-9674,9483790644,1993-07-31,2017-11-29,Sale,DD-6224-711,2573000.0,
74acf9ff-188e-453c-be64-434cd26ef167,35de8faf-af3b-4ce7-ae7e-12d50d687fdb,Lalitha Kumari,4951-5366-9743,9976479512,2017-11-29,2022-02-24,Court Decree,DD-4813-263,2290000.0,
3a584db3-946a-4c43-ab52-6c76af48fbc2,35de8faf-af3b-4ce7-ae7e-12d50d687fdb,Sridevi Kapoor,6813-3846-3885,9353994846,2022-02-24,,Sale,DD-4594-689,2722000.0,
fdf6241f-5988-4872-a1c4-ed6568c9a54b,a586f05d-5916-4374-8b10-f34b9fa66195,Ganesh Patel,3907-6301-1975,9123528797,1990-07-20,2000-03-26,Inheritance,DD-3137-448,0,
b77729ce-f5a7-4c71-8bae-60db86e0da1f,a586f05d-5916-4374-8b10-f34b9fa66195,Geeta Mahesh Patel,9622-6978-2188,9501140044,2000-03-26,2007-09-07,Inheritance,DD-3320-892,0,
34ad9005-e1a5-4e3c-9f15-b6ec4de8cffd,a586f05d-5916-4374-8b10-f34b9fa66195,Deepika Mehta,3580-8157-8982,9797052007,2007-09-07,,Partition,DD-2655-444,977000.0,
626a91d0-0870-4e1b-8554-2a4e54a877cf,4c2df269-b00c-426d-abd0-f24200b1e893,Rekha Nair,2453-6500-8317,9112235959,1994-12-17,2009-07-07,Sale,DD-4899-455,1340000.0,
05affcbb-d0e7-4887-96d7-887eaf537f68,4c2df269-b00c-426d-abd0-f24200b1e893,Pooja Sharma,5205-2770-1020,9151697938,2009-07-07,2015-08-09,Gift,DD-4435-355,1511000.0,
781a2abb-fe2a-4c84-8dad-e5f2314c59d4,4c2df269-b00c-426d-abd0-f24200b1e893,Rekha Nair,7783-9078-7204,9477131597,2015-08-09,,Partition,DD-8179-850,1538000.0,
3fe1b81d-479d-4fda-9f1b-f2a82d189eb6,657aa389-a522-44b3-94b4-bd56d9b19a6f,Anita Kumari Singh,2659-6424-4367,9303994042,1995-05-21,2014-12-06,Inheritance,DD-8113-260,0,
8a1ee349-bb29-4041-b4e2-5090cb3e30f2,657aa389-a522-44b3-94b4-bd56d9b19a6f,Naresh Kumar,4891-2571-1813,9521875543,2014-12-06,2015-07-07,Partition,DD-9849-371,1927000.0,
a65a8d41-0183-4322-a738-0a7d94908f6b,657aa389-a522-44b3-94b4-bd56d9b19a6f,Ramesh Kumar Sharma,8005-2435-5825,9984652998,2015-07-07,2018-06-24,Court Decree,DD-9043-257,1680000.0,
b11d15ae-2855-4fee-9796-b628e46b5928,657aa389-a522-44b3-94b4-bd56d9b19a6f,Harish Chandra,3798-5781-2342,9608492614,2018-06-24,,Court Decree,DD-8869-304,1493000.0,
c9d11e6d-e9df-48b4-9922-88bad2867826,dfcb50fc-ea73-4ac8-b59f-de4a45938f88,Sridevi Kapoor,9561-7858-9773,9837733572,1996-06-28,2014-04-02,Court Decree,DD-4727-666,556000.0,
fbadae5e-f56c-4f7d-bd0a-7a626247bb7d,dfcb50fc-ea73-4ac8-b59f-de4a45938f88,Ajay Singh,1568-9226-9467,9959477004,2014-04-02,2021-01-23,Partition,DD-4860-587,539000.0,
c2178e9e-cddd-4777-a169-39f030f49b61,dfcb50fc-ea73-4ac8-b59f-de4a45938f88,Seema Malhotra,3832-3738-4471,9968078090,2021-01-23,2023-03-26,Court Decree,DD-3415-223,663000.0,
bceffbee-3a84-4aaa-8bdd-8aa57438e257,dfcb50fc-ea73-4ac8-b59f-de4a45938f88,Ranjit Kumar,2283-8133-4308,9983221403,2023-03-26,,Inheritance,DD-3067-143,0,
d8cff282-fb1b-43f5-93e9-246ed2c9eccb,74ccd7b0-1470-40c6-afe7-29119d47b4b7,Meena Devi,7275-8955-8750,9140228456,1995-02-12,2002-08-09,Gift,DD-9775-452,2348000.0,
5d55ae87-ca55-446b-acfc-82fe8eb003a8,74ccd7b0-1470-40c6-afe7-29119d47b4b7,Santosh Kumar,7581-1635-7484,9455939049,2002-08-09,2010-01-24,Inheritance,DD-5512-512,0,
c5ea78c0-71ce-4f16-9876-0a00f4603686,74ccd7b0-1470-40c6-afe7-29119d47b4b7,Divya Menon,5400-7102-1331,9462780939,2010-01-24,2013-01-30,Inheritance,DD-1807-863,0,
d6a05fd6-66f2-40af-a2ab-fc70f96add86,74ccd7b0-1470-40c6-afe7-29119d47b4b7,Revathy Nair,2609-4734-3201,9422638422,2013-01-30,,Gift,DD-6094-387,2787000.0,
59512506-f2db-4912-87cc-ae540771e4dc,047854ef-b53b-4681-8784-423050862fd3,Suresh Babu Reddy,8478-1828-6904,9856594938,1999-02-07,2016-05-01,Inheritance,DD-1944-355,0,
56ecf06e-5fc7-404d-9af0-bfed1aaa19c4,047854ef-b53b-4681-8784-423050862fd3,Prakash Raj,9275-7503-3029,9831405402,2016-05-01,,Inheritance,DD-5488-477,0,
9a594638-f17c-44ba-9389-eb2e47840606,c7b8bfb9-48cd-4be3-9661-d2a413a2ccae,Ramesh Kumar Sharma,4666-5135-6004,9865299271,1990-04-19,2001-06-04,Inheritance,DD-3837-715,0,
c6f57ccc-de60-420d-9bb7-800e266a2449,c7b8bfb9-48cd-4be3-9661-d2a413a2ccae,Prakash Raj,5128-4575-8646,9424425818,2001-06-04,2004-11-01,Gift,DD-7943-485,1745000.0,
e0f2a7fe-60dc-4c60-89e1-ea1ae65bfe22,c7b8bfb9-48cd-4be3-9661-d2a413a2ccae,Nandini Reddy,7131-5631-5890,9834883010,2004-11-01,2022-09-10,Court Decree,DD-7506-698,1555000.0,
f3cac2ec-a6b9-4051-bf2b-bfb2e05f3b67,c7b8bfb9-48cd-4be3-9661-d2a413a2ccae,Rajesh Gupta,6327-5536-5278,9804503060,2022-09-10,,Sale,DD-8892-165,1531000.0,
017ec327-fc15-478a-83a4-6ee63277dd50,6ecd01a2-88f9-4cfd-bfef-a638e5753d87,Divya Menon,6873-9311-5918,9282521788,1998-11-04,2014-10-09,Inheritance,DD-9759-753,0,
afb64094-ffa9-43f8-b0b2-3aa064d6f9f8,6ecd01a2-88f9-4cfd-bfef-a638e5753d87,Deepika Mehta,5237-3999-6499,9802693852,2014-10-09,2016-12-26,Court Decree,DD-3967-400,2265000.0,
10a4d94d-c8ca-45ea-a85b-5b98a3443b7e,6ecd01a2-88f9-4cfd-bfef-a638e5753d87,Naresh Kumar,7889-6428-7089,9379773344,2016-12-26,,Sale,DD-4641-463,2128000.0,
d9a2569a-c5fb-462d-8b45-7893d3f60d59,2f119666-b0c2-4a9c-b552-006ed465b324,Arun Prakash,6134-1950-1077,9585388459,1987-07-11,2001-11-06,Sale,DD-8988-440,1471000.0,
53ff4d5f-bf6b-4060-8b19-ca261f90ec37,2f119666-b0c2-4a9c-b552-006ed465b324,Jyoti Prasad,3595-9021-2442,9238948590,2001-11-06,2020-08-19,Gift,DD-4430-879,1706000.0,
1d61e626-006a-48cc-96c9-9da43b251865,2f119666-b0c2-4a9c-b552-006ed465b324,Ranjit Kumar,8821-7280-1076,9140507249,2020-08-19,2023-10-04,Court Decree,DD-8105-748,1743000.0,
cc358a08-6dec-41da-8080-21da006e4fda,2f119666-b0c2-4a9c-b552-006ed465b324,Ramesh Kumar Sharma,6279-9700-4122,9119237294,2023-10-04,,Court Decree,DD-4267-848,1742000.0,
400671df-7c56-41ad-84b9-04ac36b6e669,9b49e539-a172-4ccc-9345-4d2018affb4b,Priya Devi Nair,9267-3768-3017,9493624575,1987-03-11,2004-02-29,Inheritance,DD-4460-851,0,
4aaf583d-6e5e-40ef-86c3-a335a28ee72b,9b49e539-a172-4ccc-9345-4d2018affb4b,Rani Mukherjee,1796-1785-2771,9801762883,2004-02-29,,Sale,DD-7147-997,1745000.0,
45b7f7b1-f54b-4397-a6a8-b46fa10f7f83,b004221a-f2bb-4d59-aa74-a834c025a728,Smita Patil,5839-3627-1645,9688559516,1995-05-14,1998-05-03,Gift,DD-9571-306,4424000.0,
79b03f28-0b9d-458f-a4bc-5e6f5d5f80e9,b004221a-f2bb-4d59-aa74-a834c025a728,Dinesh Patil,4842-1044-1208,9821160591,1998-05-03,2007-07-15,Partition,DD-4402-804,5412000.0,
c807dd9f-94fa-4978-b582-30693d318492,b004221a-f2bb-4d59-aa74-a834c025a728,Anil Kapoor,3443-2475-9383,9180582403,2007-07-15,2012-05-13,Sale,DD-2809-955,5843000.0,
a7254131-5be3-4b10-b5ba-1c2158915b70,b004221a-f2bb-4d59-aa74-a834c025a728,Sushma Swarup,5327-8606-1820,9207169001,2012-05-13,,Sale,DD-5192-759,5507000.0,
fe2b6057-8633-4b0f-9fc4-357f3cf82397,58e2564e-f614-4601-8a68-a2dc0fd014e5,Rekha Nair,2852-3171-1960,9271149511,1997-12-30,2018-09-23,Partition,DD-7909-764,11905000.0,
02ccded2-848c-487b-862c-1ff0ec785d19,58e2564e-f614-4601-8a68-a2dc0fd014e5,Jyoti Prasad,8178-3969-7221,9936621291,2018-09-23,2018-11-02,Sale,DD-7816-704,12418000.0,
3d0b0265-89d9-4ea3-a63c-efa36284b13b,58e2564e-f614-4601-8a68-a2dc0fd014e5,Saritha Devi,3140-8914-8997,9221265692,2018-11-02,,Gift,DD-1472-983,13955000.0,
ad0b2166-ffe7-4a90-89a7-0c9be5f596f0,1ea19b34-8411-4f51-aaf4-864bf32b69ec,Divya Menon,9123-3709-2226,9906841821,1988-08-08,2008-07-10,Inheritance,DD-9283-969,0,
54db92da-fc25-4888-bb48-4cca255e9179,1ea19b34-8411-4f51-aaf4-864bf32b69ec,Rajesh Gupta,1824-9305-4648,9691090113,2008-07-10,,Partition,DD-6253-346,14572000.0,
3fec74f7-7864-49d4-a498-a67ceaf7496b,4d684991-14cd-4182-9873-dcddc5a13a6c,Vinod Khanna,8751-6952-8414,9222431652,1997-12-23,2000-05-26,Sale,DD-4652-964,20824000.0,
e09a59e6-4554-4ad9-b76c-836093f0310b,4d684991-14cd-4182-9873-dcddc5a13a6c,Uma Shankar,5783-9973-9552,9501461715,2000-05-26,2018-10-24,Sale,DD-4633-102,20544000.0,
50b473bd-21ce-4a8f-8cd1-c1791be017d4,4d684991-14cd-4182-9873-dcddc5a13a6c,Ganesh Patel,7704-2752-5166,9755897094,2018-10-24,,Sale,DD-1750-268,21509000.0,
95cb0010-abed-46c5-9dff-d4b8a252a079,e60956c3-fc41-4598-b0fd-29d76e48ce06,Deepika Mehta,2696-7347-6273,9641284117,2000-05-18,1999-01-10,Inheritance,DD-3845-848,0,
ed22a08e-40e9-400d-ac94-2e58745a16b1,e60956c3-fc41-4598-b0fd-29d76e48ce06,Ravi Shankar,5482-7518-6617,9415866432,1999-01-10,2014-02-15,Partition,DD-7859-723,2436000.0,
7a4fa958-c044-4266-a797-8726b325a3e3,e60956c3-fc41-4598-b0fd-29d76e48ce06,Revathy Nair,9393-5897-9975,9437059145,2014-02-15,2022-07-11,Partition,DD-3185-241,2473000.0,
dfbbcad7-1dec-4dea-8b13-78c74238caa4,e60956c3-fc41-4598-b0fd-29d76e48ce06,Ganesh Patel,5760-6657-3173,9862782374,2022-07-11,,Court Decree,DD-4560-305,2309000.0,
f67ce588-7f5c-441a-8148-e32f8a2fd714,09a61b38-dacc-49f6-9c4f-e6e4fae21734,Meena Devi,3399-2016-5835,9319044298,1989-04-17,2006-08-12,Inheritance,DD-5695-799,0,
ec2f1769-7248-440b-adc8-32fcab422e9e,09a61b38-dacc-49f6-9c4f-e6e4fae21734,Vijay Prakash Rao,4675-7371-4892,9648598641,2006-08-12,2015-08-04,Court Decree,DD-1529-467,21815000.0,
ae17fe4b-48ab-4bbf-b579-ae7c33c82c09,09a61b38-dacc-49f6-9c4f-e6e4fae21734,Balu Mahendra,6122-1881-1212,9898509546,2015-08-04,,Gift,DD-1769-490,21925000.0,
a0bc138e-1e76-44ba-b8be-97c27197e22e,575ae00e-87ad-4407-9bc9-6e3e420e3436,Meena Devi,1092-6415-8640,9862023079,1993-06-06,2014-01-10,Inheritance,DD-3636-698,0,
b7d4e812-7e5d-4593-b3e5-c6536ca81b7e,575ae00e-87ad-4407-9bc9-6e3e420e3436,Asha Bhosale,1833-5934-9037,9948157453,2014-01-10,2020-04-25,Inheritance,DD-1654-257,0,
aa0fa192-87bc-4c2c-88bc-ac3414b7dcaf,575ae00e-87ad-4407-9bc9-6e3e420e3436,Asha Bhosale,9608-4603-4012,9658996745,2020-04-25,,Court Decree,DD-6866-174,5325000.0,
8df22723-7684-44f6-8a96-89656920a86e,8e3be749-bca6-4cb0-b8e8-f8c4f1fa9135,Saritha Devi,5633-1404-9468,9982732880,1995-11-15,1999-09-26,Partition,DD-2857-495,4861000.0,
58f90ef7-ac3a-441c-b414-51be787f323a,8e3be749-bca6-4cb0-b8e8-f8c4f1fa9135,Anil Kapoor,1718-5856-4154,9443933202,1999-09-26,2001-06-06,Gift,DD-9426-922,5121000.0,
3238c4fb-934d-4ad8-bd81-4b94ecfb4b1a,8e3be749-bca6-4cb0-b8e8-f8c4f1fa9135,Rani Mukherjee,9736-1120-2072,9326324885,2001-06-06,2010-08-19,Court Decree,DD-2349-198,4696000.0,
57f0b88c-159f-4d53-a0b8-41b46887fc67,8e3be749-bca6-4cb0-b8e8-f8c4f1fa9135,Vijay Prakash Rao,4368-9810-8130,9794239754,2010-08-19,,Inheritance,DD-7950-955,0,
524b9702-4ea0-457a-a125-8e2543db5465,52173862-770d-4a2f-aa7a-9a7ef227897a,Balu Mahendra,5937-2417-5612,9921706952,1987-05-04,2007-01-18,Sale,DD-6860-614,1672000.0,
a055a514-5259-4a02-9126-a63a926c7c93,52173862-770d-4a2f-aa7a-9a7ef227897a,Priya Devi Nair,8765-3561-9740,9336079027,2007-01-18,2016-08-09,Partition,DD-7249-504,1971000.0,
8df8a480-314a-45c4-8ec3-7aed9e8c1c68,52173862-770d-4a2f-aa7a-9a7ef227897a,Rani Mukherjee,5832-3360-5883,9827233573,2016-08-09,2020-10-01,Inheritance,DD-7406-915,0,
c07e1e77-5934-4e3f-a8ed-b82b3466e0fe,52173862-770d-4a2f-aa7a-9a7ef227897a,Santosh Kumar,3019-1684-1082,9714951911,2020-10-01,,Gift,DD-1182-666,2365000.0,
7f338440-8a8c-4030-962a-7a47f206a015,32acc3c0-c841-4e1f-a7cc-0bf11cf6a2c3,Saritha Devi,8982-6420-6851,9237669962,1991-01-29,1996-12-21,Gift,DD-2103-356,30686000.0,
144e1c0c-c877-4bf0-b4bc-c57a0a89e3e5,32acc3c0-c841-4e1f-a7cc-0bf11cf6a2c3,Girish Kumar,2143-4170-6206,9621689527,1996-12-21,2004-02-17,Inheritance,DD-2639-391,0,
44cb1a59-78e3-4680-a86c-eeec70814411,32acc3c0-c841-4e1f-a7cc-0bf11cf6a2c3,Revathy Nair,3496-6971-6182,9559891563,2004-02-17,2005-11-22,Partition,DD-6379-731,34177000.0,
86b400ee-0892-413e-84bc-4f234122f540,32acc3c0-c841-4e1f-a7cc-0bf11cf6a2c3,Ravi Shankar,4629-8145-5533,9485995156,2005-11-22,,Inheritance,DD-1079-420,0,
3948ae93-9240-4f90-8328-d32f4bfb2077,7b0be99e-4a8c-437b-82a4-128a9119907e,Rani Mukherjee,8734-3435-6993,9521441892,1993-08-24,2004-09-23,Sale,DD-5269-656,26321000.0,
99827bd7-ca42-4afb-8796-9646bf3a459d,7b0be99e-4a8c-437b-82a4-128a9119907e,Prakash Raj,9210-9362-2483,9526044822,2004-09-23,2009-10-26,Inheritance,DD-5767-237,0,
5c827ff3-a289-4584-904b-219fea129f37,7b0be99e-4a8c-437b-82a4-128a9119907e,Girish Kumar,3717-9423-3299,9579125557,2009-10-26,2015-05-19,Gift,DD-9227-110,29350000.0,
c9e52cf9-3ff5-4c93-8221-4a66744bac5b,7b0be99e-4a8c-437b-82a4-128a9119907e,Jyoti Prasad,3395-8921-6878,9143400463,2015-05-19,,Inheritance,DD-3935-679,0,
4fd2a298-109d-45dc-a739-56f276177b94,86bde0d8-9add-4116-9a7c-d8276da05db5,Pooja Sharma,6653-8976-8898,9748766605,1994-08-28,2000-07-30,Inheritance,DD-9460-515,0,
8747b692-0abf-468a-86ff-70c1c39f2c11,86bde0d8-9add-4116-9a7c-d8276da05db5,Kavitha Rao,2263-9430-5600,9327114760,2000-07-30,2010-07-11,Sale,DD-9222-242,7922000.0,
22392615-f4c1-437d-a7cc-345e998ac77b,86bde0d8-9add-4116-9a7c-d8276da05db5,Mahesh Babu,2938-4773-7793,9970989978,2010-07-11,2022-09-12,Inheritance,DD-4062-261,0,
b7f545d7-61d6-4aa2-898a-d1f4bd6bbe84,86bde0d8-9add-4116-9a7c-d8276da05db5,Divya Menon,4452-3641-7732,9124101254,2022-09-12,,Gift,DD-2856-593,8873000.0,
f367e270-574f-4108-b764-b8413a491cd6,b77217e4-425d-4b6c-80d4-b597f86b6e35,Meena Devi,3747-6614-8429,9740522822,1990-08-31,2000-07-21,Court Decree,DD-3979-738,5911000.0,
5779335a-ec44-4074-800f-64bc70b87744,b77217e4-425d-4b6c-80d4-b597f86b6e35,Deepika Mehta,2778-1271-4315,9661257031,2000-07-21,2008-02-29,Court Decree,DD-2127-335,5919000.0,
2bf84d63-0375-445d-8fed-aeb064b6123b,b77217e4-425d-4b6c-80d4-b597f86b6e35,Vijay Prakash Rao,3906-8796-1639,9941672107,2008-02-29,2014-07-09,Court Decree,DD-7877-946,5385000.0,
abc52592-a0ba-4d27-a77e-017a77eeeddb,b77217e4-425d-4b6c-80d4-b597f86b6e35,Divya Menon,3135-9835-1019,9932010779,2014-07-09,,Court Decree,DD-9246-870,4830000.0,
1e4896c6-0c18-4fc9-97ca-aa95e46e2f08,b0cf300d-b2f0-42f3-83f3-6dcc373b5844,Sridevi Kapoor,4365-6175-7698,9488984224,1992-05-23,1998-07-18,Sale,DD-9561-220,5699000.0,
fa633a61-0172-4cdd-ad48-afb2f0d03444,b0cf300d-b2f0-42f3-83f3-6dcc373b5844,Meena Devi,5281-9783-7939,9706310053,1998-07-18,2019-09-05,Sale,DD-3535-536,6329000.0,
ff6c39a3-b50f-4a54-87c1-0ff396a8bf39,b0cf300d-b2f0-42f3-83f3-6dcc373b5844,Harish Chandra,7770-8904-3928,9497513146,2019-09-05,,Gift,DD-5514-796,6386000.0,
db552536-73a0-4ccf-bb9d-efe31135ab67,e4d0f9f8-d6e7-4e5a-9b35-659e37b01b03,Kavitha Rao,7075-2311-1618,9877920274,1993-07-30,2002-07-31,Partition,DD-8133-190,12764000.0,
5c4eb2b9-a916-48a5-b788-3c2ef189773f,e4d0f9f8-d6e7-4e5a-9b35-659e37b01b03,Sushma Swarup,1941-3871-9099,9571342650,2002-07-31,,Partition,DD-7564-728,14200000.0,
cd7d1cda-b5ea-47c3-85c7-79e4e55d7693,5d60fe22-b9f1-46c7-b918-5ad3185ad92b,Rajesh Gupta,4707-4187-8450,9533744956,2000-07-17,2010-12-24,Court Decree,DD-6703-455,4331000.0,
6d7af7c6-5210-4b6d-9dd5-4f25c523ef4f,5d60fe22-b9f1-46c7-b918-5ad3185ad92b,Nandini Reddy,2744-2185-9243,9415950492,2010-12-24,,Court Decree,DD-1076-367,3985000.0,
4fb17a4c-813d-4cec-a506-1925df83a6ea,d3fb0eea-17f3-491a-9572-9869855a35c6,Meena Devi,5067-5706-2523,9528348505,1991-10-26,2009-07-16,Gift,DD-9462-648,5910000.0,
d35b5210-850a-4a20-b6c4-c6aa4000b76f,d3fb0eea-17f3-491a-9572-9869855a35c6,Divya Menon,6142-6792-4580,9716019237,2009-07-16,2016-06-01,Gift,DD-2245-667,7225000.0,
f64bee61-9790-4289-bedd-c1aa5bd4d404,d3fb0eea-17f3-491a-9572-9869855a35c6,Sunita Verma,9175-4271-4847,9889660946,2016-06-01,,Gift,DD-3994-864,8115000.0,
11fa30ea-3185-431e-bf9d-ae7b72336b48,7492c41e-5bde-4ef9-8568-16abb32e0be6,Jyoti Prasad,3101-1887-9613,9958209543,1994-05-18,2005-04-11,Court Decree,DD-5591-507,15043000.0,
06749e5b-6311-4315-98a5-76b58389cf9a,7492c41e-5bde-4ef9-8568-16abb32e0be6,Pooja Sharma,7450-3863-8490,9229244346,2005-04-11,2014-06-19,Partition,DD-8836-653,12982000.0,
4a77fce7-9406-4fee-a9f4-c0c08430261b,7492c41e-5bde-4ef9-8568-16abb32e0be6,Ramesh Kumar Sharma,4452-7216-2650,9449434459,2014-06-19,,Court Decree,DD-8537-423,14614000.0,
cbcf340a-262c-4117-8f00-d9a6e792f5cd,618bd9ca-35a8-434b-8a54-8b24930ebacd,Ramesh Kumar Sharma,3893-7906-9185,9244387866,1996-05-02,2014-03-30,Inheritance,DD-8749-925,0,
efe66722-c926-477c-9581-40750c2779c2,618bd9ca-35a8-434b-8a54-8b24930ebacd,Anil Kapoor,5915-5111-1781,9527780790,2014-03-30,2020-01-17,Court Decree,DD-9748-837,15738000.0,
3374c14a-428a-4d71-a941-c8efdcd38ae7,618bd9ca-35a8-434b-8a54-8b24930ebacd,Meena Devi,8807-2577-8370,9899500884,2020-01-17,,Sale,DD-3676-161,14734000.0,
4e7405f3-a0b5-42c5-823b-93b78c3629cd,35aec8d6-6b6a-427e-93d2-6e7cf8550bb9,Dinesh Patil,7911-7631-2168,9184945787,1997-02-10,2005-10-19,Inheritance,DD-3745-755,0,
0268c8c3-b313-493d-8447-90f9b90d98e0,35aec8d6-6b6a-427e-93d2-6e7cf8550bb9,Asha Bhosale,6191-5773-5382,9750027161,2005-10-19,2021-10-02,Inheritance,DD-6629-333,0,
29287331-29ca-4160-95bc-699f1caea6f1,35aec8d6-6b6a-427e-93d2-6e7cf8550bb9,Mahesh Babu,9535-8377-7782,9279656450,2021-10-02,,Partition,DD-5444-555,11608000.0,
8859ae0d-430c-4af1-94c8-a7b5ae2851bb,572e2dfd-b4f0-40db-b050-bbd64ff57695,Sunil Shetty,3795-1468-1575,9812480457,1989-01-21,2020-03-26,Gift,DD-8260-741,7831000.0,
e83224e7-5090-412d-b3de-c1a4f42aea2e,572e2dfd-b4f0-40db-b050-bbd64ff57695,Rani Mukherjee,5463-9987-8288,9245078524,2020-03-26,,Gift,DD-6328-984,8148000.0,
bbd30c34-7370-4441-b7b3-ec1c893546dd,d106b23b-74c1-4816-9bdc-3d6fc4a0be2e,Divya Menon,5908-1149-8052,9956808156,1989-08-21,2007-09-27,Court Decree,DD-1136-804,10232000.0,
cfcb6cd3-89b4-4cb9-be0f-7b28ee78b98e,d106b23b-74c1-4816-9bdc-3d6fc4a0be2e,Mahesh Babu,4089-7745-8161,9523861817,2007-09-27,2023-02-17,Gift,DD-4788-915,8727000.0,
18e1a782-fcaf-4abc-b335-5fc7bbdb2306,d106b23b-74c1-4816-9bdc-3d6fc4a0be2e,Mohan Das,7385-7199-4614,9382372922,2023-02-17,,Inheritance,DD-3675-832,0,
c5e81501-d594-4af6-8b32-9847d330fa47,7d5a9559-eb2d-4b21-818d-4751cf1d4ec6,Deepika Mehta,8183-1134-4814,9196848277,1988-03-22,2008-05-26,Sale,DD-4046-204,10069000.0,
b2c4209b-d7f1-4732-8ab2-e4ca51c407ba,7d5a9559-eb2d-4b21-818d-4751cf1d4ec6,Harish Chandra,6601-7885-6104,9943666157,2008-05-26,,Inheritance,DD-1241-605,0,
44f2f0b3-9574-4f15-a59c-0b6d535fac1e,bf8ec4d8-dc28-4736-9038-57604dce8508,Vijay Prakash Rao,9538-4415-8746,9517817593,1989-05-02,1999-04-07,Inheritance,DD-8550-852,0,
06fbb232-38bb-4431-a66c-332d3e4721b6,bf8ec4d8-dc28-4736-9038-57604dce8508,Suresh Babu Reddy,9534-3001-5150,9616716343,1999-04-07,2009-06-07,Gift,DD-6293-262,55095000.0,
249be053-94cc-46dc-9286-6782edf3f77b,bf8ec4d8-dc28-4736-9038-57604dce8508,Lalitha Kumari,4568-2850-4866,9779580831,2009-06-07,2010-01-03,Gift,DD-4255-469,66390000.0,
7834164e-165a-4318-bbdd-b748b9f6aece,bf8ec4d8-dc28-4736-9038-57604dce8508,Rajesh Gupta,2960-7484-4982,9109588354,2010-01-03,,Partition,DD-6316-115,60876000.0,
3eb9d8d8-9882-4b57-abb6-5598a3756d38,b4c96af2-3f57-46a8-b3e0-4c0a5c6fbc69,Meena Devi,1646-8951-8168,9700248296,2001-08-17,2003-03-04,Sale,DD-7189-466,40149000.0,
4bb41342-1e4f-4b80-816c-052528d0efc7,b4c96af2-3f57-46a8-b3e0-4c0a5c6fbc69,Jyoti Prasad,4057-9906-6696,9447549695,2003-03-04,2007-07-22,Gift,DD-9892-813,41997000.0,
6224963b-2732-4942-861f-c73940d6463c,b4c96af2-3f57-46a8-b3e0-4c0a5c6fbc69,Vinod Khanna,3627-2128-9702,9266457342,2007-07-22,,Partition,DD-5510-988,49663000.0,
b500e78b-9e76-4b26-bcab-f82b1959bae1,746192f0-6ca8-421d-bf21-0d5ac49eee3a,Sunita Verma,2753-8952-4139,9206035856,1991-04-29,2005-11-01,Sale,DD-3126-282,4794000.0,
f0e7271f-af36-4226-861a-bba7e49ebef3,746192f0-6ca8-421d-bf21-0d5ac49eee3a,Girish Kumar,5193-1804-7002,9336999287,2005-11-01,2012-07-08,Sale,DD-7366-773,5014000.0,
86131a6b-7841-400a-a95a-14086cada544,746192f0-6ca8-421d-bf21-0d5ac49eee3a,Harish Chandra,9051-2310-8668,9960088617,2012-07-08,2016-02-01,Court Decree,DD-2161-113,6128000.0,
cedd729e-b187-4fce-b8be-554c63b4587e,746192f0-6ca8-421d-bf21-0d5ac49eee3a,Smita Patil,7046-1955-5355,9668031793,2016-02-01,,Sale,DD-6913-671,7031000.0,
25bc808e-40c1-4812-b40e-2dbfc0e16c77,83a9149c-3cfc-4dc5-8c1a-08774a663b2c,Sonia Verma,8258-6772-6163,9690645339,1990-05-27,2012-07-03,Court Decree,DD-6529-773,13241000.0,
e248690e-a21e-4b06-bd66-4d67b9c52ea6,83a9149c-3cfc-4dc5-8c1a-08774a663b2c,Ranjit Kumar,6299-4943-9939,9329703585,2012-07-03,,Gift,DD-7090-522,15302000.0,
788677d1-b490-4755-9777-df0fbb8d430a,490ecddd-e252-4f60-a599-9357fcd37f2a,Rohit Sharma,5093-4817-5198,9970884334,1992-09-05,1998-01-15,Gift,DD-3557-241,15652000.0,
5de27193-f4d3-42ce-9a02-860822047833,490ecddd-e252-4f60-a599-9357fcd37f2a,Harish Chandra,2264-6319-8905,9285652633,1998-01-15,,Gift,DD-2505-684,15807000.0,
d7d21d2a-925e-414c-8bf6-576b6793306d,2588d7e7-db37-457f-9fe2-2830d56140c0,Asha Bhosale,9231-4617-3509,9154245232,1993-05-22,2006-05-24,Sale,DD-6231-652,17213000.0,
e769e7c9-f0dc-4e57-b1c4-7b79809562d8,2588d7e7-db37-457f-9fe2-2830d56140c0,Nandini Reddy,2475-4638-8076,9411152157,2006-05-24,,Partition,DD-8300-870,18729000.0,
c7571a99-5a9d-43dd-b1d0-cc0edbc64d9d,e5095ca2-e2d1-49e7-ad8b-7d8d8e706c8d,Ranjit Kumar,6984-6706-4120,9444390192,1998-03-20,2002-11-14,Court Decree,DD-2467-215,5610000.0,
59d51cec-9762-4792-a994-f0138e47641b,e5095ca2-e2d1-49e7-ad8b-7d8d8e706c8d,Pooja Sharma,8245-3389-8216,9148186901,2002-11-14,2014-10-17,Gift,DD-1396-888,5453000.0,
73b15253-f4d7-4d04-aac8-c423e76ac0cf,e5095ca2-e2d1-49e7-ad8b-7d8d8e706c8d,Mahesh Babu,3555-2405-2841,9894119729,2014-10-17,,Inheritance,DD-4271-801,0,
a6c165ab-3b84-43ed-b0be-a367b00a4295,f545f6cb-2252-4676-854b-af36c9f08c38,Rajesh Gupta,1869-8617-1136,9171508836,1994-11-06,1998-09-24,Gift,DD-4288-908,5063000.0,
3b3420b8-d720-49de-857e-6ceffe2c6b0f,f545f6cb-2252-4676-854b-af36c9f08c38,Lalitha Kumari,6901-2767-1312,9414064734,1998-09-24,2022-12-09,Partition,DD-5445-778,6029000.0,
0a47a023-e0f0-4436-94f2-d267f7ceead9,f545f6cb-2252-4676-854b-af36c9f08c38,Ganesh Patel,2631-6168-8940,9741138124,2022-12-09,,Partition,DD-4787-489,6351000.0,
b478b20c-b294-48f5-a0c9-5bfa4c54f910,122c10e3-f1c7-479c-a5b3-cfdae688a8a4,Ajay Singh,3248-2438-7262,9659116527,1989-04-11,2002-11-25,Inheritance,DD-3485-449,0,
33e10453-aa4e-4753-b9cf-2a6d74f84ca3,122c10e3-f1c7-479c-a5b3-cfdae688a8a4,Santosh Kumar,7987-6118-6395,9582291740,2002-11-25,2017-04-12,Court Decree,DD-4726-527,45406000.0,
cce7339f-fb97-470a-a6c4-6d5650629b8c,122c10e3-f1c7-479c-a5b3-cfdae688a8a4,Rohit Sharma,9869-4314-3262,9431784498,2017-04-12,2023-03-23,Court Decree,DD-3158-311,50446000.0,
122f7ab3-e16c-41e0-a59d-633d9f6610e6,122c10e3-f1c7-479c-a5b3-cfdae688a8a4,Santosh Kumar,3589-6201-2111,9698439590,2023-03-23,,Court Decree,DD-3215-540,62970000.0,
57266f11-0fdf-4c70-9954-1dc3fbab3195,79921dbe-8a7e-4a91-8d4f-94e35c12e3cd,Divya Menon,3196-9230-8680,9864524716,2000-07-03,2003-12-11,Sale,DD-6886-181,8480000.0,
c2298f31-9f66-4a34-88f8-79642fc621ca,79921dbe-8a7e-4a91-8d4f-94e35c12e3cd,Divya Menon,3253-3683-4166,9342958848,2003-12-11,2008-10-06,Gift,DD-4014-972,8522000.0,
4e88076d-c5e9-49c0-8198-234019817498,79921dbe-8a7e-4a91-8d4f-94e35c12e3cd,Rajesh Gupta,7767-4646-4323,9913656416,2008-10-06,2010-10-21,Sale,DD-7694-882,10546000.0,
3de3ad02-fe5b-474f-bd70-78875cc711a0,79921dbe-8a7e-4a91-8d4f-94e35c12e3cd,Seema Malhotra,9027-6323-8496,9364982130,2010-10-21,,Inheritance,DD-2083-281,0,
c8fe940b-6fa2-41d2-9a11-b8e3b02e16c2,826dde15-ba67-41d9-bfc2-cb2bd15c1bab,Prakash Raj,3727-7921-5823,9758347916,1988-10-13,2010-09-17,Partition,DD-5989-892,21063000.0,
4db9a9b3-370c-40bd-bccd-8760de45cc3b,826dde15-ba67-41d9-bfc2-cb2bd15c1bab,Nitin Gadkari,8400-2481-9202,9221517071,2010-09-17,,Sale,DD-9470-245,21809000.0,
121acba4-c450-440e-9e68-5347d7994abe,f80ff22c-d95f-49aa-9f75-80b90450dc2c,Suresh Babu Reddy,3799-6491-3459,9274079423,1997-03-07,2011-11-29,Court Decree,DD-3619-487,10737000.0,
571cb8f0-0bff-4c92-99a3-55ca3c4cfb5c,f80ff22c-d95f-49aa-9f75-80b90450dc2c,Ganesh Patel,1840-7874-6047,9432342748,2011-11-29,2016-08-21,Inheritance,DD-3930-887,0,
cf8f1276-cedf-4870-b61a-86dea8d8cbe4,f80ff22c-d95f-49aa-9f75-80b90450dc2c,Deepika Mehta,4323-1057-5146,9113107987,2016-08-21,2017-10-11,Partition,DD-5731-741,9903000.0,
04aadf40-1a80-49a8-8391-37fcec7c9759,f80ff22c-d95f-49aa-9f75-80b90450dc2c,Ramesh Kumar Sharma,9084-4897-4553,9732286107,2017-10-11,,Partition,DD-9153-975,10393000.0,
d23a5ba6-1ee9-4458-b600-04827d8ea64c,f8b6da85-2520-4b26-a05f-e5ef9bdea34c,Mahesh Babu,1587-2525-5903,9446627326,2001-02-28,2003-12-29,Gift,DD-3906-566,6905000.0,
3f4bb5af-b4da-48d5-8c84-70e2a2ec865d,f8b6da85-2520-4b26-a05f-e5ef9bdea34c,Ranjit Kumar,2063-5797-8713,9244467442,2003-12-29,,Gift,DD-7208-939,6056000.0,
7de93b08-7528-47ad-a1f0-d7508d59045a,bf0e73ed-e399-494a-81dd-bb4f66461bba,Girish Kumar,4812-5759-4171,9101697496,1987-10-04,1999-05-13,Partition,DD-9069-927,9192000.0,
3b053f66-4e75-4ed5-9396-bcacb2c305c7,bf0e73ed-e399-494a-81dd-bb4f66461bba,Geeta Mahesh Patel,4396-7793-7783,9148846868,1999-05-13,2006-11-08,Sale,DD-1392-576,10113000.0,
de3087b6-946e-496a-ae79-eaa81587dadc,bf0e73ed-e399-494a-81dd-bb4f66461bba,Harish Chandra,1185-4296-5614,9373178728,2006-11-08,2015-10-08,Gift,DD-6728-673,11857000.0,
a148764b-73ee-4f33-a1ed-a30d7dbc4f94,bf0e73ed-e399-494a-81dd-bb4f66461bba,Asha Bhosale,1100-2865-6460,9466534208,2015-10-08,,Sale,DD-6042-407,12482000.0,
ed34641c-bbf0-4856-a6e3-d85506ac7a79,de4bd23b-11ea-48a2-b16a-fabfa8d59618,Rajesh Gupta,1510-6556-7147,9772710898,1993-12-14,2016-07-09,Gift,DD-6793-167,27526000.0,
7a14b765-68ea-4a75-b490-2804d1e66395,de4bd23b-11ea-48a2-b16a-fabfa8d59618,Arun Prakash,2914-6050-6152,9862184916,2016-07-09,,Court Decree,DD-3719-684,30066000.0,
a0c2689c-2911-471e-81bb-aaccd5daee27,2de5cb1f-6fdc-4ac6-8e30-1621a1a8b388,Harish Chandra,1598-8526-7350,9866305263,1994-04-17,2011-01-21,Sale,DD-9456-792,12322000.0,
4eb415e4-5412-4ba0-86a4-9528988b4d35,2de5cb1f-6fdc-4ac6-8e30-1621a1a8b388,Suresh Babu Reddy,2426-6460-8649,9149542207,2011-01-21,2018-02-28,Court Decree,DD-2897-104,12006000.0,
f29cc81f-ca49-43ac-9e56-205c80751ea1,2de5cb1f-6fdc-4ac6-8e30-1621a1a8b388,Naresh Kumar,1368-6114-4438,9444542674,2018-02-28,,Sale,DD-9529-884,13370000.0,
1ba6cb9e-896f-43eb-be24-a6c5a67595fb,439aba4d-baa3-4891-9f07-a83d1e63847b,Lakshmi Venkatesh,7987-7421-3932,9856641801,1998-08-27,2010-07-19,Partition,DD-1826-208,5947000.0,
afaf7c5d-6749-44de-98d1-2118feed1e32,439aba4d-baa3-4891-9f07-a83d1e63847b,Dinesh Patil,4246-9740-2286,9911472797,2010-07-19,,Court Decree,DD-8304-731,5901000.0,
482401a3-8f49-4f8b-9109-f88170d83195,a5992573-727d-43b5-9372-8ec953abd83e,Rekha Nair,5624-6711-3087,9645406800,2000-08-17,2016-04-16,Partition,DD-2849-459,25328000.0,
c756f595-cc18-4d4c-9877-4dca419426d2,a5992573-727d-43b5-9372-8ec953abd83e,Vijay Prakash Rao,6339-2162-5949,9672031195,2016-04-16,2022-05-03,Sale,DD-7646-937,28765000.0,
30f35a77-3997-4671-9777-b8f2fe8ddbca,a5992573-727d-43b5-9372-8ec953abd83e,Girish Kumar,4992-9977-3605,9617945843,2022-05-03,,Partition,DD-7566-704,29207000.0,
f60369f1-d729-4840-a5a6-8235841f45ff,843c444b-9135-4e58-89da-8a2294944533,Lalitha Kumari,2007-2483-4565,9977283140,1993-05-28,2006-02-24,Court Decree,DD-7208-435,25198000.0,
7fa90f71-7050-465f-ae21-697cb72c4117,843c444b-9135-4e58-89da-8a2294944533,Santosh Kumar,3444-8421-9704,9412999235,2006-02-24,2009-09-17,Inheritance,DD-1003-875,0,
ee1c0192-3ad7-467d-84d2-0cb72e83545d,843c444b-9135-4e58-89da-8a2294944533,Asha Bhosale,5910-5989-8122,9870722451,2009-09-17,2023-08-08,Partition,DD-8326-300,23491000.0,
b477108b-9bb2-4875-b61b-e3fc8de563b3,843c444b-9135-4e58-89da-8a2294944533,Nandini Reddy,7622-3089-5819,9167012825,2023-08-08,,Gift,DD-2462-696,20044000.0,
02056423-1839-42b2-84f3-fa10b0a1c38a,10e537b2-71bf-40c7-acec-76c98f5e6cbf,Mohammad Arif Khan,1257-3359-8974,9806443412,1997-01-04,2010-09-26,Inheritance,DD-3200-111,0,
6b2214a5-b742-4080-8d85-78bcaf38ff35,10e537b2-71bf-40c7-acec-76c98f5e6cbf,Smita Patil,8471-7974-3945,9587902225,2010-09-26,,Partition,DD-3224-186,22999000.0,
77897404-e8ba-4647-91f1-739d2f49ca17,0c74a703-ff90-4a5d-ad7e-a268da6b1a9c,Mohan Das,2279-9834-6119,9758245742,1989-02-08,2007-08-18,Court Decree,DD-2449-351,3518000.0,
ec1ef316-aaea-4cc0-829a-252a3359560a,0c74a703-ff90-4a5d-ad7e-a268da6b1a9c,Divya Menon,8438-9399-8687,9716290544,2007-08-18,2008-04-05,Sale,DD-6628-647,4086000.0,
eba4aefe-7315-4398-9ae3-96d040c86402,0c74a703-ff90-4a5d-ad7e-a268da6b1a9c,Sushma Swarup,5738-3744-1578,9846305497,2008-04-05,,Gift,DD-7897-461,5043000.0,
cef1acba-9339-49a5-807e-8ce4657560b5,1fe762cf-d075-48cd-a365-9bbfaf58b1a6,Arun Prakash,5280-4869-8944,9294142387,1994-06-05,1999-03-05,Court Decree,DD-3476-774,1424000.0,
526697fa-1e66-4fe2-8e2a-b4eed28c55f8,1fe762cf-d075-48cd-a365-9bbfaf58b1a6,Santosh Kumar,3525-9125-7765,9927176115,1999-03-05,2016-05-07,Court Decree,DD-1542-451,1771000.0,
f6a434c1-3b3d-4b48-90cd-d2f907614e9f,1fe762cf-d075-48cd-a365-9bbfaf58b1a6,Uma Shankar,3740-4454-6653,9158331864,2016-05-07,2021-12-11,Partition,DD-4898-776,1817000.0,
8715cbc7-16af-4b95-85e6-38d8d6850f34,1fe762cf-d075-48cd-a365-9bbfaf58b1a6,Ajay Singh,8802-5937-8803,9901173040,2021-12-11,,Gift,DD-2900-153,1666000.0,
7af885da-4c7f-4c43-bd25-a70b86a493c0,fe73a5ff-c6b2-411e-94e1-26e2d76b5e7c,Prakash Raj,4961-4193-9518,9462287576,1994-11-19,2004-11-09,Sale,DD-5183-770,22780000.0,
2fe9b21f-ae48-48c0-92d1-02754263a7ea,fe73a5ff-c6b2-411e-94e1-26e2d76b5e7c,Ramesh Kumar Sharma,1138-2113-1195,9541575005,2004-11-09,2006-06-12,Inheritance,DD-6132-660,0,
0baf5904-a170-4499-9c54-0d39d2ddb8d7,fe73a5ff-c6b2-411e-94e1-26e2d76b5e7c,Pooja Sharma,4594-5641-5127,9307317573,2006-06-12,,Sale,DD-9605-206,25609000.0,
fcc9032d-0d06-4bd6-b616-c56f39702001,d3b3471c-b305-4626-a179-07289317269e,Rajesh Gupta,2022-7271-7366,9457185297,2000-10-21,1998-04-04,Gift,DD-5216-265,8874000.0,
47885a98-6fc8-425c-99dd-498299143612,d3b3471c-b305-4626-a179-07289317269e,Seema Malhotra,2137-9056-4287,9755306663,1998-04-04,2001-11-09,Sale,DD-5230-932,8482000.0,
49c8019d-7040-4476-b296-13270e580384,d3b3471c-b305-4626-a179-07289317269e,Santosh Kumar,9857-8065-4578,9759241286,2001-11-09,,Partition,DD-3923-760,8879000.0,
f5bef5f2-2946-4c53-acfa-b90ee1b8bfea,97ed1a5c-dd0a-419a-8388-1205f8972c0f,Revathy Nair,8898-2985-9770,9485385619,1989-10-01,2006-07-19,Sale,DD-9849-331,21758000.0,
9a23a9ac-47ed-44b8-9749-26ddcf66e0b1,97ed1a5c-dd0a-419a-8388-1205f8972c0f,Nitin Gadkari,2485-6985-9759,9465139645,2006-07-19,2023-05-30,Gift,DD-5961-510,18975000.0,
f6c865d8-3ff7-4b29-955e-f281c922d845,97ed1a5c-dd0a-419a-8388-1205f8972c0f,Nitin Gadkari,4327-3893-1644,9512492602,2023-05-30,,Sale,DD-8530-878,21947000.0,
e0bbf751-2086-4e1e-ba06-cdfc2577972f,ca3fa635-0050-480a-a84a-2b0a9ee4ec4e,Nitin Gadkari,9570-8509-9791,9259937739,1992-05-24,2017-10-10,Gift,DD-1701-515,12641000.0,
450dbfa3-6db5-42bb-ac03-02b332f9cbdd,ca3fa635-0050-480a-a84a-2b0a9ee4ec4e,Santosh Kumar,9010-1312-8720,9763971973,2017-10-10,,Court Decree,DD-4817-173,10931000.0,
9052b6b0-d34a-4a0e-b229-907a2ccea9cd,ba4efe7c-6830-447f-8aba-bf4f4235e09b,Harish Chandra,1746-3841-6496,9167883991,1995-11-07,2013-05-27,Inheritance,DD-6268-956,0,
20005a31-e286-4fd4-a9c7-1ded1db0d9df,ba4efe7c-6830-447f-8aba-bf4f4235e09b,Rekha Nair,7060-3703-8187,9361611400,2013-05-27,2018-03-24,Sale,DD-5487-244,6743000.0,
59135054-1ba7-4207-850c-c778c89c175c,ba4efe7c-6830-447f-8aba-bf4f4235e09b,Uma Shankar,7162-3584-1256,9622877347,2018-03-24,2020-03-03,Court Decree,DD-1666-236,6001000.0,
4d15e0ba-064d-4938-a3c0-7d0b1300cc80,ba4efe7c-6830-447f-8aba-bf4f4235e09b,Lakshmi Venkatesh,5648-7819-8798,9843414103,2020-03-03,,Sale,DD-1104-107,5532000.0,
c4f49d3d-c4ef-4d37-891b-b0919d635e43,157a31c8-c300-41f2-8b0c-67d8a6a020f3,Sunita Verma,2846-3444-8772,9634202492,1993-11-23,2000-06-23,Inheritance,DD-5528-154,0,
c0a72b02-7510-4848-ae99-befe4a20bc91,157a31c8-c300-41f2-8b0c-67d8a6a020f3,Suresh Babu Reddy,1885-6966-5670,9325045286,2000-06-23,2016-11-06,Inheritance,DD-3617-786,0,
b82d4a97-aea6-4fb9-a3c9-b0ed98050f57,157a31c8-c300-41f2-8b0c-67d8a6a020f3,Prakash Raj,1709-2710-1859,9676986599,2016-11-06,,Partition,DD-5118-442,6891000.0,
d6290473-9a16-4fae-995d-80ce3cbc7b6b,4eaa24e3-a902-49c5-afe3-752af4068faf,Prakash Raj,3917-7346-7119,9246463340,1998-03-30,2005-12-14,Inheritance,DD-4541-724,0,
84a1b47a-5f72-4a7c-a1fa-40c57b66be4f,4eaa24e3-a902-49c5-afe3-752af4068faf,Rajesh Gupta,4313-6503-3084,9134461310,2005-12-14,,Partition,DD-4181-747,18740000.0,
bc9b5fbc-2550-4edc-9721-9817bdf102de,16d98bf0-3be7-4c50-ad94-e9c720ccdfa1,Ranjit Kumar,4643-3440-1083,9548579110,1989-05-08,2016-11-08,Inheritance,DD-5060-435,0,
23187bf3-b2fc-45c3-b9f6-9021168d3cce,16d98bf0-3be7-4c50-ad94-e9c720ccdfa1,Nandini Reddy,1550-7974-9701,9523398047,2016-11-08,,Sale,DD-1656-581,19169000.0,
4f724c9c-9907-4548-a211-4c67e6868088,ca394571-2b5a-417f-8815-f4f6863ad00c,Uma Shankar,8607-1022-2158,9513260967,1996-06-13,2010-03-30,Partition,DD-4030-908,3552000.0,
a38f25be-7123-4839-8b6b-8a804a2addbc,ca394571-2b5a-417f-8815-f4f6863ad00c,Rajesh Gupta,9887-4393-2326,9766208705,2010-03-30,2011-03-24,Gift,DD-9698-133,3441000.0,
fff7bffd-7753-4a32-9b45-0d1ad403ff80,ca394571-2b5a-417f-8815-f4f6863ad00c,Balu Mahendra,6963-1844-2818,9511194794,2011-03-24,,Gift,DD-1898-627,4226000.0,
bc688b35-aba6-453d-b36d-80697dd2ec03,a17626a8-2721-4ed0-ac21-fbfb5e82b55a,Geeta Mahesh Patel,8703-9714-9730,9413816461,1992-03-02,2012-04-27,Partition,DD-8966-613,5235000.0,
adaab622-3ea6-43a3-9b48-40321c106c39,a17626a8-2721-4ed0-ac21-fbfb5e82b55a,Revathy Nair,2075-4085-8501,9193747059,2012-04-27,,Partition,DD-7031-919,5860000.0,
6d322ffe-afed-4c40-8cbb-d007bc94f2d9,c1d32422-3616-4353-a5ab-aa5917b5c1e2,Asha Bhosale,8965-9686-9986,9578090317,1991-10-12,2001-09-25,Partition,DD-6616-771,2686000.0,
e474d043-6431-480f-9e7f-100d4ea22c0d,c1d32422-3616-4353-a5ab-aa5917b5c1e2,Naresh Kumar,3813-5259-4715,9619952085,2001-09-25,2010-12-06,Partition,DD-5982-680,2425000.0,
ac75ee30-ac2c-42bc-ba2e-69bd308c76de,c1d32422-3616-4353-a5ab-aa5917b5c1e2,Santosh Kumar,6785-5659-8469,9278630985,2010-12-06,2019-06-30,Gift,DD-5720-888,2881000.0,
5a78f280-7b2d-41c7-874a-8918221ba3c4,c1d32422-3616-4353-a5ab-aa5917b5c1e2,Arun Prakash,3873-3514-3641,9355448903,2019-06-30,,Court Decree,DD-3634-828,3066000.0,
a85db1f1-e8ef-4476-b780-930f32c49372,fcbc4bba-4e77-4bd5-92ad-a19522e7c84d,Sushma Swarup,8764-5748-3409,9958538383,1990-06-12,2004-09-20,Court Decree,DD-9313-439,42713000.0,
23f95183-45e3-46bc-891b-fde90dd7254a,fcbc4bba-4e77-4bd5-92ad-a19522e7c84d,Saritha Devi,8847-1656-3284,9828005909,2004-09-20,,Court Decree,DD-8243-446,48080000.0,
2efeb0d2-d5a2-4c37-8aff-3f218685f123,b6e181f6-2f6a-4a7f-85f0-1d6c79a8edb7,Sridevi Kapoor,7108-1199-5663,9470355261,1994-06-23,2007-01-05,Inheritance,DD-8006-478,0,
281dbb3a-a328-4717-a90c-3ad0b293dbb6,b6e181f6-2f6a-4a7f-85f0-1d6c79a8edb7,Lakshmi Venkatesh,4533-8278-7809,9962950738,2007-01-05,2021-06-25,Gift,DD-6047-556,20560000.0,
67a4a93f-c705-4d0a-936f-e3741bf6d36f,b6e181f6-2f6a-4a7f-85f0-1d6c79a8edb7,Ranjit Kumar,7786-3286-2410,9254231505,2021-06-25,2023-01-08,Partition,DD-5728-267,24102000.0,
3ee6ad6d-22de-4da0-be5e-e5223ddae2d5,b6e181f6-2f6a-4a7f-85f0-1d6c79a8edb7,Sunil Shetty,6495-2083-7156,9194970622,2023-01-08,,Inheritance,DD-5968-586,0,
abb4e12e-88df-4fe4-b583-b492b110a39e,fab3b263-b68f-415f-af82-666bf40921b0,Revathy Nair,5009-1466-2955,9921110081,1990-08-12,1997-07-10,Gift,DD-7834-283,3829000.0,
5c602be4-f6a7-4fb2-b5fd-9258a29a57a8,fab3b263-b68f-415f-af82-666bf40921b0,Mahesh Babu,8872-8144-5225,9774305616,1997-07-10,,Gift,DD-9078-168,4172000.0,
c77c6aa1-446d-4119-897e-38981acfc644,e8bbada1-3932-4273-9774-8c34007d98ad,Asha Bhosale,5932-5447-6939,9202900339,1997-11-26,1997-12-18,Sale,DD-3738-656,1398000.0,
8f8eb7a1-82ad-49f3-9ac4-ffd7db1c024d,e8bbada1-3932-4273-9774-8c34007d98ad,Deepika Mehta,9489-5610-7111,9936238554,1997-12-18,2010-03-22,Court Decree,DD-6761-943,1269000.0,
e4b92ee2-937a-445a-9eab-43c627a224d6,e8bbada1-3932-4273-9774-8c34007d98ad,Rekha Nair,2678-4569-3532,9640503265,2010-03-22,2014-11-22,Partition,DD-7750-448,1546000.0,
341cf7d0-2111-4282-876e-ac9f8010f0f8,e8bbada1-3932-4273-9774-8c34007d98ad,Vinod Khanna,9612-9717-2867,9548122132,2014-11-22,,Inheritance,DD-4087-914,0,
1359a9f2-90a3-4ec5-bbe5-4eb4aa91dee0,2879eaa3-3b5f-4757-b333-29b2008d595a,Divya Menon,8065-1696-4217,9215768032,1998-03-01,2016-11-01,Partition,DD-2830-179,13621000.0,
a08a4815-c373-4495-9124-b4c7b5d597de,2879eaa3-3b5f-4757-b333-29b2008d595a,Geeta Mahesh Patel,5145-1709-2085,9423889716,2016-11-01,,Sale,DD-9412-707,11901000.0,
b642a369-4d93-4f33-99d1-be0ce452426c,bac1cf12-01d8-4d2f-923c-2c505d01b66b,Rani Mukherjee,1070-2616-4506,9641375551,1994-10-22,2001-05-28,Inheritance,DD-5617-275,0,
b2180cb5-d3a9-414f-bd61-3820aec56031,bac1cf12-01d8-4d2f-923c-2c505d01b66b,Seema Malhotra,2758-3963-6813,9507608561,2001-05-28,2013-08-01,Partition,DD-7004-814,23612000.0,
e249d32b-0655-4e60-a1c2-4633cd8f53f7,bac1cf12-01d8-4d2f-923c-2c505d01b66b,Geeta Mahesh Patel,6149-3025-8633,9218451078,2013-08-01,2023-06-28,Partition,DD-4510-626,22219000.0,
24c76ff8-207a-48f0-a324-57b6707d9c05,bac1cf12-01d8-4d2f-923c-2c505d01b66b,Ganesh Patel,5723-1665-2347,9452311239,2023-06-28,,Court Decree,DD-3226-607,25661000.0,
4377d343-6e43-453b-884e-2caad771da4c,30bc887f-05f0-4b86-b9e5-52cf6d23ea11,Rekha Nair,2060-6959-4261,9463602964,1997-06-09,2013-10-09,Court Decree,DD-2666-859,84185000.0,
aedcda16-5303-420e-a9c5-3d2c2627d656,30bc887f-05f0-4b86-b9e5-52cf6d23ea11,Kavitha Rao,7958-9177-5563,9921216010,2013-10-09,,Inheritance,DD-7623-225,0,
997c8628-3373-45f0-a7a0-25fce9701f07,2b5aa278-f7be-4c0c-80a1-172aa7687a6c,Balu Mahendra,6356-3502-5960,9767831721,2000-07-01,2009-03-21,Inheritance,DD-7269-719,0,
53f67749-4cfb-422e-a29e-7e9f3f76df55,2b5aa278-f7be-4c0c-80a1-172aa7687a6c,Sunil Shetty,9064-8635-4308,9415210792,2009-03-21,2020-03-06,Court Decree,DD-2578-878,13596000.0,
7da06495-2b24-4454-83c8-9153648a072c,2b5aa278-f7be-4c0c-80a1-172aa7687a6c,Dinesh Patil,9856-9955-1289,9920301073,2020-03-06,,Partition,DD-9032-616,12980000.0,
98cb5af7-56fb-410a-8a56-f8c196aa1416,00ff9eb3-aee0-4c18-a80a-82e296cfe131,Ajay Singh,5315-9105-7189,9762433935,1998-03-07,2001-09-12,Inheritance,DD-9301-157,0,
1283d265-4f52-4ed8-94ac-fb55a6619c27,00ff9eb3-aee0-4c18-a80a-82e296cfe131,Rohit Sharma,1739-3100-7003,9474603593,2001-09-12,2022-10-09,Gift,DD-5660-428,51567000.0,
b9d79733-d579-4ca8-8eba-b2124d876a4b,00ff9eb3-aee0-4c18-a80a-82e296cfe131,Dinesh Patil,7235-2594-8014,9470594501,2022-10-09,,Court Decree,DD-1440-883,62218000.0,
3a7d6250-6e8a-4eff-a7a5-07b345df4a85,1b04d9f8-8162-4591-b08c-163891ea873f,Revathy Nair,4373-6504-9138,9639843588,1993-03-04,2016-06-22,Court Decree,DD-2601-927,46638000.0,
b188ef0d-3b1d-4763-aae8-247d8c9569bf,1b04d9f8-8162-4591-b08c-163891ea873f,Ranjit Kumar,4305-9142-2234,9675347404,2016-06-22,2021-10-06,Gift,DD-3730-729,45230000.0,
15e26928-dafc-491c-9b07-3eae86c3af4d,1b04d9f8-8162-4591-b08c-163891ea873f,Anita Kumari Singh,5871-7586-4700,9770629385,2021-10-06,2024-07-30,Inheritance,DD-5708-371,0,
a994b91d-c876-4927-8059-4360a384eca5,1b04d9f8-8162-4591-b08c-163891ea873f,Mohammad Arif Khan,9700-8786-7997,9325205711,2024-07-30,,Sale,DD-2552-706,44540000.0,
c089e8c3-1a11-4f23-95c8-a866d201d901,7dec579d-6988-47ba-a582-7dcb50205ca7,Santosh Kumar,4938-3465-5919,9567495148,1993-04-27,1998-01-30,Sale,DD-9556-305,41443000.0,
3ee954e8-1ba3-45ef-b44b-883862b38de7,7dec579d-6988-47ba-a582-7dcb50205ca7,Mohammad Arif Khan,4335-7757-5373,9984452639,1998-01-30,2001-06-17,Partition,DD-6220-980,48989000.0,
c52fe423-2a49-408e-a943-dac3abfc4aef,7dec579d-6988-47ba-a582-7dcb50205ca7,Ravi Shankar,7649-4907-2860,9261020740,2001-06-17,2008-02-05,Gift,DD-3631-362,55100000.0,
64c80364-a8fe-4c89-8a71-7845550abe85,7dec579d-6988-47ba-a582-7dcb50205ca7,Naresh Kumar,8604-8952-8145,9553139585,2008-02-05,,Inheritance,DD-1453-351,0,
2abb3661-2911-4310-9806-6cd13b8017cf,db30c38e-63ab-4d7a-8872-8a7a9a07ffa3,Jyoti Prasad,9196-2976-9551,9813197718,2000-05-03,2007-12-27,Inheritance,DD-4867-214,0,
cd1f6db6-8c43-474e-945e-c8584ca2cf2c,db30c38e-63ab-4d7a-8872-8a7a9a07ffa3,Lakshmi Venkatesh,4900-3003-6134,9453568052,2007-12-27,2014-06-18,Court Decree,DD-9605-357,81294000.0,
c2363ee9-7652-4dc3-b70e-fd0abf7e0e37,db30c38e-63ab-4d7a-8872-8a7a9a07ffa3,Ravi Shankar,7928-4571-3363,9214690674,2014-06-18,,Court Decree,DD-7388-925,93435000.0,
3e50d903-8219-40c9-83d9-a478139fb331,e44901b6-982f-4389-a2e2-37edfff4e7b0,Sridevi Kapoor,6067-6945-2999,9674355978,1992-11-06,1999-11-26,Inheritance,DD-5144-665,0,
8c4ccc36-0990-40c6-85b5-b372a64f5b1a,e44901b6-982f-4389-a2e2-37edfff4e7b0,Ramesh Kumar Sharma,7438-5186-5929,9196905548,1999-11-26,2002-05-25,Inheritance,DD-8248-497,0,
b333df94-fe45-4d73-850a-50df9b6220d4,e44901b6-982f-4389-a2e2-37edfff4e7b0,Rekha Nair,8190-6196-7656,9947523110,2002-05-25,2021-10-23,Inheritance,DD-5872-315,0,
ce64e8cc-eb76-42f4-9d2a-49225abe70a2,e44901b6-982f-4389-a2e2-37edfff4e7b0,Anil Kapoor,8718-7765-6451,9870287372,2021-10-23,,Sale,DD-5489-987,98476000.0,
27d2af71-0e71-40fc-88a5-84352235a607,136e0f13-749b-4dcb-8e7e-0092c65a7bce,Asha Bhosale,8397-8837-3187,9379902891,1987-03-03,2016-08-16,Inheritance,DD-7722-911,0,
3187434d-7bb8-469a-9dad-b1524b13fe25,136e0f13-749b-4dcb-8e7e-0092c65a7bce,Sushma Swarup,4254-2382-7791,9494707031,2016-08-16,,Inheritance,DD-6367-918,0,
c5a64175-7882-480d-b884-6c08acac315a,0e5176ef-f905-4aeb-9ab5-68201a370d87,Geeta Mahesh Patel,4677-4328-4121,9973394943,1988-09-07,2024-05-13,Partition,DD-8433-947,40980000.0,
3f5375ce-88bf-4c00-a119-2bd5f9f9b027,0e5176ef-f905-4aeb-9ab5-68201a370d87,Deepika Mehta,8066-4385-4531,9984858711,2024-05-13,,Gift,DD-5717-864,42933000.0,
611b249f-7658-4a14-9e0c-097189e411f2,705031ae-bd0c-40ac-b5f3-ccf68a44d6df,Divya Menon,6804-1745-1087,9372362005,1998-06-19,2017-09-25,Sale,DD-1853-440,66363000.0,
15ef9914-39e6-4404-8f8f-bf689658a92f,705031ae-bd0c-40ac-b5f3-ccf68a44d6df,Lalitha Kumari,7076-3166-1673,9723293073,2017-09-25,,Court Decree,DD-7241-409,82357000.0,
fc78fca5-2c48-4933-aa7e-6100e2961ccc,ea184184-70bc-4dff-bc6f-858071c50fc6,Anil Kapoor,3478-8208-1871,9302851261,1996-01-21,1997-11-22,Inheritance,DD-6169-854,0,
57ca9a33-8610-4a45-9b0d-85825d11a30b,ea184184-70bc-4dff-bc6f-858071c50fc6,Arun Prakash,1587-8704-5263,9275615795,1997-11-22,2001-10-06,Inheritance,DD-1894-335,0,
63ccdfb7-824f-412c-99a4-78fbdb54b488,ea184184-70bc-4dff-bc6f-858071c50fc6,Anil Kapoor,1668-8233-6841,9861314243,2001-10-06,2023-04-28,Partition,DD-8150-218,42881000.0,
c5f06018-2e44-4f58-aea7-c35f062cc00c,ea184184-70bc-4dff-bc6f-858071c50fc6,Saritha Devi,3425-3025-6727,9200478487,2023-04-28,,Court Decree,DD-8949-568,44905000.0,
ba82d196-4524-44ff-9cbf-46783a9cdd6b,29028af4-f26d-4c59-82ab-0c7d11740b8c,Prakash Raj,8861-8439-5412,9738021964,1992-05-01,1997-06-26,Sale,DD-6300-257,90589000.0,
d87db3a1-da9c-4002-b45b-0bca5944d403,29028af4-f26d-4c59-82ab-0c7d11740b8c,Seema Malhotra,6323-3118-4463,9152272164,1997-06-26,2007-05-09,Sale,DD-6397-144,100777000.0,
f687ecfa-7557-4235-ad42-21d855ba1dea,29028af4-f26d-4c59-82ab-0c7d11740b8c,Mohammad Arif Khan,9964-7248-2516,9528271054,2007-05-09,,Gift,DD-6294-917,87899000.0,
92dd48cc-7778-4c84-83f8-d45c77abbc63,93cc49d1-5edb-4cba-966e-4cfbd3868a42,Lakshmi Venkatesh,7922-7033-4053,9566117682,1991-11-25,2012-05-27,Partition,DD-5398-676,24713000.0,
16833e50-8436-48b7-90f8-63e476e49882,93cc49d1-5edb-4cba-966e-4cfbd3868a42,Prakash Raj,4673-3540-9115,9666161206,2012-05-27,2021-02-10,Partition,DD-2522-141,26081000.0,
3ec7ebb1-422e-4069-8aa3-2b8d859dc204,93cc49d1-5edb-4cba-966e-4cfbd3868a42,Lakshmi Venkatesh,8825-5921-3434,9237213199,2021-02-10,,Court Decree,DD-2375-397,27053000.0,
cbfb9e8e-0766-44bf-be04-6b0b460e800a,7a025e6d-a846-4c80-b907-85e1b7b2b6e2,Prakash Raj,8371-5342-6592,9969737332,1993-05-17,2011-05-09,Partition,DD-5876-421,39126000.0,
f1c5e2c9-ac59-474a-9a70-36637a6e82f1,7a025e6d-a846-4c80-b907-85e1b7b2b6e2,Lakshmi Venkatesh,5248-2742-8107,9673781871,2011-05-09,2013-02-24,Inheritance,DD-4458-289,0,
50fc0d49-54e1-4461-b0fa-5e5d6e3eb25c,7a025e6d-a846-4c80-b907-85e1b7b2b6e2,Rekha Nair,8817-8539-7637,9806218351,2013-02-24,,Sale,DD-1095-504,35083000.0,
22414190-09bb-4c16-881f-56d870f9cc82,aae81b16-84fa-4962-a205-cb318637be4d,Geeta Mahesh Patel,3721-3497-8295,9620815076,1989-06-23,2003-01-07,Partition,DD-3427-585,17270000.0,
e46eaa5d-cf45-439b-a80d-c2d128bc11e0,aae81b16-84fa-4962-a205-cb318637be4d,Ravi Shankar,4298-5830-7418,9154677276,2003-01-07,,Partition,DD-1321-980,17785000.0,
ebaa136a-9118-4e4d-b32a-eec23e4f4a5f,a79cf899-dcdc-4df5-aae1-3fdaa827379b,Priya Devi Nair,3643-5718-4149,9603843081,1999-05-13,1998-01-15,Court Decree,DD-6681-559,9078000.0,
b6817aed-82fc-44ad-b2a4-c1fe1cdd5ded,a79cf899-dcdc-4df5-aae1-3fdaa827379b,Rohit Sharma,6556-8675-3148,9415029454,1998-01-15,2014-03-26,Gift,DD-8178-337,9560000.0,
702e2ecb-de0f-46dd-b69d-d57d356f9e04,a79cf899-dcdc-4df5-aae1-3fdaa827379b,Nitin Gadkari,6902-8738-3654,9767698175,2014-03-26,,Partition,DD-7829-953,11725000.0,
3a742e9d-78ad-48a6-b5ba-8260f17230e6,1bff3fa5-3e8e-482b-b13c-2454e75c3b65,Anil Kapoor,5224-6575-6820,9926108943,1992-04-29,1997-03-02,Court Decree,DD-4714-223,57431000.0,
bd81123c-b6b5-4c56-82f7-4c99c8ec5929,1bff3fa5-3e8e-482b-b13c-2454e75c3b65,Nandini Reddy,2706-1826-8173,9957905637,1997-03-02,1999-02-10,Sale,DD-5382-254,68421000.0,
80fac8ec-4256-44d8-b44e-b4622d0536ef,1bff3fa5-3e8e-482b-b13c-2454e75c3b65,Girish Kumar,2669-1687-9311,9213184291,1999-02-10,,Partition,DD-2817-208,79550000.0,
2779d88c-3d01-483a-80c2-7c71d4b40467,624536e2-0eaf-4acb-a4ce-0674c3af30c0,Santosh Kumar,9677-7909-4738,9248170281,1992-11-22,2005-08-27,Partition,DD-6908-744,25595000.0,
271cb987-dd64-45ef-bc45-a65f4c1a1aef,624536e2-0eaf-4acb-a4ce-0674c3af30c0,Sunil Shetty,6927-1487-8251,9256319955,2005-08-27,2020-07-07,Partition,DD-7773-519,30950000.0,
8818fd5a-5a52-4fd0-bf75-f7ba8025620b,624536e2-0eaf-4acb-a4ce-0674c3af30c0,Asha Bhosale,7580-3692-8111,9166001117,2020-07-07,,Sale,DD-9476-171,27357000.0,
7944af78-1a61-4f90-8c6b-ddafa979820b,105d393b-5158-42ca-9cc7-9d2686638714,Girish Kumar,8244-6656-7627,9932579769,1991-02-15,1999-08-13,Inheritance,DD-9919-739,0,
28ac58fb-1c60-4e43-939f-5ee0ef4ff210,105d393b-5158-42ca-9cc7-9d2686638714,Suresh Babu Reddy,9805-6480-7389,9878568781,1999-08-13,2010-06-14,Inheritance,DD-5940-186,0,
92ee20d8-53fc-4dff-9215-e0c3bf20bed0,105d393b-5158-42ca-9cc7-9d2686638714,Sushma Swarup,4501-2520-9383,9692475544,2010-06-14,2024-06-21,Inheritance,DD-9527-653,0,
2a51f08c-0ebe-4a96-9e88-111d910f8335,105d393b-5158-42ca-9cc7-9d2686638714,Rekha Nair,1383-1456-9846,9736195900,2024-06-21,,Gift,DD-9541-448,80964000.0,
387ed9e4-f2e9-4358-a11a-72d472cd605e,75efdcb7-337e-43bb-9ddc-49aa59b9ebdd,Mohan Das,5057-2724-6371,9654535921,1989-11-25,2001-09-18,Court Decree,DD-3293-831,90737000.0,
b8b0190a-b83d-4d9e-82a0-b750de28c704,75efdcb7-337e-43bb-9ddc-49aa59b9ebdd,Prakash Raj,2605-3401-7974,9989528128,2001-09-18,2023-09-09,Court Decree,DD-4154-942,105384000.0,
0ea1c40b-61e3-4054-85ce-1e66f0b80cff,75efdcb7-337e-43bb-9ddc-49aa59b9ebdd,Deepika Mehta,8802-4519-8309,9183829919,2023-09-09,,Partition,DD-2342-194,92198000.0,
7e2d3caa-e404-402a-908c-fd44b4fdb465,b9b6e0a8-298a-40a5-b16a-70251c046aef,Vinod Khanna,7051-2945-7694,9218472553,1989-11-17,2008-05-21,Partition,DD-1534-864,65453000.0,
ccfda84a-2641-4169-bc21-42d54f79610c,b9b6e0a8-298a-40a5-b16a-70251c046aef,Sunil Shetty,3511-2929-7086,9427410286,2008-05-21,2009-09-30,Sale,DD-7055-685,63217000.0,
b3fdaa34-dd07-44c3-b2a9-485e43798b42,b9b6e0a8-298a-40a5-b16a-70251c046aef,Santosh Kumar,3328-7910-1797,9427667311,2009-09-30,2010-02-16,Gift,DD-5968-401,66022000.0,
56c09892-3b78-42f3-9262-beb3ec282edb,b9b6e0a8-298a-40a5-b16a-70251c046aef,Anil Kapoor,1034-3004-9970,9474358952,2010-02-16,,Gift,DD-4532-287,77751000.0,
c878c724-12ac-41a6-bc00-6b2edea42518,3d8b5615-9e1b-4f96-9815-0d1fd53d474d,Rekha Nair,1406-6060-3028,9791397593,2001-03-31,2013-12-06,Partition,DD-5544-761,10669000.0,
b8fb16dd-15fb-4f4b-b3b1-9c93f5480736,3d8b5615-9e1b-4f96-9815-0d1fd53d474d,Rani Mukherjee,1866-9548-4103,9905906132,2013-12-06,2021-05-28,Court Decree,DD-2395-297,13145000.0,
e7260ced-f1f9-453b-ac48-9d3dce57ac6d,3d8b5615-9e1b-4f96-9815-0d1fd53d474d,Rani Mukherjee,3944-1310-5504,9944773947,2021-05-28,,Partition,DD-9235-119,11806000.0,
b16b655a-63f9-4b54-8b29-b9926d1172b7,508eeaa6-5b81-4dee-b56b-3e03407abbfb,Asha Bhosale,3973-1445-1958,9420001194,1988-04-26,1998-02-28,Partition,DD-3772-160,4963000.0,
41fe823d-0797-43b6-b085-89a1a04da899,508eeaa6-5b81-4dee-b56b-3e03407abbfb,Asha Bhosale,5225-7152-2981,9155703707,1998-02-28,,Partition,DD-2617-427,4501000.0,
1efd0555-ccdd-4bcc-a417-5b786b67e600,b5a6c87d-19c0-4303-a7b9-142d2260cebd,Santosh Kumar,7116-9854-3755,9939691516,1996-08-31,2009-04-07,Sale,DD-9199-308,89367000.0,
1cab3c16-673f-43e6-9196-99210dcaa56d,b5a6c87d-19c0-4303-a7b9-142d2260cebd,Vinod Khanna,8401-1684-1016,9972569546,2009-04-07,2010-05-06,Inheritance,DD-9806-533,0,
38213c08-e7ff-4132-a44b-e42e73b79683,b5a6c87d-19c0-4303-a7b9-142d2260cebd,Ramesh Kumar Sharma,1985-8900-5477,9741955612,2010-05-06,2022-05-16,Partition,DD-5739-768,110711000.0,
eb6c0c1c-2887-4817-b1bf-19dba384de67,b5a6c87d-19c0-4303-a7b9-142d2260cebd,Harish Chandra,9361-5609-1745,9273319432,2022-05-16,,Gift,DD-7228-459,131411000.0,
b55f3152-6baa-4b7f-9c28-c2a07824c180,9f73ba22-57e4-4a58-9ea3-7bb17f4256a8,Divya Menon,1070-1156-3843,9543630426,1991-04-14,2010-07-07,Inheritance,DD-1033-723,0,
3def64ed-212d-442d-9bcc-98898248a8ba,9f73ba22-57e4-4a58-9ea3-7bb17f4256a8,Lakshmi Venkatesh,2270-9825-1507,9993443242,2010-07-07,,Court Decree,DD-9011-880,19183000.0,
8efce82b-5c62-4555-8752-ff3095f6c3c7,1aee0b04-6f84-4a8e-822e-2cc1bf1368d5,Ganesh Patel,4425-1116-4212,9981674615,1998-07-26,2010-10-25,Partition,DD-6947-137,21812000.0,
8ceccb7d-642e-468f-95dc-4caa096d9a5f,1aee0b04-6f84-4a8e-822e-2cc1bf1368d5,Nandini Reddy,9093-3793-4174,9808496105,2010-10-25,2011-12-17,Partition,DD-2817-990,20960000.0,
6eb621c4-9e61-48b7-bc18-b7700567f983,1aee0b04-6f84-4a8e-822e-2cc1bf1368d5,Mohan Das,2065-3087-5253,9711928993,2011-12-17,2019-07-01,Court Decree,DD-3875-166,22747000.0,
6f0bfc35-6807-4853-92c6-95b07d559880,1aee0b04-6f84-4a8e-822e-2cc1bf1368d5,Rajesh Gupta,4143-1378-9731,9759767702,2019-07-01,,Inheritance,DD-9570-846,0,
5fa98df5-7d95-4783-9617-97b8e6265ab9,1d569644-6325-4a6a-9748-984be2b824ca,Revathy Nair,7943-2219-5095,9311394879,1992-10-09,2000-07-14,Court Decree,DD-1415-855,6287000.0,
4ecb68f3-5b7d-4627-95f9-86a680416a1d,1d569644-6325-4a6a-9748-984be2b824ca,Mohammad Arif Khan,2584-1456-8863,9563801642,2000-07-14,,Inheritance,DD-6394-418,0,
ace9f737-8eeb-49fa-93db-db0750d7ed86,0103131f-7581-4840-8e64-d99e9b030218,Seema Malhotra,1897-5939-8075,9170641753,2001-08-09,2015-02-05,Inheritance,DD-2015-921,0,
1ac26024-c2f7-4e6c-86c2-b20649109806,0103131f-7581-4840-8e64-d99e9b030218,Sridevi Kapoor,7581-2570-7735,9350302083,2015-02-05,2016-01-21,Sale,DD-1914-672,5682000.0,
3dce6f29-e69f-442b-a521-701970639d4f,0103131f-7581-4840-8e64-d99e9b030218,Ranjit Kumar,2659-6564-1425,9587561211,2016-01-21,2020-11-19,Court Decree,DD-1173-564,5702000.0,
dee76748-41f0-41ee-9480-b3d47688b5a0,0103131f-7581-4840-8e64-d99e9b030218,Vijay Prakash Rao,1201-2106-4172,9715481841,2020-11-19,,Court Decree,DD-6377-701,5286000.0,
ccdd2951-ec06-4827-99cd-48cd72f666e6,d652a0b8-cc6a-447b-8d50-09e5b4d7b1c7,Sunita Verma,4297-2120-6595,9303318997,1995-08-21,2017-07-03,Court Decree,DD-1894-532,68636000.0,
805376d9-f82d-4101-b7f9-e58b18ac419b,d652a0b8-cc6a-447b-8d50-09e5b4d7b1c7,Rohit Sharma,6499-5909-7859,9452852019,2017-07-03,,Partition,DD-8657-714,77350000.0,
4f276d7b-5753-469b-bd9e-7635a35977bd,6e757275-d729-430e-9e23-74f506225c9e,Priya Devi Nair,4262-4241-5654,9286988502,1997-09-25,2016-04-26,Inheritance,DD-6896-144,0,
c96e0fb3-1967-4a60-bdc9-0993964b23bf,6e757275-d729-430e-9e23-74f506225c9e,Arun Prakash,6567-5029-3925,9310440043,2016-04-26,,Inheritance,DD-5292-836,0,
124e7347-0b01-4724-ba33-405d71194241,71b594a3-9b56-4a91-a6f7-66a19d1f2a86,Suresh Babu Reddy,4098-9773-5819,9947813439,1992-08-04,2010-06-22,Court Decree,DD-8037-751,12258000.0,
34a0981b-f157-40d6-80bc-7fa26f647242,71b594a3-9b56-4a91-a6f7-66a19d1f2a86,Anita Kumari Singh,5588-3071-9327,9727153504,2010-06-22,2016-02-11,Inheritance,DD-6368-353,0,
1d9b54c8-58a0-443a-a571-d4b16bc444cb,71b594a3-9b56-4a91-a6f7-66a19d1f2a86,Divya Menon,2062-3743-9333,9516736210,2016-02-11,2020-03-10,Partition,DD-4428-844,10818000.0,
21f29159-b277-4fb8-91f8-6f788ea8b3a3,71b594a3-9b56-4a91-a6f7-66a19d1f2a86,Arun Prakash,6272-7125-9609,9845724084,2020-03-10,,Court Decree,DD-7131-610,11441000.0,
c81ba6a7-f7d7-4756-97c0-dfd28df98881,e29b0952-44bc-4320-9d38-5a603a5896c3,Seema Malhotra,8660-8086-7700,9494612942,1998-05-16,2004-06-08,Partition,DD-9392-736,31972000.0,
1af360ad-4f00-4f8a-a87e-1e2a45e84311,e29b0952-44bc-4320-9d38-5a603a5896c3,Arun Prakash,8236-4830-5351,9792944501,2004-06-08,,Partition,DD-6194-379,32066000.0,
f237a6d0-2230-465f-9d02-b95a2215ebe3,eac58902-5f79-4015-a0f9-f78273b9f33f,Ajay Singh,1194-8733-9399,9917289898,1994-01-20,2022-05-17,Gift,DD-6679-901,95691000.0,
4e19e96c-81c5-497c-92e7-60474396afe9,eac58902-5f79-4015-a0f9-f78273b9f33f,Kavitha Rao,4438-8773-4829,9653863250,2022-05-17,,Inheritance,DD-7512-333,0,
549e765a-89ce-4ad3-b070-72336841973a,37d52ebc-d7d7-47fe-9bd6-a9103ee997d3,Priya Devi Nair,1527-3279-3518,9454603800,2000-05-15,2021-08-22,Partition,DD-9808-406,181151000.0,
535c9c07-3121-4bb1-8be3-15c714c487bb,37d52ebc-d7d7-47fe-9bd6-a9103ee997d3,Ajay Singh,2043-9757-7331,9302227118,2021-08-22,,Court Decree,DD-7404-490,168775000.0,
b49b00ac-895b-413b-8ad5-99bc0220f12e,ddd4f1d1-b091-481e-b671-bc0dcac6dde8,Deepika Mehta,9789-7855-8835,9897943460,1995-02-03,1999-03-06,Partition,DD-7407-260,41844000.0,
d3f96386-2521-4fce-93db-a78443c9fd71,ddd4f1d1-b091-481e-b671-bc0dcac6dde8,Harish Chandra,6075-8081-8778,9270490067,1999-03-06,,Sale,DD-7373-986,39023000.0,
62745737-6ae0-4dc5-ad26-b669f2f71b85,76ffaa55-8631-41b6-887d-be3c7cb2235e,Arun Prakash,7800-5081-3942,9763289534,1994-01-24,1997-12-22,Gift,DD-7407-727,55244000.0,
1e107dcb-2336-4dcc-bd0b-cd39c7d70da5,76ffaa55-8631-41b6-887d-be3c7cb2235e,Arun Prakash,2565-7447-1715,9357370819,1997-12-22,2011-10-29,Partition,DD-8501-493,67085000.0,
7fa8df3f-9e1b-432b-88ae-f4d4e57633db,76ffaa55-8631-41b6-887d-be3c7cb2235e,Rani Mukherjee,5782-2093-4559,9629878254,2011-10-29,2016-04-23,Inheritance,DD-5485-743,0,
87b53cca-4105-4a87-bab6-0994167ef518,76ffaa55-8631-41b6-887d-be3c7cb2235e,Vijay Prakash Rao,9264-6341-7719,9584188831,2016-04-23,,Partition,DD-2986-477,59076000.0,
8a60ebf6-508e-4b61-949b-b7b50574ec77,658819e9-c21a-45a1-a936-1010fb72ea98,Sonia Verma,2646-3903-5819,9233306531,1991-04-06,2002-03-15,Gift,DD-3643-274,47729000.0,
20126d75-84d0-4437-a192-f0a1184fce9e,658819e9-c21a-45a1-a936-1010fb72ea98,Ramesh Kumar Sharma,5476-3514-8219,9484492979,2002-03-15,,Court Decree,DD-7403-272,42051000.0,
7a628e83-ea16-431f-8dac-6d300974cb34,bab5d2d2-02d2-4e80-8a60-bb0fcf09ef68,Kavitha Rao,2582-3750-3736,9147258075,1989-08-20,2016-08-09,Gift,DD-4148-796,61232000.0,
29f559cd-9e29-4bc0-b866-bb489a019a61,bab5d2d2-02d2-4e80-8a60-bb0fcf09ef68,Asha Bhosale,4105-4393-9875,9524196654,2016-08-09,,Partition,DD-9396-210,72024000.0,
d5bfb960-d20a-4ad5-9fd8-0aaa459093d7,4a97096a-9993-43ca-8fd9-3da2f6d05d81,Balu Mahendra,3177-6440-3872,9782205574,1997-04-12,2003-03-22,Court Decree,DD-6314-746,26611000.0,
6621090f-52e8-4040-9b65-bf4f054ead17,4a97096a-9993-43ca-8fd9-3da2f6d05d81,Sonia Verma,8354-7264-9372,9787830375,2003-03-22,2018-08-27,Gift,DD-8899-169,26186000.0,
afc5f678-b8ee-4c4d-9f33-67b1bbe8b746,4a97096a-9993-43ca-8fd9-3da2f6d05d81,Ganesh Patel,1217-4811-1347,9761799351,2018-08-27,,Inheritance,DD-9248-701,0,
1ad74d2a-2c6d-4ce6-a777-f7ae26be45b4,21da47a3-be40-431e-9ca2-047fd6a78119,Dinesh Patil,4969-4372-9836,9158061488,1993-05-04,2018-01-17,Sale,DD-4752-967,73861000.0,
243ed2b4-eed1-4ed2-ac29-e5a6eb7c9449,21da47a3-be40-431e-9ca2-047fd6a78119,Sridevi Kapoor,9543-6269-4007,9574981389,2018-01-17,2018-12-26,Inheritance,DD-4644-722,0,
0049c26a-63d5-4179-bce8-13960f182b39,21da47a3-be40-431e-9ca2-047fd6a78119,Sunita Verma,1853-3318-4345,9234820097,2018-12-26,2024-07-11,Sale,DD-2058-990,77307000.0,
14af2281-e044-4a20-9f63-fd23a9ea2882,21da47a3-be40-431e-9ca2-047fd6a78119,Harish Chandra,4871-9313-2280,9557671519,2024-07-11,,Sale,DD-3845-706,82683000.0,
02fee826-c7ef-4e3b-9755-5072558d13c0,50dbc5d1-6585-4aa4-8007-7c7f4584fc21,Naresh Kumar,9801-3503-3878,9376264887,1991-02-15,2018-04-06,Partition,DD-2363-877,145952000.0,
ef848093-7052-4075-acb2-4229089f67c3,50dbc5d1-6585-4aa4-8007-7c7f4584fc21,Sridevi Kapoor,8878-2178-6459,9246733633,2018-04-06,,Partition,DD-8596-413,150541000.0,
c11cc6e1-c461-444f-94c5-49b3ed743926,2b8173e1-d2bf-407d-ba5f-d0510a8a9602,Sridevi Kapoor,7947-5043-4970,9612953915,1989-01-16,2018-10-01,Partition,DD-7032-813,41730000.0,
c2d0b4a2-02e3-4db1-85b2-fd9505f58ed9,2b8173e1-d2bf-407d-ba5f-d0510a8a9602,Priya Devi Nair,3422-5281-8462,9831289574,2018-10-01,2021-06-20,Sale,DD-6921-746,47264000.0,
78465d80-f5dd-4fb0-86b7-05ef2da4e0bd,2b8173e1-d2bf-407d-ba5f-d0510a8a9602,Sonia Verma,3644-1202-2912,9927825086,2021-06-20,2022-09-18,Inheritance,DD-5166-353,0,
9cbefbd8-0125-4d6f-bb3d-c227953cd926,2b8173e1-d2bf-407d-ba5f-d0510a8a9602,Lakshmi Venkatesh,9495-4093-7929,9278051737,2022-09-18,,Sale,DD-7297-507,53523000.0,
241a5038-b1ee-4bdd-a855-42a6784d4df0,6fd32d0c-2f9d-4dd2-9f3c-d506d061e806,Sushma Swarup,8060-3795-3890,9502278868,1992-04-26,2017-04-16,Sale,DD-7845-637,40938000.0,
486c5ae6-4e94-4270-9891-3aab939d87c5,6fd32d0c-2f9d-4dd2-9f3c-d506d061e806,Anil Kapoor,3981-9234-2806,9583893332,2017-04-16,2024-02-20,Inheritance,DD-3200-302,0,
3e5cc56b-c7e4-4360-a5c5-dc4804ef1f4a,6fd32d0c-2f9d-4dd2-9f3c-d506d061e806,Mohan Das,3993-4143-5249,9538937500,2024-02-20,,Court Decree,DD-4482-290,38088000.0,
12dc5cdc-7cf9-4844-9ddd-2851c813e351,64ff0cbc-74e9-467b-8c5e-fa64ae592de7,Sonia Verma,8036-6514-7074,9832141597,1994-03-09,1996-10-30,Gift,DD-8961-584,11953000.0,
980073a2-ab8d-468d-b5ce-e6cb27c5bbc0,64ff0cbc-74e9-467b-8c5e-fa64ae592de7,Mahesh Babu,7528-7200-1937,9482283477,1996-10-30,2010-04-26,Gift,DD-6164-936,11306000.0,
3f7abeba-06f4-4a28-a6b0-3d32964d7516,64ff0cbc-74e9-467b-8c5e-fa64ae592de7,Revathy Nair,7583-3275-1420,9746295060,2010-04-26,2018-09-02,Gift,DD-2641-103,11676000.0,
8726b6bc-bc62-4d8b-a053-c462b67e8d3b,64ff0cbc-74e9-467b-8c5e-fa64ae592de7,Ravi Shankar,7036-8404-8785,9652884702,2018-09-02,,Sale,DD-9693-386,14366000.0,
32254e45-cdb4-4727-ae62-085e5192dc83,cd596c0d-07c8-47a3-aaf4-34ba7eb240f3,Jyoti Prasad,9267-1520-3094,9634642954,1994-10-19,2003-01-03,Inheritance,DD-9520-997,0,
aa7f3e06-c674-40ed-b04a-e5ad6dace8a9,cd596c0d-07c8-47a3-aaf4-34ba7eb240f3,Vinod Khanna,8648-3753-8311,9224208992,2003-01-03,2007-02-16,Sale,DD-5937-952,9739000.0,
05a5980f-3d53-4608-8661-61cab4f9d17b,cd596c0d-07c8-47a3-aaf4-34ba7eb240f3,Rekha Nair,2465-2728-8125,9868546986,2007-02-16,2023-09-12,Partition,DD-9858-346,9226000.0,
9e95b2f7-548b-4a2f-9ba8-92e37e41d3c2,cd596c0d-07c8-47a3-aaf4-34ba7eb240f3,Rajesh Gupta,4610-5220-8803,9820052632,2023-09-12,,Sale,DD-3625-434,11173000.0,
0c729f6a-d4a9-42a4-8644-fcead0c040af,5eb65d32-e374-4110-9ea0-fe8fede545b8,Mahesh Babu,3087-6134-7229,9719459743,1994-02-20,2002-10-17,Inheritance,DD-2902-686,0,
9dfab33f-8729-434f-b3b0-8c9cf840082d,5eb65d32-e374-4110-9ea0-fe8fede545b8,Sunita Verma,7359-7941-6237,9928156566,2002-10-17,2023-06-06,Sale,DD-6092-163,3032000.0,
eb59fbef-bde3-4c9c-8801-782abcf36c10,5eb65d32-e374-4110-9ea0-fe8fede545b8,Rohit Sharma,4639-2746-7476,9109866101,2023-06-06,,Gift,DD-3069-632,3382000.0,
206cd110-69e9-44a1-aa09-2d1e94b584fe,e1caa4f5-a650-451d-901f-ee30d87eac2d,Ganesh Patel,4450-4687-1861,9933265252,1999-09-18,2020-02-19,Partition,DD-1963-929,15322000.0,
fb3e36b4-21a5-4125-83e2-de53476c6861,e1caa4f5-a650-451d-901f-ee30d87eac2d,Ajay Singh,5900-3608-1353,9688349223,2020-02-19,2024-02-13,Inheritance,DD-8987-844,0,
a8ab6b9e-d9a6-4117-826b-f67b762412b0,e1caa4f5-a650-451d-901f-ee30d87eac2d,Pooja Sharma,7412-7407-2176,9666768643,2024-02-13,,Partition,DD-6528-532,17178000.0,
1244a2e8-6f56-4a8d-a597-e30fbbaa7ac1,fc4bf496-3211-40e8-b402-eee45a337aa9,Santosh Kumar,7169-7997-3756,9160485496,1993-04-05,1999-05-06,Court Decree,DD-2670-794,5414000.0,
b5801ed9-9d57-4d29-b3c2-67b32d365cc2,fc4bf496-3211-40e8-b402-eee45a337aa9,Anita Kumari Singh,2922-9444-6545,9737150229,1999-05-06,2010-09-03,Sale,DD-6825-585,4991000.0,
47c5234e-b897-4ba5-85be-90c8a588edd8,fc4bf496-3211-40e8-b402-eee45a337aa9,Ravi Shankar,1556-2946-4946,9525894109,2010-09-03,,Partition,DD-3434-742,5685000.0,
dba4ed2c-c57f-445b-a8ec-0e49e937caf7,393fecbe-dcd2-4367-86ad-8fff7363db64,Vijay Prakash Rao,3967-7290-8932,9792130377,1991-06-22,2000-09-14,Court Decree,DD-8856-380,1574000.0,
929ef179-0e02-4602-ac0f-7113bd4660b8,393fecbe-dcd2-4367-86ad-8fff7363db64,Asha Bhosale,2040-9806-4029,9535220327,2000-09-14,2020-06-20,Partition,DD-5888-685,1417000.0,
86ad7234-11d9-4269-b26a-4a7fef3b04ac,393fecbe-dcd2-4367-86ad-8fff7363db64,Sunil Shetty,9004-2047-9501,9998876461,2020-06-20,2022-05-12,Sale,DD-7451-669,1668000.0,
0f79a90e-456f-441f-9932-7a5e2ab2e7c2,393fecbe-dcd2-4367-86ad-8fff7363db64,Nitin Gadkari,3033-4399-2922,9293986672,2022-05-12,,Court Decree,DD-9830-830,1964000.0,
2b571262-69d6-415b-b46b-9066927ce3f3,8feeddba-0931-47da-8a96-3a78e33bdddc,Asha Bhosale,9563-6769-9818,9648242211,1996-07-10,2017-11-12,Inheritance,DD-9035-811,0,
c51ad9f1-3d68-4d06-8595-54a82be1361c,8feeddba-0931-47da-8a96-3a78e33bdddc,Suresh Babu Reddy,4884-1601-4081,9252114137,2017-11-12,2018-02-07,Inheritance,DD-2622-778,0,
df802f2d-982a-4bc3-859b-a7e4fcc99b77,8feeddba-0931-47da-8a96-3a78e33bdddc,Harish Chandra,6882-5544-3105,9882869895,2018-02-07,2024-07-29,Gift,DD-4526-237,3017000.0,
311d9747-f22b-4739-8018-a256f1ccb85d,8feeddba-0931-47da-8a96-3a78e33bdddc,Meena Devi,7255-3675-7554,9589699023,2024-07-29,,Court Decree,DD-7914-176,3228000.0,
f1b71ad4-98a2-4a51-8621-5b3ef0ff264a,e82e8df2-b32e-46e1-84f6-020a5d9b6cd7,Uma Shankar,2457-6944-6464,9935447323,1992-11-15,2002-08-18,Sale,DD-9984-516,5920000.0,
cafee011-ca92-4c55-8b68-210253b7a784,e82e8df2-b32e-46e1-84f6-020a5d9b6cd7,Rajesh Gupta,1161-2604-7179,9338612895,2002-08-18,2005-03-01,Gift,DD-3397-989,6922000.0,
20f972fd-f685-44ad-aa11-f2f6a9a14562,e82e8df2-b32e-46e1-84f6-020a5d9b6cd7,Arun Prakash,9625-6022-9021,9202585894,2005-03-01,,Partition,DD-2720-901,8447000.0,
8fb298e1-cc4c-4fa9-af0c-5afc242e9496,f93cde85-c0ef-4f83-bc02-7068fa1bd0b1,Mahesh Babu,5081-7852-8500,9296606987,1999-12-16,1997-08-04,Gift,DD-1866-842,3965000.0,
0b51e2c8-fe58-4bb3-b2a5-f06769537551,f93cde85-c0ef-4f83-bc02-7068fa1bd0b1,Sushma Swarup,5519-8008-9529,9871447859,1997-08-04,2004-12-05,Partition,DD-6799-917,4114000.0,
e81f1d8f-712c-488e-a27a-766355bb6154,f93cde85-c0ef-4f83-bc02-7068fa1bd0b1,Lakshmi Venkatesh,6007-7660-6123,9196787722,2004-12-05,,Inheritance,DD-6000-750,0,
5fb21739-4928-49fb-9a44-0e465f274eef,9dec123e-8881-46aa-9803-5dfd3a9780f4,Pooja Sharma,5001-9652-1693,9752162382,1998-07-12,1997-03-08,Sale,DD-7962-819,1852000.0,
cb980e3e-38b4-4ea1-9582-6cc5b5bb8be2,9dec123e-8881-46aa-9803-5dfd3a9780f4,Sunil Shetty,4687-3864-2230,9494117936,1997-03-08,2005-12-15,Partition,DD-3761-790,2263000.0,
7d0bda0a-7f34-4294-bc15-73134326c0c0,9dec123e-8881-46aa-9803-5dfd3a9780f4,Anita Kumari Singh,7925-9118-7211,9283055765,2005-12-15,2008-01-28,Inheritance,DD-9416-461,0,
b0c62631-6d61-48cb-940e-cfb3fb379e71,9dec123e-8881-46aa-9803-5dfd3a9780f4,Ravi Shankar,9832-2931-5752,9421239920,2008-01-28,,Gift,DD-2855-446,2751000.0,
c4666b33-ad52-4f99-9da7-1dbd90761252,c3805089-5c76-4547-bcc0-6f8c23e1a5f7,Sunil Shetty,9426-3518-7729,9232975024,1988-07-24,1998-04-20,Sale,DD-8058-603,2644000.0,
7110b6a2-ef50-49b2-a271-8916904bc254,c3805089-5c76-4547-bcc0-6f8c23e1a5f7,Meena Devi,4704-8711-7477,9501911728,1998-04-20,2020-04-15,Partition,DD-1113-259,3061000.0,
c84490f6-717d-4bfa-b9d7-6cb907458177,c3805089-5c76-4547-bcc0-6f8c23e1a5f7,Rani Mukherjee,5415-2780-8185,9804674903,2020-04-15,,Gift,DD-6971-538,3694000.0,
81c4eade-4fcf-43fc-8103-19c0b08c3af4,efa5f59a-015c-46b2-a292-88c4b1805b65,Priya Devi Nair,3066-3548-6638,9636871915,2000-10-05,1997-10-07,Partition,DD-3153-212,6654000.0,
18631623-2203-4869-bf8f-e32742874d6b,efa5f59a-015c-46b2-a292-88c4b1805b65,Dinesh Patil,8039-1131-8116,9615603325,1997-10-07,1997-11-30,Sale,DD-4874-153,7461000.0,
491411cf-ab4f-45e4-98eb-6a05ebef48ef,efa5f59a-015c-46b2-a292-88c4b1805b65,Ranjit Kumar,5059-3498-9376,9300639654,1997-11-30,,Gift,DD-5623-597,6588000.0,
6d8c7ecd-a055-458f-a093-50f2f57dde63,53158995-579c-4fcc-90bc-ac2679b7091e,Revathy Nair,4791-4633-6507,9557495466,1990-04-11,1997-05-09,Sale,DD-7231-517,1286000.0,
2d09e581-9b82-4978-8838-690468f19f88,53158995-579c-4fcc-90bc-ac2679b7091e,Anita Kumari Singh,5985-2803-5411,9490386919,1997-05-09,2020-03-11,Partition,DD-2005-622,1313000.0,
09bf64d9-13f0-4826-b178-07197c536dde,53158995-579c-4fcc-90bc-ac2679b7091e,Asha Bhosale,1779-3977-1669,9100575452,2020-03-11,2023-02-22,Gift,DD-6751-828,1336000.0,
19342b28-d258-4394-af7c-b7549c0daff3,53158995-579c-4fcc-90bc-ac2679b7091e,Rajesh Gupta,2650-8059-4028,9370865381,2023-02-22,,Sale,DD-6269-317,1288000.0,
2f362ec0-7a56-4145-9c08-64453db51100,26e7780f-4164-4cea-91f4-8a3aa8051c08,Seema Malhotra,2616-2226-9955,9764657323,1992-07-12,2014-07-13,Inheritance,DD-4160-821,0,
ad53cd0b-e458-45f8-b95b-a1a1f05384f5,26e7780f-4164-4cea-91f4-8a3aa8051c08,Sunita Verma,9741-3517-1717,9237258508,2014-07-13,2020-11-30,Gift,DD-5939-842,2199000.0,
7f822207-4e50-4315-b5a5-ceaa520fb95f,26e7780f-4164-4cea-91f4-8a3aa8051c08,Ganesh Patel,5137-6690-6996,9581554115,2020-11-30,2021-03-15,Inheritance,DD-7851-663,0,
69c0652e-d22e-44ba-a62f-44adc71ad60a,26e7780f-4164-4cea-91f4-8a3aa8051c08,Sunil Shetty,9255-1358-3735,9743336344,2021-03-15,,Sale,DD-8145-169,2294000.0,
ba4bca90-6987-4103-b60b-c2a25a37112c,0a595b1c-03f9-44ae-ac49-8399b8db174b,Sushma Swarup,5399-2951-3803,9340442416,2000-05-11,2000-02-01,Court Decree,DD-5240-410,7039000.0,
ba516810-52a3-44a4-ae97-53bc41bde8da,0a595b1c-03f9-44ae-ac49-8399b8db174b,Uma Shankar,3427-5550-3178,9390377213,2000-02-01,2001-06-10,Sale,DD-9741-343,6805000.0,
54b73fb5-f6a9-4a6f-b40f-65f52d0af10c,0a595b1c-03f9-44ae-ac49-8399b8db174b,Geeta Mahesh Patel,1022-6692-7047,9448495661,2001-06-10,2007-01-05,Sale,DD-5079-943,6356000.0,
d1d32816-49af-42cf-b095-8b19bc929d22,0a595b1c-03f9-44ae-ac49-8399b8db174b,Smita Patil,5831-6318-1938,9772114391,2007-01-05,,Sale,DD-9999-370,7238000.0,
d57209a3-ed69-470b-bf65-602950e2d11c,bcecfd38-1b05-4e97-b9cd-a3031f4d8849,Lakshmi Venkatesh,9125-3973-8526,9298672324,2000-09-29,2019-05-15,Partition,DD-7039-251,6757000.0,
3f065f2a-32ce-44f6-aa8b-6bddb9495fc0,bcecfd38-1b05-4e97-b9cd-a3031f4d8849,Anil Kapoor,3955-5621-1344,9433032005,2019-05-15,,Inheritance,DD-4094-683,0,
2a23de0a-ed0d-4bca-a4f1-1475a07a9ffa,ace00b8f-447b-49af-9e0a-bba5afb57814,Ramesh Kumar Sharma,2742-9886-6544,9859624835,1990-10-14,2006-07-01,Gift,DD-3336-742,17509000.0,
e05f2e08-f387-45ee-aa7b-6beed280f26d,ace00b8f-447b-49af-9e0a-bba5afb57814,Jyoti Prasad,8279-3672-6036,9456220636,2006-07-01,,Sale,DD-4314-242,18247000.0,
7ed687df-759f-4dd3-8310-493294ebe949,1c983769-56e5-41dc-ad84-57023cabe90c,Sushma Swarup,6854-2249-6467,9227078391,1992-05-14,2014-10-29,Sale,DD-4678-204,19677000.0,
fcb69cdf-075c-4c78-8542-a9fa45bc0915,1c983769-56e5-41dc-ad84-57023cabe90c,Arun Prakash,8022-9691-6486,9743827930,2014-10-29,2023-12-01,Gift,DD-2389-144,21483000.0,
00300156-9d4e-4166-9723-14b1d519e719,1c983769-56e5-41dc-ad84-57023cabe90c,Lalitha Kumari,5940-5702-6707,9211586005,2023-12-01,,Inheritance,DD-7967-253,0,
05a95ca2-7567-41d1-bd84-6a695e19a20c,1c43f7e8-dfaa-40d2-b719-4d7b7ea1d8a8,Revathy Nair,7782-6463-3264,9961292259,1990-06-23,2019-12-08,Gift,DD-6231-606,10714000.0,
44eda05b-837d-4208-92c6-e5d4d20225e6,1c43f7e8-dfaa-40d2-b719-4d7b7ea1d8a8,Vinod Khanna,9144-9826-9745,9628926733,2019-12-08,,Inheritance,DD-7278-528,0,
a00f88db-c925-454e-a0f9-c4bb8a510f29,ed988495-3510-4a2f-81a9-a6a6f7aa3512,Kavitha Rao,1915-3257-2920,9847088874,1988-01-25,2019-05-10,Court Decree,DD-7898-348,51201000.0,
a5d5d5ce-626e-44a9-9b94-0294310a2ea5,ed988495-3510-4a2f-81a9-a6a6f7aa3512,Priya Devi Nair,7958-7089-1886,9853124412,2019-05-10,2022-08-18,Inheritance,DD-7184-850,0,
c599d20e-3278-4c08-9be5-a89c14e34a3b,ed988495-3510-4a2f-81a9-a6a6f7aa3512,Rekha Nair,1494-3406-6984,9251695555,2022-08-18,,Sale,DD-2208-588,60672000.0,
bdd90056-a6d6-462e-a8bf-152d744b228c,6b90190b-54d5-42e0-9ff6-cceded8107d3,Meena Devi,9222-6014-4724,9554912473,2001-07-21,2013-05-02,Partition,DD-8443-667,2774000.0,
40a01164-6dd9-4931-a2fa-f82b77405e36,6b90190b-54d5-42e0-9ff6-cceded8107d3,Sunil Shetty,7185-3050-4471,9529928824,2013-05-02,,Inheritance,DD-5453-194,0,
c2ede373-933e-4512-80fb-dfa6ee477b98,2bff7d00-c973-487e-9f91-170c7332e384,Naresh Kumar,4075-4305-1530,9358057908,1999-08-09,1998-11-13,Sale,DD-2070-316,4217000.0,
4c39dede-52cc-4138-857e-895526ce0a09,2bff7d00-c973-487e-9f91-170c7332e384,Jyoti Prasad,8926-1748-1787,9437778016,1998-11-13,2011-11-10,Gift,DD-2393-683,4537000.0,
d8b2aad0-c5e7-410e-92f5-a1a6534f434e,2bff7d00-c973-487e-9f91-170c7332e384,Sushma Swarup,7523-9195-4192,9437662209,2011-11-10,,Sale,DD-6056-108,5636000.0,
6183c1eb-bc7c-4de3-8e67-58dfc3a918d5,2b0a1a7d-8113-4f82-b4d7-5e2f638738ae,Sunil Shetty,9573-6593-8331,9943265140,1995-02-24,2007-07-04,Inheritance,DD-3638-613,0,
461d87a7-8d60-4299-a7fe-f4475ac7c8eb,2b0a1a7d-8113-4f82-b4d7-5e2f638738ae,Mahesh Babu,8059-1655-7350,9356743087,2007-07-04,,Inheritance,DD-6554-397,0,
7def2d8b-6cda-4b51-9909-860707f8a6aa,a98f6b34-a7e0-424b-ab48-dacf6b52b9e5,Seema Malhotra,3301-3031-8999,9142512277,1989-01-02,2012-01-12,Partition,DD-5226-584,27816000.0,
413c8dc1-e6eb-407b-996f-9d6a5cec840c,a98f6b34-a7e0-424b-ab48-dacf6b52b9e5,Girish Kumar,3113-8222-7008,9650270404,2012-01-12,,Gift,DD-5696-510,28195000.0,
6d0c7db0-2d8f-4a65-bd6d-b71d0cdef81a,6bd7ca37-2ced-4991-aef7-7b1b15c232f6,Prakash Raj,2787-2406-3953,9885740776,1991-02-08,1996-08-26,Partition,DD-8675-757,6807000.0,
ffde27c7-7fdf-47a5-b6aa-ef3dc375cf00,6bd7ca37-2ced-4991-aef7-7b1b15c232f6,Ajay Singh,6385-2056-6198,9467674476,1996-08-26,2009-11-23,Sale,DD-7503-886,6965000.0,
a5aea1d5-b635-4960-bd76-13d5511b28ce,6bd7ca37-2ced-4991-aef7-7b1b15c232f6,Divya Menon,2873-5560-8447,9141105345,2009-11-23,2011-06-19,Court Decree,DD-8967-317,7877000.0,
f25dfedf-c25f-4e02-ad73-658e1f0e0319,6bd7ca37-2ced-4991-aef7-7b1b15c232f6,Harish Chandra,6245-1513-7230,9167001765,2011-06-19,,Court Decree,DD-3551-581,7154000.0,
39511340-596f-44bf-9be4-32a996375867,58f1c593-c3b3-4e80-bb18-5d89904d234f,Smita Patil,8890-8790-9773,9839626111,1999-06-25,1999-11-02,Gift,DD-3695-303,31494000.0,
2a3ebb0b-2f45-43ba-99ad-70a34471800d,58f1c593-c3b3-4e80-bb18-5d89904d234f,Revathy Nair,7375-1162-4253,9183546470,1999-11-02,2022-03-11,Inheritance,DD-8156-463,0,
761da18a-6e37-45a2-8cb9-3bd795ad1fae,58f1c593-c3b3-4e80-bb18-5d89904d234f,Saritha Devi,6185-1232-3465,9592481419,2022-03-11,,Court Decree,DD-3369-431,35135000.0,
6ebfc1a0-1a86-4dc7-867c-d7dae129e561,f60ac9a5-4f07-4c74-a6d3-48987cb6452c,Priya Devi Nair,5947-6029-9226,9979449864,1993-04-20,2019-06-07,Court Decree,DD-1235-479,26956000.0,
be748ba1-b5ce-4f58-b30d-8b1eda6fc5f9,f60ac9a5-4f07-4c74-a6d3-48987cb6452c,Smita Patil,7723-6762-6770,9989257792,2019-06-07,,Sale,DD-9177-764,33685000.0,
1f39134d-6508-481d-844d-210038b598a8,c9ec89b5-da4e-4c15-9cac-d721df553cfa,Nandini Reddy,1534-5749-7891,9327494893,1995-02-28,2017-06-24,Court Decree,DD-9924-202,57759000.0,
c5a7c8ab-142a-4264-b3e5-76facbdebb48,c9ec89b5-da4e-4c15-9cac-d721df553cfa,Sridevi Kapoor,2875-4204-8693,9233617038,2017-06-24,,Inheritance,DD-8448-664,0,
2980a970-dda1-4106-aee8-8866f7caeb6d,a85be164-2e61-41e6-8264-a1103c54b8d0,Jyoti Prasad,8045-4962-7412,9306867533,2001-04-25,1996-11-15,Court Decree,DD-6201-443,19472000.0,
a35d819b-4aeb-4531-9ede-3b51b1ef9133,a85be164-2e61-41e6-8264-a1103c54b8d0,Jyoti Prasad,8030-3111-7396,9881805071,1996-11-15,1998-07-23,Court Decree,DD-7444-948,16953000.0,
64479936-4064-4358-8a06-efd84e8bbbcd,a85be164-2e61-41e6-8264-a1103c54b8d0,Sunil Shetty,3595-8166-4784,9206920983,1998-07-23,2004-09-04,Inheritance,DD-7604-425,0,
051c72dc-ea03-4837-b8a6-2a52973dcb2a,a85be164-2e61-41e6-8264-a1103c54b8d0,Uma Shankar,7422-5263-3605,9446179340,2004-09-04,,Inheritance,DD-9261-221,0,
495c216e-e769-4c08-b2c7-45fd24b04ad9,8cfeac80-3f3d-415d-a575-7053ea9617b6,Uma Shankar,2694-2817-8522,9739836790,1991-09-16,2012-11-28,Gift,DD-2359-247,27200000.0,
1ec8d324-607a-4a84-b4b8-1998ebc6ea03,8cfeac80-3f3d-415d-a575-7053ea9617b6,Arun Prakash,2520-2267-9097,9488047414,2012-11-28,2020-07-30,Sale,DD-2754-245,26193000.0,
ccd05919-be47-4a0d-9dad-955d4110df52,8cfeac80-3f3d-415d-a575-7053ea9617b6,Anil Kapoor,1359-7778-2205,9622393962,2020-07-30,,Inheritance,DD-7402-203,0,
9bb0dc0e-aa99-4af2-bb60-fa910d5bb79a,15c87c70-d10a-4e65-8efa-be8fdbf429bf,Santosh Kumar,4543-6978-2880,9332956649,1999-03-23,2019-04-23,Court Decree,DD-1377-630,17810000.0,
011f8e51-6686-41f8-92e6-d837344a7156,15c87c70-d10a-4e65-8efa-be8fdbf429bf,Saritha Devi,3073-5384-5483,9617087085,2019-04-23,,Sale,DD-6366-241,16704000.0,
270bd86b-e53f-42f8-8e2b-fedb2054a526,9457a094-814a-4f99-bedd-0255a1d68098,Sridevi Kapoor,8033-4272-6782,9501537013,2000-08-07,2014-03-08,Gift,DD-6222-737,14581000.0,
264f9444-b8a9-4c7e-a732-081fd9aa3016,9457a094-814a-4f99-bedd-0255a1d68098,Nandini Reddy,5146-7714-5808,9748413461,2014-03-08,2017-05-01,Sale,DD-8363-271,17581000.0,
d86d95ed-d11b-474c-beb8-b1e0747c7f1a,9457a094-814a-4f99-bedd-0255a1d68098,Arun Prakash,6286-8035-4046,9484125249,2017-05-01,,Court Decree,DD-6771-507,15154000.0,
f3348bf9-ee33-4a64-a39d-dc1f53613d28,a83baa5a-6d61-44be-9515-72cd3a7223ec,Sunita Verma,4229-1813-9092,9635422402,1998-05-31,2016-11-21,Partition,DD-8130-425,32525000.0,
f6d111ef-d89e-49e2-93af-5fd8f57603b7,a83baa5a-6d61-44be-9515-72cd3a7223ec,Seema Malhotra,3803-6355-7272,9353856096,2016-11-21,2022-04-24,Sale,DD-5496-531,29198000.0,
9b621f0e-8076-4cbb-87da-93879d28d30e,a83baa5a-6d61-44be-9515-72cd3a7223ec,Jyoti Prasad,1076-8565-5659,9240722504,2022-04-24,2022-06-23,Court Decree,DD-1348-391,25027000.0,
29ece067-f68e-418f-a5f6-c695e916a4dc,a83baa5a-6d61-44be-9515-72cd3a7223ec,Suresh Babu Reddy,6527-1266-2137,9604544144,2022-06-23,,Partition,DD-1606-646,30463000.0,
91602d3b-14f2-4eda-821b-6ab40939ccf5,a70dc26b-3aeb-45c5-8b6a-8c67ca4cf554,Sunita Verma,7043-9807-1080,9838993413,1998-12-20,2010-05-19,Inheritance,DD-3788-190,0,
d6723778-57d7-4526-bd47-3a8208af4ccf,a70dc26b-3aeb-45c5-8b6a-8c67ca4cf554,Anita Kumari Singh,5985-2229-5320,9453614288,2010-05-19,2012-09-05,Sale,DD-5254-903,3292000.0,
22c2fa1c-575c-43c6-b148-4005b8114815,a70dc26b-3aeb-45c5-8b6a-8c67ca4cf554,Deepika Mehta,8548-2964-3069,9442880849,2012-09-05,2015-09-01,Court Decree,DD-7218-376,3718000.0,
7c7ed761-d850-463c-8450-16aecc318908,a70dc26b-3aeb-45c5-8b6a-8c67ca4cf554,Seema Malhotra,3004-9548-9644,9358260082,2015-09-01,,Inheritance,DD-7771-752,0,
17b9f3a7-d698-4fb9-8ebe-955d9ba4ea49,21ca2d48-e50a-4a1d-9f04-2256ce8b8386,Sunil Shetty,9420-6134-6108,9860759357,1991-11-28,2007-05-25,Gift,DD-4418-933,22675000.0,
3662fc44-6a3e-44ad-bd50-cd2b50fda760,21ca2d48-e50a-4a1d-9f04-2256ce8b8386,Deepika Mehta,4584-6957-7317,9585795047,2007-05-25,,Partition,DD-3523-968,23850000.0,
2894ad50-db0f-4e09-86fa-ace008725322,3a6e3e6e-a9bb-4bb1-adf3-d9be44366743,Ranjit Kumar,9321-6467-1870,9573885859,1999-11-03,1997-01-30,Inheritance,DD-7503-614,0,
29d5c7d7-38c8-44ef-93ef-0357aabc4fa5,3a6e3e6e-a9bb-4bb1-adf3-d9be44366743,Sridevi Kapoor,7923-4177-5816,9303419997,1997-01-30,2011-05-18,Gift,DD-7058-200,6568000.0,
b2092389-0259-4329-a001-7c8682926f3c,3a6e3e6e-a9bb-4bb1-adf3-d9be44366743,Sonia Verma,9087-9497-8103,9217236027,2011-05-18,,Partition,DD-3894-708,6308000.0,
48238521-bd24-46a1-a626-dd4b80d6de2a,36074b45-a8cf-427e-a568-876b154385d3,Girish Kumar,8811-6002-4909,9282785838,2000-03-15,2001-03-15,Inheritance,DD-9245-817,0,
b33d2293-ba35-45b3-96c7-c66954778de4,36074b45-a8cf-427e-a568-876b154385d3,Prakash Raj,3323-1208-8775,9559478337,2001-03-15,2007-04-27,Gift,DD-2137-270,4000000.0,
d9a1bb1c-0dcb-4bd2-ab19-e0eb5fae52e4,36074b45-a8cf-427e-a568-876b154385d3,Mohammad Arif Khan,3797-1159-6769,9608771260,2007-04-27,2013-06-15,Gift,DD-1341-281,4959000.0,
a80c4fd4-5218-41bb-8942-3c6fd9e6cce8,36074b45-a8cf-427e-a568-876b154385d3,Divya Menon,2792-1740-1284,9709098013,2013-06-15,,Court Decree,DD-1016-600,5947000.0,
7ab949c0-e021-440a-9fb0-14d6925b00ef,71ee3aa7-b4bb-4ad8-8310-2824677a859e,Kavitha Rao,3320-6852-9156,9133183643,1993-12-12,2014-05-21,Court Decree,DD-1339-251,35024000.0,
74c96483-593f-457f-aaf3-6fec95b55932,71ee3aa7-b4bb-4ad8-8310-2824677a859e,Harish Chandra,2462-4175-7189,9785835146,2014-05-21,,Inheritance,DD-8056-468,0,
39e8a572-ebdb-4b07-9f51-e4b7f3bfd2c8,38dde238-2eac-4f00-a3cc-6581bd1d24b3,Anil Kapoor,3410-8640-3461,9661766871,1987-07-24,2008-05-25,Gift,DD-5725-212,16687000.0,
2ada0493-036d-4039-a704-3a42b98e5a1e,38dde238-2eac-4f00-a3cc-6581bd1d24b3,Mohammad Arif Khan,5828-1255-8436,9143973049,2008-05-25,2014-09-27,Gift,DD-3664-410,17433000.0,
8f15f340-b887-4bbe-b99a-e0e24ee83ec9,38dde238-2eac-4f00-a3cc-6581bd1d24b3,Rohit Sharma,3022-1871-9001,9428373339,2014-09-27,2015-11-08,Inheritance,DD-5636-945,0,
bafaae65-ce41-45b2-8866-a5b2c8d0bdc9,38dde238-2eac-4f00-a3cc-6581bd1d24b3,Ramesh Kumar Sharma,1817-5119-3256,9476043961,2015-11-08,,Sale,DD-8050-460,19422000.0,
e03b77a5-7302-40ae-a9f3-3c0952efe6d4,ceb32b1a-221e-4735-9a31-464ed7e54e8c,Meena Devi,3223-7820-4268,9423263148,1993-03-25,2016-09-02,Gift,DD-3280-799,38244000.0,
915163b7-9402-4222-b67f-3f6215da6558,ceb32b1a-221e-4735-9a31-464ed7e54e8c,Uma Shankar,8555-9942-4004,9503690359,2016-09-02,,Gift,DD-2402-404,41176000.0,
13d588c3-7ff0-45c5-871d-03d761b9a0a5,f9d1c00a-2c0a-492f-b89f-854a2257c012,Ajay Singh,3063-7601-1097,9596936109,2001-05-09,2020-05-11,Court Decree,DD-5806-154,23209000.0,
9005640c-9650-49f8-923c-698f8f3fba28,f9d1c00a-2c0a-492f-b89f-854a2257c012,Anita Kumari Singh,5426-2753-6463,9738167383,2020-05-11,,Court Decree,DD-8540-959,20232000.0,
6adecc02-ba8b-47e1-bfee-4b2b0253a535,5000e182-d3f6-418a-9900-450c4bfce5cc,Vijay Prakash Rao,5050-4347-2697,9608677033,2000-07-11,2022-11-21,Inheritance,DD-2983-632,0,
7e1458af-ba3c-47ca-bbc3-858a4292d06c,5000e182-d3f6-418a-9900-450c4bfce5cc,Geeta Mahesh Patel,5913-7628-8925,9297615674,2022-11-21,,Sale,DD-9287-554,25537000.0,
a4efdce7-958e-44e3-bc31-ccf742440fd3,93329a1e-71fb-435a-bcda-cd127839fcf7,Santosh Kumar,1458-5643-8488,9228984845,1995-09-08,1999-02-19,Sale,DD-8601-526,12104000.0,
45cde465-58ff-4f9c-b487-1a5e3de536b2,93329a1e-71fb-435a-bcda-cd127839fcf7,Suresh Babu Reddy,8282-1698-6811,9249576019,1999-02-19,2000-08-23,Court Decree,DD-7380-111,13099000.0,
f06d55f9-41a4-4898-afbf-8555e08449bc,93329a1e-71fb-435a-bcda-cd127839fcf7,Rekha Nair,6861-9202-9244,9326323450,2000-08-23,,Partition,DD-8509-383,11182000.0,
71c5d687-8a9a-4347-9fc1-73e16979b9bc,809ff23d-7ba1-4709-8f94-15572c6ff003,Ajay Singh,2107-1736-1483,9886921228,1999-10-27,2008-04-01,Court Decree,DD-6703-698,67193000.0,
96e315e0-e309-49a1-b0ff-35377c06216b,809ff23d-7ba1-4709-8f94-15572c6ff003,Lalitha Kumari,2740-9182-8805,9447526614,2008-04-01,,Inheritance,DD-4796-198,0,
ef98e385-231b-4f5e-9771-99cd12a1a9f9,fff005cb-2a99-4872-bbf8-77a789203bdf,Seema Malhotra,5687-4694-4296,9896881694,1988-09-29,2020-03-22,Court Decree,DD-4272-300,6303000.0,
33cbffa4-e600-4a88-a322-c50e3fad5526,fff005cb-2a99-4872-bbf8-77a789203bdf,Sunil Shetty,4150-2409-1397,9775507797,2020-03-22,2021-04-08,Inheritance,DD-8111-933,0,
7295d8c9-c600-4826-b64a-a3d194c7a8d9,fff005cb-2a99-4872-bbf8-77a789203bdf,Ramesh Kumar Sharma,6891-7685-9955,9177271956,2021-04-08,,Sale,DD-4334-134,7400000.0,
5378d5cd-3a0e-48b4-ab95-218e4cc65222,7c11237c-b72c-4454-8e3a-23655f74b158,Sushma Swarup,5118-7396-6863,9172963783,1999-05-12,1999-02-19,Court Decree,DD-6421-123,8464000.0,
6fad5143-2e76-4e08-a5cc-3291f6573918,7c11237c-b72c-4454-8e3a-23655f74b158,Rani Mukherjee,4955-9482-9192,9435264420,1999-02-19,,Inheritance,DD-5719-176,0,
8e737ca8-f1bf-4f87-aee1-3afa9daa0042,d3b51586-e0cc-4129-8579-94a917f565bb,Deepika Mehta,5432-1683-2704,9138225296,2000-11-03,2001-09-02,Partition,DD-2320-664,65423000.0,
83e09abf-c388-4170-aa82-60ea353418c1,d3b51586-e0cc-4129-8579-94a917f565bb,Ranjit Kumar,8824-5971-4731,9123024522,2001-09-02,2011-04-17,Partition,DD-9316-330,72628000.0,
ccbfd570-8c4f-4cda-bcd2-63238ec5ae79,d3b51586-e0cc-4129-8579-94a917f565bb,Sunita Verma,9752-7215-1296,9693238019,2011-04-17,,Sale,DD-1431-892,84447000.0,
cc4805fc-b1c2-42d8-a7f9-be7665abd11b,f629ab95-ab96-4bfe-a320-aad56eb72d0b,Anita Kumari Singh,3076-8185-3958,9403435126,1986-11-27,1997-10-14,Inheritance,DD-1931-178,0,
5c8f18d6-f9f7-416b-81ea-2b92f890c9a5,f629ab95-ab96-4bfe-a320-aad56eb72d0b,Ravi Shankar,5790-3125-7517,9614001677,1997-10-14,,Sale,DD-6146-458,19622000.0,
9b50ed09-1f34-491c-94b7-029329d3dcdf,a6f7446c-d3ed-40eb-8b2e-8f01b6a65a5d,Naresh Kumar,4453-3011-7101,9878366992,1995-11-03,2008-02-01,Inheritance,DD-9535-336,0,
012f1bd7-08c1-4daf-b7bc-b5d2bcb4e13e,a6f7446c-d3ed-40eb-8b2e-8f01b6a65a5d,Revathy Nair,8213-8434-2871,9122859588,2008-02-01,2015-05-19,Inheritance,DD-1587-340,0,
dcdfe15b-469b-4f09-ae23-1167ee505717,a6f7446c-d3ed-40eb-8b2e-8f01b6a65a5d,Sridevi Kapoor,5921-2384-1978,9399673271,2015-05-19,,Partition,DD-1553-376,50606000.0,
387b2ed1-1f2c-43f3-a81f-376efdd9112f,2fd1db08-449b-486d-a417-b73dd9c7bfbf,Saritha Devi,5709-9761-8594,9555089389,1997-08-01,2000-12-27,Sale,DD-2789-666,35173000.0,
af791676-d32c-4094-bbe6-ffda3323c6e4,2fd1db08-449b-486d-a417-b73dd9c7bfbf,Sridevi Kapoor,8656-4903-3160,9116303070,2000-12-27,2001-04-26,Court Decree,DD-9501-366,32184000.0,
0c64b277-f2c2-4253-8f18-726520072584,2fd1db08-449b-486d-a417-b73dd9c7bfbf,Rani Mukherjee,5846-6530-7465,9141453097,2001-04-26,2005-12-18,Gift,DD-5495-187,40215000.0,
e8b6132e-c27c-4941-b849-88f9ec0d8a8c,2fd1db08-449b-486d-a417-b73dd9c7bfbf,Meena Devi,1202-3036-6028,9710358959,2005-12-18,,Court Decree,DD-5493-470,38506000.0,
8222cdf5-7c41-4e44-bfec-3a4133244ac2,5be9c2d7-334d-4623-b4f8-499d0de679bb,Suresh Babu Reddy,4018-9302-8214,9722652915,1994-07-04,1996-08-25,Court Decree,DD-1812-338,15244000.0,
213ed7ca-d99f-490b-8f5a-aabf4674117c,5be9c2d7-334d-4623-b4f8-499d0de679bb,Anita Kumari Singh,5244-5217-1264,9828413374,1996-08-25,1998-01-12,Gift,DD-1687-666,17332000.0,
aaa51ccb-9d65-457d-b234-4100e078d08c,5be9c2d7-334d-4623-b4f8-499d0de679bb,Ravi Shankar,6729-2788-2269,9644320464,1998-01-12,2017-08-06,Gift,DD-9854-835,15042000.0,
f97d7e07-43b2-4c6b-addd-0aaf049f0257,5be9c2d7-334d-4623-b4f8-499d0de679bb,Harish Chandra,6337-7084-7815,9176657833,2017-08-06,,Partition,DD-2854-623,13252000.0,
63b7d936-66dc-4230-a3de-cf6e2f38dd7f,81ba4bf1-8f35-4df2-af19-6eed7d8cc358,Sridevi Kapoor,2285-2266-4679,9707096187,1996-10-16,2010-10-11,Court Decree,DD-1534-772,20381000.0,
6fd8f502-f9ed-41c0-b65f-376edbb56fb0,81ba4bf1-8f35-4df2-af19-6eed7d8cc358,Saritha Devi,2986-9646-1842,9751870820,2010-10-11,,Court Decree,DD-9982-851,20732000.0,
c399e4b1-2f67-40c1-95fd-08480556fbe5,1183d95b-eb1f-4bfb-a3d9-f46986b132ac,Deepika Mehta,9808-5013-7678,9823814870,1990-05-09,1999-09-15,Partition,DD-4764-683,9295000.0,
0fffaac4-7ebd-4249-b3a7-f2b9a0c8320d,1183d95b-eb1f-4bfb-a3d9-f46986b132ac,Sushma Swarup,6596-6142-2932,9187516357,1999-09-15,2004-02-01,Court Decree,DD-3263-720,8868000.0,
206a1eb4-c2ac-4134-a026-7da426327538,1183d95b-eb1f-4bfb-a3d9-f46986b132ac,Jyoti Prasad,9096-4245-3947,9587553038,2004-02-01,2009-04-10,Partition,DD-7898-617,11026000.0,
f93e2248-8ca8-4e87-8759-9e6363bd4961,1183d95b-eb1f-4bfb-a3d9-f46986b132ac,Vinod Khanna,8698-2654-3070,9136588469,2009-04-10,,Sale,DD-3732-223,11218000.0,
77c1a856-358f-425d-b923-b0cd1afc8890,08e671d6-59e9-48cf-ba57-78b57d6311e2,Deepika Mehta,4005-9345-2372,9263484058,1999-08-07,1997-01-16,Partition,DD-5739-875,28970000.0,
2f8c245d-237c-4805-b81c-563eef22fc50,08e671d6-59e9-48cf-ba57-78b57d6311e2,Sridevi Kapoor,6250-8185-3895,9646177238,1997-01-16,2004-01-22,Sale,DD-7060-790,32150000.0,
5900ed20-a29d-4ae3-b7d7-c078078ca500,08e671d6-59e9-48cf-ba57-78b57d6311e2,Naresh Kumar,9082-6588-1791,9705731415,2004-01-22,,Court Decree,DD-5576-891,28574000.0,
705418ca-d76e-4897-8f4a-a5416da06a5e,3b15d949-dee2-45f7-b1ba-fb5fa23902ea,Kavitha Rao,5565-3310-2572,9322096099,1996-05-05,2020-03-09,Gift,DD-5250-720,13893000.0,
1156d2bc-ee85-472f-9262-fda9dd78861b,3b15d949-dee2-45f7-b1ba-fb5fa23902ea,Sonia Verma,1651-9844-9813,9957911130,2020-03-09,,Court Decree,DD-9334-872,12747000.0,
7324c477-4f62-4b8c-969a-6be0ec6ffd76,916098b4-1b54-458f-937a-e3e05fa60905,Rekha Nair,9307-6494-5523,9586903322,1991-11-12,1998-09-17,Inheritance,DD-2218-434,0,
ba384e23-9695-466e-aa35-38ab0f14303f,916098b4-1b54-458f-937a-e3e05fa60905,Suresh Babu Reddy,8100-2645-9540,9440942237,1998-09-17,2022-11-29,Court Decree,DD-2213-823,47039000.0,
c7210137-b825-42f5-84e1-3b13f2bac84c,916098b4-1b54-458f-937a-e3e05fa60905,Uma Shankar,1130-5029-3242,9729581402,2022-11-29,,Inheritance,DD-1583-749,0,
5479f987-02a1-4ebc-92b9-67cdce139900,f748c71f-3dce-4d36-bd71-d65547568e44,Sunil Shetty,3950-5916-4799,9413657078,1988-12-21,2000-08-25,Court Decree,DD-4845-753,31917000.0,
515d199e-50b8-4368-8522-ff1ebd056d67,f748c71f-3dce-4d36-bd71-d65547568e44,Sonia Verma,6851-9903-8880,9417201826,2000-08-25,2006-01-24,Partition,DD-9031-915,35173000.0,
c1fb671c-8547-4676-a69c-c8a3367bd0a9,f748c71f-3dce-4d36-bd71-d65547568e44,Sushma Swarup,7874-8326-6331,9365639711,2006-01-24,2018-02-03,Sale,DD-4586-215,43445000.0,
69e2cfbc-e1b7-4ba5-94f2-b7e7a04570bb,f748c71f-3dce-4d36-bd71-d65547568e44,Asha Bhosale,2860-6694-7522,9856793425,2018-02-03,,Partition,DD-2897-280,45004000.0,
61719c26-fe48-406f-94f6-53a7f7f57f28,f49a586d-9795-4947-995a-16f94c8e5734,Jyoti Prasad,3728-9782-4378,9937037587,1995-07-04,2013-12-19,Sale,DD-6054-558,37267000.0,
ae64bfd8-ecb0-47d7-8ce3-55aa03873a98,f49a586d-9795-4947-995a-16f94c8e5734,Priya Devi Nair,1345-7212-2478,9937984119,2013-12-19,2021-09-18,Sale,DD-6401-232,40695000.0,
3b4f38e7-9f47-4fbf-a00d-e18840e6e0a9,f49a586d-9795-4947-995a-16f94c8e5734,Mohammad Arif Khan,1806-9497-4448,9488799500,2021-09-18,,Gift,DD-6778-885,47060000.0,
c3656754-f1d4-4d4d-8399-a7dc93987ec2,8fd8a55e-d00d-42f6-941a-415461bad281,Mohan Das,5423-2391-2253,9179339044,2001-06-08,2017-07-03,Sale,DD-7190-771,10882000.0,
96ad93c9-7b0e-4882-8658-c69025a4255e,8fd8a55e-d00d-42f6-941a-415461bad281,Rani Mukherjee,3487-2565-7408,9308610937,2017-07-03,,Court Decree,DD-7805-120,9314000.0,
97186698-3131-424e-8d09-4aeabd5d0d22,92a71ea2-970d-4c59-b433-1aa6a25940e0,Kavitha Rao,1407-7510-4802,9580054173,1989-02-14,2001-02-10,Gift,DD-9955-831,16605000.0,
21a39b2f-4d15-4db6-8edb-20e633ab9a8a,92a71ea2-970d-4c59-b433-1aa6a25940e0,Naresh Kumar,6446-3355-2370,9202423196,2001-02-10,2013-03-25,Gift,DD-8811-676,14838000.0,
d1e52077-25bf-463a-916a-f43fd4480d0b,92a71ea2-970d-4c59-b433-1aa6a25940e0,Anil Kapoor,5095-2374-3315,9532927410,2013-03-25,2019-08-27,Court Decree,DD-3773-312,17745000.0,
afd6d243-67d1-4fb5-b8d2-3f1f0eda1d4c,92a71ea2-970d-4c59-b433-1aa6a25940e0,Jyoti Prasad,4808-1965-9084,9370608548,2019-08-27,,Court Decree,DD-8758-635,20215000.0,
056e7c9b-f98a-4355-821a-73708a409226,41c8bb7c-1c19-4c46-bf85-604c2a96b254,Sunil Shetty,2990-3722-4233,9569870769,1996-09-05,2011-07-11,Partition,DD-3085-875,4328000.0,
725c5503-a9e5-4362-a754-cb954d4d0f40,41c8bb7c-1c19-4c46-bf85-604c2a96b254,Uma Shankar,9594-8982-3291,9904225572,2011-07-11,2012-06-26,Sale,DD-1639-534,4536000.0,
45522323-56b1-46af-96d5-a5f890d5f3db,41c8bb7c-1c19-4c46-bf85-604c2a96b254,Geeta Mahesh Patel,8134-5820-5441,9661008736,2012-06-26,,Court Decree,DD-7850-508,3872000.0,
53bd257d-da7c-4c49-a02c-094d1fb20f4e,42770265-b25b-4a3f-b304-4acbf08d2210,Prakash Raj,6423-2551-2001,9771059394,1999-06-13,2004-09-17,Inheritance,DD-2537-650,0,
7f3442ad-9d40-44ef-be86-40ea54d4e71c,42770265-b25b-4a3f-b304-4acbf08d2210,Vinod Khanna,4703-6651-1231,9306846339,2004-09-17,2012-05-06,Partition,DD-3563-168,3414000.0,
cdaa0677-162c-480b-b920-6abca7bdcb96,42770265-b25b-4a3f-b304-4acbf08d2210,Ranjit Kumar,6009-7017-7607,9373535066,2012-05-06,,Gift,DD-5656-940,4147000.0,
ab924bd2-04f1-48e6-93fc-9340b63694aa,0030b78a-be06-4043-8083-7a6d2054b652,Anita Kumari Singh,3244-9383-8203,9556775928,1998-12-13,2009-03-13,Sale,DD-6297-179,3156000.0,
3e83185a-0b4f-4bb2-9e65-ee0dcf66de8a,0030b78a-be06-4043-8083-7a6d2054b652,Geeta Mahesh Patel,4944-7442-7181,9930989868,2009-03-13,,Partition,DD-6359-409,3314000.0,
d7e692a5-12e9-41c6-a71e-ac94aa7ef15d,dd02a105-b365-4a5a-8f1c-6563e9553943,Sunita Verma,7266-7130-3932,9902759981,1988-10-31,2001-02-25,Partition,DD-4502-731,38953000.0,
f9bea02e-98d7-4481-8e50-d7dd06bd640f,dd02a105-b365-4a5a-8f1c-6563e9553943,Sunita Verma,1091-6085-6381,9201048210,2001-02-25,2009-01-08,Sale,DD-4208-552,38735000.0,
b4f83226-200f-4522-9d41-631208fdb5fa,dd02a105-b365-4a5a-8f1c-6563e9553943,Sonia Verma,5473-1549-5504,9788992272,2009-01-08,2023-10-03,Gift,DD-5157-614,47203000.0,
fa480e50-5eaa-4fa8-8cc6-9b8813ae1b65,dd02a105-b365-4a5a-8f1c-6563e9553943,Ganesh Patel,5145-5492-1937,9714374583,2023-10-03,,Partition,DD-7525-144,58923000.0,
9854775f-0374-49f1-b7d7-0155a62ed00b,b6818a03-0d49-49ac-9b32-ca97b53ab103,Girish Kumar,1273-6450-6185,9861614695,1987-11-10,2001-05-19,Court Decree,DD-5546-973,9762000.0,
24e60719-4db2-43d8-968b-adb9ac546c62,b6818a03-0d49-49ac-9b32-ca97b53ab103,Ramesh Kumar Sharma,7605-7821-2007,9169744792,2001-05-19,2006-02-12,Inheritance,DD-7000-628,0,
a347c6b6-61ca-46cf-a862-4eb23af958ff,b6818a03-0d49-49ac-9b32-ca97b53ab103,Saritha Devi,5368-2375-3827,9576095915,2006-02-12,,Inheritance,DD-9216-251,0,
08313ddd-4654-42dc-9451-5e9c5fa58e57,2866b69d-fa54-4c4b-bc42-8e36192f3498,Lakshmi Venkatesh,5042-6042-4130,9902523694,1989-04-14,2022-04-01,Inheritance,DD-7136-571,0,
bc041db5-07d1-4b7d-9db7-7fea669dc761,2866b69d-fa54-4c4b-bc42-8e36192f3498,Sridevi Kapoor,5703-3916-5570,9250781347,2022-04-01,,Inheritance,DD-6087-154,0,
d579daef-d2bf-4f45-a4ee-8869b80118e5,a8f9dec0-e069-472c-9e26-a3cc48b42fb5,Harish Chandra,5230-4575-8662,9380081168,2000-07-24,2015-04-01,Court Decree,DD-5406-192,5112000.0,
10ed7595-eac1-43da-a2cb-bd96fddb3fe9,a8f9dec0-e069-472c-9e26-a3cc48b42fb5,Arun Prakash,8785-3290-8655,9730093997,2015-04-01,,Sale,DD-2889-629,5691000.0,
c2ef6c68-c170-4418-bb35-9ff5c187cca6,cc03e24a-2a33-468e-9896-00d9f922c03b,Mahesh Babu,6535-8906-7572,9422308625,1986-10-18,1996-12-06,Inheritance,DD-5138-840,0,
0216cf68-e31b-44c0-8594-58df95d87bcf,cc03e24a-2a33-468e-9896-00d9f922c03b,Nandini Reddy,2767-7897-7977,9931153961,1996-12-06,1997-11-26,Sale,DD-4838-881,21690000.0,
9c45ca30-ce46-4e9e-9247-fe99a882d8e6,cc03e24a-2a33-468e-9896-00d9f922c03b,Nandini Reddy,3726-5924-9586,9313097103,1997-11-26,2003-03-13,Gift,DD-7565-707,18684000.0,
77d2f8ee-3f15-42f8-869d-a5c92194630e,cc03e24a-2a33-468e-9896-00d9f922c03b,Anita Kumari Singh,2481-6067-3317,9960592930,2003-03-13,,Court Decree,DD-3286-233,20839000.0,
97f25b1d-b5c5-4c0f-95cf-2673dc8cbd75,c713ad02-7811-41c2-9ceb-08c530c8ac36,Sridevi Kapoor,3105-6215-3187,9529371703,1988-08-29,2001-01-22,Partition,DD-4977-881,16405000.0,
d707dfb6-bb09-43fc-a03f-d5618d48e860,c713ad02-7811-41c2-9ceb-08c530c8ac36,Ranjit Kumar,7452-9750-2174,9472445806,2001-01-22,2009-02-08,Gift,DD-5639-939,18372000.0,
84f0d1d9-1cc9-407e-b755-58946c2d57fb,c713ad02-7811-41c2-9ceb-08c530c8ac36,Arun Prakash,4852-7047-6935,9464912176,2009-02-08,2019-12-10,Partition,DD-1440-327,22124000.0,
3257131f-d215-448a-ad75-f7829a112887,c713ad02-7811-41c2-9ceb-08c530c8ac36,Ajay Singh,2265-4769-3262,9636816895,2019-12-10,,Court Decree,DD-1026-725,24108000.0,
0fa0122b-d7d5-45de-b0c1-40c4cf880dea,f8a40842-bfa2-457a-b1fc-b55f98063e8a,Ramesh Kumar Sharma,8964-7581-7921,9928241129,1994-06-07,2009-06-11,Court Decree,DD-9306-493,28952000.0,
a1c1b7b0-aec2-45cc-99ec-5b4c47ddf7d7,f8a40842-bfa2-457a-b1fc-b55f98063e8a,Uma Shankar,2899-8377-9225,9500318129,2009-06-11,,Sale,DD-5963-535,27605000.0,
7adeb483-5fda-42cc-be14-e4e33713519e,d41da634-2822-4272-97a9-8d6975ca219f,Balu Mahendra,5852-1385-9892,9386941953,1987-03-28,1998-08-24,Sale,DD-7050-358,12965000.0,
4595adc6-f640-4034-bc09-cf9ede891d80,d41da634-2822-4272-97a9-8d6975ca219f,Smita Patil,1287-8319-6318,9419635063,1998-08-24,2013-10-27,Inheritance,DD-5804-465,0,
e3dc842f-e580-41d0-9248-8d8798e4ff58,d41da634-2822-4272-97a9-8d6975ca219f,Rani Mukherjee,7491-5073-3871,9190244626,2013-10-27,,Sale,DD-2829-465,14816000.0,
a157840e-ea0d-40e2-a356-22d8d5e450d8,8dcc16e1-2fe8-4777-8130-4708fbdced32,Ranjit Kumar,7565-1366-4013,9901834996,1991-02-13,2012-11-07,Sale,DD-6534-752,5648000.0,
6ae2fd27-92ff-47c5-973c-71bbc15ffb0e,8dcc16e1-2fe8-4777-8130-4708fbdced32,Geeta Mahesh Patel,4139-5275-5967,9760975575,2012-11-07,2014-06-21,Gift,DD-2298-956,6862000.0,
252ed3e0-0a1f-49e8-8e58-4015f0379b79,8dcc16e1-2fe8-4777-8130-4708fbdced32,Revathy Nair,1800-7131-8748,9331079186,2014-06-21,,Court Decree,DD-9833-974,8011000.0,
649a84b1-5f9f-4b6a-b9cf-26aebe7f34a1,42697d23-73cd-4664-a1c6-1150daa7aedc,Prakash Raj,7893-6386-9871,9517727993,1992-06-28,2008-02-02,Sale,DD-5715-845,8811000.0,
f0b44383-7b9f-4ab0-bd30-a5fe1e7439db,42697d23-73cd-4664-a1c6-1150daa7aedc,Pooja Sharma,8280-3486-8568,9897329706,2008-02-02,2012-09-21,Partition,DD-1205-451,8690000.0,
c2f5bc11-8611-4a41-a489-ef89cf1e4ab3,42697d23-73cd-4664-a1c6-1150daa7aedc,Balu Mahendra,7390-5189-7601,9134645896,2012-09-21,2016-11-22,Partition,DD-4451-645,9812000.0,
c31af53e-2d60-41d0-b14a-f5f9a830ff3c,42697d23-73cd-4664-a1c6-1150daa7aedc,Pooja Sharma,2361-4400-9676,9496416310,2016-11-22,,Court Decree,DD-2287-746,10250000.0,
d9efa2b7-c18f-43ef-a569-d67d0f7d2126,c1a218e8-f91f-40c9-8709-6ed64fe66e67,Mohan Das,7571-7693-6767,9906681748,1997-05-23,2005-10-05,Inheritance,DD-3606-885,0,
c8363d26-0fb3-45a2-aaae-f78313163122,c1a218e8-f91f-40c9-8709-6ed64fe66e67,Rajesh Gupta,6233-6950-2730,9813216442,2005-10-05,,Inheritance,DD-7851-713,0,
a5990e0b-2c6f-45ae-8405-400ef0496f2c,b3ede6bf-3d7f-4f83-8522-210e2a268bb0,Nandini Reddy,2319-7697-1374,9448987901,1993-05-20,2011-12-17,Sale,DD-4673-241,6788000.0,
aa6f35fb-4a42-430e-a6e7-4c1f652afce6,b3ede6bf-3d7f-4f83-8522-210e2a268bb0,Divya Menon,2490-7066-1372,9897752993,2011-12-17,2013-03-13,Court Decree,DD-5095-270,7316000.0,
2e9cea17-9aa3-4ea7-823f-de6d5dabc394,b3ede6bf-3d7f-4f83-8522-210e2a268bb0,Sunita Verma,3644-8500-7046,9876379876,2013-03-13,,Court Decree,DD-7378-665,7715000.0,
c768851a-7db5-4447-b3e8-93c2aead3b42,51912a7d-dacf-466c-9cb9-20bec1bad07d,Mohammad Arif Khan,7833-5260-9803,9229903401,1991-04-14,2009-03-06,Partition,DD-9515-581,95567000.0,
c68a043f-3cce-412c-a0aa-664b2761644e,51912a7d-dacf-466c-9cb9-20bec1bad07d,Divya Menon,1979-5799-7527,9989388663,2009-03-06,,Court Decree,DD-9751-831,82139000.0,
3a067693-bc24-4553-9955-482792bf09c9,eb430112-0430-4082-9f18-01e8fe363842,Meena Devi,6610-5838-8285,9455044770,1993-02-26,1997-03-04,Partition,DD-9053-870,19226000.0,
434f18d4-06cb-4ac1-9008-aa9ef95b5a13,eb430112-0430-4082-9f18-01e8fe363842,Suresh Babu Reddy,3294-3425-9548,9409699820,1997-03-04,1998-12-08,Partition,DD-5225-681,18459000.0,
f3261cad-6816-41e0-96a8-2eb8d11507b9,eb430112-0430-4082-9f18-01e8fe363842,Ganesh Patel,5771-6024-3593,9709498732,1998-12-08,2007-08-07,Sale,DD-4621-479,19851000.0,
92485318-4b2c-44b0-96b8-54add39cf49f,eb430112-0430-4082-9f18-01e8fe363842,Sushma Swarup,3530-3106-3400,9752243849,2007-08-07,,Gift,DD-8787-830,20366000.0,
e27fe673-45e4-4784-9cc8-437d439dea74,89827b37-bf61-4b0d-bb62-255b3c16220a,Sridevi Kapoor,1233-2060-6609,9341404197,1997-01-18,2001-07-05,Court Decree,DD-8897-279,145152000.0,
53e0f565-a01b-4c3c-bdf5-c4adaab6618d,89827b37-bf61-4b0d-bb62-255b3c16220a,Sonia Verma,2959-4226-6840,9635571949,2001-07-05,2009-04-09,Gift,DD-4382-329,132093000.0,
bf1540ce-ecab-4bf5-a6c4-48869c454668,89827b37-bf61-4b0d-bb62-255b3c16220a,Sunil Shetty,4741-4318-6956,9813226657,2009-04-09,2013-05-17,Partition,DD-1199-960,151709000.0,
c5c58a53-c40d-4bc5-8e92-54f736d08323,89827b37-bf61-4b0d-bb62-255b3c16220a,Dinesh Patil,9313-2100-5447,9694084681,2013-05-17,,Sale,DD-7528-741,134951000.0,
06a6ba2d-2dfd-4c70-958f-0f795fdca575,fc510908-6c52-4db4-8771-a6a1697f9626,Rohit Sharma,8819-8606-2610,9676528107,1987-08-16,2020-06-09,Sale,DD-4403-333,60511000.0,
0cea9fd6-a0e1-42a7-9bc8-14a84c5162d5,fc510908-6c52-4db4-8771-a6a1697f9626,Sunita Verma,8836-2907-8240,9189535259,2020-06-09,,Sale,DD-6224-908,66778000.0,
7c8de778-f21e-433b-93d6-e1d759cb7ade,25ffd3a1-b4ad-4f9e-ae64-63c795018a70,Vinod Khanna,9242-6059-8209,9219690062,1994-08-10,2001-02-26,Court Decree,DD-5079-449,70206000.0,
39cea772-f5e5-44ec-b035-c7d8ec1776dc,25ffd3a1-b4ad-4f9e-ae64-63c795018a70,Asha Bhosale,9348-8708-9122,9275160446,2001-02-26,2011-04-30,Inheritance,DD-8988-106,0,
8390d049-4397-4f7e-979c-f4787043bca0,25ffd3a1-b4ad-4f9e-ae64-63c795018a70,Ranjit Kumar,5991-2549-8261,9467683257,2011-04-30,2020-06-29,Inheritance,DD-2074-878,0,
00617c09-c1f9-48b6-9a4f-a87a672cb767,25ffd3a1-b4ad-4f9e-ae64-63c795018a70,Kavitha Rao,4493-6033-9221,9427903381,2020-06-29,,Court Decree,DD-3992-298,81545000.0,
20127535-2c81-4cfb-b9f0-6b0654f3b35a,3ff06e34-5553-4afb-8f61-f5ac290af3a0,Jyoti Prasad,7447-7834-1092,9918430434,1991-04-13,2003-02-23,Gift,DD-6166-560,71645000.0,
f6d7d459-303a-4752-a56c-6cc58ccd6370,3ff06e34-5553-4afb-8f61-f5ac290af3a0,Deepika Mehta,8485-5492-1319,9978893191,2003-02-23,2007-09-10,Partition,DD-1906-518,71032000.0,
31715bda-1689-42c5-af7a-5900c94370fa,3ff06e34-5553-4afb-8f61-f5ac290af3a0,Ganesh Patel,5193-5829-7119,9125425133,2007-09-10,,Inheritance,DD-4417-777,0,
fc7a3b89-8b60-48f4-924b-39f5d208de97,5f269622-2227-4075-bf79-482a981976d9,Geeta Mahesh Patel,8730-3200-2212,9448478088,1996-09-12,2000-07-26,Court Decree,DD-7053-548,10831000.0,
08d43ca1-a4a8-420d-94ee-a3d420e9e1d3,5f269622-2227-4075-bf79-482a981976d9,Naresh Kumar,4276-2441-8180,9363310130,2000-07-26,2008-03-14,Partition,DD-3486-994,9858000.0,
97545ef1-1998-4622-aba2-a4ff1d79c9cd,5f269622-2227-4075-bf79-482a981976d9,Vinod Khanna,9700-5774-1358,9250825897,2008-03-14,2017-09-23,Gift,DD-9955-881,10985000.0,
826cf34e-79e2-4d43-8c94-8d7ac5f12660,5f269622-2227-4075-bf79-482a981976d9,Seema Malhotra,4519-4016-6263,9602861644,2017-09-23,,Sale,DD-6143-973,10924000.0,
5e13855f-46b4-4301-82e3-2e3f1eaa2a2c,5281d756-e691-46d9-bbc3-3c73fded4767,Mohammad Arif Khan,2509-2840-9712,9269891638,2000-09-08,2007-10-06,Court Decree,DD-6468-749,118365000.0,
27980d9e-0050-4003-99bb-2fcbce404046,5281d756-e691-46d9-bbc3-3c73fded4767,Girish Kumar,4127-2197-8060,9978058573,2007-10-06,2019-04-06,Court Decree,DD-2437-687,144287000.0,
262a8f65-0f5d-4abd-919c-08559b522711,5281d756-e691-46d9-bbc3-3c73fded4767,Mohan Das,3493-6413-2196,9295070777,2019-04-06,2023-03-04,Gift,DD-8630-562,173973000.0,
21111e2f-6166-471d-a09d-e1e46e8ee21c,5281d756-e691-46d9-bbc3-3c73fded4767,Revathy Nair,8084-1351-7577,9717120062,2023-03-04,,Court Decree,DD-6567-564,184600000.0,
2c84a63e-e82b-4617-bff5-a87dc7d4f0e0,8a606eac-04e3-4b5f-8655-d9513ea281dc,Kavitha Rao,4421-4304-5963,9275330135,1995-12-01,2020-04-11,Sale,DD-6365-991,43878000.0,
15b8b836-9618-4ee3-b863-936df5d8bebd,8a606eac-04e3-4b5f-8655-d9513ea281dc,Harish Chandra,6821-1447-3249,9572060870,2020-04-11,,Partition,DD-5441-338,53730000.0,
820f5957-e75d-47a6-9b74-90b0586c85c8,65135f95-b263-4ace-b17c-91a6d07b48d8,Nandini Reddy,2834-8486-1264,9107790637,1998-08-09,2009-02-11,Sale,DD-9305-468,188822000.0,
ccef0b86-6f22-4109-9314-6958a70832cc,65135f95-b263-4ace-b17c-91a6d07b48d8,Vijay Prakash Rao,6811-6904-6078,9998222227,2009-02-11,,Partition,DD-7881-509,233125000.0,
3c879561-f23b-47f5-a5ad-c1fd9b48080d,fd4e6c76-5efe-4b86-ab1c-590e5bc85182,Rekha Nair,7868-3824-3861,9656842161,1988-08-21,1996-10-08,Gift,DD-7089-732,50205000.0,
feae747c-5107-481d-b300-7e643aca9bc7,fd4e6c76-5efe-4b86-ab1c-590e5bc85182,Geeta Mahesh Patel,3660-1491-9151,9319125903,1996-10-08,2007-07-11,Inheritance,DD-3975-473,0,
dea8b9df-181b-470b-b5f5-4182a9607a8f,fd4e6c76-5efe-4b86-ab1c-590e5bc85182,Meena Devi,6260-1466-1423,9456033513,2007-07-11,2010-11-23,Gift,DD-7613-740,50169000.0,
c3fb0f08-b23e-4c0c-807a-1c6c6cade908,fd4e6c76-5efe-4b86-ab1c-590e5bc85182,Santosh Kumar,7679-1761-9838,9504840151,2010-11-23,,Sale,DD-8708-135,57392000.0,
650cbee9-6ed6-467a-b619-ccde1883d9be,3d73aad2-3a91-456c-b0ed-f75cb5c98b63,Deepika Mehta,3336-4695-2346,9897989079,1988-01-29,2020-07-07,Court Decree,DD-4215-228,124774000.0,
0cd8db1b-75d0-4731-8f98-fa1faa79b7d0,3d73aad2-3a91-456c-b0ed-f75cb5c98b63,Vijay Prakash Rao,5092-4706-5106,9298241468,2020-07-07,2020-07-12,Sale,DD-7616-389,150324000.0,
d86e8380-7b24-40cd-a8c4-1280310b1139,3d73aad2-3a91-456c-b0ed-f75cb5c98b63,Lalitha Kumari,9518-9468-5370,9915929556,2020-07-12,,Gift,DD-6384-827,186339000.0,
742fb733-446c-406a-9bfc-30736e9a6a6a,668d7405-bfae-4961-8490-af92937e054d,Mohan Das,5576-9429-6527,9462124359,1994-09-25,2016-06-09,Partition,DD-5305-658,8568000.0,
39656005-66e7-419d-9044-7c86e34af85a,668d7405-bfae-4961-8490-af92937e054d,Anil Kapoor,9993-8476-2581,9817273153,2016-06-09,2024-07-15,Inheritance,DD-5182-449,0,
97ba0608-69dc-411e-9907-0ecc91f1f376,668d7405-bfae-4961-8490-af92937e054d,Mahesh Babu,7988-1416-9901,9235536465,2024-07-15,,Gift,DD-9504-369,7499000.0,
af0ecda9-34e2-41a8-bbe4-6049075dee88,79c7eaf6-b7e2-4272-bc11-be1825d2c37b,Mahesh Babu,3600-2640-3713,9781726567,1990-09-28,2000-07-29,Inheritance,DD-9697-270,0,
859f4b29-0d42-42a0-84c7-5a60b906289c,79c7eaf6-b7e2-4272-bc11-be1825d2c37b,Ganesh Patel,3491-9860-7947,9317106437,2000-07-29,2015-07-03,Court Decree,DD-4707-963,58196000.0,
4828b05d-982a-4326-b886-06934898f420,79c7eaf6-b7e2-4272-bc11-be1825d2c37b,Sunil Shetty,7901-8807-8667,9445660346,2015-07-03,2018-07-19,Gift,DD-1801-510,56369000.0,
af4b9bae-f047-45e3-8b72-3730ec38f59f,79c7eaf6-b7e2-4272-bc11-be1825d2c37b,Mohammad Arif Khan,5117-6105-4420,9887547201,2018-07-19,,Inheritance,DD-5915-100,0,
be4d92e2-e237-46c4-8052-bda1714e6de6,daceefc1-4097-4fbc-a211-826111612166,Sunil Shetty,6098-9589-2681,9928561496,1997-10-13,2000-12-30,Gift,DD-6365-111,34678000.0,
21924064-38cb-41f7-bd01-e91e60df48d5,daceefc1-4097-4fbc-a211-826111612166,Naresh Kumar,3045-9867-8444,9265009000,2000-12-30,,Court Decree,DD-8718-337,38637000.0,
09f4af18-9938-4d2c-8f8f-e9de8b607f09,f1d91dfe-878b-4aba-ada1-5d376e1e1286,Vijay Prakash Rao,5590-5519-5123,9787479760,1993-05-07,2018-07-16,Partition,DD-8085-531,34119000.0,
c54737d4-e27d-495f-852c-623c3c50deea,f1d91dfe-878b-4aba-ada1-5d376e1e1286,Meena Devi,6843-2361-1211,9208588563,2018-07-16,,Court Decree,DD-6387-529,38104000.0,
6605630b-0058-44f0-8a29-91a0847fcc6b,a3e3bd9b-8501-4ff6-b486-3b95934f8083,Mohan Das,1653-6690-8212,9594718999,1987-04-23,1999-12-28,Court Decree,DD-7911-934,83361000.0,
68411440-9df2-4265-b25e-f3e5d63271c6,a3e3bd9b-8501-4ff6-b486-3b95934f8083,Uma Shankar,8074-1420-4539,9708736452,1999-12-28,,Court Decree,DD-9564-138,102207000.0,
98c4b029-93f7-46ed-b09a-d31cdbe246de,ec5709d4-fcc3-4037-bc58-fec1e03744c3,Lakshmi Venkatesh,6468-6763-9818,9894417896,1998-06-08,2011-08-18,Gift,DD-3818-964,162947000.0,
63c3204a-70ee-443b-bcd3-46be19bf2b14,ec5709d4-fcc3-4037-bc58-fec1e03744c3,Naresh Kumar,2659-2481-7652,9435999953,2011-08-18,2012-03-02,Inheritance,DD-6186-948,0,
794ce917-1d77-4e50-95c2-bc8f8712af56,ec5709d4-fcc3-4037-bc58-fec1e03744c3,Sridevi Kapoor,4312-5336-8953,9476447338,2012-03-02,2013-08-30,Court Decree,DD-9146-754,150641000.0,
269be5c9-da85-401b-840c-3dd2afca42e6,ec5709d4-fcc3-4037-bc58-fec1e03744c3,Rekha Nair,6288-1260-2826,9303785198,2013-08-30,,Gift,DD-8172-470,173525000.0,
63bcf91c-9ea3-4379-81cd-a8eb8cab0da1,41137302-f2e2-4de4-a8ab-51d57dc4127f,Suresh Babu Reddy,5028-9978-3539,9816745560,1988-04-15,1996-12-19,Sale,DD-6305-330,95664000.0,
af1e2199-6286-47f4-bcce-19b84867bb7c,41137302-f2e2-4de4-a8ab-51d57dc4127f,Revathy Nair,4587-5019-4700,9572828547,1996-12-19,2004-12-20,Gift,DD-1431-606,89904000.0,
5082cf8c-dd40-4b8f-8f69-8d3451046d6a,41137302-f2e2-4de4-a8ab-51d57dc4127f,Sushma Swarup,4992-1340-8917,9999721261,2004-12-20,2018-09-29,Inheritance,DD-3381-112,0,
c93077da-5d89-48bf-92de-8d5d4e389560,41137302-f2e2-4de4-a8ab-51d57dc4127f,Jyoti Prasad,4149-7755-4048,9656811785,2018-09-29,,Partition,DD-7791-669,96241000.0,
ba2ef5ed-7513-4485-8720-23c8bea1b167,4a2d94b5-783f-44fc-9cea-f356022eccef,Sonia Verma,4732-6707-4669,9599597507,1990-05-25,2011-03-01,Court Decree,DD-8794-648,168992000.0,
8e08eb30-1364-4c96-b31e-0885fb9e691d,4a2d94b5-783f-44fc-9cea-f356022eccef,Anil Kapoor,8146-2059-3807,9123745996,2011-03-01,,Gift,DD-1871-571,185473000.0,
ad6df244-c312-43f4-ae71-d7774c042439,55b59d55-3332-4844-9cb2-c26dd2c955d7,Balu Mahendra,6152-1111-1867,9864626275,1999-12-24,2004-11-09,Court Decree,DD-7670-247,61722000.0,
64745806-6927-4e78-a27c-52d2019d5f8f,55b59d55-3332-4844-9cb2-c26dd2c955d7,Girish Kumar,2042-9679-7778,9884239926,2004-11-09,,Gift,DD-2960-893,76593000.0,
570eaee9-abeb-4583-a26e-22278d041d9c,00dba1f8-c36b-4918-9ba7-0760b1edac0c,Sunita Verma,4713-6754-2336,9464771758,1989-12-27,2000-06-12,Inheritance,DD-5268-511,0,
1301f604-3d09-4651-b117-7cf6e48784c5,00dba1f8-c36b-4918-9ba7-0760b1edac0c,Sonia Verma,1997-1969-7113,9202531953,2000-06-12,2015-09-08,Partition,DD-2540-636,21164000.0,
8b915fae-6360-4ca3-af09-df0464a23aee,00dba1f8-c36b-4918-9ba7-0760b1edac0c,Ramesh Kumar Sharma,1076-6355-7303,9428848348,2015-09-08,,Inheritance,DD-1028-641,0,
c117ed15-fe54-4d8d-9598-9c85b1bc1184,13e290c1-9af7-49ac-951c-a3e5024d182e,Sunil Shetty,3742-2633-9153,9307403646,1997-05-05,2015-04-26,Sale,DD-6718-799,8047000.0,
ae65a2b1-2863-40ec-8e37-e6a732d2615a,13e290c1-9af7-49ac-951c-a3e5024d182e,Prakash Raj,9978-7370-8338,9224963823,2015-04-26,2016-06-03,Court Decree,DD-3543-727,9801000.0,
5cf2f53f-150f-46ff-9461-911955f93b95,13e290c1-9af7-49ac-951c-a3e5024d182e,Santosh Kumar,4923-9040-4085,9952608946,2016-06-03,,Court Decree,DD-2072-446,9296000.0,
3bd31d3b-ce0e-4e72-938f-e1a8d5765029,f12693ad-4f42-41af-8735-5a479d3b7e4a,Asha Bhosale,8931-7370-6011,9634309614,1988-01-30,2022-12-21,Sale,DD-9035-124,89104000.0,
b307a9d5-16e6-4444-af84-7f60dc67aae6,f12693ad-4f42-41af-8735-5a479d3b7e4a,Sunita Verma,2461-6031-9893,9286142551,2022-12-21,2024-05-29,Gift,DD-1903-640,105366000.0,
5321ed26-b8c0-4fdb-a151-79f32ed9eb62,f12693ad-4f42-41af-8735-5a479d3b7e4a,Naresh Kumar,7306-4084-6763,9677419345,2024-05-29,,Gift,DD-1785-647,90740000.0,
da07df1f-2ea9-421a-9e96-fb4f4f50019c,b7096a47-5ea6-488e-80a0-59c5ec5b794a,Sridevi Kapoor,4741-7091-7585,9148057234,2000-11-10,2000-03-08,Inheritance,DD-6419-281,0,
5083d5c6-bd5a-42a6-a439-8bd9c4640aee,b7096a47-5ea6-488e-80a0-59c5ec5b794a,Ravi Shankar,5230-7927-6074,9319984231,2000-03-08,2019-05-21,Inheritance,DD-3321-713,0,
97424366-6c2b-4acb-8234-5a8ffac247f8,b7096a47-5ea6-488e-80a0-59c5ec5b794a,Smita Patil,7178-5556-4104,9976951400,2019-05-21,,Gift,DD-7704-806,31637000.0,
e9f20818-41a5-4eed-9d00-2333013123ad,20092629-f9c0-4c7b-b29e-cd06d381f9dd,Anil Kapoor,4289-3082-9490,9138327414,2001-08-17,2004-12-29,Inheritance,DD-2417-668,0,
8bf9ca2b-b913-4d22-b32d-f1a2b1c44018,20092629-f9c0-4c7b-b29e-cd06d381f9dd,Suresh Babu Reddy,7358-4022-2369,9918772601,2004-12-29,2009-11-11,Partition,DD-8844-211,31567000.0,
c51f5552-358f-4f37-85d7-38dd97fac4e1,20092629-f9c0-4c7b-b29e-cd06d381f9dd,Seema Malhotra,3338-8242-1672,9811758502,2009-11-11,,Sale,DD-4960-546,34601000.0,
f9d1be8d-2efe-4a95-a712-888572667ee3,47171aca-d95d-4b1d-9ea9-8c5eb430863e,Vinod Khanna,3639-3348-9964,9440970538,1992-02-28,2013-10-17,Sale,DD-5026-716,73428000.0,
a4e0d632-3642-4dcd-bd61-8361b83f001c,47171aca-d95d-4b1d-9ea9-8c5eb430863e,Sunil Shetty,9753-1286-3783,9877474293,2013-10-17,,Sale,DD-2824-801,64327000.0,
7d2e66a4-5d81-4e2d-ac9e-7551110d18d5,b15fecb2-0da6-41bf-b048-b179c021bbd7,Santosh Kumar,8441-9789-6900,9340346197,2000-09-02,1999-02-23,Gift,DD-6654-751,83725000.0,
662f2cb9-d3fd-41b2-9f29-b1c28f65e402,b15fecb2-0da6-41bf-b048-b179c021bbd7,Saritha Devi,3856-7364-5214,9272138688,1999-02-23,2016-06-21,Inheritance,DD-5699-752,0,
32742aab-b428-4651-b4aa-00c41558d625,b15fecb2-0da6-41bf-b048-b179c021bbd7,Santosh Kumar,1697-8535-7723,9863093090,2016-06-21,2019-04-30,Gift,DD-1343-542,98141000.0,
b6478656-a6d8-4c56-a29f-5c17892832b2,b15fecb2-0da6-41bf-b048-b179c021bbd7,Uma Shankar,6782-4409-7648,9552196329,2019-04-30,,Court Decree,DD-4718-511,88328000.0,
f447fa5e-d40f-42db-ad29-54cfd5cb9223,b4276b45-d83e-4b3d-b97b-58cdaca56ea6,Dinesh Patil,3567-7296-9478,9563624345,1995-11-28,2004-08-30,Court Decree,DD-7752-152,68425000.0,
eb99f01f-12b5-451d-a72a-f34f5a5862ec,b4276b45-d83e-4b3d-b97b-58cdaca56ea6,Revathy Nair,4382-7323-3823,9393475095,2004-08-30,2024-07-24,Inheritance,DD-8257-124,0,
ab0e4e9e-e508-4981-a507-e3602076f66d,b4276b45-d83e-4b3d-b97b-58cdaca56ea6,Sunita Verma,3468-7738-6185,9603133694,2024-07-24,,Court Decree,DD-3553-756,69161000.0,
6867f152-41cc-4840-9c44-dc5e1a08a00c,daab69c2-1c9b-4fda-8504-596fcec68e1a,Arun Prakash,5747-5968-2662,9961501642,2000-03-21,1998-01-07,Gift,DD-8317-586,192225000.0,
f6ad29ef-d7a5-40a3-91bc-5e0776c035bf,daab69c2-1c9b-4fda-8504-596fcec68e1a,Geeta Mahesh Patel,9721-7712-3593,9703082206,1998-01-07,,Court Decree,DD-3618-255,175944000.0,
4f9fd308-7bc5-4057-9cd6-a5704cfbaff3,25d0ccf9-951c-4f7d-ba65-f1ce61dc86f1,Deepika Mehta,5916-7449-3449,9219155077,1996-06-16,1997-11-12,Gift,DD-2392-478,323031000.0,
bfeafb30-32ed-4756-936d-f73ba0bd6062,25d0ccf9-951c-4f7d-ba65-f1ce61dc86f1,Ganesh Patel,2361-6811-9105,9117132120,1997-11-12,2000-12-16,Inheritance,DD-6254-399,0,
c62402e6-4c88-4737-b515-54f09872666c,25d0ccf9-951c-4f7d-ba65-f1ce61dc86f1,Meena Devi,4146-9411-5591,9658809180,2000-12-16,2015-04-03,Court Decree,DD-7844-273,321767000.0,
81f5837f-431f-4b4b-a2bd-e0f1d92bdadc,25d0ccf9-951c-4f7d-ba65-f1ce61dc86f1,Anita Kumari Singh,4912-6023-5310,9582036062,2015-04-03,,Sale,DD-9021-426,390087000.0,
b684e947-63d9-41c8-9dc4-55dfff314d62,e7810a86-4679-47db-8d5b-ff16267fb2f5,Meena Devi,4160-9008-5614,9386337455,2000-11-18,2007-12-25,Inheritance,DD-6672-836,0,
209df043-7037-4af0-93db-1aad6666fa3e,e7810a86-4679-47db-8d5b-ff16267fb2f5,Lalitha Kumari,6220-9336-2859,9124704065,2007-12-25,2014-04-22,Sale,DD-8370-787,25747000.0,
860d6dc1-5081-4bee-bb52-998dcb5bc0b4,e7810a86-4679-47db-8d5b-ff16267fb2f5,Mohammad Arif Khan,3901-7117-2064,9265362816,2014-04-22,,Inheritance,DD-2753-348,0,
f0f7d50e-a482-450d-b87c-cc9c168fd517,a74c0f51-2711-43a6-ae4e-d02cfa97a296,Kavitha Rao,4444-1819-2301,9515431734,1988-09-03,2010-04-16,Sale,DD-1062-543,92104000.0,
522c0260-6149-41c6-a4e4-47130c4e4c73,a74c0f51-2711-43a6-ae4e-d02cfa97a296,Sunita Verma,9115-4048-8687,9409305817,2010-04-16,,Gift,DD-9672-297,95827000.0,
8f66ad7a-0733-4212-b279-30057e429f3a,d0f17087-6782-48e9-93bb-c841e3ea5a64,Balu Mahendra,5123-5611-3642,9169420993,1995-08-02,1999-03-02,Gift,DD-4944-643,55429000.0,
d296cf0a-ebcc-426e-b309-1bdc7bd13efc,d0f17087-6782-48e9-93bb-c841e3ea5a64,Saritha Devi,1989-8046-2309,9823739596,1999-03-02,,Sale,DD-2028-605,54747000.0,
52aedaae-bf4a-40a1-a9ef-724f8f8635f8,84b6400e-abc4-4c31-a1c5-45969cba03ff,Prakash Raj,6314-7606-8596,9598637732,1999-08-21,2001-05-02,Sale,DD-6781-519,256989000.0,
75911c76-b024-4db5-a74b-f9d323a75132,84b6400e-abc4-4c31-a1c5-45969cba03ff,Sridevi Kapoor,7874-1401-3284,9946393426,2001-05-02,,Partition,DD-3501-245,294289000.0,
27ec6cef-56d6-44b8-b1c8-efd143f8397e,60d5eafe-b467-4a92-8134-e2c0e9a40efe,Rekha Nair,8984-1979-6789,9213828988,1996-11-17,2000-10-12,Partition,DD-8091-545,136358000.0,
8cbcf02a-fc8b-4f25-81d0-db464ecf1e68,60d5eafe-b467-4a92-8134-e2c0e9a40efe,Sushma Swarup,3317-4852-9499,9630677125,2000-10-12,,Sale,DD-6296-822,141905000.0,
975f14df-c729-4713-93d4-b6ac003ba6e7,a4bb2559-0e40-4558-a4a8-fcdab63184f6,Dinesh Patil,6424-4184-3082,9445565285,1988-01-10,1999-08-07,Gift,DD-8801-905,14748000.0,
5f8b4885-0deb-413d-83f6-ef22b14488a0,a4bb2559-0e40-4558-a4a8-fcdab63184f6,Ravi Shankar,5081-9005-8696,9120827680,1999-08-07,2008-10-08,Court Decree,DD-4750-825,16033000.0,
1743e3de-1db5-4f31-9ce7-bfabe4d2c54a,a4bb2559-0e40-4558-a4a8-fcdab63184f6,Santosh Kumar,6269-2332-9670,9627143325,2008-10-08,2009-07-19,Gift,DD-9371-197,16092000.0,
b9ba3687-7478-4205-b940-e4df25cd3ce3,a4bb2559-0e40-4558-a4a8-fcdab63184f6,Sunita Verma,5525-3344-6960,9935112665,2009-07-19,,Partition,DD-5358-168,16571000.0,
8ebb4362-ae65-4acc-bde4-3f926226d5fd,d2930542-a0a7-43fb-8c0d-efd5712da211,Sushma Swarup,1414-1472-7904,9184513867,1987-01-06,1999-01-04,Sale,DD-5885-367,115920000.0,
6479f9aa-f5f1-4579-a83b-19eefe994c8f,d2930542-a0a7-43fb-8c0d-efd5712da211,Santosh Kumar,8318-7259-3571,9737636286,1999-01-04,2020-04-09,Gift,DD-8617-894,140718000.0,
0fd83410-f89a-4732-a9f3-e004ec8e436e,d2930542-a0a7-43fb-8c0d-efd5712da211,Prakash Raj,5521-4240-8427,9405761709,2020-04-09,,Partition,DD-6146-210,172346000.0,
27244e48-147d-4ec9-b421-1cf12f76f0c8,7b0c658f-91be-4686-8406-d56ce1fe8bdd,Rekha Nair,4850-2505-6903,9483412842,1987-12-30,2014-08-16,Sale,DD-3292-255,17992000.0,
f5766a30-c1b2-4af0-bae4-9bd83afa3ba9,7b0c658f-91be-4686-8406-d56ce1fe8bdd,Mohammad Arif Khan,9068-7562-9931,9166733536,2014-08-16,2017-04-23,Gift,DD-2329-522,17766000.0,
0288177b-2a1b-46b2-951f-cde6beaaa817,7b0c658f-91be-4686-8406-d56ce1fe8bdd,Revathy Nair,3539-9980-2465,9974416854,2017-04-23,,Court Decree,DD-7821-757,20713000.0,
f3267325-6b3a-4949-976d-3f3a25f54f9b,71d78824-38f2-4d50-b1e8-fe37e19d43dd,Suresh Babu Reddy,4421-4760-9052,9107679805,1991-11-10,1997-10-02,Partition,DD-2113-141,8546000.0,
0e9e6ef4-fea8-464f-ab3f-3e207d98551f,71d78824-38f2-4d50-b1e8-fe37e19d43dd,Nandini Reddy,3689-7507-4486,9263483479,1997-10-02,2022-06-15,Gift,DD-2320-695,10278000.0,
50a292a6-69d9-4468-b472-ad2d5604dbb9,71d78824-38f2-4d50-b1e8-fe37e19d43dd,Sushma Swarup,5352-7132-9370,9517062575,2022-06-15,,Court Decree,DD-1120-742,11796000.0,
12c46247-869c-43c8-82ff-8e834b9aca44,02edf01d-1874-44cc-8767-2089b50be363,Nitin Gadkari,4765-5134-4552,9648788785,1994-06-05,2002-10-22,Court Decree,DD-5970-469,105366000.0,
a2f0e3b3-c7b6-4b6c-a54d-bdc6bfd4e8f3,02edf01d-1874-44cc-8767-2089b50be363,Arun Prakash,6471-4380-9185,9873031951,2002-10-22,2023-09-01,Sale,DD-6077-112,98683000.0,
dc7346c3-6fb1-4ea0-93ed-d3746dcfd4a1,02edf01d-1874-44cc-8767-2089b50be363,Sonia Verma,3707-9055-8867,9702186482,2023-09-01,2024-02-09,Partition,DD-6363-568,122731000.0,
7234a568-76bf-4de1-9b86-f4ed7cf5c151,02edf01d-1874-44cc-8767-2089b50be363,Ravi Shankar,2272-2757-1004,9133500672,2024-02-09,,Court Decree,DD-5675-914,152765000.0,
41c55346-0af4-4f5e-912c-82edab434e0e,1e17611e-3f7a-4c26-8042-5bee7f161904,Lakshmi Venkatesh,4847-8458-5475,9389982059,1994-01-13,2021-06-26,Sale,DD-8807-278,18819000.0,
0d1abdf2-4d8d-4af4-9fad-c232090c7d32,1e17611e-3f7a-4c26-8042-5bee7f161904,Santosh Kumar,4530-2067-7513,9828017647,2021-06-26,,Sale,DD-8859-164,21502000.0,
b25bcdad-acbb-4fee-9d05-3328e5453433,38d79479-3ff1-4b7b-8e18-8c806288b29e,Anita Kumari Singh,5694-6964-2448,9742150308,1989-03-21,2002-05-30,Partition,DD-4793-832,151283000.0,
ee43857c-fea3-4ebf-9f30-9b96d358a8c4,38d79479-3ff1-4b7b-8e18-8c806288b29e,Rekha Nair,7115-7082-9859,9256439562,2002-05-30,2010-09-22,Gift,DD-8475-940,157182000.0,
a356088d-9b71-4163-8ebd-2ca6fbd196b8,38d79479-3ff1-4b7b-8e18-8c806288b29e,Ajay Singh,7096-8659-6692,9923896371,2010-09-22,2017-04-01,Gift,DD-6681-516,144542000.0,
03e86aee-0df8-4af3-b258-1b3853bbd923,38d79479-3ff1-4b7b-8e18-8c806288b29e,Anil Kapoor,9884-7681-6903,9563546514,2017-04-01,,Gift,DD-3418-933,161752000.0,
a49d3f44-6a96-46fb-b81b-23df700f16bd,a0c70116-9598-445b-92d4-f6a70355e41c,Jyoti Prasad,1066-5173-3698,9894258921,1995-06-17,2016-04-28,Court Decree,DD-9912-142,102136000.0,
7e8c0a62-6d15-483d-a427-b4395f9b9f27,a0c70116-9598-445b-92d4-f6a70355e41c,Geeta Mahesh Patel,6332-7116-9985,9524085631,2016-04-28,2019-12-29,Inheritance,DD-6486-600,0,
06963c63-ee4e-444e-a506-167be99fc608,a0c70116-9598-445b-92d4-f6a70355e41c,Mohan Das,7684-2743-4699,9787698723,2019-12-29,,Court Decree,DD-7435-324,110389000.0,
0dde3a9c-8ad4-44e8-b281-62538e0d7184,c53ccb0f-4a53-4acb-a3e8-307e0fefe4da,Geeta Mahesh Patel,7912-6857-7602,9111347785,1998-08-20,2021-05-28,Sale,DD-2098-359,181021000.0,
f8a9cbb3-04bc-415e-a3f1-0ba60d0ebee7,c53ccb0f-4a53-4acb-a3e8-307e0fefe4da,Harish Chandra,5977-8020-8838,9782061852,2021-05-28,,Court Decree,DD-5918-451,181944000.0,
2a66ac28-7d15-4784-9682-260dbeee9e2b,b83d6b36-caf2-44c0-a9f7-506b3ec4e0b1,Sridevi Kapoor,6527-4954-8688,9136874602,1989-10-24,2000-10-10,Inheritance,DD-2540-565,0,
cc8183fa-7b75-4cee-8fb7-01984a90324f,b83d6b36-caf2-44c0-a9f7-506b3ec4e0b1,Seema Malhotra,4548-7727-2555,9111053043,2000-10-10,2013-11-07,Gift,DD-6075-665,269000.0,
3840339e-d7f0-434f-8694-189355f2db56,b83d6b36-caf2-44c0-a9f7-506b3ec4e0b1,Seema Malhotra,2132-9225-3969,9597335712,2013-11-07,2023-04-17,Inheritance,DD-1462-618,0,
36804b45-646b-4dac-9c9d-6ddc799d6ff3,b83d6b36-caf2-44c0-a9f7-506b3ec4e0b1,Nitin Gadkari,1798-5148-2927,9849704323,2023-04-17,,Gift,DD-7359-920,328000.0,
35f8eb4e-c658-466b-aef9-51a3e31ae153,7b698920-0b36-4f45-9d73-6e959c5cdaad,Mohan Das,1387-8177-9128,9493714969,2000-10-29,2017-02-03,Sale,DD-2663-268,1103000.0,
32c465c6-19b7-4574-9a82-8ad48049627d,7b698920-0b36-4f45-9d73-6e959c5cdaad,Revathy Nair,7034-9904-2742,9549494734,2017-02-03,,Partition,DD-1336-825,1169000.0,
ab93bfae-9977-4cf8-bc7a-90d4faaba4c7,fbeafd2d-ca8b-4967-8a3e-ae419fe30184,Vinod Khanna,1651-4805-4316,9258255838,1992-05-16,2006-03-08,Inheritance,DD-7770-218,0,
48a39752-6e94-461f-9d84-d982b114a39b,fbeafd2d-ca8b-4967-8a3e-ae419fe30184,Ramesh Kumar Sharma,7092-1982-9359,9946202078,2006-03-08,2016-09-24,Gift,DD-3182-864,1002000.0,
bd6e53e9-4ff3-4b5d-b719-561053822ff3,fbeafd2d-ca8b-4967-8a3e-ae419fe30184,Rohit Sharma,9692-1145-5969,9971300408,2016-09-24,,Sale,DD-2847-637,1119000.0,
e85e0355-f3be-413d-8496-e9b061cc17b9,fd60a5c1-33e1-4368-926a-7bcdaee81674,Anita Kumari Singh,8075-1703-6250,9938197230,1989-03-18,2000-05-20,Inheritance,DD-5300-516,0,
0759a556-bcc7-496d-8d01-e1ab6c0a552d,fd60a5c1-33e1-4368-926a-7bcdaee81674,Mahesh Babu,7402-8369-4681,9903812257,2000-05-20,2013-12-07,Partition,DD-1453-297,590000.0,
a7bf9b7f-927d-4bcf-9af3-ac94af4fa267,fd60a5c1-33e1-4368-926a-7bcdaee81674,Nandini Reddy,7660-3576-4954,9743148646,2013-12-07,2021-10-20,Inheritance,DD-8853-729,0,
d0b381c0-4c79-4657-a7e4-da30bb214639,fd60a5c1-33e1-4368-926a-7bcdaee81674,Ranjit Kumar,1506-7837-2086,9703106474,2021-10-20,,Court Decree,DD-5712-609,684000.0,
bea2220f-e82c-4584-ab58-ff718d055071,6d220f93-857c-4671-b702-8833a96e0a6b,Uma Shankar,2031-5122-5394,9391253759,1994-08-20,2003-08-17,Partition,DD-6610-645,2003000.0,
b3639db2-4403-480a-872d-3cd88e25636f,6d220f93-857c-4671-b702-8833a96e0a6b,Asha Bhosale,4922-4133-6710,9428938270,2003-08-17,2024-08-10,Gift,DD-9413-333,1953000.0,
001a65cc-2617-409c-b1ac-80672aefdee0,6d220f93-857c-4671-b702-8833a96e0a6b,Balu Mahendra,7742-5563-5323,9741840461,2024-08-10,,Inheritance,DD-6488-630,0,
ba0769fb-a38e-40b4-b95d-a454f7936b9d,34e2becc-8793-44bc-9f87-c78e86c951b8,Dinesh Patil,3397-5173-2180,9371158137,1993-12-08,2018-11-07,Partition,DD-5435-681,285000.0,
96dc9801-ffa6-4d45-b696-90ae0520e4fb,34e2becc-8793-44bc-9f87-c78e86c951b8,Ajay Singh,1053-2090-4095,9971868892,2018-11-07,2021-10-17,Sale,DD-7169-932,305000.0,
8f3b27dd-06e4-45ea-98e4-3816baf08be5,34e2becc-8793-44bc-9f87-c78e86c951b8,Vinod Khanna,5539-9374-7889,9313878650,2021-10-17,,Gift,DD-9110-565,373000.0,
935e6ece-5a17-43f2-9987-21eaf88d9086,c3688043-5e1b-4b86-875b-5c05f12c5e2b,Saritha Devi,5541-5656-8041,9358428472,2001-08-04,2002-06-01,Sale,DD-2825-445,556000.0,
2a685fb1-cecb-4806-a633-2889917b68d0,c3688043-5e1b-4b86-875b-5c05f12c5e2b,Sonia Verma,5370-6792-4872,9262889747,2002-06-01,2008-10-02,Inheritance,DD-4611-733,0,
9ba71ed4-eb0c-4f91-a6cb-35d928d1d388,c3688043-5e1b-4b86-875b-5c05f12c5e2b,Sridevi Kapoor,4328-9875-1285,9272223663,2008-10-02,2010-10-31,Sale,DD-6189-880,521000.0,
06324ed5-3ff3-4ef6-90a3-10c4467ac956,c3688043-5e1b-4b86-875b-5c05f12c5e2b,Vijay Prakash Rao,5033-7658-4620,9359871834,2010-10-31,,Sale,DD-5419-928,544000.0,
2e73f3dd-9b5d-4b8e-824c-413a52fd03c2,08405571-b89f-49f5-840d-0e17e45e5a7c,Nandini Reddy,7355-8244-4366,9500463881,1993-12-18,1999-11-20,Court Decree,DD-6608-429,2726000.0,
8dda142c-39ed-47c3-b497-e10b3f13ccb0,08405571-b89f-49f5-840d-0e17e45e5a7c,Revathy Nair,7187-3758-7619,9322405123,1999-11-20,2010-03-29,Inheritance,DD-2267-715,0,
084fb650-3fae-4183-a585-cb25ea825628,08405571-b89f-49f5-840d-0e17e45e5a7c,Ajay Singh,5491-5075-5762,9347922133,2010-03-29,2020-07-27,Inheritance,DD-6148-461,0,
2fd8dc7e-5da7-44c3-89a0-f313ba11bbdc,08405571-b89f-49f5-840d-0e17e45e5a7c,Jyoti Prasad,4998-2059-8409,9865652721,2020-07-27,,Partition,DD-8695-124,3066000.0,
bb044547-48ab-4751-8a52-52eba5966442,78a4e7a8-004a-4085-8b9d-3170ced5b1a4,Vinod Khanna,1820-5102-2298,9663987043,2000-08-07,2021-03-09,Sale,DD-3601-194,3869000.0,
7837d4ac-5258-4291-97cd-4cbc3fda2d10,78a4e7a8-004a-4085-8b9d-3170ced5b1a4,Ranjit Kumar,5563-4047-4753,9539659024,2021-03-09,,Gift,DD-8423-252,3742000.0,
78415397-937d-4c93-af60-0dccf99c459e,2e11c2c4-6dcc-442c-9ee4-36754871d6e6,Rani Mukherjee,4060-5024-1143,9449479184,2001-02-07,1996-10-19,Partition,DD-7044-840,1811000.0,
2ced7173-8bb0-414e-bb2e-059c91a619ea,2e11c2c4-6dcc-442c-9ee4-36754871d6e6,Priya Devi Nair,9206-9265-1931,9522845630,1996-10-19,2003-04-28,Inheritance,DD-5461-625,0,
ee50a4e2-e325-4fdb-8008-75d5c5dc9502,2e11c2c4-6dcc-442c-9ee4-36754871d6e6,Divya Menon,3554-3167-4963,9753875594,2003-04-28,2009-02-05,Inheritance,DD-3736-149,0,
9fc3047a-f2e7-4fd6-9edb-2d72184f127b,2e11c2c4-6dcc-442c-9ee4-36754871d6e6,Arun Prakash,2800-5066-3655,9787340924,2009-02-05,,Gift,DD-5575-573,1717000.0,
823eb9e4-9cf4-4595-b7c0-da44ab171151,b2b41034-366b-4605-b718-81017bc8991c,Mohammad Arif Khan,7021-5889-2892,9748964998,1987-07-10,2001-02-08,Partition,DD-3068-924,1718000.0,
728f2232-1b96-4a02-be8c-b43b5db503a9,b2b41034-366b-4605-b718-81017bc8991c,Priya Devi Nair,6153-8982-4255,9905640705,2001-02-08,,Partition,DD-7268-484,1666000.0,
742108f3-694d-4a1d-9d13-7b14564fe6fc,ad218987-b078-40a1-9b43-8c2feee8a6cd,Prakash Raj,7333-8100-2279,9742351513,1999-11-11,2005-10-06,Sale,DD-5840-483,2184000.0,
9f533022-907a-4226-912c-52b99d1c4945,ad218987-b078-40a1-9b43-8c2feee8a6cd,Divya Menon,1663-8855-2110,9478475128,2005-10-06,,Gift,DD-6812-940,2304000.0,
422e16ca-fe6f-4171-9de9-e1d2ac3fafa7,d131b7d9-7505-4054-ad24-069aad961c28,Saritha Devi,9289-2102-3512,9985528811,1989-05-08,2000-02-28,Court Decree,DD-1592-782,386000.0,
0bc6ac13-4229-41e1-9e39-973af52146cc,d131b7d9-7505-4054-ad24-069aad961c28,Saritha Devi,5376-3358-3329,9918308048,2000-02-28,2011-04-09,Partition,DD-6409-776,438000.0,
081cdc4f-7d71-43df-bbfc-98c7ed1dc498,d131b7d9-7505-4054-ad24-069aad961c28,Sridevi Kapoor,5518-7461-4608,9144980819,2011-04-09,,Inheritance,DD-2526-731,0,
292a62cc-3974-44fc-97df-2dd8318e2274,36df7968-9d36-4103-add7-4f81fcc5f176,Meena Devi,9977-6416-6349,9665549649,1995-01-15,2020-03-09,Gift,DD-7096-971,1084000.0,
8dc563d9-02ca-4d4e-b6cc-f231f1a8dafa,36df7968-9d36-4103-add7-4f81fcc5f176,Rajesh Gupta,5018-4706-1364,9565867976,2020-03-09,,Inheritance,DD-9520-798,0,
0fad09ed-5a4e-4613-9649-a3912bce5ea1,312444b7-03d8-4e54-a70c-ea86683559c0,Mohammad Arif Khan,6143-1932-8137,9535858328,1997-05-14,2007-09-07,Inheritance,DD-8883-778,0,
3d39d252-fd2c-4c11-90e8-18f1ee039dcc,312444b7-03d8-4e54-a70c-ea86683559c0,Priya Devi Nair,6468-7068-2937,9430720440,2007-09-07,2019-12-30,Partition,DD-3523-524,1045000.0,
80409cb9-f946-4da4-8f08-c2e6ae695d35,312444b7-03d8-4e54-a70c-ea86683559c0,Ajay Singh,4506-7640-8046,9352448868,2019-12-30,,Inheritance,DD-8971-603,0,
a2b40bb1-28bb-4805-8ac5-2eb9d3caf232,e4d28703-62e8-4c12-bf43-8c71c728cd83,Suresh Babu Reddy,2349-1647-1003,9982003508,1988-09-18,2001-07-05,Sale,DD-3706-417,2528000.0,
db3fad09-905f-4d95-a8e8-13c05290332c,e4d28703-62e8-4c12-bf43-8c71c728cd83,Anil Kapoor,2761-5379-5774,9760818388,2001-07-05,2008-09-05,Inheritance,DD-3784-500,0,
b0cb84c5-6a47-424f-a15e-cd4690420e77,e4d28703-62e8-4c12-bf43-8c71c728cd83,Deepika Mehta,2064-8574-5259,9269000566,2008-09-05,2023-07-25,Court Decree,DD-2174-951,2768000.0,
3c0fc6ab-9f02-4ff2-b285-cb7d785e975b,e4d28703-62e8-4c12-bf43-8c71c728cd83,Revathy Nair,5648-1524-7445,9463630835,2023-07-25,,Court Decree,DD-2574-608,3024000.0,
ea2dde18-ac31-49f3-b141-18cf615eb6ad,7ee98d4d-36f3-45e5-a6c5-bbdfda3fb690,Asha Bhosale,4919-8890-8132,9540105909,1994-07-25,2002-12-23,Sale,DD-5628-888,414000.0,
fc0bba1b-8770-44d6-81be-504b3cb1dde6,7ee98d4d-36f3-45e5-a6c5-bbdfda3fb690,Divya Menon,1554-6967-3564,9519612165,2002-12-23,,Sale,DD-5956-826,387000.0,
ec6caa82-75e8-4741-a636-a68b5b5ed4a3,60b73370-04cc-4ff2-8af6-6d19f9db82eb,Ravi Shankar,9401-9115-5552,9317170067,1986-10-10,2019-11-07,Gift,DD-3427-143,3949000.0,
64bd75ef-b345-4f17-a244-b336da1060e5,60b73370-04cc-4ff2-8af6-6d19f9db82eb,Ramesh Kumar Sharma,6910-6619-7111,9462044077,2019-11-07,2024-01-26,Inheritance,DD-7846-139,0,
4ce222bf-3948-42cd-9d2a-20914ecc2529,60b73370-04cc-4ff2-8af6-6d19f9db82eb,Nandini Reddy,4304-4458-3421,9457038397,2024-01-26,,Sale,DD-2713-594,4575000.0,
eb0cb34c-b0cc-403e-b656-41a9bfdf00f4,1768e1b9-4ffb-4897-a26f-7f16ef5c326b,Asha Bhosale,4651-8360-5336,9422425880,1995-10-18,2004-08-31,Partition,DD-8594-723,10524000.0,
45789214-c823-4a5c-a6b5-a7dcc87dbd2d,1768e1b9-4ffb-4897-a26f-7f16ef5c326b,Meena Devi,7468-5347-1070,9669880762,2004-08-31,2010-10-13,Sale,DD-4759-784,12752000.0,
2171ceaa-8790-410c-8658-a781b1fc0b4f,1768e1b9-4ffb-4897-a26f-7f16ef5c326b,Seema Malhotra,4915-7504-1036,9561720540,2010-10-13,,Inheritance,DD-1664-327,0,
00867dae-dd2b-4bbc-b087-7f36a4a1fff1,9f5f93e9-adac-4a70-8196-04d8c4f2bce2,Sunita Verma,1232-8036-2305,9453019287,1992-05-01,2013-07-31,Inheritance,DD-9930-771,0,
211f4967-a2e2-436e-bf69-b48a44e34847,9f5f93e9-adac-4a70-8196-04d8c4f2bce2,Vijay Prakash Rao,3127-5230-3769,9805939260,2013-07-31,2024-03-14,Inheritance,DD-8862-121,0,
418982ae-aef6-4b13-b4ee-88f401da97ef,9f5f93e9-adac-4a70-8196-04d8c4f2bce2,Ranjit Kumar,4343-3685-6921,9204801830,2024-03-14,2024-05-28,Gift,DD-5212-525,5402000.0,
801f9967-f7a8-4734-831a-60d7fe48d27e,9f5f93e9-adac-4a70-8196-04d8c4f2bce2,Uma Shankar,2123-2248-3548,9230396153,2024-05-28,,Gift,DD-6070-655,6086000.0,
2009e10b-2e6e-4c81-8b3b-fd35ce727452,28874eb2-fdbb-44d5-b165-932c9cfaaecf,Dinesh Patil,3627-9553-9762,9308488923,1989-05-08,2009-10-28,Sale,DD-2415-164,6074000.0,
2c9f7c51-8149-4a06-8a1d-0e08a9fc1413,28874eb2-fdbb-44d5-b165-932c9cfaaecf,Sridevi Kapoor,8084-2696-9395,9933075663,2009-10-28,2016-02-11,Partition,DD-6757-130,5989000.0,
3d4d45c6-85e9-4621-8cb3-a8152915f204,28874eb2-fdbb-44d5-b165-932c9cfaaecf,Uma Shankar,8920-2096-4715,9996049540,2016-02-11,2017-04-08,Partition,DD-4479-271,5546000.0,
eade102a-7aef-458f-a0ef-d6308fb492b7,28874eb2-fdbb-44d5-b165-932c9cfaaecf,Mahesh Babu,4262-1687-1596,9586307785,2017-04-08,,Partition,DD-8501-496,5429000.0,
b4b6c8a2-475f-4137-b571-daf54a590e36,86ecf2ce-3ad3-4304-87e9-06891b54e138,Suresh Babu Reddy,2746-1899-5918,9813848970,1988-12-09,2011-01-13,Gift,DD-9799-941,4331000.0,
66e7e04d-4a89-47ec-aae5-53fc2ec6b9a5,86ecf2ce-3ad3-4304-87e9-06891b54e138,Sridevi Kapoor,3507-5598-6569,9542413659,2011-01-13,2019-09-09,Inheritance,DD-5231-935,0,
4b314f2b-a96e-4416-9fb1-5b06071d0a04,86ecf2ce-3ad3-4304-87e9-06891b54e138,Naresh Kumar,5912-7666-1372,9128075963,2019-09-09,2022-10-07,Sale,DD-9699-472,3811000.0,
1e2c4941-f625-4f2b-8ed0-64bbaae0f3cd,86ecf2ce-3ad3-4304-87e9-06891b54e138,Deepika Mehta,9600-2640-6939,9221734605,2022-10-07,,Gift,DD-6369-289,4324000.0,
897fa6fd-ade4-4f06-bd4b-8f2ebe0c955f,5869b1c9-78fe-4c2c-a9d3-0d1279e02241,Rohit Sharma,1065-2750-8814,9145660707,2000-09-18,2007-06-06,Gift,DD-1852-240,19285000.0,
8e7892ff-c2c7-4a5a-904f-ebc81dbe6fb1,5869b1c9-78fe-4c2c-a9d3-0d1279e02241,Meena Devi,3601-5056-2343,9458697233,2007-06-06,,Partition,DD-6916-515,20573000.0,
ca4ba08d-bbcb-43c5-86af-9a5bd15e7244,51179cfb-69c5-4855-8c1c-eefa51c00c32,Sushma Swarup,6640-3231-7627,9734334597,1999-11-05,2004-05-01,Court Decree,DD-7364-297,8519000.0,
300755f9-efbf-4d38-833b-31d2261a4642,51179cfb-69c5-4855-8c1c-eefa51c00c32,Geeta Mahesh Patel,7884-5177-9153,9101559757,2004-05-01,,Partition,DD-5713-375,8090000.0,
da3c85dd-df74-4044-85f0-9b25741b735e,9a851dc2-e78a-41df-b738-ff48415359a6,Seema Malhotra,3365-3408-3019,9495949630,2001-05-05,2009-03-13,Sale,DD-7772-209,1507000.0,
6cd02aa7-a53f-4959-adec-5d5384933f1a,9a851dc2-e78a-41df-b738-ff48415359a6,Balu Mahendra,5506-8264-4302,9781881435,2009-03-13,2015-04-22,Gift,DD-7735-487,1679000.0,
0e4effa0-c15a-46a7-9c26-f52536f5e62a,9a851dc2-e78a-41df-b738-ff48415359a6,Pooja Sharma,4080-4977-9026,9624966887,2015-04-22,2019-01-03,Inheritance,DD-4387-498,0,
9ae0f807-3850-4011-b248-0e1b5153da94,9a851dc2-e78a-41df-b738-ff48415359a6,Ranjit Kumar,8595-3598-2006,9939014432,2019-01-03,,Gift,DD-8167-150,1596000.0,
fa036bd4-8269-4051-98d3-04d13be16f74,05559220-a041-41b8-b067-378e6adf9512,Nitin Gadkari,8961-7300-4586,9692433358,1993-04-10,2008-09-17,Partition,DD-3187-117,6741000.0,
488c5cda-713f-4fdf-b476-b5d000fb750d,05559220-a041-41b8-b067-378e6adf9512,Mahesh Babu,9552-5174-2619,9391856024,2008-09-17,,Court Decree,DD-3370-212,6452000.0,
3749dfb4-d6f8-495c-bc12-29a92db41634,9b863600-d5bc-4b33-a16e-7ea875b06107,Naresh Kumar,7960-5115-5455,9729419251,1987-02-08,2006-09-24,Partition,DD-4168-291,1079000.0,
95ea08ad-0b04-407c-81ba-f00bb7df4f22,9b863600-d5bc-4b33-a16e-7ea875b06107,Sonia Verma,6847-2574-7224,9606649882,2006-09-24,2010-01-27,Inheritance,DD-7585-785,0,
bf3c1c8f-7f92-4df3-8d1c-dd2586da9328,9b863600-d5bc-4b33-a16e-7ea875b06107,Dinesh Patil,6847-8723-4951,9671752477,2010-01-27,2012-09-09,Court Decree,DD-4215-350,1057000.0,
30a8e0ca-c290-4a6a-8900-3fa50171a85c,9b863600-d5bc-4b33-a16e-7ea875b06107,Vinod Khanna,1269-2249-2690,9706834809,2012-09-09,,Gift,DD-9079-333,1081000.0,
c14d4668-2b98-4644-9c11-279fd5f25b51,c96a517d-f37b-4654-bd68-f9df36f37be2,Meena Devi,9796-4951-1723,9611114494,2001-07-05,2016-01-25,Inheritance,DD-2946-195,0,
b4845883-208a-4d82-8d5e-6e41a1227395,c96a517d-f37b-4654-bd68-f9df36f37be2,Revathy Nair,1104-9020-4544,9954400296,2016-01-25,,Gift,DD-9864-271,10505000.0,
48be3d50-4c18-4e3d-a0d7-6b9b4e44dabb,c6ec5439-ff7c-4ded-bd51-ee94a855db51,Kavitha Rao,3203-1515-2931,9879261514,1996-07-11,2004-08-30,Gift,DD-8550-162,3476000.0,
67543a7c-9f0a-4937-9e9a-fc798abd2d32,c6ec5439-ff7c-4ded-bd51-ee94a855db51,Naresh Kumar,8074-3521-2036,9995092299,2004-08-30,,Inheritance,DD-7007-742,0,
9c1be813-c313-4412-8692-7e973ea5b3d6,06bd4839-a926-496f-a086-7191782c416f,Seema Malhotra,7961-3820-8292,9399762291,1994-11-04,2015-03-28,Court Decree,DD-9730-776,9914000.0,
45ce0e49-00cc-4d78-bd55-ff613bbc20be,06bd4839-a926-496f-a086-7191782c416f,Saritha Devi,1328-4215-7648,9417327448,2015-03-28,2018-04-09,Gift,DD-5263-720,9276000.0,
92c547ae-c7eb-4b41-bb45-61904fbf320b,06bd4839-a926-496f-a086-7191782c416f,Rohit Sharma,2889-3077-1881,9346679107,2018-04-09,,Partition,DD-9772-576,11325000.0,
9ce2050a-5771-4eeb-9b46-d9a16a55cde6,cdd1bdbd-9a9d-4bed-89ef-25dc15e656e6,Ranjit Kumar,9036-4363-3289,9962075155,1996-11-21,2006-09-11,Court Decree,DD-3231-947,5866000.0,
29d442ee-7233-4b3d-bd16-35ef74d0cdbe,cdd1bdbd-9a9d-4bed-89ef-25dc15e656e6,Santosh Kumar,8247-2170-7916,9874081780,2006-09-11,2016-07-25,Inheritance,DD-2464-630,0,
448343a7-1989-4a55-995a-e934b6eea994,cdd1bdbd-9a9d-4bed-89ef-25dc15e656e6,Prakash Raj,3697-5527-6532,9132169436,2016-07-25,,Court Decree,DD-2313-855,6770000.0,
e458c65c-5149-4fd7-acb0-c3aa95f01925,0b5bbcc7-fada-410a-b0b6-ae160c0ac273,Sushma Swarup,5273-3609-2393,9686021691,2001-06-18,2000-02-17,Sale,DD-9257-761,334000.0,
4a4806d3-ac14-45dc-95d2-f1607db63164,0b5bbcc7-fada-410a-b0b6-ae160c0ac273,Sushma Swarup,9046-9556-2255,9261681093,2000-02-17,2020-05-20,Inheritance,DD-9847-588,0,
93371ec5-cd86-42d7-b98a-0e1eedec9226,0b5bbcc7-fada-410a-b0b6-ae160c0ac273,Girish Kumar,1695-6146-7216,9603450047,2020-05-20,,Inheritance,DD-5734-613,0,
7b525cfb-dfc5-407d-86d5-eaa0b941c6be,b7458759-ebf0-4ab5-92a2-157e73b1f8ad,Suresh Babu Reddy,1645-8696-1868,9536725061,1998-05-10,2000-02-04,Inheritance,DD-7149-847,0,
4375b3bd-ef48-4b88-89aa-3673c9ab0568,b7458759-ebf0-4ab5-92a2-157e73b1f8ad,Sonia Verma,8537-6817-1278,9929322190,2000-02-04,2011-10-18,Inheritance,DD-4938-520,0,
e90a0d01-a6a3-4637-ab66-8a8cad85c0d6,b7458759-ebf0-4ab5-92a2-157e73b1f8ad,Anita Kumari Singh,5387-1769-3005,9520559510,2011-10-18,,Court Decree,DD-9615-289,5882000.0,
7fa68d07-2f25-4a70-b2bc-b5ded0d00adb,2190e380-bbb6-4c24-bd90-fe73cdc77410,Lalitha Kumari,6038-7678-5875,9270287792,1990-12-29,2001-09-05,Gift,DD-3799-634,10476000.0,
420c646a-9a50-4ae7-ac14-f0a31b39ab4a,2190e380-bbb6-4c24-bd90-fe73cdc77410,Deepika Mehta,7033-9656-8059,9329645802,2001-09-05,2020-06-12,Sale,DD-4976-529,12075000.0,
04e8535f-96c7-47bb-9fbe-075d14cf26dd,2190e380-bbb6-4c24-bd90-fe73cdc77410,Prakash Raj,1668-7392-5777,9778210041,2020-06-12,2023-10-01,Sale,DD-6072-896,11480000.0,
5184be01-e345-456d-ba99-a40281c2ded0,2190e380-bbb6-4c24-bd90-fe73cdc77410,Mahesh Babu,5761-1693-4057,9533017720,2023-10-01,,Partition,DD-3566-463,14103000.0,
cf20f27c-cd22-44a3-91b2-10f209e5fb3e,17c1bb65-80ed-4198-9741-61fcc20814d4,Revathy Nair,2008-6569-1615,9411058912,1993-11-15,2001-10-09,Inheritance,DD-8629-724,0,
5913414a-a9f4-4be5-992a-3c2a561a2e21,17c1bb65-80ed-4198-9741-61fcc20814d4,Harish Chandra,4423-6817-4183,9989622564,2001-10-09,2023-06-23,Sale,DD-5773-344,2756000.0,
4730ca2f-8e8d-414e-8f17-38a41540c29f,17c1bb65-80ed-4198-9741-61fcc20814d4,Ganesh Patel,3001-7467-4635,9966192895,2023-06-23,,Court Decree,DD-5222-701,2690000.0,
32f0a1ee-c897-410f-8be6-2e4f9cc91fe4,f249081e-4d23-48ff-b3ab-baff02550075,Asha Bhosale,7378-2561-8564,9637604820,1999-09-22,2011-05-05,Court Decree,DD-9272-608,4532000.0,
e47c1921-c093-4e6e-90c1-90aea6e5b728,f249081e-4d23-48ff-b3ab-baff02550075,Arun Prakash,4419-1435-1481,9729309655,2011-05-05,,Partition,DD-9592-108,3872000.0,
7acc7a36-26e5-44b0-a30e-317e11ec03d8,ed20ace4-f41f-462e-8745-f1dcc37f4b68,Geeta Mahesh Patel,9617-5699-2783,9678993084,2001-05-22,2001-09-30,Sale,DD-6099-718,14949000.0,
4b245abe-682c-492d-baf7-e13431276b5b,ed20ace4-f41f-462e-8745-f1dcc37f4b68,Divya Menon,6618-1432-3282,9912308435,2001-09-30,,Gift,DD-4700-336,15081000.0,
896de8fc-c4c3-4d2f-9c43-fd5d5b6e89e4,c7351920-f230-4c88-9816-c1e9e089ea23,Mohan Das,1759-9508-2572,9225104500,1991-08-21,2018-11-16,Partition,DD-8023-545,8437000.0,
edbc5dfd-bf69-4ce4-b66c-19e9c7eb5954,c7351920-f230-4c88-9816-c1e9e089ea23,Priya Devi Nair,1690-4161-1907,9658621226,2018-11-16,,Inheritance,DD-7988-899,0,
424300bf-d349-4a1a-a6fd-30c8341102de,d971c0d9-1ac0-44f7-995d-20444e70b443,Sunil Shetty,5321-5757-1660,9224369980,1994-09-26,2011-02-16,Partition,DD-3336-736,13732000.0,
4b96d0e2-82bc-46ed-bde2-16a7fcfb7301,d971c0d9-1ac0-44f7-995d-20444e70b443,Ramesh Kumar Sharma,9647-8330-4179,9467873912,2011-02-16,2020-05-21,Inheritance,DD-5980-667,0,
55bcf374-b857-475f-8810-624319630784,d971c0d9-1ac0-44f7-995d-20444e70b443,Vinod Khanna,9660-3236-7675,9149521594,2020-05-21,2022-11-20,Gift,DD-4889-588,16412000.0,
5bd64608-a607-47ff-a789-1e8808d3919d,d971c0d9-1ac0-44f7-995d-20444e70b443,Mahesh Babu,3033-1874-2678,9816213440,2022-11-20,,Inheritance,DD-4829-760,0,
96995ada-e496-4f84-ad2d-6bfba7fad0b1,ddbfb11b-d057-4c51-beb0-681e6d9bb390,Sushma Swarup,3378-9769-6999,9721996718,1997-03-14,2003-04-07,Court Decree,DD-8474-191,11365000.0,
2c0e87ad-2d55-4c38-8ca5-39560a755b2a,ddbfb11b-d057-4c51-beb0-681e6d9bb390,Vijay Prakash Rao,5823-1348-9199,9432423268,2003-04-07,2011-03-12,Partition,DD-5066-250,11162000.0,
c5258a90-c0b7-4686-a00f-e1ddceb21fb5,ddbfb11b-d057-4c51-beb0-681e6d9bb390,Vijay Prakash Rao,4030-4654-5823,9938085684,2011-03-12,2022-11-13,Court Decree,DD-4185-279,13464000.0,
e93db4d0-7e8d-479f-81dc-c335b5bebe75,ddbfb11b-d057-4c51-beb0-681e6d9bb390,Jyoti Prasad,1897-7681-1376,9699049741,2022-11-13,,Inheritance,DD-8043-513,0,
80fb5a83-7274-4d04-8475-0073a4e2b3c5,bf0a37fe-8ec9-46fc-b31b-6613bbd00305,Jyoti Prasad,8113-6592-1490,9689755049,1995-09-21,2012-09-20,Partition,DD-2930-245,6854000.0,
3b957dcd-2282-485d-a23e-da095e1bd122,bf0a37fe-8ec9-46fc-b31b-6613bbd00305,Pooja Sharma,9921-3402-8113,9809655953,2012-09-20,,Inheritance,DD-7655-704,0,
24655895-34db-4038-9124-c0e26cd1bf47,a466c065-2075-441a-865b-6803565fe1ec,Naresh Kumar,9339-5454-1664,9131626098,1993-10-07,2005-04-07,Inheritance,DD-4942-701,0,
0b96795d-fabf-4957-a4ad-325a7859df9a,a466c065-2075-441a-865b-6803565fe1ec,Kavitha Rao,1016-1106-9419,9566270399,2005-04-07,2008-11-24,Inheritance,DD-8838-870,0,
a1b9d6c9-61b6-4eeb-a795-364bebfe4121,a466c065-2075-441a-865b-6803565fe1ec,Anita Kumari Singh,2913-7343-9255,9316958854,2008-11-24,,Court Decree,DD-7400-498,3539000.0,
9eafebb0-f854-4e9d-a640-691f69bde0c2,d174403b-9276-4e3d-90eb-cfbb27889782,Mahesh Babu,4612-5584-5425,9118058086,1997-07-17,2008-01-06,Inheritance,DD-1824-847,0,
4aac3150-d843-42aa-b217-8630c48cf5ae,d174403b-9276-4e3d-90eb-cfbb27889782,Ajay Singh,3659-1953-8356,9250034484,2008-01-06,2009-08-11,Partition,DD-8219-553,15629000.0,
86975bd0-ac09-41d7-98fb-f7d486f6d86c,d174403b-9276-4e3d-90eb-cfbb27889782,Deepika Mehta,6645-1318-2508,9900864316,2009-08-11,2022-06-18,Partition,DD-7744-787,14098000.0,
9071ba42-01d3-4cbc-b60f-882c4eff827d,d174403b-9276-4e3d-90eb-cfbb27889782,Rekha Nair,2094-5317-1372,9526574971,2022-06-18,,Partition,DD-8768-493,17189000.0,
69d83b00-2cb0-4210-8ffa-8e87ac2f09e1,5d5720d5-fd14-4225-9d70-0f67ca2ca186,Kavitha Rao,7912-4898-9409,9819012830,1997-10-26,2007-06-05,Court Decree,DD-3676-100,13551000.0,
06ccf867-0986-4903-9d75-7b5a4cfae771,5d5720d5-fd14-4225-9d70-0f67ca2ca186,Jyoti Prasad,6651-7160-2986,9304426702,2007-06-05,2010-06-30,Gift,DD-3168-578,14206000.0,
8c6fa1bb-1d87-4c02-b003-8bc9fe511938,5d5720d5-fd14-4225-9d70-0f67ca2ca186,Lalitha Kumari,9932-5861-6031,9384110660,2010-06-30,2010-07-05,Inheritance,DD-8331-176,0,
c17145e4-225b-41fe-83d7-ec287d922880,5d5720d5-fd14-4225-9d70-0f67ca2ca186,Rohit Sharma,6292-1782-3307,9524759964,2010-07-05,,Court Decree,DD-1805-843,17537000.0,
fa60484f-eaa9-4a09-846f-e4ae78b71825,8e65824c-0250-4bcc-9062-6379f853ba84,Sunita Verma,5277-9510-7879,9284275160,1990-04-29,2003-03-19,Inheritance,DD-2676-743,0,
d391cc8b-e544-487b-804f-7517a59dde50,8e65824c-0250-4bcc-9062-6379f853ba84,Anil Kapoor,8175-4831-7979,9987269085,2003-03-19,2008-03-08,Court Decree,DD-9947-448,16211000.0,
549e9c1d-18b5-4973-8dae-0b30f6e3e6af,8e65824c-0250-4bcc-9062-6379f853ba84,Geeta Mahesh Patel,9442-3903-9904,9831789135,2008-03-08,2022-12-02,Inheritance,DD-9836-348,0,
2c2285d5-b9cc-4b45-bdb8-844705a216a6,8e65824c-0250-4bcc-9062-6379f853ba84,Jyoti Prasad,8366-1375-9074,9943539825,2022-12-02,,Gift,DD-7691-129,15974000.0,
fab8a46d-b828-40c0-8bd7-52e4cc17a1f2,176ade0c-d172-4c76-b621-28dd0c006ab8,Mahesh Babu,1243-6489-9832,9580265736,1991-05-10,2012-08-27,Sale,DD-7444-795,7986000.0,
f546257f-4fd0-4b2d-871f-597491a5f105,176ade0c-d172-4c76-b621-28dd0c006ab8,Saritha Devi,2193-9566-3854,9178118235,2012-08-27,2024-03-28,Sale,DD-5340-514,8607000.0,
aa7325c4-4e55-4849-8439-c779c5eb492f,176ade0c-d172-4c76-b621-28dd0c006ab8,Prakash Raj,1646-9753-5399,9352564677,2024-03-28,,Court Decree,DD-3273-435,9271000.0,
262d0033-5c43-4b76-bbd3-0c6d0389250a,1050af8c-130e-4b09-9b99-2360870c5236,Pooja Sharma,8403-9940-9315,9591650757,1996-11-02,2012-01-22,Court Decree,DD-2081-762,18172000.0,
40b5c00a-6752-4fec-bf18-9b695dc9cd13,1050af8c-130e-4b09-9b99-2360870c5236,Arun Prakash,4854-9912-7580,9580584473,2012-01-22,2017-04-03,Sale,DD-8231-193,18041000.0,
9dce398e-f7ca-4f01-a32d-419a9bef0ba4,1050af8c-130e-4b09-9b99-2360870c5236,Lalitha Kumari,4059-1429-8405,9395171674,2017-04-03,2020-08-10,Partition,DD-8825-300,19226000.0,
ccfc264a-311c-4e8f-b83c-d9b02b844634,1050af8c-130e-4b09-9b99-2360870c5236,Uma Shankar,8559-9108-9719,9628786900,2020-08-10,,Partition,DD-2277-728,16830000.0,
75d0ad40-96d3-42dd-8d2a-d438e864365d,5461b2ef-f3c4-43ab-b66d-057ceed3001a,Sridevi Kapoor,6437-8481-1627,9132893156,1989-11-19,1999-11-05,Sale,DD-6904-873,5499000.0,
508ec96b-9b79-4a5f-859e-9b9f7c944193,5461b2ef-f3c4-43ab-b66d-057ceed3001a,Arun Prakash,6613-7136-5396,9369730105,1999-11-05,2005-12-27,Sale,DD-3751-386,6653000.0,
3b792622-e4cd-4a4e-b5d8-cab1cb874adb,5461b2ef-f3c4-43ab-b66d-057ceed3001a,Prakash Raj,7456-4213-3299,9479052259,2005-12-27,2020-04-03,Inheritance,DD-9578-502,0,
8217cea4-e4dc-4ee9-a34d-f8b398f5b8df,5461b2ef-f3c4-43ab-b66d-057ceed3001a,Uma Shankar,3180-9727-5411,9947756854,2020-04-03,,Court Decree,DD-5819-290,7354000.0,
ce5010c5-c9b7-4a8e-a7d8-20b64953a883,8c0051a7-7929-47c1-ace3-71973fddcf5e,Sonia Verma,7062-2674-4662,9641682614,1995-10-21,2000-02-19,Inheritance,DD-6625-642,0,
4b780a7a-0482-4f5d-ac43-a62c63f42838,8c0051a7-7929-47c1-ace3-71973fddcf5e,Nitin Gadkari,9022-9502-5306,9514764009,2000-02-19,2004-12-19,Sale,DD-7409-478,16025000.0,
9c62889e-06a8-4d52-a75a-10e9833c1a40,8c0051a7-7929-47c1-ace3-71973fddcf5e,Anil Kapoor,5707-5287-4673,9108162937,2004-12-19,2018-06-12,Court Decree,DD-6314-116,17531000.0,
e0b130f3-147e-4d4a-ae81-2d98a32eeac7,8c0051a7-7929-47c1-ace3-71973fddcf5e,Girish Kumar,2965-9393-2220,9993779600,2018-06-12,,Inheritance,DD-6023-743,0,
8eba49a4-06c2-4496-894f-262e1d968555,7d75618b-c9c3-48f3-adf8-fb5ba596d629,Seema Malhotra,6198-1750-1263,9766547575,1998-03-04,2003-07-08,Court Decree,DD-2595-343,8418000.0,
513a2c5c-1a5b-4600-b160-a31f825760a8,7d75618b-c9c3-48f3-adf8-fb5ba596d629,Vijay Prakash Rao,5644-2427-1576,9933581968,2003-07-08,2009-01-05,Gift,DD-3452-813,10065000.0,
8fc9c946-3f7f-43b3-b311-101923fccc67,7d75618b-c9c3-48f3-adf8-fb5ba596d629,Sunil Shetty,2999-9580-8747,9702890574,2009-01-05,,Gift,DD-3905-567,10097000.0,
f3ff92a3-7287-4603-8d23-3ce005a3b75f,087fa65c-e240-4182-a4e4-6b2079883720,Ganesh Patel,6535-9359-6526,9895429952,1997-07-06,2015-12-09,Inheritance,DD-3264-604,0,
77f79b82-40ad-47f2-8d6c-0713ef678ca2,087fa65c-e240-4182-a4e4-6b2079883720,Rohit Sharma,7913-6959-6199,9945687419,2015-12-09,2024-07-08,Gift,DD-9869-747,20692000.0,
21333e5f-4e2f-40e1-a595-6c13db5f6abd,087fa65c-e240-4182-a4e4-6b2079883720,Naresh Kumar,2944-2359-8014,9456798806,2024-07-08,,Court Decree,DD-5719-282,21743000.0,
1f72eb2a-dc5a-41fd-a0bb-d760be250010,800f09dd-dffa-4ed3-92ad-4c5a4ac312e2,Naresh Kumar,5659-9516-9598,9762400532,1998-10-17,2009-10-06,Court Decree,DD-3984-798,884000.0,
648db585-0372-4b99-9e81-bbc443d6d56c,800f09dd-dffa-4ed3-92ad-4c5a4ac312e2,Ganesh Patel,9038-3360-9185,9841269110,2009-10-06,2010-04-30,Partition,DD-7321-700,971000.0,
29ba7c25-9768-43e1-9968-41d31c8b5250,800f09dd-dffa-4ed3-92ad-4c5a4ac312e2,Uma Shankar,8226-5795-7771,9260744181,2010-04-30,2014-02-02,Inheritance,DD-7931-559,0,
9df6b702-06a7-4998-8487-94fee9095cdb,800f09dd-dffa-4ed3-92ad-4c5a4ac312e2,Mohan Das,3747-7042-5717,9324573973,2014-02-02,,Sale,DD-3125-475,1154000.0,
119551c1-f5bc-4f15-a55d-ebf33109883f,eb6507de-4fc3-419b-97d4-8d8d6d3e08e1,Rekha Nair,8727-7619-9498,9858240718,1990-04-28,2003-03-30,Court Decree,DD-8588-453,3282000.0,
77161d55-1df8-4f6e-a08e-3f66940d05e4,eb6507de-4fc3-419b-97d4-8d8d6d3e08e1,Pooja Sharma,8865-8606-6256,9379538662,2003-03-30,2023-07-09,Sale,DD-8471-281,3823000.0,
1ac906f8-2524-469c-b3b0-50fb2e397e8d,eb6507de-4fc3-419b-97d4-8d8d6d3e08e1,Santosh Kumar,1535-6331-3333,9764229062,2023-07-09,,Gift,DD-5352-595,3457000.0,
63e51e7f-f287-48e5-8964-7c657d7e09a7,116588ce-6f0b-4fbc-8459-1202b9333a09,Jyoti Prasad,4507-7749-3804,9208243963,2000-03-18,2009-08-21,Inheritance,DD-3542-690,0,
be6c4e89-6f85-43c8-a75c-dae3c7443f3e,116588ce-6f0b-4fbc-8459-1202b9333a09,Mohammad Arif Khan,5967-4871-3357,9353891323,2009-08-21,,Partition,DD-6356-773,10445000.0,
3ea61184-3bcc-47ec-9e38-a4c0311f3f16,6f031c29-305f-4fee-8e62-f4a9e7c18a49,Sonia Verma,8189-1044-4060,9713152983,1988-09-02,1996-12-25,Partition,DD-2908-284,7168000.0,
5b87916f-1459-4fd2-a862-4694c6f4c44a,6f031c29-305f-4fee-8e62-f4a9e7c18a49,Rekha Nair,1908-6424-5038,9815885704,1996-12-25,2004-11-08,Inheritance,DD-8211-171,0,
926fa0f0-33cf-4b1d-97d2-cd36b2523066,6f031c29-305f-4fee-8e62-f4a9e7c18a49,Anil Kapoor,2843-4510-9033,9860121856,2004-11-08,2024-04-03,Court Decree,DD-8676-877,7604000.0,
078ddf7f-98f0-43bc-9e0e-2701225bbb5a,6f031c29-305f-4fee-8e62-f4a9e7c18a49,Sunil Shetty,4981-3140-3445,9130148921,2024-04-03,,Gift,DD-3265-693,9357000.0,
cf5b3ebb-b800-43c4-9032-bcd43e353674,355454f7-beee-4eca-8c2f-e21df321605d,Rani Mukherjee,7460-1997-1662,9316890695,1998-03-26,1999-02-02,Inheritance,DD-4879-752,0,
dde155a0-2973-4564-824b-7934279ff5d9,355454f7-beee-4eca-8c2f-e21df321605d,Sridevi Kapoor,2343-6254-2793,9594151851,1999-02-02,2014-10-12,Sale,DD-5556-409,22546000.0,
4f7c00fc-589d-4f5f-9060-bc943c741e03,355454f7-beee-4eca-8c2f-e21df321605d,Harish Chandra,2533-1374-3444,9790321150,2014-10-12,2022-01-14,Sale,DD-6683-955,27027000.0,
f694170c-7a2d-405b-a668-eeb709143ec2,355454f7-beee-4eca-8c2f-e21df321605d,Rohit Sharma,6705-1393-2515,9425118997,2022-01-14,,Court Decree,DD-3743-897,32993000.0,
04d1776e-bf5b-4744-91c8-48bc5b194e91,7ad206c8-9cb4-45a5-b6d7-384178c2b22f,Sonia Verma,2462-2899-2846,9510794353,2000-05-16,2006-10-31,Inheritance,DD-1876-217,0,
3764456b-49ce-48f1-9992-56f826be74ab,7ad206c8-9cb4-45a5-b6d7-384178c2b22f,Suresh Babu Reddy,2981-1522-8315,9246014686,2006-10-31,2016-07-17,Partition,DD-2712-232,7157000.0,
682cf83e-a3c6-4f5b-b32a-084ebe9a6502,7ad206c8-9cb4-45a5-b6d7-384178c2b22f,Ravi Shankar,4243-4507-1606,9415263725,2016-07-17,,Gift,DD-9669-878,7336000.0,
2e0b014e-9a1c-4c45-bd6a-374b976573bc,3bc0a575-ae9b-4f4d-864b-2dcd120ee9d2,Rohit Sharma,4172-7008-6733,9874784405,1999-01-24,2016-09-13,Gift,DD-7153-231,1608000.0,
b076e115-7828-490b-a3c8-6c0f952fa086,3bc0a575-ae9b-4f4d-864b-2dcd120ee9d2,Nitin Gadkari,1020-4516-6656,9237657276,2016-09-13,,Partition,DD-2081-929,1844000.0,
075ef2c4-4a9a-4364-8b23-feaec645ec12,cdeb28a7-e00f-4151-b828-7b49b10e9f61,Anil Kapoor,5553-1988-3725,9743243083,1991-04-08,1997-07-27,Gift,DD-3653-590,3797000.0,
f09c3133-d8ae-4040-98dd-cc2e6fcbdd10,cdeb28a7-e00f-4151-b828-7b49b10e9f61,Lakshmi Venkatesh,8065-7982-1366,9542747932,1997-07-27,,Court Decree,DD-2007-553,4319000.0,
54deb873-aa34-4903-9e3b-1cb7dd7b2094,38f15865-7a63-4b60-a2d6-d49d19815fbc,Naresh Kumar,2063-7076-8255,9733639638,1991-04-22,1997-04-01,Partition,DD-7038-533,6572000.0,
f11bf7d7-6a96-41fd-9017-3730e6dbce92,38f15865-7a63-4b60-a2d6-d49d19815fbc,Arun Prakash,5032-5116-8857,9214273000,1997-04-01,2003-08-24,Gift,DD-7094-391,6704000.0,
25d15ef3-4563-4559-b312-10951480f845,38f15865-7a63-4b60-a2d6-d49d19815fbc,Ranjit Kumar,1044-2811-1722,9695863793,2003-08-24,2005-03-10,Inheritance,DD-5114-572,0,
2252ab0d-2281-4aee-8e86-50f5d2893cfa,38f15865-7a63-4b60-a2d6-d49d19815fbc,Geeta Mahesh Patel,1634-4395-1436,9965539784,2005-03-10,,Sale,DD-2941-916,7800000.0,
185f40e4-ef83-4349-8fd0-44298418b634,8cf61991-690c-4429-8f7d-8495fd8e6abf,Anita Kumari Singh,8568-4755-6441,9185585358,1992-03-02,2000-05-26,Sale,DD-7694-563,874000.0,
7d054d3c-d791-41c4-915d-cb05bbabf243,8cf61991-690c-4429-8f7d-8495fd8e6abf,Rajesh Gupta,9061-5919-4268,9960095812,2000-05-26,,Sale,DD-5714-469,1082000.0,
31d9f20d-af23-4615-82b2-f1a3cb7dd381,c9f6a89a-e919-41a9-9f2b-1090ee13625c,Mohammad Arif Khan,9595-4941-3264,9851057979,1986-11-21,2019-03-21,Partition,DD-3439-180,14544000.0,
95eeb3ea-daa0-4fea-ad06-1a95a868e8f6,c9f6a89a-e919-41a9-9f2b-1090ee13625c,Rajesh Gupta,7602-7796-7972,9207553685,2019-03-21,2019-11-06,Partition,DD-1310-132,12697000.0,
5f2b1f27-5706-483b-a2a5-31858a363969,c9f6a89a-e919-41a9-9f2b-1090ee13625c,Mohammad Arif Khan,2908-1828-8322,9731912405,2019-11-06,,Gift,DD-6412-741,13785000.0,
e2f4b10e-b4aa-4729-a780-95a10d989c6d,d074896a-f954-41ac-8fc3-d5804593d14e,Nitin Gadkari,9141-7471-9670,9629166199,1987-07-29,2008-01-02,Court Decree,DD-1620-927,5218000.0,
80dfb90f-fb69-4de5-9376-c2369e591e2c,d074896a-f954-41ac-8fc3-d5804593d14e,Prakash Raj,8192-2970-7792,9510406943,2008-01-02,2019-08-09,Inheritance,DD-2066-303,0,
f2747d69-d3d4-45bb-b0b1-d0e1b6b76e5f,d074896a-f954-41ac-8fc3-d5804593d14e,Sridevi Kapoor,2631-3432-4543,9620716920,2019-08-09,,Court Decree,DD-5794-204,5293000.0,
ddd01307-3a35-41e5-8f7d-b441245c03c5,8ab481c3-6a5f-47a2-93e7-78c6e1d4d3f1,Rani Mukherjee,3810-2731-2458,9541030781,1995-01-05,2009-11-03,Sale,DD-9447-571,1995000.0,
06b04e9a-2c2f-418c-bd92-040959de97a2,8ab481c3-6a5f-47a2-93e7-78c6e1d4d3f1,Priya Devi Nair,5251-2557-9941,9958119260,2009-11-03,,Sale,DD-3594-776,2227000.0,
1eaeab4d-0d63-4fbc-847c-169eedbb3315,3a1faa32-bf8b-4e94-a26d-20c76fe6fa1f,Pooja Sharma,9551-9407-4819,9713200664,1999-10-17,2002-01-09,Inheritance,DD-2970-562,0,
06932b21-416e-485f-afec-d81f639d5f7e,3a1faa32-bf8b-4e94-a26d-20c76fe6fa1f,Ramesh Kumar Sharma,9832-3827-2011,9971739084,2002-01-09,2024-03-04,Partition,DD-9304-482,14871000.0,
da218671-a53b-4d8f-8047-5ca86277d8dd,3a1faa32-bf8b-4e94-a26d-20c76fe6fa1f,Divya Menon,6246-8754-2535,9989928641,2024-03-04,,Sale,DD-5251-653,12919000.0,
c45aecf3-79e3-4036-995c-a2660faa3023,ccd4652f-15a5-4dce-baf1-f16f0060069a,Ganesh Patel,2931-5237-2448,9948381236,1991-05-26,2000-12-31,Gift,DD-1706-702,10116000.0,
34411034-a97c-42fe-9fd6-c706b5180a55,ccd4652f-15a5-4dce-baf1-f16f0060069a,Suresh Babu Reddy,9099-5065-3900,9623456429,2000-12-31,2008-07-06,Court Decree,DD-7938-215,10033000.0,
4b39c515-7d9f-44e4-80be-c445b868da86,ccd4652f-15a5-4dce-baf1-f16f0060069a,Pooja Sharma,2753-8540-7523,9295126001,2008-07-06,2019-07-09,Gift,DD-4672-441,11429000.0,
f8863fa6-78d4-4e0f-8847-82810915a3e9,ccd4652f-15a5-4dce-baf1-f16f0060069a,Revathy Nair,5637-7165-7287,9687120355,2019-07-09,,Gift,DD-1740-719,13949000.0,
87c62d81-d786-497f-b9ff-ab2325f0c1fc,21d92b93-b989-4934-a00e-669a4e300658,Ranjit Kumar,3252-5235-7474,9614884547,1990-09-29,1996-12-23,Court Decree,DD-9221-333,7171000.0,
f68181da-4b7b-4089-80d3-7a6f636eb300,21d92b93-b989-4934-a00e-669a4e300658,Sonia Verma,2116-7961-1361,9769197840,1996-12-23,2007-11-15,Inheritance,DD-9637-555,0,
43601865-f1de-4fb9-aa06-5692721263a6,21d92b93-b989-4934-a00e-669a4e300658,Geeta Mahesh Patel,5067-6861-3674,9981271946,2007-11-15,,Sale,DD-2461-407,6307000.0,
efaf9457-635f-4d8b-a00d-d660417ea00d,7ec83c69-2f7d-4421-b5e5-7e8aab2d2b49,Priya Devi Nair,7822-7587-2035,9604708275,1995-08-05,2018-10-11,Inheritance,DD-5737-380,0,
71b36548-ac1d-44a0-9349-3d44f35caf3b,7ec83c69-2f7d-4421-b5e5-7e8aab2d2b49,Revathy Nair,5238-9818-9955,9776980179,2018-10-11,2021-09-19,Partition,DD-2070-890,10882000.0,
a3f95e78-5095-430e-87b6-4923edb6f156,7ec83c69-2f7d-4421-b5e5-7e8aab2d2b49,Saritha Devi,1046-7565-8564,9994779063,2021-09-19,,Sale,DD-9957-654,13413000.0,
85077247-b83e-48f1-8861-6de53819d346,bf50cb2a-9de4-4887-8fe7-31899fba841b,Asha Bhosale,1807-2812-3033,9758952253,1999-10-08,2009-04-07,Sale,DD-6362-448,10426000.0,
4cdfcaf6-3a0e-4ddf-861b-bf72c0da9860,bf50cb2a-9de4-4887-8fe7-31899fba841b,Balu Mahendra,8827-6919-5036,9848388271,2009-04-07,2009-10-14,Inheritance,DD-3958-159,0,
0235e8c5-1724-4b14-a147-1f77ba7f2557,bf50cb2a-9de4-4887-8fe7-31899fba841b,Divya Menon,2287-7921-2013,9343813723,2009-10-14,2015-12-07,Partition,DD-1728-459,9335000.0,
f55f47a1-fd83-46ce-af29-8d41ad659f13,bf50cb2a-9de4-4887-8fe7-31899fba841b,Ajay Singh,4393-7901-6150,9366881610,2015-12-07,,Court Decree,DD-9811-870,10815000.0,
cce00ca6-b879-42ee-8660-96076afa464f,cdf24583-c516-48b5-a12a-ff7f3babf173,Rekha Nair,1235-6091-6156,9554827026,1995-12-12,2004-07-11,Sale,DD-6355-908,5636000.0,
076f52fd-490a-46f2-ab31-a89d55dc3310,cdf24583-c516-48b5-a12a-ff7f3babf173,Rani Mukherjee,1478-8382-6054,9924639504,2004-07-11,2017-10-28,Gift,DD-9028-874,5790000.0,
13e4ab74-9b14-40f4-b784-71ae0170b2a5,cdf24583-c516-48b5-a12a-ff7f3babf173,Sonia Verma,1473-7965-3143,9360400251,2017-10-28,,Gift,DD-4616-296,6731000.0,
1eece6b1-451d-44cf-8803-ca8d7ed78713,bb985660-c07b-407c-bfe2-732ef41936e4,Asha Bhosale,2103-7392-1454,9211300111,1988-06-21,2003-08-07,Partition,DD-8765-418,2003000.0,
d462fa1f-c46c-4640-8431-b9d406b547b3,bb985660-c07b-407c-bfe2-732ef41936e4,Vijay Prakash Rao,2512-7103-9247,9975406144,2003-08-07,2019-04-23,Sale,DD-3897-387,2271000.0,
91f78c86-89dc-4d88-ac14-f5d45d3d6e63,bb985660-c07b-407c-bfe2-732ef41936e4,Sridevi Kapoor,1982-1100-9795,9116121174,2019-04-23,,Gift,DD-9739-916,2400000.0,
72bdb9a0-2f12-4a0a-a309-045f1225e3dd,47243b69-148a-495e-8125-452bc865ad33,Sunil Shetty,5116-4748-8843,9467381114,1988-05-24,1996-08-30,Inheritance,DD-1876-308,0,
348c92f3-b959-4c54-8a18-65ef23edd776,47243b69-148a-495e-8125-452bc865ad33,Revathy Nair,7322-9721-1787,9595214319,1996-08-30,2007-12-17,Inheritance,DD-8046-454,0,
0aecd12d-611f-4fce-b6d6-bbc00e92019c,47243b69-148a-495e-8125-452bc865ad33,Mahesh Babu,5337-9422-3864,9432605434,2007-12-17,2018-11-11,Court Decree,DD-6740-938,5098000.0,
f63836bb-5627-4748-a23e-165bbd036d83,47243b69-148a-495e-8125-452bc865ad33,Vinod Khanna,4810-9248-6313,9371890543,2018-11-11,,Inheritance,DD-3021-787,0,
bb99a747-fd55-4652-b677-674c05070b1b,7b80bb87-9af4-4682-89dd-76954ecff527,Ajay Singh,4379-4979-5808,9792633163,1991-04-21,2004-01-31,Sale,DD-8385-548,16306000.0,
d62fbee8-25cb-4f99-a58c-b9f941a9df14,7b80bb87-9af4-4682-89dd-76954ecff527,Priya Devi Nair,4139-9829-7217,9835602271,2004-01-31,2009-05-17,Inheritance,DD-9016-273,0,
723486cd-a407-4888-a5cc-62aa0b396e40,7b80bb87-9af4-4682-89dd-76954ecff527,Pooja Sharma,1206-9894-1995,9960277776,2009-05-17,2016-08-27,Inheritance,DD-2192-586,0,
e63240cc-baf9-4a76-8528-b3530733a527,7b80bb87-9af4-4682-89dd-76954ecff527,Meena Devi,6389-4184-1543,9515122551,2016-08-27,,Sale,DD-7341-352,19252000.0,
7c764d0d-ec58-4a7e-8d14-f96b9e2db68a,c9697d75-81c6-4ffa-9ebe-898777a6b856,Mahesh Babu,5286-5290-8004,9157431447,1993-04-11,2011-08-27,Gift,DD-5163-360,2057000.0,
609273d4-0845-4792-b67c-061f95d9afae,c9697d75-81c6-4ffa-9ebe-898777a6b856,Mahesh Babu,2080-8784-4562,9583545083,2011-08-27,2013-03-15,Court Decree,DD-4444-939,2189000.0,
6083e4c9-893a-4b0b-87cc-10771646ac01,c9697d75-81c6-4ffa-9ebe-898777a6b856,Nitin Gadkari,6251-4947-3020,9257929769,2013-03-15,,Court Decree,DD-2755-115,2423000.0,
5b112af6-a3f2-4128-90c8-c36909b20f70,3b4890be-bb7a-4d97-bbba-74258afa8498,Saritha Devi,9854-7247-5139,9287936545,1992-08-26,2003-04-29,Partition,DD-4810-137,2957000.0,
4aabde82-130b-41c7-9b18-94dad134dac3,3b4890be-bb7a-4d97-bbba-74258afa8498,Nitin Gadkari,4709-8365-3666,9659917125,2003-04-29,2021-11-19,Gift,DD-3165-308,3497000.0,
ece4e234-f7c1-454e-b970-eb0b033c17e4,3b4890be-bb7a-4d97-bbba-74258afa8498,Vijay Prakash Rao,3473-2846-9191,9132301980,2021-11-19,2024-06-14,Inheritance,DD-4903-681,0,
78ecb065-7487-4d16-88a8-35768bee6f02,3b4890be-bb7a-4d97-bbba-74258afa8498,Arun Prakash,9471-9432-1808,9864172053,2024-06-14,,Partition,DD-3574-680,3266000.0,
842edae6-2b1f-4043-9f0c-317633b142ae,4e453022-0bf0-470f-b78e-2312bccede92,Saritha Devi,4854-5740-6231,9797798656,1992-06-27,2011-09-09,Partition,DD-2522-395,9825000.0,
46eb73aa-ea37-4d39-a765-a65a967d3b5e,4e453022-0bf0-470f-b78e-2312bccede92,Nandini Reddy,1776-8906-5527,9552195803,2011-09-09,2014-10-28,Inheritance,DD-2393-703,0,
7eb8bf2c-ce4b-4651-b7c5-2962d1696e02,4e453022-0bf0-470f-b78e-2312bccede92,Smita Patil,6183-2600-1571,9103919069,2014-10-28,,Court Decree,DD-3265-299,9589000.0,
9af81f97-2cc9-40c1-a1ac-4308108806ba,71c26177-aa3b-4742-b143-880eb6ed19b8,Ganesh Patel,2479-4683-5623,9101702569,1992-06-26,2012-07-16,Partition,DD-7077-406,22313000.0,
dcd2a10e-270c-4ab3-add2-8a52401af387,71c26177-aa3b-4742-b143-880eb6ed19b8,Girish Kumar,5405-8691-1687,9661344438,2012-07-16,,Partition,DD-9874-431,19864000.0,
eea339fe-2942-4dc8-aab7-2ac7bf343004,a62c42e5-5cc1-4af2-8175-12bc4b62911f,Rohit Sharma,8024-3959-6947,9586978736,1996-01-19,2000-05-12,Partition,DD-2190-472,31602000.0,
9222cb15-fde0-4996-be91-e50a69981dc2,a62c42e5-5cc1-4af2-8175-12bc4b62911f,Sonia Verma,4878-3072-1364,9193389201,2000-05-12,2022-07-10,Sale,DD-8446-486,27157000.0,
ae747f39-09f7-41e7-8132-6d6d791c7187,a62c42e5-5cc1-4af2-8175-12bc4b62911f,Pooja Sharma,8447-9552-4060,9508172677,2022-07-10,2024-08-07,Inheritance,DD-8071-818,0,
59a7e5dd-2399-4f82-820c-6b9a4853173d,a62c42e5-5cc1-4af2-8175-12bc4b62911f,Ramesh Kumar Sharma,7038-3280-2193,9941776099,2024-08-07,,Sale,DD-5959-180,29094000.0,
b0ec5e31-3bbc-47f6-b931-a705e732c649,d889f0e0-4136-45eb-ae41-d0fd716aa9b2,Seema Malhotra,1874-5330-7003,9386045942,2000-09-09,2014-12-16,Partition,DD-6476-624,24884000.0,
7db0b9d2-27cc-4f23-9e91-c9715effab10,d889f0e0-4136-45eb-ae41-d0fd716aa9b2,Vinod Khanna,6678-5811-7108,9621952950,2014-12-16,,Inheritance,DD-2724-943,0,
0d06add4-1cc4-4866-b6cc-89d976432dc4,68329b9b-2b4f-407d-a6fb-7db557db4468,Saritha Devi,5587-1082-1957,9195519439,1986-11-19,2001-04-29,Court Decree,DD-3669-673,38960000.0,
5c7a6191-5183-4a40-a493-5c0f1fa7e611,68329b9b-2b4f-407d-a6fb-7db557db4468,Sunil Shetty,3994-3636-5289,9869955304,2001-04-29,2014-02-02,Partition,DD-9522-767,47848000.0,
2e73c764-7b5f-4752-8e50-dbcea7fa709e,68329b9b-2b4f-407d-a6fb-7db557db4468,Smita Patil,2187-7381-9884,9953454348,2014-02-02,,Partition,DD-4938-192,43279000.0,
6ef1b7d1-b46f-4525-8e9d-5a1b55c41ae8,df304fbc-2915-4324-9c0f-6834be806d8a,Prakash Raj,2161-8048-6143,9830665669,1998-01-13,2010-01-10,Court Decree,DD-3230-304,9237000.0,
0fd655be-8e3c-4c68-b955-cc0d9b3dccb9,df304fbc-2915-4324-9c0f-6834be806d8a,Revathy Nair,2419-9260-6116,9703200643,2010-01-10,2021-11-30,Sale,DD-1075-595,8799000.0,
57277cc0-3568-402f-8384-e6dbb082486f,df304fbc-2915-4324-9c0f-6834be806d8a,Santosh Kumar,9550-8673-7769,9736834208,2021-11-30,,Gift,DD-5801-332,10333000.0,
c893b619-6a21-4b6d-80a8-9c3bc6c6d8df,7a33ef19-db0a-498a-bed8-c0514d178da7,Mohammad Arif Khan,8672-5862-4495,9941460924,2001-05-31,2004-02-13,Gift,DD-7607-327,1318000.0,
a9ae33d4-787a-4452-b1d8-df02a571c4e9,7a33ef19-db0a-498a-bed8-c0514d178da7,Ravi Shankar,6527-3480-7892,9669018400,2004-02-13,2023-03-14,Gift,DD-8173-362,1397000.0,
11705374-db7b-44cf-8cce-26f82ba5f89d,7a33ef19-db0a-498a-bed8-c0514d178da7,Rani Mukherjee,8133-1637-8033,9580826586,2023-03-14,,Sale,DD-7645-982,1340000.0,
1e707217-0ead-43dc-b346-98ad0b3820f5,eb498daa-de9f-4a1b-82b1-d198940b2231,Lakshmi Venkatesh,6967-7505-3612,9321180062,1987-04-24,2008-03-06,Gift,DD-8356-734,3260000.0,
f763ad41-24bc-40f7-adc4-605273388f83,eb498daa-de9f-4a1b-82b1-d198940b2231,Sonia Verma,1557-9861-6460,9922120921,2008-03-06,2014-01-26,Court Decree,DD-3994-846,3846000.0,
892837a0-904b-4715-9f11-ca2164ec5c6a,eb498daa-de9f-4a1b-82b1-d198940b2231,Revathy Nair,6070-1451-2666,9350794956,2014-01-26,2023-11-01,Gift,DD-2755-143,4028000.0,
53889351-b89e-42b6-81a3-77bcca20fca1,eb498daa-de9f-4a1b-82b1-d198940b2231,Nandini Reddy,7355-2552-1312,9252819463,2023-11-01,,Sale,DD-2365-202,4169000.0,
2c06acf3-2e9b-4c7e-8693-3a641c9d679a,cd8e7b76-2578-4eb2-80e0-781b07081c69,Dinesh Patil,4515-3999-6685,9956789742,1993-03-17,2022-08-23,Partition,DD-1831-180,41677000.0,
bd139cd9-0ece-4bee-839d-fe0c3b07ecd1,cd8e7b76-2578-4eb2-80e0-781b07081c69,Girish Kumar,6567-1524-8177,9403353059,2022-08-23,,Court Decree,DD-5253-550,45990000.0,
952fbc2f-3c5f-4e7f-9e7e-53683b0b145a,a784e210-5429-4e9b-8606-92be8fce261a,Deepika Mehta,1514-4514-8019,9148970283,1998-01-26,2024-05-27,Court Decree,DD-2941-103,12217000.0,
b77cedab-0597-4b54-a0af-6aa0da708326,a784e210-5429-4e9b-8606-92be8fce261a,Naresh Kumar,2536-4627-6518,9760752396,2024-05-27,,Court Decree,DD-5656-165,10736000.0,
292c9da3-3faf-4190-aeaa-c8b9f77852b5,40210151-bf6b-489f-85a5-e51f27b1dfe5,Revathy Nair,4958-8847-9207,9386749065,1991-01-15,2011-09-01,Partition,DD-8823-369,24649000.0,
d9c78966-41db-4356-9e4e-51eba90fa079,40210151-bf6b-489f-85a5-e51f27b1dfe5,Sunita Verma,5734-6025-7143,9341622302,2011-09-01,2013-12-29,Inheritance,DD-4568-778,0,
39226f76-d9a7-4783-9962-cc7e15ce8edd,40210151-bf6b-489f-85a5-e51f27b1dfe5,Sridevi Kapoor,3575-6475-6375,9108643561,2013-12-29,2019-05-21,Sale,DD-1045-502,25791000.0,
1deaddfb-07a9-4156-be32-770bbf83e38a,40210151-bf6b-489f-85a5-e51f27b1dfe5,Pooja Sharma,1181-2194-9081,9328187922,2019-05-21,,Inheritance,DD-3632-748,0,
44911827-4ce8-47ee-a57e-aa702f26a615,d9d4a87f-dd66-4591-9bb2-5aafeb426cf4,Rani Mukherjee,7783-9362-5149,9360893196,2000-11-15,1997-07-04,Inheritance,DD-1092-752,0,
0498fe3a-a14c-413b-9736-47a4550a999f,d9d4a87f-dd66-4591-9bb2-5aafeb426cf4,Ajay Singh,8275-4603-3229,9761710897,1997-07-04,1999-10-17,Sale,DD-3481-219,833000.0,
2fcfd840-a45c-4093-a8e6-cef1cefea4dd,d9d4a87f-dd66-4591-9bb2-5aafeb426cf4,Prakash Raj,6473-9897-8391,9447116699,1999-10-17,2012-03-28,Sale,DD-5613-794,820000.0,
951b6334-5869-4913-aa0e-bad3a772d88f,d9d4a87f-dd66-4591-9bb2-5aafeb426cf4,Mohan Das,7938-6106-3744,9524387157,2012-03-28,,Court Decree,DD-4048-189,753000.0,
6211fa28-b1d8-494f-85c8-f28f94794b4c,fd66ba6d-2e70-47cc-8b51-db92940cf530,Revathy Nair,3756-2621-3800,9172504595,1994-10-28,2006-08-23,Court Decree,DD-1100-285,3078000.0,
8e55ffd2-3ffd-4bf5-9888-9b803d09aa3a,fd66ba6d-2e70-47cc-8b51-db92940cf530,Jyoti Prasad,9009-1070-6997,9707247598,2006-08-23,,Gift,DD-9592-904,2770000.0,
55cedd6b-b350-4fbf-a4cc-fed70ea540b7,195f17a8-a994-4b8c-afac-c702e7e0cb26,Sridevi Kapoor,3532-9331-8857,9285089731,2000-10-12,2011-09-23,Court Decree,DD-4538-168,4592000.0,
eb927e57-e26a-42e2-aac7-4fde771812eb,195f17a8-a994-4b8c-afac-c702e7e0cb26,Naresh Kumar,1875-2572-9419,9248286010,2011-09-23,2015-06-04,Court Decree,DD-5523-439,5669000.0,
ce6ba9c2-c71a-4621-bb59-89b5e35651e6,195f17a8-a994-4b8c-afac-c702e7e0cb26,Ramesh Kumar Sharma,1884-3910-4502,9760396220,2015-06-04,,Inheritance,DD-8811-266,0,
7cb67763-8eff-41ae-9e5b-fa20c5c36d61,7e492bf9-19eb-49b6-bc28-f4e4b29ed6d7,Ganesh Patel,3445-4588-3149,9240214044,1993-09-23,2002-04-25,Inheritance,DD-1830-383,0,
112af4f7-d61e-4cc6-99b4-342de9cf5273,7e492bf9-19eb-49b6-bc28-f4e4b29ed6d7,Deepika Mehta,2691-4992-7110,9870788073,2002-04-25,,Partition,DD-9159-467,27453000.0,
016cc06a-19de-4eda-9cc1-69b805d9a469,68395329-f367-41d3-9489-783bbd2f0680,Balu Mahendra,2212-8695-5891,9506003375,1997-09-27,2005-11-04,Inheritance,DD-2468-525,0,
cb5eb00e-f33e-41af-8d96-600bd3c013e4,68395329-f367-41d3-9489-783bbd2f0680,Rohit Sharma,9698-4574-2955,9943057199,2005-11-04,2020-05-19,Court Decree,DD-1669-981,7972000.0,
8f8e0d30-ba40-49ab-a2a5-3b7939dd2429,68395329-f367-41d3-9489-783bbd2f0680,Mohan Das,9867-5520-2095,9765815220,2020-05-19,2022-12-01,Sale,DD-5319-353,9462000.0,
5d4d273c-edd7-4249-9998-2460bb299f5d,68395329-f367-41d3-9489-783bbd2f0680,Lakshmi Venkatesh,4326-2941-7877,9622748935,2022-12-01,,Partition,DD-7420-266,8614000.0,
e620be2f-2884-49bd-b8b6-8bce2c273c51,46064074-9010-4cee-90fc-2c546fb16c0c,Balu Mahendra,6016-4089-4681,9709405267,1997-06-28,2003-03-02,Partition,DD-8069-500,60797000.0,
d8b1a8e5-5b5b-400c-80e1-c1e1579d4122,46064074-9010-4cee-90fc-2c546fb16c0c,Sonia Verma,7175-3740-8432,9303766933,2003-03-02,2005-05-31,Partition,DD-6632-108,59029000.0,
f7e33b0b-8e7c-42d2-bc78-6289c6032bc5,46064074-9010-4cee-90fc-2c546fb16c0c,Deepika Mehta,8108-2924-2449,9417309724,2005-05-31,,Inheritance,DD-3767-494,0,
16afb898-90ab-4080-b9d1-1905dec4a6bc,758114d5-e547-4c00-b7ec-dc6794c2cce0,Balu Mahendra,7230-5319-4614,9315836278,1994-02-03,2009-02-14,Gift,DD-2386-773,64928000.0,
4aaed4bb-6fe6-47d0-af26-4a053ee0d7b9,758114d5-e547-4c00-b7ec-dc6794c2cce0,Deepika Mehta,5615-8551-4058,9492595763,2009-02-14,2014-02-16,Court Decree,DD-6551-924,61407000.0,
42778fbb-ae7c-4ded-8e40-c3554329a743,758114d5-e547-4c00-b7ec-dc6794c2cce0,Ravi Shankar,5271-4314-1569,9968567809,2014-02-16,2021-04-17,Sale,DD-6974-644,57989000.0,
c398dcb1-25ea-45c3-b29c-6f7d0835ce07,758114d5-e547-4c00-b7ec-dc6794c2cce0,Ganesh Patel,6993-9667-9183,9535582478,2021-04-17,,Inheritance,DD-2270-180,0,
4e707d1a-bca0-4bf1-bfe9-d745c4188ac1,23cf7f7c-66f1-4ddd-894f-26d8f0039872,Mohammad Arif Khan,8059-4418-5593,9235799523,1990-12-10,2003-10-27,Court Decree,DD-9237-491,20702000.0,
bdabb8bb-032d-441a-b36f-0e042ba013d1,23cf7f7c-66f1-4ddd-894f-26d8f0039872,Priya Devi Nair,9773-1129-6440,9763921816,2003-10-27,2007-06-12,Sale,DD-3901-451,19961000.0,
8841fa5d-13cd-44b9-98ee-05f787888197,23cf7f7c-66f1-4ddd-894f-26d8f0039872,Arun Prakash,7538-3336-6293,9944527342,2007-06-12,,Gift,DD-9323-189,23472000.0,
9a1d0851-c428-46cf-97e4-cd35aa600f72,44c62508-68fa-48b5-9974-f0fffb02c4f7,Geeta Mahesh Patel,5931-6189-6061,9329234183,1988-03-01,2021-03-20,Inheritance,DD-7806-936,0,
89c12ab6-54cd-470d-bf35-cc099d336da9,44c62508-68fa-48b5-9974-f0fffb02c4f7,Lalitha Kumari,8502-4702-2708,9830863433,2021-03-20,,Sale,DD-8418-680,97938000.0,
1e14f431-4133-4cdd-aa18-1ed72bb3456f,babe76be-df99-4282-93e7-524f6f96e361,Balu Mahendra,9160-1796-2842,9633886006,1996-07-22,1998-07-10,Gift,DD-5375-964,46560000.0,
cd555231-c1a4-42da-b3c1-0e3446958aa8,babe76be-df99-4282-93e7-524f6f96e361,Nitin Gadkari,1414-9667-7732,9955377778,1998-07-10,2003-09-06,Inheritance,DD-3680-990,0,
910b0a8d-0e3b-4ab6-b766-a60a66fafb8d,babe76be-df99-4282-93e7-524f6f96e361,Prakash Raj,8421-3163-8044,9529824220,2003-09-06,2012-01-05,Gift,DD-3418-327,56430000.0,
81aa8aa1-6b3b-472f-87b8-f44239490cb0,babe76be-df99-4282-93e7-524f6f96e361,Ramesh Kumar Sharma,2826-5565-2014,9793320994,2012-01-05,,Gift,DD-7663-292,52367000.0,
7b84b73f-102c-4d75-97ed-f7a04771f85d,f9a4f65f-4cdd-481c-a47e-70dda9a134b8,Revathy Nair,3022-4565-7520,9668102406,1997-02-08,2010-09-12,Court Decree,DD-5933-332,13569000.0,
ea779e3e-56d7-44e2-8b01-35b12464ac61,f9a4f65f-4cdd-481c-a47e-70dda9a134b8,Sunita Verma,2992-4245-7194,9768333823,2010-09-12,,Sale,DD-9099-268,16464000.0,
972007b1-3634-465a-890a-953920da4459,9049d4d8-143e-4e91-9e11-98cc76337b56,Divya Menon,4638-6800-4694,9238730296,1992-01-25,2002-11-10,Court Decree,DD-3855-101,17573000.0,
bd9611ea-d008-45be-811b-7b817c6018c9,9049d4d8-143e-4e91-9e11-98cc76337b56,Lakshmi Venkatesh,9311-6734-1569,9604167347,2002-11-10,2023-01-20,Inheritance,DD-7934-537,0,
4777e1e5-ff75-4daf-9cc8-387d4c9c1ff8,9049d4d8-143e-4e91-9e11-98cc76337b56,Prakash Raj,1746-9379-4070,9517782164,2023-01-20,2023-08-25,Partition,DD-2501-150,18812000.0,
d7e89310-bb8f-4a12-86bb-bfbc2f443f7f,9049d4d8-143e-4e91-9e11-98cc76337b56,Nandini Reddy,3595-4275-7244,9141418940,2023-08-25,,Court Decree,DD-9156-906,23211000.0,
7dc4cfd5-8ee7-40ec-88af-48ae07158630,33c39715-3a62-4c18-9de4-b7bc3d969193,Santosh Kumar,3320-3644-9328,9118132628,1997-01-07,2019-07-03,Inheritance,DD-4550-807,0,
fb013a05-7938-4892-91e4-9a38fcfa2084,33c39715-3a62-4c18-9de4-b7bc3d969193,Pooja Sharma,3527-4016-3926,9888397590,2019-07-03,2024-01-16,Sale,DD-5784-359,10945000.0,
c81b72dc-5f8d-4ad0-8db2-24466fe60edd,33c39715-3a62-4c18-9de4-b7bc3d969193,Girish Kumar,6530-4458-7088,9804470968,2024-01-16,,Gift,DD-7635-158,10954000.0,
156901c8-90cd-464b-9803-23dd9ed5c70b,af449bfb-2e67-414b-be3c-eacda77a4222,Ajay Singh,1939-9334-5699,9812932571,1993-05-06,2002-10-27,Sale,DD-4600-893,2838000.0,
d557da80-2abd-45e6-a341-8f613b659001,af449bfb-2e67-414b-be3c-eacda77a4222,Divya Menon,6986-7326-2036,9436973436,2002-10-27,,Partition,DD-4755-684,3352000.0,
f3d145f6-3092-40e9-9b10-d45c6317979f,7985323a-cfa7-4705-a2bd-ac4fee893837,Anita Kumari Singh,8817-1008-3246,9119499324,1997-11-05,2006-10-01,Court Decree,DD-9137-466,7269000.0,
37fe6496-d8d6-4e52-86a1-7d533c447f59,7985323a-cfa7-4705-a2bd-ac4fee893837,Lalitha Kumari,1244-2165-9128,9203180131,2006-10-01,2007-08-19,Gift,DD-3764-545,9018000.0,
95dfa3af-394f-489e-b92e-75098ac6c800,7985323a-cfa7-4705-a2bd-ac4fee893837,Naresh Kumar,2200-4306-4991,9907344076,2007-08-19,2024-06-16,Inheritance,DD-2471-253,0,
156c86fe-3812-4031-95ce-afe242aad146,7985323a-cfa7-4705-a2bd-ac4fee893837,Nitin Gadkari,8436-7651-1595,9708161666,2024-06-16,,Partition,DD-7611-573,9584000.0,
afeb783f-80d6-4bc0-9b10-29556caf9528,41be9e38-8e5d-43bc-9c01-1d93643db5db,Uma Shankar,7262-6387-6058,9302267303,1993-10-16,2000-01-18,Gift,DD-4326-218,25120000.0,
8182e9df-141c-4afc-bde1-b7cc2e2f0e55,41be9e38-8e5d-43bc-9c01-1d93643db5db,Rohit Sharma,6486-3976-4820,9233884025,2000-01-18,2001-05-01,Sale,DD-9396-788,28638000.0,
f3c6931f-0a70-49e0-a8d0-47e25d48eec7,41be9e38-8e5d-43bc-9c01-1d93643db5db,Geeta Mahesh Patel,2134-6766-1385,9931715844,2001-05-01,2018-06-27,Inheritance,DD-1748-262,0,
7d85704f-df3f-43f4-92be-818f5df23b11,41be9e38-8e5d-43bc-9c01-1d93643db5db,Sushma Swarup,8472-5654-8863,9107395571,2018-06-27,,Gift,DD-8967-926,28674000.0,
cfcd75ca-a52e-4fa8-a9c1-db791217a634,00f5bf81-2fc8-43b4-9452-f60a97178b53,Revathy Nair,4614-8704-4263,9140410332,1996-10-18,2021-03-26,Inheritance,DD-6783-422,0,
e8728084-3192-4baf-81da-256d993a883d,00f5bf81-2fc8-43b4-9452-f60a97178b53,Girish Kumar,4055-8608-8231,9184909552,2021-03-26,,Court Decree,DD-7326-378,15242000.0,
47e6bc80-cd2c-47f4-90ba-2d3cdf433662,d973f072-d806-4124-9c64-5ff03ae53721,Sushma Swarup,7782-8120-5063,9420551771,1991-01-04,1999-11-26,Court Decree,DD-6495-726,16748000.0,
ab5f2205-26a2-4a01-b88a-f2e8fbb8f3b3,d973f072-d806-4124-9c64-5ff03ae53721,Sushma Swarup,4627-6036-5217,9943493564,1999-11-26,2002-10-18,Gift,DD-5288-995,20273000.0,
09a12c57-6b22-48b0-8bd5-cc0032650ce9,d973f072-d806-4124-9c64-5ff03ae53721,Jyoti Prasad,5007-4972-5234,9396125051,2002-10-18,2014-06-08,Sale,DD-6002-726,18216000.0,
d6305283-4cdb-48ad-b681-c67e29209d67,d973f072-d806-4124-9c64-5ff03ae53721,Rajesh Gupta,7716-5322-1281,9664599799,2014-06-08,,Court Decree,DD-8387-391,17133000.0,
05d5a98c-2b43-4880-907b-d58f44049401,53b6d418-3e8c-4914-98b0-87cc7804d2da,Asha Bhosale,5937-9496-6697,9306927649,1996-09-10,2009-10-30,Sale,DD-8843-879,10069000.0,
e3724dac-580b-43f5-924c-f0e063f63eaf,53b6d418-3e8c-4914-98b0-87cc7804d2da,Rohit Sharma,3161-3058-1610,9362458848,2009-10-30,,Gift,DD-7763-479,9915000.0,
a7a5bab3-7fae-41cd-b2bc-b0fbd97a555c,d3e8cdd5-6611-439f-b709-89802ea0bc29,Lakshmi Venkatesh,4578-2126-5277,9857864453,1987-12-06,2000-11-30,Partition,DD-1037-668,103124000.0,
acc6d360-c018-4e72-8fcd-7b207ade41b2,d3e8cdd5-6611-439f-b709-89802ea0bc29,Asha Bhosale,7497-7355-4625,9190883729,2000-11-30,2001-12-04,Gift,DD-5888-293,98355000.0,
de3ab543-435e-4ec1-89f6-8743bc330df6,d3e8cdd5-6611-439f-b709-89802ea0bc29,Anita Kumari Singh,4353-5859-4007,9304541049,2001-12-04,,Sale,DD-4650-655,105269000.0,
ee7ac51d-a1cb-4e10-b1bb-f04ea7a74d47,eca1c6f0-e111-4c87-88e4-ef85fd65b256,Rohit Sharma,1821-3506-2469,9794317061,2000-06-10,2007-09-11,Inheritance,DD-5597-490,0,
3a3857dd-0dba-424b-8efb-deffa5e2bd15,eca1c6f0-e111-4c87-88e4-ef85fd65b256,Meena Devi,4085-1615-5949,9323165768,2007-09-11,2011-08-25,Partition,DD-8178-392,125086000.0,
25e5cb4e-6597-478c-8478-0d4b66f5a1d2,eca1c6f0-e111-4c87-88e4-ef85fd65b256,Mahesh Babu,1768-3676-3653,9975171243,2011-08-25,2016-04-08,Gift,DD-1957-258,117750000.0,
2357db9f-f1ba-4398-aa53-a1d44deb5761,eca1c6f0-e111-4c87-88e4-ef85fd65b256,Arun Prakash,8347-6517-3612,9313642767,2016-04-08,,Court Decree,DD-5592-532,118496000.0,
47c962d9-9038-4d75-a6a6-43a937f0196e,2d121700-1edd-4b0d-969e-91b7f8a11501,Girish Kumar,6691-6164-5081,9903580651,1996-04-30,2006-07-23,Partition,DD-3326-894,86850000.0,
dbff20a9-a652-4b8c-a804-5bbc2c9bb582,2d121700-1edd-4b0d-969e-91b7f8a11501,Harish Chandra,1918-2281-3835,9347852194,2006-07-23,,Sale,DD-3843-384,96117000.0,
f1838289-af18-4581-84a8-5d3ec4bd673a,a8a80b9d-4182-4172-99d1-50ec7e4235f0,Prakash Raj,2664-8803-9113,9444794527,2001-07-29,2020-08-08,Partition,DD-5242-776,18909000.0,
56171912-6b43-4e57-ba70-95ed3c743907,a8a80b9d-4182-4172-99d1-50ec7e4235f0,Sonia Verma,3996-5320-1819,9514805094,2020-08-08,,Gift,DD-7781-208,20779000.0,
276df22e-b0c0-421c-82dc-6ee1991edf10,6ef20d0c-973a-43db-84ba-ae970daefe6a,Mohammad Arif Khan,4052-2633-3129,9190770196,1997-05-10,1996-11-20,Inheritance,DD-8395-687,0,
7a95e873-33f9-4b35-92fd-914b0dba0002,6ef20d0c-973a-43db-84ba-ae970daefe6a,Nandini Reddy,1687-4861-6679,9839120948,1996-11-20,2011-01-28,Sale,DD-1772-222,33734000.0,
881f334b-8143-4eff-babf-c849e70af107,6ef20d0c-973a-43db-84ba-ae970daefe6a,Girish Kumar,1819-2211-8445,9153132768,2011-01-28,,Court Decree,DD-7814-926,41064000.0,
c23e566c-62b6-49e2-9ac9-a6e583b4f177,d759cffb-2fad-4bad-bffd-71bdffcf6272,Mahesh Babu,5739-3451-3364,9221318733,1989-12-19,2021-04-01,Inheritance,DD-3679-121,0,
bf650011-958d-4d08-96f3-8e345a14e8ad,d759cffb-2fad-4bad-bffd-71bdffcf6272,Balu Mahendra,5270-7266-4151,9309700414,2021-04-01,,Partition,DD-3886-485,36141000.0,
1228af38-f798-47c2-be29-665ae3a5f811,03240b65-85e6-4391-938f-20c6c10dc326,Seema Malhotra,9140-5216-3976,9526555697,1993-01-07,2002-01-10,Sale,DD-6131-294,17883000.0,
dd1d3d0a-6c2d-4c5c-9b45-3acf6fcb0d7e,03240b65-85e6-4391-938f-20c6c10dc326,Sonia Verma,6186-7784-4820,9387770819,2002-01-10,2005-04-10,Partition,DD-4427-263,21979000.0,
4a9260a2-8fe2-450d-b612-b140f71f2291,03240b65-85e6-4391-938f-20c6c10dc326,Divya Menon,6224-3793-3621,9485143378,2005-04-10,2019-10-01,Inheritance,DD-8411-609,0,
7c9b3635-e348-459c-bee6-a3c32e553688,03240b65-85e6-4391-938f-20c6c10dc326,Ajay Singh,6722-9892-2371,9252213519,2019-10-01,,Court Decree,DD-3516-117,22360000.0,
e6333997-8f4f-4ff8-9bc1-49d7457ebdc6,f8146ff3-8a9a-4c06-a84f-ded8273bee08,Mohammad Arif Khan,6492-5246-9427,9129063876,1987-08-22,2020-11-01,Gift,DD-3947-143,51073000.0,
0eaf8203-a411-494f-9d13-3f2641fa0dc0,f8146ff3-8a9a-4c06-a84f-ded8273bee08,Saritha Devi,2752-4654-9819,9916347780,2020-11-01,,Court Decree,DD-6564-199,47386000.0,
c8e1f221-de9d-4e0a-b832-a21090149736,7ab25f83-586b-4638-8fe7-a68a98d3442a,Vinod Khanna,9802-1958-7380,9432112514,1996-04-24,1998-10-08,Sale,DD-2797-643,63951000.0,
bbcdc08c-b1b3-4ea7-bcc2-a94c209f5bd0,7ab25f83-586b-4638-8fe7-a68a98d3442a,Ramesh Kumar Sharma,1697-7361-3910,9712051373,1998-10-08,2011-03-12,Gift,DD-3188-957,75765000.0,
e262fbfc-bc7b-42b0-89ea-9a10a0db8d18,7ab25f83-586b-4638-8fe7-a68a98d3442a,Divya Menon,5006-6139-9532,9451427352,2011-03-12,,Court Decree,DD-9156-552,83744000.0,
05e1666a-64c9-4633-ac27-c28865aa50da,e3ea88fb-2448-4cef-b9d7-95760633d11a,Sushma Swarup,8956-9373-2833,9196687876,1991-07-12,2006-11-19,Court Decree,DD-4554-914,4883000.0,
ce046bba-106c-4d06-9a32-178f66cbdd5b,e3ea88fb-2448-4cef-b9d7-95760633d11a,Smita Patil,5549-9631-2581,9799744320,2006-11-19,,Partition,DD-8315-257,5763000.0,
b9b44260-4f57-45ad-804b-34d410ebe4e1,46461a40-3289-4ff1-a919-ef7e8fbbc5f0,Vinod Khanna,1031-6820-3651,9548748753,1986-11-28,2021-09-29,Gift,DD-5002-642,48972000.0,
e85a3371-71b7-42a5-aab2-d320568e53ef,46461a40-3289-4ff1-a919-ef7e8fbbc5f0,Girish Kumar,2023-1977-8390,9527464758,2021-09-29,2022-11-22,Court Decree,DD-3800-775,56873000.0,
56cf01ac-9eb9-46bb-9ac8-162ec01e57f8,46461a40-3289-4ff1-a919-ef7e8fbbc5f0,Ranjit Kumar,4998-4721-3905,9696796440,2022-11-22,,Court Decree,DD-8081-267,67056000.0,
cbff951a-aa9e-492f-809c-865e7d2d1b05,ace794b6-f6c2-4202-8085-01959d25baa2,Ganesh Patel,3496-2624-9856,9645570167,1997-08-19,2004-05-03,Court Decree,DD-3569-305,21894000.0,
516f8282-b3ee-4f7c-aeb2-f12dd5b9acb4,ace794b6-f6c2-4202-8085-01959d25baa2,Prakash Raj,2037-9656-8813,9449359982,2004-05-03,,Inheritance,DD-6723-291,0,
9b0e5286-f2c7-4a9f-bf7c-f85a866b13bb,3d1a5ecb-a478-45a3-9622-b328e9ff4e20,Smita Patil,9736-5046-9864,9843865897,1999-08-10,2001-07-29,Court Decree,DD-2813-460,66506000.0,
bf5afffa-1447-4e97-855b-bc810c31c2ee,3d1a5ecb-a478-45a3-9622-b328e9ff4e20,Mohan Das,1272-3468-7402,9504661498,2001-07-29,,Gift,DD-6733-776,69764000.0,
3409b16c-709d-4636-8e4c-039f523eb197,708c2a44-1dbf-4c99-97f3-137a12e5bc79,Rajesh Gupta,8785-3338-7750,9554247940,1991-01-21,2002-04-10,Inheritance,DD-1368-555,0,
011bdb07-47fa-4701-9409-d3d6b2c3670f,708c2a44-1dbf-4c99-97f3-137a12e5bc79,Jyoti Prasad,7493-8936-1353,9703910915,2002-04-10,2013-08-08,Court Decree,DD-5989-164,7153000.0,
d1f4d850-a444-4a3d-af5f-4904d212da66,708c2a44-1dbf-4c99-97f3-137a12e5bc79,Anil Kapoor,5176-6766-5656,9535539861,2013-08-08,2013-10-22,Sale,DD-8492-414,8043000.0,
7619f1b6-e891-484a-ac28-36ccb131da61,708c2a44-1dbf-4c99-97f3-137a12e5bc79,Sonia Verma,9258-5952-2843,9541257944,2013-10-22,,Gift,DD-2233-621,7459000.0,
8ed554dc-0543-40b5-8810-ab82a4a0cc6a,e5c3ec9f-b77a-49bc-b47c-bc6bb87cb9f9,Prakash Raj,1640-7499-7557,9411254113,1993-04-18,2015-03-31,Sale,DD-3687-508,9531000.0,
59f46c60-f4c9-4ff9-9a50-0a68a876b5c6,e5c3ec9f-b77a-49bc-b47c-bc6bb87cb9f9,Arun Prakash,5432-9759-5139,9485010812,2015-03-31,,Court Decree,DD-2002-118,11303000.0,
8eefe3b3-3170-423c-a7c8-34b9b18a862b,e2eb9059-2275-4469-aa8f-ccbe58b8a350,Pooja Sharma,7395-7607-2668,9735841848,1997-01-02,2017-06-30,Sale,DD-1010-317,1338000.0,
1a67328f-dfd8-4d95-af19-34a78fe86ea9,e2eb9059-2275-4469-aa8f-ccbe58b8a350,Pooja Sharma,7347-5796-2590,9699103000,2017-06-30,2022-09-28,Court Decree,DD-6830-760,1246000.0,
693feb9b-463e-4da6-9772-be4469bf1c5a,e2eb9059-2275-4469-aa8f-ccbe58b8a350,Rani Mukherjee,5820-8077-8353,9711476881,2022-09-28,,Gift,DD-4138-945,1278000.0,
a6f5d4f8-eda2-468e-9607-632024231589,6306e111-d2a9-4a0f-b531-08f6a446e387,Ajay Singh,7131-3700-5929,9141467227,1998-03-04,1997-12-03,Gift,DD-7913-672,2901000.0,
087df961-1a44-48f3-b60e-e1d001189921,6306e111-d2a9-4a0f-b531-08f6a446e387,Geeta Mahesh Patel,6301-6639-8146,9612912295,1997-12-03,2002-05-30,Partition,DD-3322-906,3369000.0,
845f91aa-bf9c-481e-ba3e-e204875e15ee,6306e111-d2a9-4a0f-b531-08f6a446e387,Arun Prakash,4018-3962-3046,9753896330,2002-05-30,,Inheritance,DD-6167-535,0,
c3b34e85-08c3-48e9-a264-3696471f3f09,5463a35a-a7b7-4d98-a535-7ffb3004494b,Pooja Sharma,4574-2665-3723,9853247905,1996-03-12,2014-03-07,Sale,DD-3247-394,1728000.0,
d79cd729-308d-4b72-94e9-75a7a10dcf80,5463a35a-a7b7-4d98-a535-7ffb3004494b,Ajay Singh,3092-4028-2497,9173003126,2014-03-07,,Court Decree,DD-1923-103,1981000.0,
5243f101-a644-4172-a2b2-0cd32a8b50b5,03596f67-1e15-4cae-816b-f8c14307f1df,Asha Bhosale,9015-7033-2376,9581709225,1989-01-20,2012-02-27,Sale,DD-7653-218,4303000.0,
3e29d437-5b0b-4b47-b327-796e2ff018e6,03596f67-1e15-4cae-816b-f8c14307f1df,Sunil Shetty,1772-6951-6054,9743478813,2012-02-27,2022-04-06,Sale,DD-1896-444,5235000.0,
bf61aa2a-7eec-401f-a63f-f2218af63781,03596f67-1e15-4cae-816b-f8c14307f1df,Rajesh Gupta,8726-4773-6998,9785722215,2022-04-06,2023-11-12,Sale,DD-5232-558,5401000.0,
b8d7f7e5-bf72-4c69-8977-d46713619851,03596f67-1e15-4cae-816b-f8c14307f1df,Santosh Kumar,5875-8182-9665,9885764410,2023-11-12,,Inheritance,DD-6842-890,0,
7c26ac33-15cd-49d5-8088-8a086e81801a,ec891e24-8238-4a24-b37e-80a9fcb9b026,Arun Prakash,7997-1613-9404,9609419913,1994-09-20,2013-10-08,Inheritance,DD-9538-715,0,
51be63b6-c624-4127-b553-59300ac8926f,ec891e24-8238-4a24-b37e-80a9fcb9b026,Vinod Khanna,2119-6777-3852,9615309123,2013-10-08,,Court Decree,DD-9764-279,2874000.0,
ccb9e3a3-eed2-4569-8d0b-adfa4eba9364,11f4435c-566d-400f-a8c7-7e7d3e6df1a4,Seema Malhotra,7207-3663-7512,9732273227,1993-09-07,1998-08-12,Partition,DD-9135-189,1013000.0,
61986da3-ee49-4727-bb27-eeee3e727031,11f4435c-566d-400f-a8c7-7e7d3e6df1a4,Ajay Singh,3237-5209-7161,9775496328,1998-08-12,,Sale,DD-6085-329,946000.0,
da280c3a-ee48-4221-9525-53563a477423,c9682393-21ba-4cd8-8edb-4e410e711637,Nandini Reddy,9465-5874-8500,9725818533,1988-11-20,1996-11-08,Gift,DD-7387-383,1204000.0,
93aeb7c1-5261-4df6-8e3b-3337e13b65dc,c9682393-21ba-4cd8-8edb-4e410e711637,Mahesh Babu,9032-6383-6710,9909852292,1996-11-08,2016-10-21,Gift,DD-8176-274,1294000.0,
5b7b4994-9f43-4b6c-8312-725e7926529e,c9682393-21ba-4cd8-8edb-4e410e711637,Rohit Sharma,1841-3935-3350,9176726487,2016-10-21,,Court Decree,DD-3071-630,1484000.0,
689d6ce7-60f2-464d-8a60-5b458022b7ec,9ef328df-b895-43df-acd9-27dafb3784f1,Rekha Nair,9570-7409-9574,9212540121,1994-08-15,2020-12-01,Inheritance,DD-7970-608,0,
f43f60f2-4545-4e71-97ff-9c7467ff3f32,9ef328df-b895-43df-acd9-27dafb3784f1,Priya Devi Nair,4439-9653-9237,9466917992,2020-12-01,,Sale,DD-3985-843,3811000.0,
aea136d7-7043-43cd-bed8-16e26acc1a0a,9d5fb41d-ae1b-480a-a3f9-30dac109f98d,Uma Shankar,6129-9267-9822,9906227616,1998-05-19,2005-03-31,Inheritance,DD-7122-191,0,
88b89daf-ed3b-4251-a687-9287c9332f61,9d5fb41d-ae1b-480a-a3f9-30dac109f98d,Lalitha Kumari,6216-4197-3073,9822987465,2005-03-31,2014-01-17,Sale,DD-8613-866,3657000.0,
e01c1683-582d-49c8-bc7d-1b9668e00958,9d5fb41d-ae1b-480a-a3f9-30dac109f98d,Geeta Mahesh Patel,4950-2307-1170,9366953462,2014-01-17,,Partition,DD-1327-864,4197000.0,
b481976b-33d8-42fb-aaaf-1a458c70a752,4b13ccf1-b2bc-48e7-88b4-4acadd31118a,Ajay Singh,3291-8206-2292,9333037366,1989-10-02,2023-10-24,Gift,DD-9698-608,669000.0,
cdb4639f-a9b7-4cdc-a2a9-9dffdbdda9b4,4b13ccf1-b2bc-48e7-88b4-4acadd31118a,Jyoti Prasad,5019-4424-6787,9359839605,2023-10-24,,Gift,DD-9350-837,729000.0,
422da727-3436-4085-adc9-f172ec617073,325eb61d-3197-4d96-88b2-1271a0c682e8,Girish Kumar,1697-3195-9324,9357681067,1991-06-30,2023-08-15,Inheritance,DD-7437-795,0,
ab837d45-a464-4c3b-91ff-cc47584a3d4b,325eb61d-3197-4d96-88b2-1271a0c682e8,Rekha Nair,9924-7911-7196,9540083002,2023-08-15,,Partition,DD-8965-286,1449000.0,
59b7c39e-a1a7-4bd7-a02a-7ebbf7f548ee,ca4fb6db-bf65-48f9-9cf4-15f9e9a4cb0e,Rani Mukherjee,1020-3217-9034,9329773464,1998-11-11,2006-02-08,Sale,DD-1613-293,5400000.0,
b102d68b-ac91-481a-a78e-87ac93f4121f,ca4fb6db-bf65-48f9-9cf4-15f9e9a4cb0e,Harish Chandra,7917-3200-9341,9210003340,2006-02-08,,Sale,DD-5326-246,5641000.0,
a6b77ff5-f052-42e8-8481-36378c227f99,48e5bc29-2117-4158-88a7-eb8687e77597,Dinesh Patil,9808-8433-3224,9627164268,1993-01-04,2008-03-20,Gift,DD-2833-976,6759000.0,
92dca324-e5d4-4119-834f-1a9512e242c7,48e5bc29-2117-4158-88a7-eb8687e77597,Priya Devi Nair,7960-2963-2731,9913422740,2008-03-20,2022-11-26,Sale,DD-8430-372,8147000.0,
cc300cbe-d2e2-460f-8038-551d7c5b2d48,48e5bc29-2117-4158-88a7-eb8687e77597,Suresh Babu Reddy,4327-5998-4412,9734203053,2022-11-26,,Partition,DD-5439-894,9274000.0,
410dcb74-28a3-48b8-8052-701b1f509bde,996b0ab4-94c4-47ab-980c-202c225c79f4,Ajay Singh,3183-6712-5333,9945597785,1993-12-11,2006-02-20,Partition,DD-1379-290,10874000.0,
853c1761-210c-45a2-b7a0-10b0e395e273,996b0ab4-94c4-47ab-980c-202c225c79f4,Mohammad Arif Khan,3791-4811-2392,9756285072,2006-02-20,2007-09-11,Inheritance,DD-1647-368,0,
21928253-ccb9-4a4d-ac95-3875b224542a,996b0ab4-94c4-47ab-980c-202c225c79f4,Ramesh Kumar Sharma,5399-5579-2086,9121131527,2007-09-11,2009-11-08,Sale,DD-6834-561,11252000.0,
a9f05fd3-a94a-40cf-9a51-41fa35a0a495,996b0ab4-94c4-47ab-980c-202c225c79f4,Ganesh Patel,5458-2633-4524,9271327357,2009-11-08,,Sale,DD-9105-806,12227000.0,
50173de3-adb3-4141-a2dc-e8ec88e6dff2,63bf8a72-2e72-49ee-8c31-0619accba972,Santosh Kumar,4039-5745-1229,9384557399,2000-04-22,2013-10-14,Gift,DD-2280-607,2254000.0,
4e20fb1e-6b47-4a44-af4b-a3a852a8344c,63bf8a72-2e72-49ee-8c31-0619accba972,Vijay Prakash Rao,2767-9742-1845,9138059895,2013-10-14,,Inheritance,DD-3824-529,0,
ac07b660-2f77-45b0-a7c3-ad0606b9cd14,337f0492-145f-4ccb-853f-e8ffaf8ef3fc,Divya Menon,6128-1491-1981,9202842658,1989-04-05,2002-04-18,Court Decree,DD-1510-110,48009000.0,
1bdb5005-7f16-44cf-8817-37ba0a105c0d,337f0492-145f-4ccb-853f-e8ffaf8ef3fc,Jyoti Prasad,1201-1425-8559,9332129971,2002-04-18,2022-07-21,Partition,DD-4987-239,47213000.0,
9e06a331-0fca-4d41-b4dc-030fcea2dd81,337f0492-145f-4ccb-853f-e8ffaf8ef3fc,Suresh Babu Reddy,8396-3812-3625,9200420837,2022-07-21,,Court Decree,DD-8560-191,43710000.0,
b32490c5-2e8f-48dd-ad08-644ab9aa7379,4d289314-dad5-4fb9-9037-eabe5ad64500,Anita Kumari Singh,3370-4695-5940,9414752120,1997-02-05,1997-06-09,Partition,DD-5207-413,64412000.0,
fb95ec82-4a7a-477c-a41e-72156a158c73,4d289314-dad5-4fb9-9037-eabe5ad64500,Santosh Kumar,2521-7509-1252,9254694774,1997-06-09,2023-01-14,Inheritance,DD-4009-469,0,
9b9ae7ab-a612-4de5-b637-717d9c93326c,4d289314-dad5-4fb9-9037-eabe5ad64500,Rajesh Gupta,2348-3325-1278,9726357673,2023-01-14,,Gift,DD-3966-319,78231000.0,
21420643-bba7-45f6-bf1e-5c76842c1c12,a2d6c409-7439-461d-b0c3-3c2e8860fa71,Suresh Babu Reddy,3153-2732-2741,9717371983,1989-04-09,1999-12-12,Gift,DD-9848-459,64330000.0,
fed44f0b-24f0-4775-8137-7fcf4470ef24,a2d6c409-7439-461d-b0c3-3c2e8860fa71,Lakshmi Venkatesh,3797-8042-9855,9534439603,1999-12-12,2001-01-11,Sale,DD-6237-649,69642000.0,
d587bc5d-1913-428d-952e-0f8743d54555,a2d6c409-7439-461d-b0c3-3c2e8860fa71,Vinod Khanna,8011-9416-7902,9236259676,2001-01-11,,Gift,DD-9779-523,66308000.0,
d406a166-5580-412e-b33d-9ea1b9deb95e,90a00db0-e94f-4b13-ae08-6861eff4e0fc,Saritha Devi,3094-4233-6341,9347455860,1997-05-03,2002-06-29,Court Decree,DD-4303-502,8718000.0,
37d2545a-dfe0-486b-8c10-c11fe6a952a8,90a00db0-e94f-4b13-ae08-6861eff4e0fc,Rajesh Gupta,8357-1640-9260,9269350920,2002-06-29,2010-01-28,Gift,DD-9852-375,9188000.0,
28158f96-ae5e-46fe-ae25-7ce66b8c7361,90a00db0-e94f-4b13-ae08-6861eff4e0fc,Smita Patil,6219-5494-8072,9301317633,2010-01-28,2013-06-30,Sale,DD-4670-687,11358000.0,
9fdb2208-a174-4026-8cbd-a03fd62a8421,90a00db0-e94f-4b13-ae08-6861eff4e0fc,Mohammad Arif Khan,3727-4265-9055,9836929662,2013-06-30,,Inheritance,DD-1159-272,0,
64b3c279-078e-4b1b-b968-fc056cd3f92b,dd34dbd6-a023-48f5-b288-4aed346000a0,Lakshmi Venkatesh,7299-3494-4851,9249103783,1987-02-04,2013-10-19,Partition,DD-1043-123,6096000.0,
7fddd05b-6ecb-4e93-bfe4-febd389afceb,dd34dbd6-a023-48f5-b288-4aed346000a0,Rohit Sharma,9715-8533-1732,9516831500,2013-10-19,,Partition,DD-4302-567,6991000.0,
48f93799-e415-44db-96c4-f226612d4b9a,2610aa5f-b093-4543-a9b1-e14d6c2250cb,Sonia Verma,7051-5245-6402,9638211480,1990-12-28,2017-07-25,Court Decree,DD-2395-425,11392000.0,
197a344b-0a0f-404d-8150-5f5e6ac36b06,2610aa5f-b093-4543-a9b1-e14d6c2250cb,Priya Devi Nair,4098-5256-1197,9173458529,2017-07-25,,Inheritance,DD-6063-253,0,
37093a8a-b785-4411-9c65-de90919a7c9a,9e2665ae-560b-4f9b-8ca2-007b31a5034a,Nitin Gadkari,4645-9410-8319,9740447815,1993-05-09,1998-09-08,Sale,DD-9306-255,9445000.0,
7157f77e-7860-4682-8416-c26bec27c3b8,9e2665ae-560b-4f9b-8ca2-007b31a5034a,Ajay Singh,3305-1551-9697,9472213267,1998-09-08,2015-08-01,Gift,DD-1018-252,11659000.0,
5181ca72-fc78-4df2-9411-994bf92b5c17,9e2665ae-560b-4f9b-8ca2-007b31a5034a,Asha Bhosale,3227-8660-4725,9947900230,2015-08-01,2018-04-23,Court Decree,DD-2147-608,11132000.0,
750107a4-c675-4017-af10-5edcce02f7c5,9e2665ae-560b-4f9b-8ca2-007b31a5034a,Kavitha Rao,6643-8445-1285,9109042266,2018-04-23,,Gift,DD-4156-521,10850000.0,
ab892d85-af0f-46e1-9a73-d2bfd9dee5a1,4044b859-9903-4702-b641-ab3d0dcdc212,Anita Kumari Singh,2396-3093-4969,9660892225,1999-10-13,2013-01-21,Sale,DD-5333-536,3535000.0,
d15870a7-199e-43bf-bd31-c22ac4766c84,4044b859-9903-4702-b641-ab3d0dcdc212,Priya Devi Nair,2470-3879-4285,9236528704,2013-01-21,2016-03-23,Inheritance,DD-8508-188,0,
31ea1691-3357-4c78-bcb8-aa3683f4ae33,4044b859-9903-4702-b641-ab3d0dcdc212,Deepika Mehta,1481-5333-9722,9868079872,2016-03-23,2019-10-21,Court Decree,DD-7999-170,3501000.0,
ca180e7a-4622-4deb-8d71-f2dedffb3c23,4044b859-9903-4702-b641-ab3d0dcdc212,Ranjit Kumar,6326-4676-5236,9435068180,2019-10-21,,Gift,DD-1188-609,4006000.0,
ddcb87a9-31bd-4a62-88a8-e84b4d11eebc,2b49bfda-7ba2-4cfa-8a9b-db3d546595b6,Smita Patil,2361-9047-7714,9674192091,1989-10-19,2022-01-20,Gift,DD-4848-458,63866000.0,
91b7d955-a2f8-4316-8a8b-c769d293c0b1,2b49bfda-7ba2-4cfa-8a9b-db3d546595b6,Vijay Prakash Rao,3067-8517-4002,9523313146,2022-01-20,2022-11-02,Inheritance,DD-3673-425,0,
b8ccaf81-ae64-462c-9c77-d4b53102cf04,2b49bfda-7ba2-4cfa-8a9b-db3d546595b6,Smita Patil,7347-6752-7556,9263898908,2022-11-02,,Partition,DD-1062-621,64300000.0,
8257b47d-9635-4bab-af8c-b3fbc73ff51c,533b9b78-eb8b-4d0f-842c-97e5c4f2d8ad,Deepika Mehta,4855-6131-5454,9971550901,1999-08-25,2003-09-25,Court Decree,DD-8919-408,4134000.0,
713e9915-34b9-4a37-8976-69be16af9930,533b9b78-eb8b-4d0f-842c-97e5c4f2d8ad,Naresh Kumar,7869-7199-9973,9263595705,2003-09-25,2009-04-01,Inheritance,DD-6039-154,0,
1940c780-2c40-417e-8769-d11dc4c9e369,533b9b78-eb8b-4d0f-842c-97e5c4f2d8ad,Uma Shankar,8091-5141-6837,9275693103,2009-04-01,2009-08-15,Sale,DD-3470-188,4070000.0,
e93e478a-853a-4fd8-bfab-09e1c82af6f8,533b9b78-eb8b-4d0f-842c-97e5c4f2d8ad,Priya Devi Nair,7548-5528-5637,9790220666,2009-08-15,,Gift,DD-5207-688,4739000.0,
1cc85aab-bfa4-4dc8-a863-6563dd7e542e,55191cd6-94ac-4b5e-be14-fe03dcfd908c,Vijay Prakash Rao,1716-3977-2492,9272870138,1989-05-17,1998-06-27,Sale,DD-6690-967,32049000.0,
ab27b828-4c7b-4997-9d49-10f45fbbb707,55191cd6-94ac-4b5e-be14-fe03dcfd908c,Rajesh Gupta,2347-4055-5049,9131468795,1998-06-27,2003-09-09,Gift,DD-6095-300,35658000.0,
b8d14204-ff6a-40d7-b31c-4ff9179b2473,55191cd6-94ac-4b5e-be14-fe03dcfd908c,Mohan Das,9648-7944-1068,9984543831,2003-09-09,,Sale,DD-7577-152,34745000.0,
ec27b377-56ec-42e5-922d-cc2fdb31e379,d8c68160-a855-405e-a88b-6bd4af1f4274,Nitin Gadkari,7798-1746-2719,9776823445,2000-03-02,2013-04-16,Partition,DD-2620-703,5103000.0,
f9b6344c-52e2-4e3e-a9ca-8ba06568a8b4,d8c68160-a855-405e-a88b-6bd4af1f4274,Pooja Sharma,1834-9312-5233,9205787377,2013-04-16,,Partition,DD-3549-878,6354000.0,
3a48c3bb-4b1b-42a2-b5e8-e233bf9bb8bb,328af94e-c6e2-40b5-b887-655b4b65f377,Geeta Mahesh Patel,7807-2733-7991,9129517566,1995-10-17,2000-04-12,Partition,DD-1921-832,13814000.0,
79d2b48b-8c63-40a9-9bdd-d63fdc1a357f,328af94e-c6e2-40b5-b887-655b4b65f377,Divya Menon,3533-3126-4322,9826757971,2000-04-12,2018-11-27,Court Decree,DD-9388-213,16047000.0,
5519def4-754c-4bc7-b037-6a71315c4381,328af94e-c6e2-40b5-b887-655b4b65f377,Geeta Mahesh Patel,9773-4243-8948,9463835270,2018-11-27,,Court Decree,DD-7294-357,16728000.0,
c235f516-f36f-41d1-957b-3ebb543cc635,67cd6fd2-8725-499b-8079-9e2199a2df72,Sridevi Kapoor,7265-6773-8469,9378723623,1986-12-20,2015-02-17,Sale,DD-7401-699,5605000.0,
23003321-cbf5-4df0-a3dd-20f92cbed112,67cd6fd2-8725-499b-8079-9e2199a2df72,Seema Malhotra,6841-2086-8158,9765444783,2015-02-17,,Partition,DD-8735-120,5636000.0,
46344acb-6ca9-4540-bc5e-4fe3312dcdba,6e97e205-0367-4027-a395-1eb3d07cf707,Rani Mukherjee,4639-3243-5727,9681784788,1996-07-11,2016-09-28,Inheritance,DD-2843-734,0,
a1793880-bb6a-4c22-b5f8-77b201063e67,6e97e205-0367-4027-a395-1eb3d07cf707,Ramesh Kumar Sharma,5938-2755-7964,9744982771,2016-09-28,,Gift,DD-9247-167,44753000.0,
aea6de2f-7c5a-4898-8ec7-88ae5a9d5b11,f5436688-5e62-4421-aad4-8e4f51ac1b5a,Anil Kapoor,7891-5252-3547,9626760528,1991-09-08,2022-02-25,Sale,DD-2941-879,6959000.0,
2943925a-2b7c-4f2d-a7e2-cac39b98813b,f5436688-5e62-4421-aad4-8e4f51ac1b5a,Asha Bhosale,8740-5043-6520,9444619174,2022-02-25,,Court Decree,DD-7954-976,8585000.0,
cb3dd22b-a295-4d75-ba40-7cda4559358b,6e971bae-aafa-4431-b2a1-c7a62268efe2,Sushma Swarup,8129-7058-5590,9554033342,1998-10-25,2007-11-17,Partition,DD-1309-257,32643000.0,
867686b5-df98-40dd-a3af-5891e5ee71e5,6e971bae-aafa-4431-b2a1-c7a62268efe2,Mohammad Arif Khan,8234-2667-1447,9594664874,2007-11-17,,Partition,DD-8676-244,28225000.0,
25fffa14-d93d-4a01-a355-031c371cff82,9d689933-050b-4e9a-a818-93cc07452a2c,Jyoti Prasad,3830-6444-5252,9927401626,1998-03-28,1996-08-27,Partition,DD-3966-492,8118000.0,
4551fdad-b9d6-42e4-aaa4-26abc388f444,9d689933-050b-4e9a-a818-93cc07452a2c,Seema Malhotra,4046-9457-5919,9149062746,1996-08-27,2007-02-13,Partition,DD-9652-512,10087000.0,
f349d9e5-a949-4f33-bdaf-d8902c6dcacf,9d689933-050b-4e9a-a818-93cc07452a2c,Ramesh Kumar Sharma,8296-7180-4389,9254422158,2007-02-13,2012-10-06,Partition,DD-7825-538,9585000.0,
a2064396-80a1-4fa5-83b6-1f90646871a4,9d689933-050b-4e9a-a818-93cc07452a2c,Harish Chandra,6542-4411-9986,9530448855,2012-10-06,,Partition,DD-2107-980,11348000.0,
980b4787-755c-4837-a39a-a8a450dbe955,f229973e-8ece-45ec-a566-7f2f9c357fdd,Smita Patil,2373-6363-8362,9560704282,1997-07-11,2006-04-19,Court Decree,DD-3372-585,3201000.0,
81acf327-d447-4a5f-98d8-b80477ce26d3,f229973e-8ece-45ec-a566-7f2f9c357fdd,Nitin Gadkari,6270-7741-8376,9162033292,2006-04-19,2019-01-06,Gift,DD-1144-421,2966000.0,
f53145d6-3546-4f47-8857-203f5c62c366,f229973e-8ece-45ec-a566-7f2f9c357fdd,Anil Kapoor,6554-6640-5172,9270494328,2019-01-06,,Partition,DD-9195-709,3567000.0,
95486d7f-37c1-4623-8ce2-ac51b6cf11a9,9d5e233d-08d5-48ec-bc96-6033f4c4a8c6,Anil Kapoor,2746-7929-3693,9161424650,1998-06-01,2005-09-17,Partition,DD-7978-721,46061000.0,
141c9927-84a0-4b2d-8527-fe247d2d7579,9d5e233d-08d5-48ec-bc96-6033f4c4a8c6,Mahesh Babu,2868-5734-5394,9998882657,2005-09-17,2018-03-12,Gift,DD-3582-731,55421000.0,
abf9aaf7-72d1-4f2a-ae09-5f4c0fcdfb49,9d5e233d-08d5-48ec-bc96-6033f4c4a8c6,Suresh Babu Reddy,7140-3879-2696,9997160365,2018-03-12,,Court Decree,DD-7621-690,59377000.0,
e853da95-f3ab-4df0-9f9b-cc125a946276,25e26489-a575-449a-a150-867293c4b057,Ajay Singh,4178-8301-1644,9467685023,1988-09-10,2004-04-13,Sale,DD-4539-925,4182000.0,
e2ebbe2b-4751-4c74-bba7-9a916deb3502,25e26489-a575-449a-a150-867293c4b057,Harish Chandra,4026-7770-8517,9297074370,2004-04-13,2008-08-27,Sale,DD-1539-398,4530000.0,
3abcef0d-cf94-46f6-92a4-e0353eda8607,25e26489-a575-449a-a150-867293c4b057,Geeta Mahesh Patel,8218-3619-5565,9940224182,2008-08-27,,Gift,DD-5581-485,4897000.0,
6ae79e43-de17-4abd-a553-49ee1a9d507f,96c9077c-a573-4b60-b328-004a9bcbd38f,Sridevi Kapoor,4640-6702-1782,9420474498,1995-01-12,2007-03-16,Sale,DD-3622-686,9801000.0,
c4aac72b-517c-411c-8cdd-4cbc0681658d,96c9077c-a573-4b60-b328-004a9bcbd38f,Ranjit Kumar,7877-8414-7473,9793510145,2007-03-16,,Court Decree,DD-8032-160,8823000.0,
cdb63aee-d453-49bb-86bd-e4c3fe19cf4d,1327dcc4-e805-4403-a3d4-8c4414dbc3c8,Rekha Nair,1761-3718-4050,9928549908,1990-01-21,2021-05-19,Sale,DD-2692-678,30600000.0,
b1ce750e-9e41-4ba3-b690-1bda389f371a,1327dcc4-e805-4403-a3d4-8c4414dbc3c8,Naresh Kumar,4902-1533-5579,9378150741,2021-05-19,,Sale,DD-7085-895,36111000.0,
483cc455-36b5-4709-b4a9-1a838b935c5a,e82115fa-8489-42d1-8f78-12921afbf632,Vinod Khanna,5666-4410-4172,9910731994,1996-06-21,2000-10-07,Court Decree,DD-9262-932,19175000.0,
70454147-0e42-47ba-bb12-5e6a28651a3b,e82115fa-8489-42d1-8f78-12921afbf632,Rekha Nair,5825-5035-7457,9275246883,2000-10-07,,Inheritance,DD-4157-996,0,
e00c6c49-c3b8-4702-8693-79100fed6570,d34e12e2-5eac-4d45-9be8-2aceaa1dbb6f,Prakash Raj,6062-7089-5552,9271855720,2000-03-11,2016-04-09,Partition,DD-7577-302,10944000.0,
ee153f08-8d9a-47ef-923f-8fb6695ac302,d34e12e2-5eac-4d45-9be8-2aceaa1dbb6f,Rajesh Gupta,2522-4328-8342,9467109996,2016-04-09,,Sale,DD-1243-493,10100000.0,
59e5d9c9-a7c1-419c-b259-7658af0821e3,5c0dd6be-6465-4b93-8499-08675414f351,Jyoti Prasad,3594-9733-5400,9438663589,1987-08-23,2014-04-29,Inheritance,DD-1433-104,0,
c508343e-5d80-4e20-91ae-5d06c36649ed,5c0dd6be-6465-4b93-8499-08675414f351,Sunita Verma,3723-2734-2028,9479925154,2014-04-29,,Inheritance,DD-5431-162,0,
0907fea7-dc51-465a-b797-88bef2e366f8,02f52451-b2c4-48f4-bf76-b01829a657f5,Meena Devi,6264-9842-2793,9734260115,1998-12-12,1996-10-22,Court Decree,DD-9933-341,38550000.0,
4124b74a-553d-4c05-8d55-bdaa8c897706,02f52451-b2c4-48f4-bf76-b01829a657f5,Rani Mukherjee,8915-9071-1679,9563235911,1996-10-22,,Inheritance,DD-1121-409,0,
057c3455-88be-4883-8f50-76141a868e6a,a6c1b4bf-d849-42c6-962f-47f8901146b8,Asha Bhosale,8163-8828-3211,9534361625,2000-06-25,2011-04-13,Inheritance,DD-9871-275,0,
68ddde0b-800a-4de9-a6e1-2a4fb82f2765,a6c1b4bf-d849-42c6-962f-47f8901146b8,Nandini Reddy,5360-7519-8901,9234571303,2011-04-13,2021-07-30,Inheritance,DD-1294-857,0,
b457f48a-654f-4e29-93cf-5d2288fb3e83,a6c1b4bf-d849-42c6-962f-47f8901146b8,Harish Chandra,6224-7115-2313,9943677182,2021-07-30,2023-09-11,Court Decree,DD-3757-471,22723000.0,
932905eb-3bf4-47ad-aab8-264c66042c58,a6c1b4bf-d849-42c6-962f-47f8901146b8,Arun Prakash,4007-6740-1141,9910655739,2023-09-11,,Court Decree,DD-7419-272,24363000.0,
6a14ba28-4dbe-46b7-8ef4-2ca07f3b87e4,3c67a007-5c7b-4222-bc1e-12ba1c6642a0,Seema Malhotra,1651-3201-7715,9527888179,1990-07-19,2015-05-04,Partition,DD-7462-274,15419000.0,
cb11dd96-5a4c-42e1-acb1-6f6e657a2f25,3c67a007-5c7b-4222-bc1e-12ba1c6642a0,Anita Kumari Singh,6919-8050-4181,9298762013,2015-05-04,,Sale,DD-5297-950,18607000.0,
d3c17782-3798-4796-ac95-8c15dadaf384,bc197839-8076-4672-a909-04d76f999010,Suresh Babu Reddy,6248-7553-5603,9529747212,1988-06-29,2009-03-18,Court Decree,DD-3352-572,1359000.0,
d853ab68-9142-4660-afd2-7327941ece34,bc197839-8076-4672-a909-04d76f999010,Divya Menon,8142-3126-7404,9402129682,2009-03-18,2019-10-02,Sale,DD-7848-950,1612000.0,
242c32b3-e623-4066-95d4-83e6053097ed,bc197839-8076-4672-a909-04d76f999010,Pooja Sharma,1169-1241-6334,9345102156,2019-10-02,,Inheritance,DD-9613-830,0,
eb641942-bec9-4b8c-96dd-5072a9ebd4f0,7cc2dbde-d100-4fd7-a0c7-63f8b356a881,Prakash Raj,8698-7362-9574,9488707689,1987-12-04,2003-09-16,Inheritance,DD-8532-282,0,
6336f5f8-98c2-4d19-8444-cde50b52e894,7cc2dbde-d100-4fd7-a0c7-63f8b356a881,Revathy Nair,4414-5112-5789,9293338752,2003-09-16,2019-06-30,Partition,DD-7884-870,10087000.0,
bf65c1d5-6cf0-48c0-adf7-952372da7f78,7cc2dbde-d100-4fd7-a0c7-63f8b356a881,Ranjit Kumar,2138-8755-6370,9465266436,2019-06-30,,Court Decree,DD-1737-938,9693000.0,
a8a933f2-a123-4416-af45-f936b7ff4577,6465c395-0b56-4ebd-9446-a77a919f266a,Ramesh Kumar Sharma,3711-6880-5807,9929691979,1994-12-23,2006-07-08,Partition,DD-5186-559,41887000.0,
7c16d344-8dee-4cfb-9c7f-0c26b8371b19,6465c395-0b56-4ebd-9446-a77a919f266a,Deepika Mehta,7848-1679-5601,9838964597,2006-07-08,,Court Decree,DD-7057-863,39380000.0,
3990a43e-ad32-4fa6-8ce3-420ec3c3eaa1,e155745b-7c72-4b6a-bd64-bc99e5f77820,Ranjit Kumar,1817-5992-9007,9795294431,1992-10-07,1999-04-20,Partition,DD-9743-179,58711000.0,
bd23d792-e247-4c30-8f6d-6ab7d98a0a74,e155745b-7c72-4b6a-bd64-bc99e5f77820,Nandini Reddy,9561-5291-5518,9327932482,1999-04-20,2012-11-11,Partition,DD-2537-400,55121000.0,
6f53ce35-87f8-4c0e-b8af-f6240cdb4376,e155745b-7c72-4b6a-bd64-bc99e5f77820,Lakshmi Venkatesh,9883-8395-6757,9546287679,2012-11-11,2014-03-28,Partition,DD-1839-505,62898000.0,
75d142bc-c4b7-49b2-b1e9-06c99d12ca76,e155745b-7c72-4b6a-bd64-bc99e5f77820,Balu Mahendra,7352-4831-7621,9694265300,2014-03-28,,Gift,DD-7784-969,65222000.0,
a9eb7246-3472-46a9-865b-8d587345f629,51425fc8-68b4-4205-9b67-b859d0929fa5,Ranjit Kumar,1545-6528-1598,9344698907,1991-11-30,2015-03-27,Inheritance,DD-6952-521,0,
86d19e8d-126b-4ede-bd5f-656610c7261e,51425fc8-68b4-4205-9b67-b859d0929fa5,Ranjit Kumar,9342-5024-4461,9129044476,2015-03-27,,Inheritance,DD-8277-373,0,
1adedb3c-ff81-44ff-9e78-e15f9323168a,08df6dc7-0023-4c5c-8b16-d088fd94a13c,Harish Chandra,7794-4348-5991,9829862378,1992-05-30,2006-11-11,Gift,DD-1764-496,8100000.0,
b0662175-36e3-412e-a993-f59c09454299,08df6dc7-0023-4c5c-8b16-d088fd94a13c,Girish Kumar,9252-8890-7550,9125845386,2006-11-11,,Inheritance,DD-9438-810,0,
5f24679a-11e9-442f-958f-ffe057256639,7001d8a0-f4fc-4482-9306-2403dc4f17c6,Rohit Sharma,3905-9338-2312,9822525060,1990-07-26,1999-06-05,Court Decree,DD-1242-585,2403000.0,
09c68bde-af0d-4d91-ae3c-49ea126069bf,7001d8a0-f4fc-4482-9306-2403dc4f17c6,Vinod Khanna,3521-7859-6289,9926206103,1999-06-05,2001-08-21,Court Decree,DD-9790-263,2514000.0,
b4093e0c-e68f-4e65-a697-fa4b4035545a,7001d8a0-f4fc-4482-9306-2403dc4f17c6,Lakshmi Venkatesh,8496-1099-9747,9554073222,2001-08-21,,Inheritance,DD-4823-574,0,
f9be9293-aa07-4662-97df-23faee7b05e4,96e1a405-0811-4ce0-861f-b9b03b0de925,Rani Mukherjee,8195-4110-1032,9494991422,1994-06-10,2013-05-03,Court Decree,DD-3943-165,35148000.0,
49f37477-5336-4cd2-a5f7-0e07f9a038b4,96e1a405-0811-4ce0-861f-b9b03b0de925,Rajesh Gupta,4801-9398-5553,9807261875,2013-05-03,,Gift,DD-9691-266,43353000.0,
0f48b29e-b574-4f5e-af86-439483dd2ca1,80ae1331-c487-4a89-822f-a68785796ed5,Lakshmi Venkatesh,6383-1024-4272,9581861290,1998-09-14,1999-10-11,Gift,DD-3325-970,33817000.0,
3486baa0-f316-4549-ac55-c865ead8388e,80ae1331-c487-4a89-822f-a68785796ed5,Sonia Verma,3557-7754-5888,9145667621,1999-10-11,,Sale,DD-2874-587,29480000.0,
fe261345-bc1e-4c4d-be40-93c764e0ae23,052b0d46-843d-4f92-9f95-658b632ce58a,Nitin Gadkari,8650-5515-2455,9180811924,1988-10-11,2010-01-14,Court Decree,DD-6552-678,39236000.0,
698a6b16-3c13-4bb5-a3bd-764a8f50d85b,052b0d46-843d-4f92-9f95-658b632ce58a,Rohit Sharma,2840-7305-2805,9284136527,2010-01-14,2016-08-03,Partition,DD-9844-102,39989000.0,
63775bdb-7e47-4b34-81ee-fcb6e13559bd,052b0d46-843d-4f92-9f95-658b632ce58a,Vinod Khanna,1542-9689-3186,9117977747,2016-08-03,,Partition,DD-7654-501,36109000.0,
a894b3c4-d1af-45b9-975d-711e4d70b5c7,42cbed35-c5b3-4578-9f76-50757c4e2b7f,Mahesh Babu,4521-7681-1304,9728747652,1998-03-09,2012-03-14,Gift,DD-3336-405,49476000.0,
892d9335-1cff-4115-bdfa-ad353be19772,42cbed35-c5b3-4578-9f76-50757c4e2b7f,Ravi Shankar,1146-3992-5362,9711899923,2012-03-14,,Sale,DD-3559-328,51129000.0,
236099a7-a35e-4246-95c3-eeeb7300132b,0be1de48-f102-4eb6-bfe5-7bd4f3564fa1,Revathy Nair,5456-9356-9958,9257700676,1996-04-30,2000-12-25,Gift,DD-1266-348,37772000.0,
2ea27ca9-5610-4983-967f-a74d85c5e185,0be1de48-f102-4eb6-bfe5-7bd4f3564fa1,Seema Malhotra,9165-5075-9483,9496681764,2000-12-25,2012-01-11,Sale,DD-6771-995,42937000.0,
9d898545-1fea-4a5b-b076-7323cc35eb74,0be1de48-f102-4eb6-bfe5-7bd4f3564fa1,Sunita Verma,3083-4781-8010,9141275037,2012-01-11,,Gift,DD-7554-520,39112000.0,
b55b8959-402a-48a9-8d8b-757c443a0075,8f5e4373-2b44-44a9-b612-9905b430b915,Jyoti Prasad,7687-3898-4098,9470175314,1993-03-08,2023-12-30,Partition,DD-2190-564,31511000.0,
1be7e869-5f81-4481-9f6a-c3e668114054,8f5e4373-2b44-44a9-b612-9905b430b915,Sonia Verma,9981-5062-4528,9444259092,2023-12-30,,Partition,DD-3528-702,38315000.0,
ac4ef806-5665-4826-8863-a697a0e1454d,37b54f15-7ec3-4d57-bb27-2ec65f355af4,Priya Devi Nair,1072-2089-5744,9419428362,1993-06-08,2001-06-15,Inheritance,DD-7593-110,0,
4e73d1eb-80aa-487f-8f39-eca44ea06f97,37b54f15-7ec3-4d57-bb27-2ec65f355af4,Girish Kumar,2103-5996-4716,9136244918,2001-06-15,2016-12-29,Sale,DD-8641-508,28419000.0,
18e37c11-e943-4408-b747-5e2458e0c852,37b54f15-7ec3-4d57-bb27-2ec65f355af4,Priya Devi Nair,4344-9463-9121,9445097579,2016-12-29,2020-09-25,Gift,DD-2158-322,27572000.0,
144e0106-6df8-4de5-90b2-77ba77a235a5,37b54f15-7ec3-4d57-bb27-2ec65f355af4,Deepika Mehta,1543-9849-8123,9791948631,2020-09-25,,Inheritance,DD-9905-581,0,
bc26cc59-896a-4141-8ec2-61b211cc494a,f1f8a4ba-2a76-4248-973b-8d78da7a5b83,Rani Mukherjee,1556-7062-7591,9673322422,1999-03-12,2001-10-02,Partition,DD-3049-682,29355000.0,
775c902d-1046-4a4c-acf9-41579236ee8c,f1f8a4ba-2a76-4248-973b-8d78da7a5b83,Divya Menon,6971-5030-1045,9581648264,2001-10-02,2015-04-04,Inheritance,DD-1070-187,0,
0144ba80-bc57-4f12-a4c2-b572a09acf7e,f1f8a4ba-2a76-4248-973b-8d78da7a5b83,Sunil Shetty,8055-6459-8869,9264212912,2015-04-04,2016-12-09,Court Decree,DD-7692-518,26132000.0,
34829f72-8876-4318-b452-4edb55f2ea92,f1f8a4ba-2a76-4248-973b-8d78da7a5b83,Naresh Kumar,9040-5220-2974,9863238508,2016-12-09,,Gift,DD-1110-417,24804000.0,
c1234618-59e5-4d08-8fb8-8c9750007d03,d8811b60-d31b-4782-a009-070b6d31e537,Divya Menon,4168-4440-8530,9143287667,1995-03-06,2000-07-18,Court Decree,DD-2162-704,15847000.0,
a70c69ec-004a-4f16-bd49-c9b471428c10,d8811b60-d31b-4782-a009-070b6d31e537,Arun Prakash,5815-6087-5506,9581631141,2000-07-18,2009-10-04,Inheritance,DD-5886-849,0,
778b8f81-95f2-4a60-9c2a-2b3293c2189a,d8811b60-d31b-4782-a009-070b6d31e537,Ranjit Kumar,1420-8273-9757,9546658128,2009-10-04,2024-07-23,Gift,DD-1001-898,15187000.0,
778d82d3-7f99-4ec7-8b2f-c62a01e27380,d8811b60-d31b-4782-a009-070b6d31e537,Mohammad Arif Khan,1084-8707-7775,9445049909,2024-07-23,,Inheritance,DD-4694-422,0,
774ecd04-8326-44fe-8cc3-35b38bc0d296,d4890b12-51a4-42bc-a0cb-81a83faa2d16,Mohan Das,2563-6258-8403,9379787093,1999-04-20,2001-05-12,Gift,DD-9922-859,1857000.0,
d463e838-4452-4da4-beb2-3c1bc07ea92f,d4890b12-51a4-42bc-a0cb-81a83faa2d16,Sonia Verma,2916-7526-1768,9794294847,2001-05-12,2002-05-10,Gift,DD-7429-785,1850000.0,
059a9e7c-0ad8-4e75-b372-d5cafd25d9a3,d4890b12-51a4-42bc-a0cb-81a83faa2d16,Ramesh Kumar Sharma,5027-1206-6103,9442451929,2002-05-10,2023-04-08,Partition,DD-8746-102,1610000.0,
57a80be3-afdc-462d-b40e-c7ecea317a3f,d4890b12-51a4-42bc-a0cb-81a83faa2d16,Priya Devi Nair,5073-9944-3451,9291352683,2023-04-08,,Gift,DD-2920-652,1546000.0,
cdba690f-857f-4800-aa75-e23bdce7ecf6,9178f250-3262-4f9b-b2de-c7b2a898ce25,Sonia Verma,4385-4337-4878,9467805751,1999-07-30,2016-01-10,Partition,DD-5628-808,1908000.0,
90ff74db-eecb-43e9-8404-f5c4c2e02f3a,9178f250-3262-4f9b-b2de-c7b2a898ce25,Sunita Verma,8674-5914-5319,9122188902,2016-01-10,,Partition,DD-3165-304,1664000.0,
1f92b46b-e756-40b3-a023-7002aedfb115,acc1639f-424a-45da-bdde-c899faa2f89c,Sridevi Kapoor,7202-2642-2576,9460010344,1995-03-06,2012-08-08,Inheritance,DD-3379-930,0,
9173288b-db07-4988-8341-8124669f9fa6,acc1639f-424a-45da-bdde-c899faa2f89c,Anita Kumari Singh,6618-3670-7542,9358738308,2012-08-08,,Court Decree,DD-5516-666,3385000.0,
445987c2-90f5-45cf-8d39-d3947a3320a5,1be879be-11c6-44c4-ba1e-44ab1f7610c8,Sridevi Kapoor,2203-6553-4995,9719097080,1991-11-06,2001-10-04,Sale,DD-8271-868,689000.0,
d635715c-cdba-4ded-a667-82a8fdaf314e,1be879be-11c6-44c4-ba1e-44ab1f7610c8,Sridevi Kapoor,7687-3167-7675,9293060906,2001-10-04,2012-12-31,Gift,DD-7901-997,804000.0,
13b99f7d-58e3-4fc7-8610-4c2ab00ac192,1be879be-11c6-44c4-ba1e-44ab1f7610c8,Jyoti Prasad,7159-1045-6952,9349203827,2012-12-31,2016-11-29,Inheritance,DD-6352-819,0,
bce606b1-dcd9-4cb8-8558-af2ff71c5f9b,1be879be-11c6-44c4-ba1e-44ab1f7610c8,Mohan Das,9759-5934-1269,9239307133,2016-11-29,,Sale,DD-3258-867,807000.0,
9760c936-5553-4b88-b5e7-84c5b3aca81a,6aac0b23-7218-42b1-b909-1aa403196d35,Suresh Babu Reddy,2937-3701-1961,9964892695,1996-07-08,2000-06-12,Sale,DD-1179-980,2938000.0,
86e7daf6-e8ad-46d9-9d0d-8eda118e5f7f,6aac0b23-7218-42b1-b909-1aa403196d35,Mahesh Babu,3216-1381-5297,9463962418,2000-06-12,2003-06-09,Inheritance,DD-1472-246,0,
3753c69d-58c0-455e-be22-d33b1f3eeb4f,6aac0b23-7218-42b1-b909-1aa403196d35,Prakash Raj,7078-8659-7007,9348319133,2003-06-09,2023-12-28,Inheritance,DD-4277-885,0,
589a1176-4eeb-4dc1-a983-e8e40ddbc1cb,6aac0b23-7218-42b1-b909-1aa403196d35,Girish Kumar,9739-8051-1704,9242859142,2023-12-28,,Sale,DD-4058-501,2546000.0,
7174770c-a22f-446f-9f1a-6adbe95d0010,df5dbace-df2a-4a62-a1ba-b8079ea95631,Harish Chandra,5643-5636-6409,9527496252,1998-07-09,2007-03-30,Partition,DD-6699-744,2040000.0,
69c665af-d8ae-42c9-9c71-027dc223592d,df5dbace-df2a-4a62-a1ba-b8079ea95631,Balu Mahendra,7078-3447-3020,9629702023,2007-03-30,2009-05-10,Partition,DD-3570-987,1871000.0,
f206f407-2569-4132-83ae-c0752f9aee6f,df5dbace-df2a-4a62-a1ba-b8079ea95631,Smita Patil,7224-1197-4845,9971467813,2009-05-10,2012-03-14,Court Decree,DD-9110-153,1826000.0,
cc56429d-063b-4c1a-bf4b-ec328069e984,df5dbace-df2a-4a62-a1ba-b8079ea95631,Deepika Mehta,6072-9876-7931,9132731256,2012-03-14,,Partition,DD-2680-930,1859000.0,
0c83417f-1e6f-4796-b3b2-8ae52e7172aa,8c10267d-ee3a-412e-9483-870c8f11f268,Anita Kumari Singh,7118-3112-3936,9374512903,2000-03-01,1999-04-13,Sale,DD-6682-639,698000.0,
a5ab30ae-6aaa-4078-a8c4-cd362add1499,8c10267d-ee3a-412e-9483-870c8f11f268,Asha Bhosale,6039-8247-5347,9160789252,1999-04-13,,Gift,DD-2229-314,662000.0,
f98e211d-46cb-499b-bc00-3e9e78dcc198,12efb5da-e34d-40d5-867a-46404dd9f949,Sunita Verma,6280-9108-5322,9773452238,1987-11-09,1997-02-20,Gift,DD-7362-226,1679000.0,
badcb76d-dee4-4f52-818e-8f75d407bb37,12efb5da-e34d-40d5-867a-46404dd9f949,Ramesh Kumar Sharma,7131-8679-1805,9928925188,1997-02-20,2008-07-20,Court Decree,DD-8536-505,1794000.0,
b5b43c07-1dc8-4ae7-9e12-720701a62c60,12efb5da-e34d-40d5-867a-46404dd9f949,Revathy Nair,8835-8766-2453,9682033441,2008-07-20,2010-06-27,Inheritance,DD-4979-863,0,
5689b968-ffd4-49cc-8278-ed662c740555,12efb5da-e34d-40d5-867a-46404dd9f949,Nitin Gadkari,2642-4041-3686,9127416312,2010-06-27,,Gift,DD-5003-976,1529000.0,
e59dbbb3-1935-4542-993e-f64b10081572,c7595bb6-ee5d-4dae-a81f-c75db1955039,Divya Menon,4879-3612-4667,9874092750,1990-09-10,2001-06-27,Court Decree,DD-4061-364,3714000.0,
cd33d3a1-b049-4d08-afcf-6ca6bbd4ef8e,c7595bb6-ee5d-4dae-a81f-c75db1955039,Deepika Mehta,4904-3987-1355,9717650280,2001-06-27,2017-06-15,Court Decree,DD-6540-767,3366000.0,
d459a8a4-8f99-4fcc-ac5b-4515e97ec377,c7595bb6-ee5d-4dae-a81f-c75db1955039,Mohammad Arif Khan,7935-4094-4734,9917273630,2017-06-15,,Sale,DD-5118-805,4196000.0,
c65966d7-8468-44ce-84f9-e7bd3a0ba0e6,3caef253-c8ef-40b1-acec-899508997220,Kavitha Rao,3036-1482-1061,9869465943,1996-10-29,2001-02-03,Court Decree,DD-2137-306,1181000.0,
d7a3085f-44d1-4431-9a5c-7a7443e8f5ed,3caef253-c8ef-40b1-acec-899508997220,Santosh Kumar,4019-8086-3466,9237740657,2001-02-03,2017-11-24,Partition,DD-5658-351,1105000.0,
fd6892cd-4aad-4727-a9b4-8985d002a170,3caef253-c8ef-40b1-acec-899508997220,Harish Chandra,2235-7785-9294,9851451157,2017-11-24,2019-10-25,Partition,DD-8362-578,1146000.0,
613a9504-bcd5-4e61-b596-3c87d4d13392,3caef253-c8ef-40b1-acec-899508997220,Saritha Devi,8833-1463-8257,9103703348,2019-10-25,,Sale,DD-7527-511,1400000.0,
86ffc0ac-0db4-4786-a892-980760d1ce3e,0839d73a-e4fd-47c8-8472-ffb8aa6e762d,Jyoti Prasad,1039-8040-3619,9114810549,1987-04-30,2008-04-12,Partition,DD-8429-530,7520000.0,
4233c13e-584b-479f-a956-15a4b3c96959,0839d73a-e4fd-47c8-8472-ffb8aa6e762d,Nandini Reddy,6846-7611-5298,9541976873,2008-04-12,2016-05-31,Sale,DD-5015-823,7610000.0,
40a2dfe0-8eec-4c1f-8301-7342b419269c,0839d73a-e4fd-47c8-8472-ffb8aa6e762d,Asha Bhosale,8957-4422-2711,9661264846,2016-05-31,,Sale,DD-5632-687,7832000.0,
ad61f872-91a9-4adf-b091-e52ceb8e2fb2,429f3a2b-4416-4b09-a728-30d016d94d63,Mohan Das,4644-5214-7242,9208908855,1994-05-29,2000-01-19,Partition,DD-5859-321,7191000.0,
5516f4b2-8d74-4297-a148-7a2837f79759,429f3a2b-4416-4b09-a728-30d016d94d63,Ganesh Patel,9979-9743-2222,9809241789,2000-01-19,,Inheritance,DD-2652-260,0,
5e71eebe-5496-40eb-ae87-f3f5b06a41f7,c6f463e3-1d0f-4dd3-8de6-fca4ef95c430,Nandini Reddy,9211-9623-3315,9238263447,2001-08-19,1997-01-06,Partition,DD-9257-812,8745000.0,
6660fb7e-fcb2-44b8-b51a-fdbd1d1ccc1d,c6f463e3-1d0f-4dd3-8de6-fca4ef95c430,Nitin Gadkari,9946-8914-1947,9454149886,1997-01-06,1997-02-06,Inheritance,DD-8376-638,0,
40fb8e79-eb31-4c8b-bab9-989f84ad0e2e,c6f463e3-1d0f-4dd3-8de6-fca4ef95c430,Anita Kumari Singh,7298-2262-4275,9849372868,1997-02-06,,Court Decree,DD-5753-169,8790000.0,
6a1adef7-c117-488c-b006-bf501bd5e678,d8a4923f-75cf-44b1-8604-2fa0e0103058,Jyoti Prasad,3305-7835-2370,9512522033,2001-08-09,1998-08-31,Sale,DD-1830-959,6387000.0,
f9ef7172-a0c4-4659-8cc8-77c8303088b3,d8a4923f-75cf-44b1-8604-2fa0e0103058,Asha Bhosale,6838-6220-8366,9834851529,1998-08-31,,Partition,DD-3169-107,5682000.0,
208108dc-039f-4ebc-ad77-f958400cc92b,f26d92a3-866a-4e3c-8436-c1492a70bd98,Meena Devi,6326-2745-3521,9288039131,1999-08-01,1997-03-27,Gift,DD-2168-524,4372000.0,
7d4e10ed-a90b-4692-97e3-f7e9813edae0,f26d92a3-866a-4e3c-8436-c1492a70bd98,Nandini Reddy,8738-5851-1080,9254318493,1997-03-27,2018-09-09,Gift,DD-5956-366,3836000.0,
0884db71-fb4d-4fc2-8f93-ec8cca91606a,f26d92a3-866a-4e3c-8436-c1492a70bd98,Smita Patil,9755-7976-1278,9650355696,2018-09-09,,Inheritance,DD-4302-641,0,
59762346-f32d-40f6-9fb9-4f3b0701a5d9,153c4b1d-bd48-4d01-91f6-59e1bdf59bd1,Rohit Sharma,1198-8098-2084,9984411612,1991-10-12,2019-12-27,Gift,DD-2133-317,36160000.0,
d46d7bd1-8269-4c43-8ea4-8a2afc3a17d7,153c4b1d-bd48-4d01-91f6-59e1bdf59bd1,Jyoti Prasad,8978-3210-5468,9461459462,2019-12-27,,Court Decree,DD-8792-710,37748000.0,
e55691f6-0bd0-45e8-b3e2-3c00b1e84cd1,377da049-1ecc-4396-9365-525b7323fc63,Ranjit Kumar,1017-3762-5111,9390194673,2000-01-26,2011-04-17,Court Decree,DD-1739-243,34292000.0,
94d6771b-978f-4d86-8a91-2eae2e1d1ea9,377da049-1ecc-4396-9365-525b7323fc63,Kavitha Rao,2474-6796-9690,9744743965,2011-04-17,2017-11-20,Inheritance,DD-1725-920,0,
d61a8e39-5f19-44d9-b2fb-d8beb0646b1b,377da049-1ecc-4396-9365-525b7323fc63,Rajesh Gupta,1287-8678-4132,9435199547,2017-11-20,2019-06-11,Inheritance,DD-6441-633,0,
be22f74d-a70a-4c7a-a160-f24f039cf2ef,377da049-1ecc-4396-9365-525b7323fc63,Vijay Prakash Rao,8209-8533-8719,9406770994,2019-06-11,,Inheritance,DD-1669-332,0,
600cebbc-ba85-42d7-b7f8-a41bb5e80a6c,83a049a5-b762-4bfb-9051-2d2eaf697ff1,Priya Devi Nair,6907-9988-7172,9869262479,1997-11-08,1997-04-17,Inheritance,DD-3757-539,0,
72e79ddd-49ec-4c63-b7e0-4a81ed2f4f52,83a049a5-b762-4bfb-9051-2d2eaf697ff1,Divya Menon,5792-9459-4437,9205932122,1997-04-17,,Court Decree,DD-5586-269,12119000.0,
ebbbbe3d-202a-41dd-b011-c6fea0c54935,2cb02292-db95-4193-811d-70cd17cb6c82,Smita Patil,3502-4859-3187,9594101846,1995-11-16,1996-09-30,Court Decree,DD-9990-707,9220000.0,
bf49fd30-40fb-44a1-96ed-2772a08035fb,2cb02292-db95-4193-811d-70cd17cb6c82,Divya Menon,2950-8377-9234,9721988060,1996-09-30,1998-04-17,Inheritance,DD-4605-769,0,
9374c4bf-8a47-4cd0-ba50-5839062b6a86,2cb02292-db95-4193-811d-70cd17cb6c82,Balu Mahendra,1927-1588-8019,9439687249,1998-04-17,2023-06-25,Sale,DD-3482-275,8678000.0,
203b0928-c160-4a19-9283-e60b5a1bc19e,2cb02292-db95-4193-811d-70cd17cb6c82,Anita Kumari Singh,5596-8635-8317,9723763433,2023-06-25,,Gift,DD-9882-742,9590000.0,
783f0b04-cd03-44b9-bbda-a42b5a83662a,11afb975-c376-4589-9686-f0c1230def98,Vinod Khanna,4442-9282-5318,9691088471,2001-04-27,2002-11-15,Court Decree,DD-7399-271,2724000.0,
6359ad08-1b56-4abe-ae4f-e18f50d983e3,11afb975-c376-4589-9686-f0c1230def98,Priya Devi Nair,3548-1276-8847,9527986710,2002-11-15,2024-08-14,Court Decree,DD-8262-520,2539000.0,
ba076fb8-f219-47b1-9323-b5e5cbbcc4cf,11afb975-c376-4589-9686-f0c1230def98,Balu Mahendra,2782-3955-2876,9778171718,2024-08-14,,Sale,DD-3472-343,2761000.0,
378884a7-34d5-49ea-9d82-dae7ed8f47fe,53973087-42a7-456a-bda5-e835b9ea142d,Santosh Kumar,3358-7350-4784,9340414769,1997-03-06,2010-09-07,Court Decree,DD-3161-324,9603000.0,
2ee91695-f1cb-4901-b24f-de76d3db3f10,53973087-42a7-456a-bda5-e835b9ea142d,Ranjit Kumar,5977-8440-1757,9360500943,2010-09-07,,Gift,DD-9378-778,11734000.0,
09fa7e57-8ce5-44e7-abda-3457825ff222,1637d26d-a4ca-4842-9751-bd9d9f132081,Pooja Sharma,3080-2533-9598,9613722265,1995-06-25,2004-12-28,Gift,DD-8208-792,9893000.0,
15728038-c4f3-497c-94e7-9379685877b4,1637d26d-a4ca-4842-9751-bd9d9f132081,Rajesh Gupta,5315-1732-6098,9494755256,2004-12-28,2015-10-22,Court Decree,DD-4647-628,9493000.0,
f5ff10cb-1b98-40ce-b13b-0d8c3e26a601,1637d26d-a4ca-4842-9751-bd9d9f132081,Mohammad Arif Khan,6101-2046-6055,9619043864,2015-10-22,,Court Decree,DD-9804-314,8467000.0,
964b67c4-c17b-4586-9036-8aedc273da0b,8a106360-2ea2-4c1b-9d0f-d0d9e9c89042,Sushma Swarup,5315-7750-8750,9716870019,1992-01-31,2004-02-12,Gift,DD-5374-465,13154000.0,
3fa9cb51-d396-49f0-b286-9d940f2777b9,8a106360-2ea2-4c1b-9d0f-d0d9e9c89042,Ranjit Kumar,8000-5885-1354,9171289646,2004-02-12,,Gift,DD-1405-879,16388000.0,
31910708-f54b-4cc7-b54e-6692df5f5a78,22a653de-3331-44fa-a2d3-bedeac3db850,Ganesh Patel,5985-3681-4715,9343351931,1996-04-19,2016-11-24,Sale,DD-6430-672,7251000.0,
129cc084-74b2-400d-ad82-d9392a5ef66a,22a653de-3331-44fa-a2d3-bedeac3db850,Sridevi Kapoor,7108-2130-6684,9773052297,2016-11-24,,Inheritance,DD-5916-192,0,
6a8a79f6-2b9c-43e6-bbbc-adfa7f4561cf,53077957-d755-47b9-9ac2-abfacd63b91f,Rekha Nair,2260-9415-2540,9534317284,1996-01-24,2003-07-28,Sale,DD-6516-113,34059000.0,
9da01f4b-11bd-4319-ba3a-c39a70ef55c0,53077957-d755-47b9-9ac2-abfacd63b91f,Sushma Swarup,2620-4734-5912,9999556349,2003-07-28,2003-08-09,Court Decree,DD-2176-761,40314000.0,
64c7e00c-e800-4af1-8fdc-65aa7be3007f,53077957-d755-47b9-9ac2-abfacd63b91f,Anita Kumari Singh,5180-4332-8976,9970655711,2003-08-09,,Gift,DD-8856-495,45540000.0,
c733ac32-3cd5-47d1-aabd-b7a7203e3859,b1dec737-4251-4c13-bb08-aaf90b478207,Smita Patil,7780-8135-2277,9101605955,1994-01-22,1999-09-07,Partition,DD-3017-714,9790000.0,
21beba63-56eb-4c2b-92b7-6c311262e90e,b1dec737-4251-4c13-bb08-aaf90b478207,Ajay Singh,4940-5552-3849,9971135032,1999-09-07,2000-02-27,Inheritance,DD-6135-864,0,
79ff6c62-689a-4f50-a956-c45a8609ac51,b1dec737-4251-4c13-bb08-aaf90b478207,Deepika Mehta,3189-4607-5401,9758975281,2000-02-27,,Sale,DD-3202-912,11646000.0,
8327e586-94a3-4316-975c-dead01682a2b,a5e1bde0-400e-452b-80d3-93c8c88de6bb,Ajay Singh,6906-8115-6032,9250444644,1997-08-12,2022-04-23,Gift,DD-2026-568,32985000.0,
a1757639-cb6e-4774-a973-b541f7905076,a5e1bde0-400e-452b-80d3-93c8c88de6bb,Ravi Shankar,9021-3101-7219,9334274669,2022-04-23,,Partition,DD-1860-212,35288000.0,
461f8ca4-85a0-4a18-ab6a-11bc20d2b10d,128b1094-210c-4291-8aba-0359c008be3d,Harish Chandra,5441-5727-5191,9689834838,1992-08-05,2015-03-16,Gift,DD-6624-165,51174000.0,
c8a6a484-0563-4c4e-8971-a8479d375497,128b1094-210c-4291-8aba-0359c008be3d,Rani Mukherjee,4746-1013-5926,9603393775,2015-03-16,,Partition,DD-8882-244,47194000.0,
65dcc284-4a50-4b69-bd25-a8dcf0fbfbec,d6b29b7f-8c35-4d9d-ae2a-5daf0429e0ac,Nitin Gadkari,8134-7961-2552,9651723747,1998-08-07,2011-01-09,Gift,DD-5676-349,16959000.0,
73c9cc03-13b0-4b1d-aaa0-eaccbbffd33e,d6b29b7f-8c35-4d9d-ae2a-5daf0429e0ac,Sunil Shetty,7127-9225-1845,9164182427,2011-01-09,2014-08-28,Inheritance,DD-1848-815,0,
ae63953b-3525-4da3-8397-7af9201446de,d6b29b7f-8c35-4d9d-ae2a-5daf0429e0ac,Lakshmi Venkatesh,6112-4377-2381,9448507042,2014-08-28,,Sale,DD-9780-591,20962000.0,
6f84af9b-e5ac-4ba3-ad14-302586838bc5,af3e36c5-7e4c-419e-979a-694c9ceead87,Saritha Devi,2181-7099-5313,9292420820,1996-05-24,1999-11-13,Court Decree,DD-4242-350,21105000.0,
aabd7d56-b566-4058-8b1c-d858e24fe48a,af3e36c5-7e4c-419e-979a-694c9ceead87,Suresh Babu Reddy,1864-4025-4198,9158228844,1999-11-13,,Inheritance,DD-1200-513,0,
cbafdedc-6b22-42da-aeeb-f45095eced19,61b40b2d-950b-4503-ae2e-f78d7cee81b1,Mohan Das,9508-3304-3109,9245688986,1994-05-09,2014-04-25,Partition,DD-7953-355,5894000.0,
48ccaa91-5418-4d6c-b97e-ecf0c8556b67,61b40b2d-950b-4503-ae2e-f78d7cee81b1,Suresh Babu Reddy,6234-4802-3137,9297771678,2014-04-25,,Inheritance,DD-5552-138,0,
e6ef8fe5-d237-4f04-870a-7a93ca263c2e,09c68169-ca8c-49eb-ba6c-0013f3a4eb66,Smita Patil,5641-6460-3068,9332549218,1993-04-25,2019-09-04,Court Decree,DD-5164-443,3535000.0,
cee16564-025d-4eae-a631-fa39054a28da,09c68169-ca8c-49eb-ba6c-0013f3a4eb66,Naresh Kumar,8253-8015-1081,9286039346,2019-09-04,,Gift,DD-4042-612,3570000.0,
e8359700-2009-4a3f-bfd9-583b19589dc4,6d505df1-39b2-4cd8-8a80-0cf614945733,Sridevi Kapoor,7623-7077-6447,9704216585,1993-03-04,2010-10-10,Sale,DD-6482-804,32973000.0,
96d6654c-dc18-4cc3-a858-72adf1349032,6d505df1-39b2-4cd8-8a80-0cf614945733,Sridevi Kapoor,3583-7057-5035,9786744780,2010-10-10,2017-03-25,Sale,DD-5382-599,38104000.0,
a70cd6fb-146a-4d44-9289-ff0b2e28ea2d,6d505df1-39b2-4cd8-8a80-0cf614945733,Smita Patil,5917-2724-5367,9607592684,2017-03-25,,Court Decree,DD-1992-734,46352000.0,
2600b061-db70-4245-bb03-3ad75d9a0c15,2c1d79b5-5a9d-4839-a178-68554d03154e,Sridevi Kapoor,9091-3469-5879,9210872170,1995-04-11,2001-06-04,Gift,DD-4318-998,26558000.0,
8776d104-bce7-4254-8cc1-78434091a8d3,2c1d79b5-5a9d-4839-a178-68554d03154e,Prakash Raj,7854-4219-9962,9341168373,2001-06-04,2003-02-13,Gift,DD-8779-183,24238000.0,
3dc6bfce-4641-441f-bb5c-4209c302be2b,2c1d79b5-5a9d-4839-a178-68554d03154e,Sushma Swarup,7730-9987-6382,9637097783,2003-02-13,2023-07-03,Gift,DD-5447-317,29718000.0,
29e7cff6-ff95-4ad2-a28f-93624e216360,2c1d79b5-5a9d-4839-a178-68554d03154e,Smita Patil,2659-7443-9821,9257963512,2023-07-03,,Partition,DD-5036-784,32128000.0,
ad8656b3-ea6d-45c3-88db-57531e835089,bf6a6679-32a7-484c-94cf-ec1b4682755a,Rajesh Gupta,9786-7940-8896,9694735329,1998-07-19,2000-12-05,Inheritance,DD-1066-197,0,
c1a9084a-5a90-438e-8cb7-83e2782f74e8,bf6a6679-32a7-484c-94cf-ec1b4682755a,Jyoti Prasad,4407-2930-3159,9231518435,2000-12-05,,Sale,DD-3292-495,3534000.0,
a48abe4d-f4a0-4ee8-9c33-683b27224074,a3fe5b5d-0524-41cb-a607-2282d29b778b,Lakshmi Venkatesh,2799-3974-7776,9854320679,1991-08-06,2015-03-15,Court Decree,DD-5296-617,8282000.0,
c94fd0fe-4bd8-4646-87ae-56a843da3934,a3fe5b5d-0524-41cb-a607-2282d29b778b,Girish Kumar,7717-8397-1419,9542052973,2015-03-15,,Partition,DD-5786-680,8564000.0,
9b6c8356-d9b2-4d2e-8aaa-a52fc3507328,942c2cbf-3421-40fe-b8be-f564960d6d02,Balu Mahendra,5483-9740-2644,9402201255,1995-12-01,2009-06-29,Partition,DD-8897-772,14413000.0,
ab6d46db-69e1-4fa0-aa37-a7ab279b51e5,942c2cbf-3421-40fe-b8be-f564960d6d02,Lakshmi Venkatesh,2017-2165-8113,9630024523,2009-06-29,,Sale,DD-9937-916,16237000.0,
fdc95ba3-968a-4cca-9e09-cb94aada97a9,2eb3392e-ebb5-43d1-9d00-5454d9165720,Geeta Mahesh Patel,4286-5224-9223,9897487376,1996-08-12,1998-04-26,Sale,DD-1648-352,38138000.0,
5fda4dbb-bd93-4cf8-a561-b22e2da163dd,2eb3392e-ebb5-43d1-9d00-5454d9165720,Santosh Kumar,1981-4432-6230,9312044441,1998-04-26,2006-01-19,Gift,DD-5953-666,36401000.0,
55677f42-d909-438c-b07a-9f8956ff90d3,2eb3392e-ebb5-43d1-9d00-5454d9165720,Jyoti Prasad,2575-8957-2633,9320556127,2006-01-19,2013-11-20,Sale,DD-7970-162,41066000.0,
4c3299bd-b2bc-4348-9984-85e2ea8b698f,2eb3392e-ebb5-43d1-9d00-5454d9165720,Divya Menon,2620-2415-9118,9224560633,2013-11-20,,Court Decree,DD-7261-160,36218000.0,
a55be9e6-7314-4d5b-aec5-57baa119b831,5b430021-a00f-4b73-bb58-5769ffb7f3e9,Nandini Reddy,7037-9042-7235,9416285712,1995-08-05,2001-05-14,Sale,DD-4491-546,5395000.0,
4b12362c-c431-4961-9036-35b2fe00df34,5b430021-a00f-4b73-bb58-5769ffb7f3e9,Vinod Khanna,2305-1614-9180,9423910823,2001-05-14,2022-02-11,Partition,DD-4072-719,4741000.0,
ac193d51-7996-4adc-988d-01c981cf2079,5b430021-a00f-4b73-bb58-5769ffb7f3e9,Geeta Mahesh Patel,5690-3774-5087,9788714643,2022-02-11,,Court Decree,DD-2821-773,5899000.0,
59c69645-1e70-4b27-b028-aa8acd2be0ec,b050947b-5c5d-4526-8da0-ca7249da6c91,Mohammad Arif Khan,8643-9893-5520,9658986139,1986-12-15,2021-08-18,Gift,DD-5636-598,29197000.0,
e4e118ee-373a-4ff2-9408-24a91d0321aa,b050947b-5c5d-4526-8da0-ca7249da6c91,Sushma Swarup,9301-4619-1956,9132883895,2021-08-18,,Court Decree,DD-6880-536,29377000.0,
614c321a-94a3-4599-8cf6-97fd8bcdcaad,4bee0dc8-5177-46e1-ac3c-ab1d7ed67d96,Lakshmi Venkatesh,5817-5496-2822,9338888536,2001-02-17,1997-07-20,Sale,DD-8805-123,4274000.0,
cb1513b6-cc27-473a-8968-e7cfcd883055,4bee0dc8-5177-46e1-ac3c-ab1d7ed67d96,Smita Patil,3949-5270-1663,9945521529,1997-07-20,,Sale,DD-7194-621,4741000.0,
6721d105-7668-425f-a13d-4b76ab4b6b15,61f70c2e-1902-4864-aed5-e5392f41c20f,Santosh Kumar,3965-3867-3539,9404844433,2001-05-17,2005-06-01,Inheritance,DD-3340-665,0,
67283cb7-6f67-42c5-9735-70824da09130,61f70c2e-1902-4864-aed5-e5392f41c20f,Santosh Kumar,9618-4155-6864,9750682912,2005-06-01,2019-12-13,Sale,DD-9782-384,3372000.0,
f57b1c38-54e9-40a5-ba82-22f34457a140,61f70c2e-1902-4864-aed5-e5392f41c20f,Lakshmi Venkatesh,1639-5390-8411,9749978386,2019-12-13,2024-07-30,Court Decree,DD-5868-132,2868000.0,
a4e17ade-c402-4b05-bc99-739ce69c1d23,61f70c2e-1902-4864-aed5-e5392f41c20f,Vijay Prakash Rao,2891-5034-6685,9816200656,2024-07-30,,Sale,DD-4738-481,3459000.0,
344905eb-114d-48ca-944d-38120c68c643,b07bc46d-47de-4e0b-bfa6-1fffbd162369,Vijay Prakash Rao,5713-6397-4974,9423499395,1992-06-13,2002-05-16,Sale,DD-2192-124,27185000.0,
60176580-0583-4c32-9ecc-eb6374f4eca1,b07bc46d-47de-4e0b-bfa6-1fffbd162369,Nandini Reddy,2566-5303-5717,9604155048,2002-05-16,,Sale,DD-6454-992,31361000.0,
be85f0b4-8ea1-42f0-93d6-0f339bd052bb,a5ff6c76-cc32-4f0a-8c2b-4f3f7e58e623,Jyoti Prasad,1225-6225-6438,9693295614,1988-10-10,2000-11-22,Inheritance,DD-7594-710,0,
4a99c45b-6870-4caa-905a-a4706550a2ad,a5ff6c76-cc32-4f0a-8c2b-4f3f7e58e623,Rohit Sharma,6014-1341-9924,9915571858,2000-11-22,2023-06-13,Gift,DD-6643-604,7768000.0,
e48288e9-8a94-4c8a-83c8-22f78d461925,a5ff6c76-cc32-4f0a-8c2b-4f3f7e58e623,Ramesh Kumar Sharma,7866-8043-1800,9840313260,2023-06-13,,Gift,DD-4056-689,9383000.0,
763649d2-8ba1-4927-8576-2ca51ea31ce4,a3a229d6-992e-4223-b436-f865629078b9,Uma Shankar,1335-9389-5593,9308790471,1989-09-05,2002-12-20,Court Decree,DD-1959-243,5542000.0,
5ce4c3db-be0e-4de0-bb35-3f57afbb4771,a3a229d6-992e-4223-b436-f865629078b9,Uma Shankar,7517-5845-5413,9423511951,2002-12-20,2023-02-12,Partition,DD-7528-730,6071000.0,
5cbeb26e-c924-4756-a1a4-22ccc16057c8,a3a229d6-992e-4223-b436-f865629078b9,Asha Bhosale,1149-9708-5620,9825110871,2023-02-12,,Partition,DD-9173-980,7369000.0,
181a3aff-432b-48fa-ba85-8d5682481bc0,443bdbb3-4143-4530-b6cd-8eb3d46f38fb,Rekha Nair,7044-8408-2006,9356798062,2000-10-09,1996-08-28,Partition,DD-7206-115,30800000.0,
3e944a7b-20aa-4ffb-b3ab-0b33e44b3001,443bdbb3-4143-4530-b6cd-8eb3d46f38fb,Santosh Kumar,6536-5769-6879,9294651280,1996-08-28,2003-02-26,Inheritance,DD-4631-772,0,
6c49e8c6-a7fe-487d-b447-7c191b468e82,443bdbb3-4143-4530-b6cd-8eb3d46f38fb,Uma Shankar,9811-3282-9607,9515403733,2003-02-26,,Inheritance,DD-2352-429,0,
9a940b52-fd36-419f-b388-43c504877665,83dc9cd2-5a2c-48de-a468-833b48332bb6,Sonia Verma,4439-8779-1081,9525432708,1993-03-17,1999-03-01,Inheritance,DD-7653-491,0,
f22ff50f-b9ad-443a-8ddf-ffc4ff7ce681,83dc9cd2-5a2c-48de-a468-833b48332bb6,Pooja Sharma,1540-4529-2984,9347635067,1999-03-01,2001-09-01,Inheritance,DD-3067-939,0,
ca7d6d07-61c4-4dd6-bd7c-e325a156b4c4,83dc9cd2-5a2c-48de-a468-833b48332bb6,Rani Mukherjee,6870-1124-4030,9262375273,2001-09-01,2024-02-07,Court Decree,DD-3570-612,24346000.0,
e9ea5f92-65f2-427e-bf25-936ac0c51898,83dc9cd2-5a2c-48de-a468-833b48332bb6,Anita Kumari Singh,2740-4921-4989,9327253619,2024-02-07,,Sale,DD-7848-197,27233000.0,
3e275c8e-f746-4369-b226-69b2048ef4fe,d1033d90-2973-41a5-98b4-d1d1db7da041,Sushma Swarup,6638-4558-3239,9897682626,1992-12-30,2002-11-02,Inheritance,DD-4717-100,0,
2f8b4e4d-7ef3-4078-b625-9b7fa7eccb1c,d1033d90-2973-41a5-98b4-d1d1db7da041,Nitin Gadkari,8679-8626-9756,9925041255,2002-11-02,2004-02-08,Inheritance,DD-2357-494,0,
f959bdee-cbdd-4e3b-8215-e852fab029f2,d1033d90-2973-41a5-98b4-d1d1db7da041,Seema Malhotra,5717-5015-8273,9113796010,2004-02-08,2016-07-17,Sale,DD-5667-439,24331000.0,
d9c6c3f5-fba0-49a1-95d1-fbedf3ac4f13,d1033d90-2973-41a5-98b4-d1d1db7da041,Balu Mahendra,2710-2315-8395,9635746975,2016-07-17,,Sale,DD-5844-875,24114000.0,
e60aab7b-eee4-4896-ae3b-e482ea4dd876,5f20e10e-ca09-4b77-9a35-232f548cb7f8,Balu Mahendra,8238-1393-7330,9775597843,1999-01-08,2012-07-08,Sale,DD-7402-589,3577000.0,
d6296ef6-eaee-494c-8a4e-2ef748cfde41,5f20e10e-ca09-4b77-9a35-232f548cb7f8,Deepika Mehta,3476-4250-8967,9232182114,2012-07-08,,Partition,DD-8005-309,3520000.0,
89ba8582-0ada-4f83-b30f-fb84b330df0b,b3c78ea6-1e61-4162-8da8-ae24f0f9e6b6,Revathy Nair,2198-4394-3346,9378800387,1993-04-02,2005-03-27,Court Decree,DD-3433-994,5485000.0,
d3916653-7ef6-43a0-990a-15d2ec281dba,b3c78ea6-1e61-4162-8da8-ae24f0f9e6b6,Nandini Reddy,7227-7225-4419,9236161148,2005-03-27,2015-05-01,Partition,DD-6645-713,6107000.0,
316d0cf0-0f93-4655-a82a-83c710223ca2,b3c78ea6-1e61-4162-8da8-ae24f0f9e6b6,Anil Kapoor,4304-9141-7762,9467754980,2015-05-01,2015-10-04,Partition,DD-9771-830,5821000.0,
5d36ec84-6c11-4cc9-8454-f88d482f2260,b3c78ea6-1e61-4162-8da8-ae24f0f9e6b6,Sunil Shetty,3284-1675-2544,9205615216,2015-10-04,,Court Decree,DD-2172-449,7033000.0,
a59059c0-3b45-40be-abe7-eb2ef28578b9,2a59e9d4-5276-46ec-8f36-5ac8507bcc22,Smita Patil,5262-9666-8230,9649014160,1987-01-28,2009-03-06,Gift,DD-7322-728,35976000.0,
1be3bcc0-6901-4594-bbfa-f06dd9409218,2a59e9d4-5276-46ec-8f36-5ac8507bcc22,Jyoti Prasad,5718-7022-2971,9123278962,2009-03-06,2016-06-26,Gift,DD-7977-263,32950000.0,
d21d2744-f63f-4324-8050-fbfde576ce93,2a59e9d4-5276-46ec-8f36-5ac8507bcc22,Ramesh Kumar Sharma,7771-3123-7861,9451103958,2016-06-26,,Gift,DD-7664-740,29828000.0,
7969af27-61c4-4915-ab23-10a1a9f47731,4f95f380-b954-4510-b3c8-a163355e5d32,Mahesh Babu,1071-4048-3414,9945488046,1995-11-19,2008-09-30,Gift,DD-8161-989,71762000.0,
7a0c580b-eb4c-46b3-a36e-2521c1438da0,4f95f380-b954-4510-b3c8-a163355e5d32,Prakash Raj,1102-5700-6650,9629082656,2008-09-30,,Inheritance,DD-5795-605,0,
8d952a45-b431-40b3-9480-27e21e36dd45,2701f7f7-b37d-417e-8d72-32dba8c7bfcb,Seema Malhotra,1192-7478-4229,9537008782,1996-08-17,1999-02-17,Partition,DD-8999-509,3878000.0,
327fa4d9-9f77-4253-948f-ec99471fe43e,2701f7f7-b37d-417e-8d72-32dba8c7bfcb,Sunil Shetty,7985-4284-1071,9221143570,1999-02-17,2024-06-07,Inheritance,DD-3303-969,0,
4de215bd-d796-41ac-adb2-60a272209558,2701f7f7-b37d-417e-8d72-32dba8c7bfcb,Priya Devi Nair,1802-9486-5787,9640499929,2024-06-07,,Sale,DD-3266-912,4577000.0,
671285f7-2620-41af-a801-215466161550,84fa8fa5-8a95-43c8-8fa5-8773f612de8f,Mahesh Babu,7869-5586-1851,9222110890,1994-05-27,2005-04-23,Court Decree,DD-3180-124,16567000.0,
6954eeda-02c0-4b60-9660-c75a7c2dc750,84fa8fa5-8a95-43c8-8fa5-8773f612de8f,Girish Kumar,7055-2533-4525,9501794646,2005-04-23,2016-03-05,Inheritance,DD-3385-367,0,
6e19af3d-ae38-4ee9-8604-bacf0cfc5fee,84fa8fa5-8a95-43c8-8fa5-8773f612de8f,Dinesh Patil,5780-7414-2797,9610235075,2016-03-05,,Sale,DD-1014-179,14800000.0,
d2f9bfcd-b526-4690-afd9-c811063bfb74,00e9e103-f651-4982-8478-f77b87d5382a,Vijay Prakash Rao,5496-9438-4559,9612509663,1993-09-05,2014-10-04,Gift,DD-4128-634,34379000.0,
911bd896-d773-4ce7-938f-ca3338b2ebd5,00e9e103-f651-4982-8478-f77b87d5382a,Anita Kumari Singh,4229-1689-1196,9210712765,2014-10-04,,Gift,DD-8505-427,34066000.0,
06127422-0c65-4e5d-bd87-b91ee0feb7d1,65c2c71c-2139-40af-8702-95e5dcce70e7,Sunil Shetty,7920-2848-2395,9710690903,1998-12-30,2021-05-23,Court Decree,DD-7377-534,35877000.0,
2da59217-cac8-44e3-aebd-d4665a04e704,65c2c71c-2139-40af-8702-95e5dcce70e7,Seema Malhotra,6836-9541-4308,9812959837,2021-05-23,,Court Decree,DD-8700-946,42430000.0,
6d1788e3-edf9-42fb-96ed-ac5a8e77d845,7e1e0720-19ed-4db9-bdc7-0041339a8ea9,Revathy Nair,8896-6491-1709,9171442309,1993-01-03,2015-05-01,Partition,DD-3326-196,8225000.0,
4cc2802d-9c5d-41bd-a638-8926c8498c83,7e1e0720-19ed-4db9-bdc7-0041339a8ea9,Ranjit Kumar,8008-9979-8944,9749347883,2015-05-01,2020-09-06,Gift,DD-9837-933,7872000.0,
e7708ed8-df1e-4600-9174-36c161947892,7e1e0720-19ed-4db9-bdc7-0041339a8ea9,Sunita Verma,1105-3484-9444,9466116319,2020-09-06,,Inheritance,DD-1070-934,0,
591b392d-f1f2-4b66-a6b1-a6fbbac3ef8a,d4a695c4-dae0-481e-b717-f5393d4fecb3,Ramesh Kumar Sharma,8482-4666-3734,9619455070,1997-11-16,1998-11-07,Court Decree,DD-8731-228,29404000.0,
1057f871-3467-452e-a2a5-277506414fb3,d4a695c4-dae0-481e-b717-f5393d4fecb3,Geeta Mahesh Patel,2980-9212-5792,9250547787,1998-11-07,,Partition,DD-8686-566,35812000.0,
797f156f-b715-45b8-96cc-bf0d385aa534,372e1ed7-b7dc-4053-a40b-0dca14aa634e,Ganesh Patel,7999-2971-8778,9216325355,1996-06-13,2005-07-06,Partition,DD-2539-875,22559000.0,
a92e1ff2-6297-4709-88bd-877c200cdb29,372e1ed7-b7dc-4053-a40b-0dca14aa634e,Pooja Sharma,7533-7596-8458,9536711889,2005-07-06,2008-01-08,Partition,DD-6976-826,24679000.0,
8bcc822e-bf5b-4208-a5a7-b570b6a2fbc0,372e1ed7-b7dc-4053-a40b-0dca14aa634e,Balu Mahendra,7187-9585-4842,9309134166,2008-01-08,2019-03-28,Gift,DD-1666-721,26993000.0,
49677bd9-7133-493f-b795-5eececc26eed,372e1ed7-b7dc-4053-a40b-0dca14aa634e,Ganesh Patel,7007-3495-3645,9984892178,2019-03-28,,Gift,DD-5358-116,23133000.0,
6cf64404-03fc-4f68-88aa-41c6aedb74e8,625ca107-3d5e-44a4-bebb-ab17465dd7ca,Dinesh Patil,1608-2575-1718,9174348891,2000-03-24,2003-05-10,Court Decree,DD-2872-184,8785000.0,
effb76d1-f777-46cd-874e-00bff018ef5e,625ca107-3d5e-44a4-bebb-ab17465dd7ca,Nandini Reddy,1535-3204-7575,9474359078,2003-05-10,2009-09-21,Partition,DD-3480-529,7499000.0,
7fa0145c-b138-4f70-bb14-37a802983a8e,625ca107-3d5e-44a4-bebb-ab17465dd7ca,Prakash Raj,6509-8466-4330,9336928708,2009-09-21,,Court Decree,DD-4423-785,7159000.0,
1a81f871-2625-41f7-8e83-82819e98b24d,db9ca096-383e-4830-8e04-8f3b111caff4,Sunil Shetty,3326-6085-7436,9678452688,1999-04-26,1999-02-08,Partition,DD-7935-473,7722000.0,
19358dfc-b4ff-4d55-a55b-4ce7bffe44b2,db9ca096-383e-4830-8e04-8f3b111caff4,Rekha Nair,9160-3105-5752,9102806465,1999-02-08,1999-03-31,Gift,DD-5323-978,9310000.0,
f4a69913-d73b-4d6d-8f28-d9ae91a66361,db9ca096-383e-4830-8e04-8f3b111caff4,Balu Mahendra,3314-1340-9947,9519965089,1999-03-31,,Sale,DD-1563-805,11193000.0,
b4d59e46-98b0-4ba1-a17d-ca7a7c3306a4,5850e049-1e2c-4ede-81c5-4a63528d19dc,Anita Kumari Singh,9623-4846-2080,9693826850,2001-06-05,2019-07-13,Sale,DD-1931-839,687000.0,
33c6ddf4-25fa-428b-ab74-22e6399d2722,5850e049-1e2c-4ede-81c5-4a63528d19dc,Naresh Kumar,9711-1734-3842,9665569164,2019-07-13,,Partition,DD-9536-216,784000.0,
c007447e-4b18-4b17-a86c-655962b3ce80,bd76a8b0-5678-4212-9d2c-3bff0766e3af,Ranjit Kumar,9518-2094-6714,9917152142,1990-01-31,1997-05-17,Sale,DD-3299-240,1785000.0,
036b6998-8726-45a9-b9e6-8122bed4e7b2,bd76a8b0-5678-4212-9d2c-3bff0766e3af,Revathy Nair,5201-8503-1061,9473106596,1997-05-17,2000-04-22,Court Decree,DD-5965-898,1845000.0,
98046615-d015-47d3-a54b-7d804d421cdb,bd76a8b0-5678-4212-9d2c-3bff0766e3af,Lakshmi Venkatesh,1595-6715-9986,9327730919,2000-04-22,2019-01-13,Inheritance,DD-2206-948,0,
bd0fec9c-d0e3-4136-a4f2-d6108ede4966,bd76a8b0-5678-4212-9d2c-3bff0766e3af,Girish Kumar,8088-9146-4322,9749249037,2019-01-13,,Inheritance,DD-1137-982,0,
70ceab73-a263-40e5-93a5-7628f16b975e,b69b65f4-5bbc-4d64-afa2-7a921b7c1eb8,Ranjit Kumar,9925-9617-6857,9126386985,1996-01-19,1998-07-24,Inheritance,DD-7703-341,0,
fd430fc9-dbe6-4a18-a8a5-5ae9554a102d,b69b65f4-5bbc-4d64-afa2-7a921b7c1eb8,Rekha Nair,8534-7578-3816,9735788887,1998-07-24,2002-07-07,Sale,DD-7496-894,3736000.0,
81d7cecb-0e2b-40b7-86d1-9020dec60750,b69b65f4-5bbc-4d64-afa2-7a921b7c1eb8,Ranjit Kumar,8126-8272-9433,9992067415,2002-07-07,2014-07-23,Inheritance,DD-4015-535,0,
7628b970-8bd1-422b-bdc4-cfa0ade8eb79,b69b65f4-5bbc-4d64-afa2-7a921b7c1eb8,Sunita Verma,8332-7505-2402,9524314330,2014-07-23,,Court Decree,DD-1183-683,4221000.0,
26de3ac0-147b-4e39-b95e-7afbd5396aca,7035b70a-109b-46fb-af87-8eec58925749,Mohan Das,9719-1403-6195,9131488819,1992-10-15,1998-01-06,Court Decree,DD-4079-670,4847000.0,
aaa2d93d-fc9f-43d3-bb0c-e290721c9876,7035b70a-109b-46fb-af87-8eec58925749,Vijay Prakash Rao,7349-6401-8910,9692099952,1998-01-06,2003-01-27,Sale,DD-5766-227,5619000.0,
29dbe655-ed43-49bf-9507-bc8fe530f332,7035b70a-109b-46fb-af87-8eec58925749,Deepika Mehta,6775-7495-6749,9960531478,2003-01-27,,Court Decree,DD-4087-685,4933000.0,
722e9bf4-7d2c-4feb-9587-7756460634ae,89f08ab0-11d0-435d-ab7e-59c991377ee0,Geeta Mahesh Patel,2665-3456-6568,9780344392,1995-03-24,2007-11-20,Inheritance,DD-4214-118,0,
a4a76103-5b7b-4b17-b8af-221b424f75ac,89f08ab0-11d0-435d-ab7e-59c991377ee0,Uma Shankar,1591-9083-5509,9283518973,2007-11-20,2015-04-20,Sale,DD-2045-759,6121000.0,
c6a04242-5651-427c-a591-bfcdd6d7d57d,89f08ab0-11d0-435d-ab7e-59c991377ee0,Sonia Verma,6646-3445-3968,9274000876,2015-04-20,2021-04-20,Court Decree,DD-1376-511,6823000.0,
b486e505-99d6-4c00-a477-864be0687745,89f08ab0-11d0-435d-ab7e-59c991377ee0,Sonia Verma,4454-2950-1256,9512791218,2021-04-20,,Inheritance,DD-4097-517,0,
126c66c0-b6cf-49e4-acbd-842dde77af90,e834f673-64b7-4777-884e-53b6468ab2cb,Lalitha Kumari,7020-7684-9127,9374568855,1988-05-23,1998-01-26,Sale,DD-5539-412,1505000.0,
5cbdd201-6ee0-47e5-902d-55835da79f6a,e834f673-64b7-4777-884e-53b6468ab2cb,Harish Chandra,6929-5979-5147,9500159634,1998-01-26,2005-02-26,Sale,DD-7232-655,1823000.0,
c5947d31-efda-4408-b3eb-84d33c5a0859,e834f673-64b7-4777-884e-53b6468ab2cb,Saritha Devi,2074-5598-7239,9803640609,2005-02-26,,Inheritance,DD-5167-438,0,
e24a2b2f-5b3e-4d05-b197-ebfcb813dc92,32e484e9-455a-4a43-be69-e448fbc4ddde,Lalitha Kumari,8548-8745-6978,9663204337,2001-01-20,2013-03-19,Inheritance,DD-1480-981,0,
b90a560c-62f1-4477-8a72-a5eff5d8002d,32e484e9-455a-4a43-be69-e448fbc4ddde,Sushma Swarup,4992-3606-7693,9928341906,2013-03-19,2021-06-02,Partition,DD-1074-620,10108000.0,
600a3a9c-a31b-467f-b70f-bf8427c2dbff,32e484e9-455a-4a43-be69-e448fbc4ddde,Meena Devi,5927-4995-8055,9741091491,2021-06-02,2022-07-06,Court Decree,DD-4578-772,11944000.0,
d57ad08a-803e-40bc-b401-6c51116c1b8c,32e484e9-455a-4a43-be69-e448fbc4ddde,Saritha Devi,6006-6228-1976,9487812085,2022-07-06,,Gift,DD-9774-132,11853000.0,
52b4cc14-0d9f-4129-a4bf-40725a75d62b,f3ae3e29-a100-49fc-b812-90782f63bafc,Mohammad Arif Khan,7909-3256-6489,9700323252,1988-03-07,1999-05-04,Sale,DD-4959-675,4747000.0,
bb61fc8c-b9d3-4306-afd0-caac3eb3a3a8,f3ae3e29-a100-49fc-b812-90782f63bafc,Deepika Mehta,1079-5913-6627,9124867468,1999-05-04,2005-07-05,Gift,DD-2801-462,4108000.0,
6a157af7-a807-4416-a8b0-f4f78d1099de,f3ae3e29-a100-49fc-b812-90782f63bafc,Harish Chandra,6626-4718-2060,9249539129,2005-07-05,2022-04-19,Inheritance,DD-2543-419,0,
a561d80c-c315-40fe-babb-c863d44f1638,f3ae3e29-a100-49fc-b812-90782f63bafc,Balu Mahendra,4809-4666-9052,9766192957,2022-04-19,,Partition,DD-5338-890,4615000.0,
f88a362f-f37c-4be4-8f9c-6c5fc748aee1,ea5cb614-fbfd-4f8e-b5ac-6b1c5d457d8e,Sunita Verma,6735-6710-5793,9467457545,1987-03-18,1997-05-17,Court Decree,DD-6955-607,5018000.0,
42ae7f96-1ae7-4c30-96c2-b04431ed7322,ea5cb614-fbfd-4f8e-b5ac-6b1c5d457d8e,Suresh Babu Reddy,2324-4803-6311,9200681534,1997-05-17,,Sale,DD-5252-747,5784000.0,
0a342c97-472f-4bbe-a657-7dc85e1288eb,7c96fcc1-8cbc-4d18-8d1b-52864cc1203c,Mohan Das,3732-7969-5216,9208988708,1995-08-30,1997-02-25,Partition,DD-7136-533,1140000.0,
84a501b8-3f0d-4f88-995d-02e216b01287,7c96fcc1-8cbc-4d18-8d1b-52864cc1203c,Nandini Reddy,5219-9613-2941,9648858166,1997-02-25,2018-03-31,Inheritance,DD-7951-129,0,
2a36a86c-acef-47ba-a068-1a79887d087d,7c96fcc1-8cbc-4d18-8d1b-52864cc1203c,Girish Kumar,1970-7945-4834,9190018511,2018-03-31,2018-04-07,Partition,DD-7426-263,975000.0,
97dd0f0f-3656-4f87-b7f0-00b99ea20a7e,7c96fcc1-8cbc-4d18-8d1b-52864cc1203c,Ravi Shankar,6505-2208-8140,9899649496,2018-04-07,,Court Decree,DD-8069-346,837000.0,
4c8aa4db-1ad7-423c-8b35-417c796fc01c,1504e196-3d87-43c5-9477-3a9bfb140ef9,Santosh Kumar,7050-4969-7565,9419738769,2001-05-26,2005-12-10,Sale,DD-5780-765,5070000.0,
b148338e-89ad-4ef2-9410-003be06ecf81,1504e196-3d87-43c5-9477-3a9bfb140ef9,Vinod Khanna,3878-4891-2754,9364480329,2005-12-10,2015-10-29,Gift,DD-1756-979,5688000.0,
e03f2c01-0b33-4bbb-bef0-db3efad36eab,1504e196-3d87-43c5-9477-3a9bfb140ef9,Mahesh Babu,8234-7202-8644,9298433240,2015-10-29,,Gift,DD-3171-582,5658000.0,
6be90972-6501-42f3-969b-fa0184960a9f,0061732f-f22b-42e7-9298-cd0cca8f1e17,Balu Mahendra,2879-8662-3072,9518573394,1991-10-06,2022-05-07,Sale,DD-6254-116,6043000.0,
e5e1d85c-2d85-482d-a63d-09d7fd62214e,0061732f-f22b-42e7-9298-cd0cca8f1e17,Rekha Nair,9343-2827-8001,9251670952,2022-05-07,,Gift,DD-2052-562,5653000.0,
4e672f4d-1ad0-46ae-af71-7018f97e330f,616f0741-645b-45a1-a98f-b47adf3df620,Girish Kumar,2326-7113-4219,9160644610,1990-08-15,2017-03-04,Gift,DD-6673-970,6771000.0,
efc0e543-9024-4974-a9fb-dc4ec89e838c,616f0741-645b-45a1-a98f-b47adf3df620,Arun Prakash,1096-3145-7181,9897147278,2017-03-04,,Gift,DD-5491-425,5894000.0,
f68eeddf-9144-4518-a159-a1a184ff8549,6db08044-b90c-4947-9e23-6c1462883718,Ravi Shankar,7946-9875-9273,9203356530,1993-12-05,2000-09-09,Sale,DD-9789-828,680000.0,
ef8309a0-ff70-471e-84fc-cfbe7285190e,6db08044-b90c-4947-9e23-6c1462883718,Lalitha Kumari,3165-8313-3826,9176956109,2000-09-09,2011-09-15,Sale,DD-2237-349,804000.0,
3c186701-f9a8-4cf7-93af-d1f02f51e9f9,6db08044-b90c-4947-9e23-6c1462883718,Rajesh Gupta,7148-1984-2647,9685717643,2011-09-15,2020-08-16,Sale,DD-6137-202,762000.0,
44d9e5e1-3d75-4a8c-98d4-65ab88dd549b,6db08044-b90c-4947-9e23-6c1462883718,Ravi Shankar,9772-9960-3769,9488331666,2020-08-16,,Gift,DD-3616-252,649000.0,
c59ea753-d999-43b8-9283-ea9a64ef7e82,8b24f953-a55a-46e2-bf98-c7b88145b3f2,Pooja Sharma,3120-2323-5210,9850276424,1992-05-27,1997-08-04,Partition,DD-4017-147,20621000.0,
c002ffe9-0cf2-4640-a12b-38937e231e10,8b24f953-a55a-46e2-bf98-c7b88145b3f2,Prakash Raj,2870-8105-4955,9388830383,1997-08-04,2002-10-15,Sale,DD-1825-585,25061000.0,
b9d52de2-f5c0-4c11-ab7b-8f197f6977ab,8b24f953-a55a-46e2-bf98-c7b88145b3f2,Nitin Gadkari,9734-6253-2707,9293599260,2002-10-15,2020-10-16,Court Decree,DD-6983-992,29264000.0,
c01f6771-f8cd-4eb0-8039-d93432f8e889,8b24f953-a55a-46e2-bf98-c7b88145b3f2,Sunil Shetty,7083-2325-2804,9938679025,2020-10-16,,Inheritance,DD-8516-106,0,
672b33ad-b2a7-4128-9a74-1eabba590f51,675fb8c2-3eb4-4023-9778-8d0f8f2bd062,Vijay Prakash Rao,3203-7581-7253,9933611596,1989-04-19,2003-02-03,Inheritance,DD-6806-510,0,
a80c031b-883e-4917-97a8-226a12e1a6b0,675fb8c2-3eb4-4023-9778-8d0f8f2bd062,Mahesh Babu,6954-9100-4399,9592596661,2003-02-03,,Partition,DD-9911-324,31660000.0,
3e13084e-15c9-4993-a0ff-91db4a295dd3,26b3bc67-0e98-4f22-8641-870c573044a6,Vijay Prakash Rao,5885-3852-2675,9502216455,1998-09-02,1997-12-01,Sale,DD-2173-924,55496000.0,
ea7c50c9-7cc0-467c-9be3-d88343fa0723,26b3bc67-0e98-4f22-8641-870c573044a6,Kavitha Rao,2846-7500-9714,9891478687,1997-12-01,2003-07-17,Inheritance,DD-5841-623,0,
60663c93-e699-440c-a296-7f4b23e59522,26b3bc67-0e98-4f22-8641-870c573044a6,Priya Devi Nair,5100-7361-6131,9504916285,2003-07-17,,Partition,DD-4394-525,52986000.0,
da14570b-996d-4ce8-9906-22b96bc5dd41,098f81ec-fd5c-4366-b4c2-2d34789e1241,Kavitha Rao,5590-2055-1715,9383706664,1995-09-07,2000-12-22,Partition,DD-1944-492,47733000.0,
89edb807-b3f9-4c20-8438-5940132bd38d,098f81ec-fd5c-4366-b4c2-2d34789e1241,Santosh Kumar,2543-2342-9900,9584969042,2000-12-22,2008-12-12,Sale,DD-7178-860,58457000.0,
2798a7f1-87bc-4d16-86c4-15c210229cc4,098f81ec-fd5c-4366-b4c2-2d34789e1241,Rekha Nair,5600-8861-3032,9656835945,2008-12-12,2011-08-17,Inheritance,DD-3101-625,0,
324b8b64-cef6-4330-b6c0-0b510179e911,098f81ec-fd5c-4366-b4c2-2d34789e1241,Rani Mukherjee,2871-8312-7561,9800083563,2011-08-17,,Inheritance,DD-1334-189,0,
773459fb-f4c3-49a0-b232-ad7dbf01a9a1,d9288b1f-e9be-4f38-b481-93a1d5f95751,Ramesh Kumar Sharma,8088-2261-9069,9326837961,2000-06-21,2000-05-17,Sale,DD-9757-778,6865000.0,
b0b5288f-3e6b-463a-9799-eb8f15b2cbfa,d9288b1f-e9be-4f38-b481-93a1d5f95751,Smita Patil,4278-2542-3755,9740355658,2000-05-17,2016-05-10,Gift,DD-7658-982,6503000.0,
bd79d53d-d852-4005-8c72-1ac76aa14217,d9288b1f-e9be-4f38-b481-93a1d5f95751,Arun Prakash,7789-2693-7857,9740684021,2016-05-10,,Partition,DD-7005-952,6444000.0,
534ab6bb-e1b5-453e-868e-6f3463c10f66,5d89dd24-756f-4cc8-a09a-6d6b97218798,Kavitha Rao,4186-7907-2974,9961495739,1991-01-26,2021-01-07,Inheritance,DD-2882-498,0,
42752979-139f-47fd-8de5-f36021966a7b,5d89dd24-756f-4cc8-a09a-6d6b97218798,Girish Kumar,9632-6397-5386,9721047654,2021-01-07,,Inheritance,DD-2259-581,0,
bd47100e-b466-45e7-b4af-22cfc3d4ea14,90d56de6-0002-44be-b0a7-fab1897d0da2,Mohammad Arif Khan,4018-6286-2093,9775759721,1990-03-20,2007-10-26,Gift,DD-2734-548,30468000.0,
2f0d2068-02ec-406e-9a20-5223277ea6bc,90d56de6-0002-44be-b0a7-fab1897d0da2,Arun Prakash,2741-3985-4078,9535741683,2007-10-26,,Gift,DD-9086-988,31028000.0,
481aa925-2375-47e9-b0d4-29a3321d3741,e5951470-143a-4d31-a42a-7fd527ee109c,Mahesh Babu,9820-8615-3221,9776068391,1987-01-09,2002-05-13,Court Decree,DD-8022-812,19858000.0,
ea52f751-c288-4a4d-8ff6-7daf7a63ccbe,e5951470-143a-4d31-a42a-7fd527ee109c,Girish Kumar,3880-2763-8551,9619106028,2002-05-13,2009-07-06,Gift,DD-1526-675,24706000.0,
4c2b6bb1-68ca-43f5-ae39-73fb8f41cd1e,e5951470-143a-4d31-a42a-7fd527ee109c,Lakshmi Venkatesh,7857-7561-9326,9169118818,2009-07-06,2016-10-17,Inheritance,DD-6384-766,0,
dfe16bc3-4f7c-4927-a3f2-2840429eccfd,e5951470-143a-4d31-a42a-7fd527ee109c,Divya Menon,4147-8025-8419,9130905353,2016-10-17,,Sale,DD-4378-320,30517000.0,
7e10f31f-d171-47e5-b55e-9d4928ee0cda,deb3e983-a80c-45b1-a89a-2d07a1f1a3b6,Vinod Khanna,5435-3544-1504,9268944599,1989-02-12,2004-06-18,Gift,DD-5754-374,7977000.0,
e2d2b21e-e419-47e2-ae5e-c57807020968,deb3e983-a80c-45b1-a89a-2d07a1f1a3b6,Mahesh Babu,1119-6040-8196,9541686640,2004-06-18,2013-03-01,Gift,DD-5008-927,9450000.0,
a6f378df-9638-4667-8672-dec18469dbca,deb3e983-a80c-45b1-a89a-2d07a1f1a3b6,Nandini Reddy,7976-2067-6510,9547243997,2013-03-01,2015-12-12,Gift,DD-2488-220,10559000.0,
46883d65-5ae8-452a-9476-ae0f58f09508,deb3e983-a80c-45b1-a89a-2d07a1f1a3b6,Sushma Swarup,2688-6061-9109,9477477173,2015-12-12,,Gift,DD-1132-727,12365000.0,
09339463-8550-4986-9dca-c4870d6c5c70,4b1e9bd7-86a7-4bf9-b7a8-c7a741247d8f,Arun Prakash,4962-8868-7262,9863564642,1996-05-25,2011-06-26,Inheritance,DD-1577-749,0,
bfc4d1e5-96f0-446c-b799-8ea62c8861b9,4b1e9bd7-86a7-4bf9-b7a8-c7a741247d8f,Ranjit Kumar,3838-3750-6684,9350963145,2011-06-26,2020-04-11,Partition,DD-8090-697,4620000.0,
e18dc203-048a-46a1-a7a6-bb447263dc69,4b1e9bd7-86a7-4bf9-b7a8-c7a741247d8f,Lakshmi Venkatesh,5096-2521-2071,9771209441,2020-04-11,2021-10-27,Inheritance,DD-9802-492,0,
009df5cb-b1af-4ce4-8d61-673cf5b0dcde,4b1e9bd7-86a7-4bf9-b7a8-c7a741247d8f,Girish Kumar,4776-6006-3077,9401123040,2021-10-27,,Court Decree,DD-4143-723,5178000.0,
e19c47eb-0e72-407a-92be-c19b9a97b06e,0df70e73-5b2a-48bf-9623-c15751d72f6b,Sushma Swarup,5081-3893-7286,9765958477,1991-12-07,2007-01-07,Partition,DD-6930-931,2841000.0,
09baa7fe-f024-42c8-a38b-c61ebec96bec,0df70e73-5b2a-48bf-9623-c15751d72f6b,Priya Devi Nair,8368-5407-4345,9465099941,2007-01-07,2014-04-03,Inheritance,DD-6402-451,0,
dd4db6cb-3e10-492c-80b6-0e98ceacf9cd,0df70e73-5b2a-48bf-9623-c15751d72f6b,Vinod Khanna,9569-7114-5456,9614971107,2014-04-03,2015-02-24,Sale,DD-6691-267,3522000.0,
c95051ec-971c-4436-8048-92123d051097,0df70e73-5b2a-48bf-9623-c15751d72f6b,Sonia Verma,7913-5642-6353,9324980353,2015-02-24,,Sale,DD-5075-682,3595000.0,
560baa49-a9d7-419f-a518-3271e6156f68,2da1f827-8c97-4fa4-84ff-171d3a6ac177,Revathy Nair,2744-8496-1364,9565177461,1993-05-26,2012-06-27,Court Decree,DD-5230-567,15319000.0,
e0b60c91-ea2c-415a-a77c-3662de78b22b,2da1f827-8c97-4fa4-84ff-171d3a6ac177,Girish Kumar,8214-2344-2323,9128257520,2012-06-27,2023-04-22,Court Decree,DD-1843-187,18207000.0,
82978a08-fa79-463a-a643-5c6659d4ffb4,2da1f827-8c97-4fa4-84ff-171d3a6ac177,Ganesh Patel,8340-2681-6516,9521109724,2023-04-22,,Inheritance,DD-9578-366,0,
ab01af46-b4e6-4976-8456-9b13bf291605,e3110011-e77e-4f45-941e-55e0a2fc41c9,Nitin Gadkari,6490-7700-7693,9859575160,1989-06-03,2003-06-08,Gift,DD-6311-877,89106000.0,
cd086d9c-cbf5-4613-8246-f64f77f5b268,e3110011-e77e-4f45-941e-55e0a2fc41c9,Suresh Babu Reddy,3223-5330-3915,9954059387,2003-06-08,,Court Decree,DD-4757-596,87971000.0,
b23279ea-de50-497c-ac0e-8abd2dc94f8a,b111ef8c-61a5-407e-883a-6770e8ae05b4,Sushma Swarup,5005-7671-1848,9820666725,1989-07-16,2004-10-10,Inheritance,DD-9475-762,0,
d6d0bbb0-50c1-4313-9299-93db07aefacb,b111ef8c-61a5-407e-883a-6770e8ae05b4,Kavitha Rao,1310-2385-1356,9926545511,2004-10-10,2007-04-21,Partition,DD-4209-430,43384000.0,
edba11c6-adfa-4c36-bb2b-0c8d999c72dc,b111ef8c-61a5-407e-883a-6770e8ae05b4,Sridevi Kapoor,6463-2377-4414,9101646890,2007-04-21,2014-11-09,Sale,DD-3315-549,46408000.0,
ea34279a-3d45-4181-8e92-46e17b3141ac,b111ef8c-61a5-407e-883a-6770e8ae05b4,Ganesh Patel,9023-8531-6738,9662834914,2014-11-09,,Gift,DD-9252-980,46294000.0,
70169fe1-5bb1-4991-a523-97125f795f22,70ffb5e1-8dd2-4346-ad6f-ba0828b32834,Geeta Mahesh Patel,8315-5939-5586,9483678064,1997-10-08,2002-09-10,Partition,DD-1783-559,10559000.0,
9f68ef17-6448-4906-9e75-43703942645e,70ffb5e1-8dd2-4346-ad6f-ba0828b32834,Smita Patil,3226-7359-5014,9521350588,2002-09-10,2006-07-31,Partition,DD-8562-538,9706000.0,
a1dee946-7248-4595-9a7c-b3baa660d5c3,70ffb5e1-8dd2-4346-ad6f-ba0828b32834,Nandini Reddy,9001-9124-5341,9941337533,2006-07-31,2016-04-25,Partition,DD-9817-420,10955000.0,
562986f8-20ff-416c-a8d6-c5f259152252,70ffb5e1-8dd2-4346-ad6f-ba0828b32834,Sushma Swarup,4922-5673-9231,9865429893,2016-04-25,,Partition,DD-7133-727,10506000.0,
969f8b53-64d6-4ee7-9338-f608360e36b4,20dc5abd-15dd-458b-b01f-755f95489584,Harish Chandra,4407-1973-1953,9946931431,2000-04-22,2003-08-28,Sale,DD-2245-424,6901000.0,
5e9cb63b-b5b1-427c-a2de-81232f18fd45,20dc5abd-15dd-458b-b01f-755f95489584,Mohan Das,1548-7701-7104,9527808801,2003-08-28,2020-05-08,Sale,DD-1762-684,8215000.0,
f2c488c4-79e1-4f43-a98b-13f44d3440be,20dc5abd-15dd-458b-b01f-755f95489584,Sushma Swarup,5315-6626-5000,9664072810,2020-05-08,,Gift,DD-9294-253,7779000.0,
5861e771-ab4c-4a1f-a171-fc254451af1e,0dadda97-fbbc-419e-9249-a120469e2d9e,Revathy Nair,9222-7538-6150,9186274942,1987-11-04,2009-02-12,Gift,DD-7904-179,936000.0,
6492b124-b833-49cc-8d36-571e6353232a,0dadda97-fbbc-419e-9249-a120469e2d9e,Asha Bhosale,9231-4523-8337,9945631194,2009-02-12,2009-12-20,Sale,DD-9972-204,1051000.0,
d5b7a8b9-ffe3-48dc-b32f-525bf6b684a1,0dadda97-fbbc-419e-9249-a120469e2d9e,Saritha Devi,6020-8706-8351,9556394196,2009-12-20,,Gift,DD-7582-536,926000.0,
be48905d-1f64-46d8-b9cc-ed739eec460a,11683ea9-f8d9-4307-86d5-66d3809f8315,Revathy Nair,4812-4793-1059,9883826166,1990-09-24,2018-09-20,Court Decree,DD-2110-382,29996000.0,
240967ba-1313-4a63-ab4f-48bb6d0d96b1,11683ea9-f8d9-4307-86d5-66d3809f8315,Ranjit Kumar,5682-1284-6169,9398757367,2018-09-20,,Inheritance,DD-4046-608,0,
3349d360-fae8-473f-ac72-6af07dd30543,6b751f04-a1c9-409c-b717-e00c836e9829,Sushma Swarup,2689-1273-3727,9875249151,1999-09-08,1998-02-23,Sale,DD-4079-435,12499000.0,
2f6fb46b-d7e3-43fa-a13f-eaeeee377bf8,6b751f04-a1c9-409c-b717-e00c836e9829,Nitin Gadkari,4697-6854-2344,9676889865,1998-02-23,2010-09-15,Inheritance,DD-9266-592,0,
6d042aa9-013a-4652-94df-2c506d7cb447,6b751f04-a1c9-409c-b717-e00c836e9829,Anil Kapoor,8849-5955-2564,9318814601,2010-09-15,,Partition,DD-7776-417,15252000.0,
51bb4107-21fe-471d-bfe8-929b6e6bad3a,9c17b388-cfa4-4a47-b281-4f816f784cea,Dinesh Patil,6914-9500-2812,9504574960,1999-10-10,1996-09-17,Sale,DD-3798-667,19959000.0,
38b5ae87-e304-48a6-bf79-47e8bcb7ab77,9c17b388-cfa4-4a47-b281-4f816f784cea,Harish Chandra,9815-4367-2590,9730927112,1996-09-17,2005-10-31,Partition,DD-6655-876,21922000.0,
4f243c5e-bd4e-4796-928f-fed8b27d79d5,9c17b388-cfa4-4a47-b281-4f816f784cea,Jyoti Prasad,2502-9974-1672,9886343655,2005-10-31,2011-02-03,Inheritance,DD-6096-645,0,
7f77ca6b-729d-4b06-98c1-5048c926215b,9c17b388-cfa4-4a47-b281-4f816f784cea,Meena Devi,7310-4097-5245,9236510459,2011-02-03,,Sale,DD-4212-645,19204000.0,
da89495d-9ce9-487d-89ac-3a32903225e1,c7c2e855-3318-46fb-9c4e-a7562749b04f,Nitin Gadkari,6838-6938-4207,9157953960,1986-09-01,2001-07-05,Sale,DD-4221-355,3585000.0,
4d61be69-a910-4782-a471-76023ad40e01,c7c2e855-3318-46fb-9c4e-a7562749b04f,Anita Kumari Singh,6034-5863-1168,9582947871,2001-07-05,2017-05-19,Sale,DD-6254-328,3103000.0,
610e88c3-b4a4-42b9-942b-3bfd8e6b8aee,c7c2e855-3318-46fb-9c4e-a7562749b04f,Vijay Prakash Rao,1777-7672-6907,9759182324,2017-05-19,,Partition,DD-9729-190,3471000.0,
9c1d56f5-c91b-4cec-aa85-2a4cf71a9dfb,50c3869a-970a-4031-adfe-39ecef3fbb14,Vijay Prakash Rao,7265-7234-2528,9118542837,1999-06-01,1997-09-03,Court Decree,DD-2687-123,4037000.0,
ea6c41b7-e1f2-4f63-b6b5-95b987688183,50c3869a-970a-4031-adfe-39ecef3fbb14,Lalitha Kumari,5096-3195-3023,9534326254,1997-09-03,1999-04-29,Sale,DD-9625-751,3645000.0,
edbecbd1-6fde-49d8-a693-471e8be90154,50c3869a-970a-4031-adfe-39ecef3fbb14,Deepika Mehta,3489-2371-9179,9482079907,1999-04-29,2013-06-21,Court Decree,DD-3316-527,4300000.0,
974fb381-8c32-4317-aed9-cdbce5c634ea,50c3869a-970a-4031-adfe-39ecef3fbb14,Girish Kumar,7249-3392-1499,9668093326,2013-06-21,,Partition,DD-3793-765,5000000.0,
352a8388-029c-450a-9fdc-a2964da8fb06,d8d6d439-d779-44de-889d-8a00c06df875,Sunita Verma,8587-3000-3371,9755047173,1996-08-18,2005-02-27,Court Decree,DD-9082-852,36876000.0,
7e5f8014-838b-445f-b92d-782395092620,d8d6d439-d779-44de-889d-8a00c06df875,Ganesh Patel,1732-6426-9384,9962044760,2005-02-27,2008-01-10,Gift,DD-2447-402,36281000.0,
7c9db9bc-3cfe-487a-b749-10fb79ea1db4,d8d6d439-d779-44de-889d-8a00c06df875,Ajay Singh,1261-7227-1719,9409276438,2008-01-10,,Sale,DD-3415-746,44593000.0,
f6ace461-bf52-49e7-b761-95d958760575,dbbefdb7-c0d0-4679-a2a7-97e4f98bd297,Sridevi Kapoor,6394-6806-8068,9964640420,1987-07-24,2002-01-19,Gift,DD-4346-136,24189000.0,
815285ac-e88a-47c1-b121-0c71935814f9,dbbefdb7-c0d0-4679-a2a7-97e4f98bd297,Vinod Khanna,9063-9697-9333,9648091959,2002-01-19,2024-08-03,Inheritance,DD-4613-627,0,
276bdeff-4818-4889-afff-f6d3259f6c95,dbbefdb7-c0d0-4679-a2a7-97e4f98bd297,Girish Kumar,4893-2213-4375,9518064414,2024-08-03,,Partition,DD-7240-455,24678000.0,
63f5d0d4-9c54-4f4b-8e92-d682730d2b07,3db3f149-d9cc-4488-97ce-f478efc2f48c,Asha Bhosale,5028-3760-5748,9430755122,1997-09-05,2003-05-23,Gift,DD-9536-700,5711000.0,
c0df04d9-89bf-4018-a9b7-3df4dcabd930,3db3f149-d9cc-4488-97ce-f478efc2f48c,Jyoti Prasad,1782-6925-4823,9430310347,2003-05-23,,Sale,DD-2999-365,5904000.0,
109cace8-9471-4b9f-948f-1ded0cd377f5,c74cc290-c263-4ad6-ad90-4268db37f493,Rekha Nair,9610-3699-9790,9101729162,1997-10-27,2011-05-15,Gift,DD-9762-779,22525000.0,
dae7421e-b685-483e-8139-adf0f3ccf827,c74cc290-c263-4ad6-ad90-4268db37f493,Mahesh Babu,4435-1683-8156,9647558123,2011-05-15,2016-09-19,Sale,DD-9633-323,20536000.0,
eb810e60-fef0-4182-8bc5-c07b7a7972c9,c74cc290-c263-4ad6-ad90-4268db37f493,Naresh Kumar,7920-8945-7709,9786269852,2016-09-19,2020-12-26,Court Decree,DD-6617-537,21852000.0,
b389ebe3-19d0-4dab-b39f-d24d4bafdd82,c74cc290-c263-4ad6-ad90-4268db37f493,Ajay Singh,5563-6307-4584,9614998787,2020-12-26,,Partition,DD-9231-118,23913000.0,
ace4c053-84df-4d1b-a307-38655624ce06,31588332-098b-49f8-98df-8ffc4006d484,Rekha Nair,8021-8270-6295,9916701932,1988-10-12,1997-12-26,Court Decree,DD-7320-800,41996000.0,
80ae616d-1dae-4990-ad30-fe0d42b623c8,31588332-098b-49f8-98df-8ffc4006d484,Anil Kapoor,7953-5213-6482,9340539372,1997-12-26,2011-01-13,Sale,DD-2930-908,46063000.0,
2a67956a-bc63-4d06-b89b-b93a553a3d1a,31588332-098b-49f8-98df-8ffc4006d484,Mohammad Arif Khan,6868-8140-6090,9219821381,2011-01-13,2023-10-14,Gift,DD-7656-464,53657000.0,
ba8fab3a-3c5e-4813-bd35-5963bc806155,31588332-098b-49f8-98df-8ffc4006d484,Ranjit Kumar,4892-1130-1816,9707442086,2023-10-14,,Court Decree,DD-7607-551,56971000.0,
f399be4b-9be8-43d3-a648-7ed9337fbf60,5585cbbc-a825-4a44-901d-688f7610f9f3,Meena Devi,8141-1807-2356,9963787048,1999-02-17,2000-02-14,Court Decree,DD-1799-681,6913000.0,
9aff1345-dc93-48aa-912b-5d1d8c5889f0,5585cbbc-a825-4a44-901d-688f7610f9f3,Harish Chandra,4220-5915-1082,9177298097,2000-02-14,2007-07-28,Court Decree,DD-1550-381,5898000.0,
e37ddd4d-cf02-473a-841d-1b078ca0e41c,5585cbbc-a825-4a44-901d-688f7610f9f3,Mahesh Babu,9634-7539-7557,9901946435,2007-07-28,,Gift,DD-4590-549,6777000.0,
17be41ba-f8e5-4228-9473-a9ce33edf572,d46a3d92-bcd1-4449-ac74-b97874e3537f,Pooja Sharma,7697-8281-3515,9962235694,1997-01-22,1996-09-20,Sale,DD-3509-827,6128000.0,
df9cfb24-e39a-43fe-a76a-c63faed7bf26,d46a3d92-bcd1-4449-ac74-b97874e3537f,Lakshmi Venkatesh,6855-6258-4563,9698163109,1996-09-20,2014-01-25,Court Decree,DD-6970-855,5313000.0,
00954a24-8797-47bd-a990-c93245d13436,d46a3d92-bcd1-4449-ac74-b97874e3537f,Anil Kapoor,8438-6573-6243,9689508469,2014-01-25,2024-04-16,Inheritance,DD-1321-789,0,
ed11a596-44bf-416c-98c7-a4e5f9f3ae10,d46a3d92-bcd1-4449-ac74-b97874e3537f,Sridevi Kapoor,3988-7828-5256,9333586223,2024-04-16,,Inheritance,DD-2463-262,0,
e06ae769-0fe3-46b4-971f-f23e33c554cb,25226d2d-c11b-4652-ab12-0e5d66e9ed27,Vijay Prakash Rao,8036-5515-9871,9290957484,1990-11-30,2012-09-12,Gift,DD-3706-447,12623000.0,
3d623092-6e35-43dd-b3c8-85dc5fba6f17,25226d2d-c11b-4652-ab12-0e5d66e9ed27,Dinesh Patil,8796-5458-8208,9577752067,2012-09-12,2021-09-21,Court Decree,DD-5006-629,14671000.0,
322c5f04-7c3d-4555-b268-2f322b203184,25226d2d-c11b-4652-ab12-0e5d66e9ed27,Rohit Sharma,1601-8887-1307,9488313090,2021-09-21,,Partition,DD-6742-488,17048000.0,
c4c8d6d0-d1f9-4051-bd70-2d18f1472ec1,eb272cf3-dfdb-47b1-9ba2-715d4d762445,Prakash Raj,3047-1834-1782,9217885943,1989-12-08,2002-05-21,Gift,DD-4448-468,24846000.0,
7f3d33da-1216-441c-93ec-342e8194648f,eb272cf3-dfdb-47b1-9ba2-715d4d762445,Prakash Raj,4747-5714-5306,9358118876,2002-05-21,2016-08-30,Sale,DD-6456-758,23626000.0,
c9e25ce4-31fd-4d1e-9b6a-502bbe3831d2,eb272cf3-dfdb-47b1-9ba2-715d4d762445,Deepika Mehta,3833-6773-6984,9602831595,2016-08-30,,Sale,DD-5299-810,25153000.0,
cc77de56-b4b5-4b12-a4de-56a8034f3ace,89faff50-8e18-40a1-925b-89a6b3d24df6,Vijay Prakash Rao,7697-7593-1725,9266842246,1987-11-11,2016-12-10,Gift,DD-8992-470,7635000.0,
0d06e6a7-e7fb-4500-bad0-f718c19329f3,89faff50-8e18-40a1-925b-89a6b3d24df6,Sunita Verma,7726-3746-4904,9329141821,2016-12-10,2018-08-05,Court Decree,DD-5300-743,8445000.0,
a7a939c4-c065-4bcd-8cfa-25b9b4dee1d5,89faff50-8e18-40a1-925b-89a6b3d24df6,Prakash Raj,2667-5122-7560,9966363382,2018-08-05,,Gift,DD-8275-101,8194000.0,
6f813dfb-7327-469b-a5e0-79130ae7778c,f75e8c8e-848c-45a5-94e8-08775283cf86,Vijay Prakash Rao,1316-2275-8538,9473591936,1987-09-19,2015-08-16,Sale,DD-4128-723,17999000.0,
a4356c92-bf37-4967-89a0-a3e1d3e9422a,f75e8c8e-848c-45a5-94e8-08775283cf86,Vijay Prakash Rao,8181-1577-7278,9593934037,2015-08-16,,Court Decree,DD-1511-774,21393000.0,
3b807283-10bd-4bf7-9658-f099b56e953a,f57f33d2-77e2-4f22-934b-63f68b37dbee,Anil Kapoor,1946-8445-3098,9242635234,1993-02-19,2007-05-01,Gift,DD-9637-708,31900000.0,
b0a5d8ac-1ce6-47da-bcd3-b53caa946c06,f57f33d2-77e2-4f22-934b-63f68b37dbee,Lakshmi Venkatesh,4500-4776-6659,9980761249,2007-05-01,,Court Decree,DD-9820-319,30561000.0,
9dda296d-a1cc-42ec-bab5-9579aa8b5a29,a782c992-34a6-48ba-8943-727312dbc80b,Anita Kumari Singh,8475-4740-6967,9931268800,2001-02-16,1998-04-30,Inheritance,DD-1180-780,0,
c2b87ff2-b501-4505-ae46-5051d9027840,a782c992-34a6-48ba-8943-727312dbc80b,Sridevi Kapoor,1412-9415-3852,9467976839,1998-04-30,2019-07-08,Partition,DD-6976-674,70613000.0,
905c3c65-7a38-4585-81b4-053f115cba90,a782c992-34a6-48ba-8943-727312dbc80b,Saritha Devi,8714-5332-2119,9251924223,2019-07-08,2023-11-22,Inheritance,DD-7800-342,0,
cc7d999a-6fd6-4e89-8d4b-b6c6108db830,a782c992-34a6-48ba-8943-727312dbc80b,Rohit Sharma,2698-2449-3068,9821789811,2023-11-22,,Court Decree,DD-9570-499,72143000.0,
639e656d-6b60-42d0-9894-d45e7142fd78,edeb654f-e2b1-419f-af39-0c7457a60a53,Balu Mahendra,6194-5590-5692,9182045603,1988-01-28,2009-09-23,Inheritance,DD-3963-483,0,
990822df-c6ad-4f93-af7d-1c699c2ceec6,edeb654f-e2b1-419f-af39-0c7457a60a53,Revathy Nair,9721-6613-2398,9329597323,2009-09-23,2017-05-15,Sale,DD-9532-199,46104000.0,
9ecc1e09-60ac-4ef0-8118-66c19316bc89,edeb654f-e2b1-419f-af39-0c7457a60a53,Priya Devi Nair,6539-3365-1949,9321274065,2017-05-15,,Partition,DD-8375-292,48616000.0,
1f86364e-eae3-49de-abee-49e283a50777,0c4a3bcc-cd62-4685-a09e-c807df65ce0b,Rekha Nair,9875-4392-7376,9112259900,1997-02-07,2017-04-13,Sale,DD-2596-213,3101000.0,
73587cdb-a3b2-4ee0-a3ef-9c9315a59c83,0c4a3bcc-cd62-4685-a09e-c807df65ce0b,Divya Menon,7469-5769-8679,9618514870,2017-04-13,2020-07-28,Inheritance,DD-1026-620,0,
0b9da117-18c3-4098-8948-6cbf6d3177b8,0c4a3bcc-cd62-4685-a09e-c807df65ce0b,Divya Menon,8135-2776-9904,9354732715,2020-07-28,,Sale,DD-1173-531,3456000.0,
0cd01b4c-541f-48bd-b8a7-3a7504326011,cdea32bf-6907-454d-906f-5e7120000084,Prakash Raj,5890-2788-2365,9530869012,1993-08-29,2009-03-11,Gift,DD-7563-362,3357000.0,
a91b05c6-967e-47de-968a-02c17b72a9ef,cdea32bf-6907-454d-906f-5e7120000084,Kavitha Rao,1334-7339-5098,9954789410,2009-03-11,2023-05-26,Sale,DD-6290-835,4070000.0,
47e9963d-36cb-412d-9052-4b788e7e2a37,cdea32bf-6907-454d-906f-5e7120000084,Anil Kapoor,1253-4759-5888,9240325588,2023-05-26,,Court Decree,DD-1543-678,4631000.0,
886e3f0c-9f20-49fb-b656-9cc655cff610,ba3ce0bb-a58a-432d-8f53-c9ea09c75847,Ajay Singh,1056-3303-3854,9221420441,1990-09-04,2000-10-27,Inheritance,DD-6585-275,0,
a2a2acc1-c27b-4b7f-9cc8-66ec5582267a,ba3ce0bb-a58a-432d-8f53-c9ea09c75847,Prakash Raj,7010-5527-9427,9111236215,2000-10-27,2004-07-26,Partition,DD-1410-663,15783000.0,
613a137e-253d-43aa-828a-ab8103317527,ba3ce0bb-a58a-432d-8f53-c9ea09c75847,Mahesh Babu,9933-4781-9249,9988581582,2004-07-26,2013-11-18,Inheritance,DD-4799-303,0,
e1f0f746-3380-4e28-94ac-b6d01d956a66,ba3ce0bb-a58a-432d-8f53-c9ea09c75847,Uma Shankar,2354-1069-7688,9488788775,2013-11-18,,Gift,DD-4147-798,18714000.0,
5213e059-9ebb-47f1-bc37-522fa9abf6a1,41196001-aa4f-4018-89cd-2ea4fff1a5da,Sonia Verma,8434-2637-9073,9629294829,1998-12-16,2013-10-06,Inheritance,DD-6552-927,0,
fa3a698a-a2ea-4920-aa6a-23060829ccd0,41196001-aa4f-4018-89cd-2ea4fff1a5da,Suresh Babu Reddy,6659-7730-9197,9585225270,2013-10-06,2015-11-10,Sale,DD-8961-816,15842000.0,
8ed981ef-7d6e-4d1b-83eb-3d65895e6abf,41196001-aa4f-4018-89cd-2ea4fff1a5da,Revathy Nair,7258-1078-6406,9200097076,2015-11-10,2018-11-03,Sale,DD-5971-175,14287000.0,
a27768c5-db71-4652-b6b3-eefec26f4e13,41196001-aa4f-4018-89cd-2ea4fff1a5da,Uma Shankar,6255-4421-4916,9581270450,2018-11-03,,Partition,DD-5151-653,16768000.0,
499da8c6-354a-4ed9-8542-4a1776faf015,97c17d9a-57a7-4e45-8aa9-be7409fc11d3,Anil Kapoor,5325-6575-2905,9936962012,1992-06-14,2005-05-28,Partition,DD-8392-441,23602000.0,
44d26d76-eca4-4a56-9977-18dc7d0feddf,97c17d9a-57a7-4e45-8aa9-be7409fc11d3,Rani Mukherjee,1707-5972-8189,9878851291,2005-05-28,2006-02-28,Sale,DD-5951-655,22714000.0,
d289555d-371d-434d-b489-a45cbc2f4b99,97c17d9a-57a7-4e45-8aa9-be7409fc11d3,Lakshmi Venkatesh,6643-7340-1320,9466044145,2006-02-28,,Inheritance,DD-2918-654,0,
da56ddcc-ca90-436b-9d4c-b743117817ab,9eddfab2-9318-41c6-90a6-aa9e1e671492,Balu Mahendra,4442-5850-9305,9462767277,1990-12-09,2006-06-25,Court Decree,DD-8469-255,24606000.0,
19bc450b-ad12-468b-9ee7-575dafad01d2,9eddfab2-9318-41c6-90a6-aa9e1e671492,Ramesh Kumar Sharma,9314-5224-7229,9667391729,2006-06-25,2008-04-29,Gift,DD-1405-876,22915000.0,
ddd0515a-7404-4cde-8745-ae3dff0d9de0,9eddfab2-9318-41c6-90a6-aa9e1e671492,Sridevi Kapoor,3981-7680-2108,9334595264,2008-04-29,,Gift,DD-7829-111,27203000.0,
7a415aac-2144-4b3b-891a-b9d36185b420,8ea39690-2118-43d2-a2bd-9c48fc12bf35,Pooja Sharma,3018-3130-7872,9285103715,1997-02-23,2014-12-06,Sale,DD-1903-548,56283000.0,
a2fc5d22-bee9-40ab-a394-d57485d6e3ec,8ea39690-2118-43d2-a2bd-9c48fc12bf35,Rani Mukherjee,3751-5709-4304,9276054417,2014-12-06,,Inheritance,DD-1532-516,0,
0c013091-97e6-4c0e-b5c6-8df44a8173d8,a5056db6-7873-46ba-8430-195e75af04b5,Naresh Kumar,2480-3237-9287,9468974778,1994-01-25,2003-05-01,Partition,DD-6293-897,38877000.0,
1056d948-ab40-4035-9f86-c239493a5b03,a5056db6-7873-46ba-8430-195e75af04b5,Anita Kumari Singh,1540-7267-5340,9372524696,2003-05-01,2016-12-23,Inheritance,DD-8903-832,0,
39df6ecc-c0ef-42aa-89d8-7e0760f0feb0,a5056db6-7873-46ba-8430-195e75af04b5,Dinesh Patil,5020-2747-2907,9721328532,2016-12-23,,Court Decree,DD-6510-394,41314000.0,
031285b7-77f1-422e-bb67-12fc6ba67409,47d71cc3-ab7c-4a29-9370-aa28d74659c6,Saritha Devi,3130-3765-3004,9367475998,1991-10-09,2004-04-04,Inheritance,DD-1688-334,0,
3186da9c-7b11-45a2-a521-b46f373f1395,47d71cc3-ab7c-4a29-9370-aa28d74659c6,Lakshmi Venkatesh,6341-7574-7794,9324248317,2004-04-04,2012-11-27,Sale,DD-8873-135,32550000.0,
8c89777a-acaf-4a4c-9013-6ffc2fb90e7a,47d71cc3-ab7c-4a29-9370-aa28d74659c6,Jyoti Prasad,9593-8930-3612,9657695689,2012-11-27,2023-07-17,Court Decree,DD-3158-652,38228000.0,
8ef7b585-9461-47e8-88a3-e05a03dacbfe,47d71cc3-ab7c-4a29-9370-aa28d74659c6,Mohammad Arif Khan,5122-3580-6074,9709223875,2023-07-17,,Partition,DD-4325-946,44690000.0,
2a6bfc7b-5b89-40b2-a1d8-5ab5a1c142f1,eb37270f-639f-44c6-af1b-8c75392a53bc,Ganesh Patel,1059-2347-9013,9487462220,1987-07-13,1996-10-05,Inheritance,DD-3608-848,0,
1652a564-8ece-49ad-8ee6-9ce10b3b2356,eb37270f-639f-44c6-af1b-8c75392a53bc,Rajesh Gupta,9680-9163-3252,9807111088,1996-10-05,,Gift,DD-7005-378,3086000.0,
7e2d8a9f-7155-4568-a4cb-7e2b97d949ca,188c8121-1ed6-49ca-9a8f-4dae12cedf47,Jyoti Prasad,7102-9317-9084,9252212272,1999-08-07,2000-03-22,Inheritance,DD-4304-113,0,
92b6b3d3-3b2c-40b3-a4cc-28a540bf3e51,188c8121-1ed6-49ca-9a8f-4dae12cedf47,Rani Mukherjee,1171-7983-1802,9954291507,2000-03-22,2007-02-27,Inheritance,DD-4541-507,0,
9edb8fc2-f68a-4a5e-b5c0-a9830e3bc08a,188c8121-1ed6-49ca-9a8f-4dae12cedf47,Sonia Verma,3515-4753-3204,9530931168,2007-02-27,,Sale,DD-5253-443,9047000.0,
a6efe6e0-1e75-45a8-908f-0ed89cb54af4,6d1313ed-ec8d-4e65-a888-8489d2bffbc6,Santosh Kumar,8372-1061-5401,9717776407,1997-03-19,2012-11-22,Gift,DD-3069-343,549000.0,
35ee0a01-2a28-4c15-872a-905662f197c6,6d1313ed-ec8d-4e65-a888-8489d2bffbc6,Dinesh Patil,9282-3646-2689,9469013930,2012-11-22,2018-03-26,Inheritance,DD-8808-699,0,
8dd806ec-f045-4ff7-87c8-2c835d5041a6,6d1313ed-ec8d-4e65-a888-8489d2bffbc6,Mohammad Arif Khan,8034-4457-8268,9189423283,2018-03-26,2020-10-16,Court Decree,DD-7094-430,645000.0,
09344c40-3d55-48ce-8bdb-ca80bf7b5ef4,6d1313ed-ec8d-4e65-a888-8489d2bffbc6,Prakash Raj,6476-8528-5959,9847314813,2020-10-16,,Gift,DD-3701-119,781000.0,
5525f25c-f515-490d-9caa-4b4548a18bd0,16a56a2f-89b9-4207-9898-8853ea99268a,Meena Devi,5867-4133-6008,9312120884,1998-05-22,2006-04-24,Partition,DD-8864-275,7368000.0,
9ff26d02-f502-41d6-9efa-4850a50481eb,16a56a2f-89b9-4207-9898-8853ea99268a,Sunil Shetty,9116-3699-7166,9488590565,2006-04-24,2009-04-15,Gift,DD-5985-737,8906000.0,
0ceb7602-217a-43ec-843c-45f656ccf286,16a56a2f-89b9-4207-9898-8853ea99268a,Ganesh Patel,6036-4650-9495,9826224187,2009-04-15,2017-08-29,Partition,DD-2807-445,10791000.0,
f7c80b19-9f31-4886-8365-afd1a5841472,16a56a2f-89b9-4207-9898-8853ea99268a,Anita Kumari Singh,4709-5427-9748,9795005253,2017-08-29,,Sale,DD-3567-728,13125000.0,
36dfd73d-3f16-4614-9cad-fbf07c9aead8,75df870d-d534-46ec-af5b-9fd967cb5075,Smita Patil,4783-1869-2384,9870766683,1997-01-16,2001-07-05,Inheritance,DD-1541-326,0,
7d241587-f8b4-48ab-afd5-8f10f618674e,75df870d-d534-46ec-af5b-9fd967cb5075,Santosh Kumar,8647-4960-2781,9863156035,2001-07-05,2010-07-03,Gift,DD-1960-202,3105000.0,
4d380c60-3a67-46c8-8651-fbcc87843b64,75df870d-d534-46ec-af5b-9fd967cb5075,Ajay Singh,6091-2078-5237,9627574783,2010-07-03,,Sale,DD-8538-288,3657000.0,
501922f1-e1a8-45ce-b96d-52ad8c312383,1be85df1-bbbf-4b33-8dec-f04657f74c23,Lakshmi Venkatesh,6782-5082-1325,9947873719,1992-04-16,1997-03-01,Partition,DD-8885-906,1609000.0,
3d89403c-8875-441d-8076-c90c5ad59659,1be85df1-bbbf-4b33-8dec-f04657f74c23,Rekha Nair,5934-8618-4871,9532378701,1997-03-01,2006-06-03,Inheritance,DD-3722-541,0,
920bee37-64b6-415b-b6fc-6dc9f78b6590,1be85df1-bbbf-4b33-8dec-f04657f74c23,Santosh Kumar,1260-1621-1910,9564204314,2006-06-03,2014-10-21,Gift,DD-1173-143,1831000.0,
0783c3f9-3d86-43c2-8add-20840b0c735c,1be85df1-bbbf-4b33-8dec-f04657f74c23,Nitin Gadkari,6107-5933-3386,9584912652,2014-10-21,,Gift,DD-8426-516,1606000.0,
07398f47-2f9f-4f75-b064-a2c540df58f2,5251ab2d-abfd-4a03-8871-eeb640012530,Harish Chandra,4001-6681-3859,9651242041,1988-09-14,2015-02-18,Partition,DD-1314-383,5543000.0,
dd8e6fb3-12aa-4669-8f73-4be25a510172,5251ab2d-abfd-4a03-8871-eeb640012530,Ravi Shankar,9371-2615-4626,9364433958,2015-02-18,,Partition,DD-4644-442,5724000.0,
da1e4c22-3599-4e17-b33c-1373bc5f2bda,cf33c813-572d-4be5-a16c-e9484dbe6d8a,Deepika Mehta,6351-2570-1464,9623420891,1994-06-11,2003-12-12,Partition,DD-1789-228,2477000.0,
27a50ea5-7ed4-452b-8bab-4fd9dc263760,cf33c813-572d-4be5-a16c-e9484dbe6d8a,Anil Kapoor,1887-5370-1857,9393542591,2003-12-12,2010-09-29,Sale,DD-6990-465,2427000.0,
6af17933-7755-4729-bddc-0ab91a89c46c,cf33c813-572d-4be5-a16c-e9484dbe6d8a,Balu Mahendra,5901-6585-7443,9428080120,2010-09-29,,Inheritance,DD-3495-763,0,
b52ca5cd-4f0a-406e-8af0-9990515f06e7,b3f95265-d091-4fb5-850a-bd93c3c05acb,Asha Bhosale,6864-9129-2986,9521263136,1987-08-01,2001-05-24,Partition,DD-2803-441,8560000.0,
74c6d30e-e53b-4e7d-a113-30b5b461a0d5,b3f95265-d091-4fb5-850a-bd93c3c05acb,Uma Shankar,3153-5549-7710,9364174171,2001-05-24,2021-01-16,Partition,DD-4778-277,10559000.0,
eae6cf54-6d55-4483-a4c9-d9f482048555,b3f95265-d091-4fb5-850a-bd93c3c05acb,Deepika Mehta,2219-9789-6974,9868926861,2021-01-16,2024-06-18,Sale,DD-8054-223,12122000.0,
d32fcd76-c0f1-41da-8bd6-b41a91bc357a,b3f95265-d091-4fb5-850a-bd93c3c05acb,Ramesh Kumar Sharma,8507-8140-2198,9435717032,2024-06-18,,Partition,DD-4890-423,10941000.0,
dc5a36f6-9514-4ebc-a3c7-13bcf1882230,43c9139a-b7eb-4b3f-8aac-ec6bf808f1b3,Nandini Reddy,9592-9205-2608,9677616179,1990-11-23,2008-08-27,Sale,DD-4547-714,478000.0,
9c9d030b-e147-4726-b260-f8a4f760a0c6,43c9139a-b7eb-4b3f-8aac-ec6bf808f1b3,Ajay Singh,2877-7322-4982,9695779172,2008-08-27,2012-03-04,Court Decree,DD-4393-139,460000.0,
323b893d-95e5-4808-ae69-5f8f1aa490c1,43c9139a-b7eb-4b3f-8aac-ec6bf808f1b3,Divya Menon,9776-6772-2451,9666336774,2012-03-04,2021-04-01,Court Decree,DD-2865-517,569000.0,
177efe75-a42c-42e8-a501-7aabe145f36f,43c9139a-b7eb-4b3f-8aac-ec6bf808f1b3,Pooja Sharma,1576-7255-6473,9529775619,2021-04-01,,Gift,DD-7888-710,494000.0,
fd45d4a0-f643-48cc-8927-a65f620ca00d,ea78537d-6b68-4b75-8e1b-79adb126ddbf,Ajay Singh,8265-9526-7082,9210853329,1996-11-13,1999-12-19,Sale,DD-9740-327,2392000.0,
b76815c6-11d1-4f09-b1ba-85861e0d78f9,ea78537d-6b68-4b75-8e1b-79adb126ddbf,Harish Chandra,7744-8560-2301,9379400832,1999-12-19,2002-03-30,Gift,DD-6679-390,2615000.0,
a16664b3-7b25-4f82-bcfa-fecf13a2e4e8,ea78537d-6b68-4b75-8e1b-79adb126ddbf,Ranjit Kumar,7208-9631-9439,9876549150,2002-03-30,2015-04-22,Partition,DD-8877-369,2813000.0,
aa98fc22-de41-471a-a95a-9fd7f5790f21,ea78537d-6b68-4b75-8e1b-79adb126ddbf,Vinod Khanna,6531-9051-2654,9190195475,2015-04-22,,Partition,DD-8363-481,2468000.0,
f35908ee-1187-463b-bc6e-46208d145eeb,04645512-5401-48fe-8480-d94ef96e9901,Balu Mahendra,4277-2628-7201,9631640780,1996-06-18,2000-02-13,Partition,DD-8898-913,1617000.0,
61569f31-66f7-4bd4-b8e7-7475afa9e8e6,04645512-5401-48fe-8480-d94ef96e9901,Rekha Nair,7810-2765-7081,9404052874,2000-02-13,,Court Decree,DD-8881-210,1757000.0,
54789dc7-ec5e-4ba8-b57c-ac748dd877b2,6f97565f-a5f4-4ab2-858f-a9ee82fca01b,Sridevi Kapoor,2595-7418-4515,9114162216,1999-07-23,2016-11-06,Court Decree,DD-9355-589,4188000.0,
762b3964-215a-4037-8f77-c175246b4ce3,6f97565f-a5f4-4ab2-858f-a9ee82fca01b,Sunil Shetty,4600-1973-1450,9132114179,2016-11-06,2019-07-02,Inheritance,DD-5621-354,0,
8880d4db-97cb-4373-8771-02aceb71deb8,6f97565f-a5f4-4ab2-858f-a9ee82fca01b,Rekha Nair,6033-4703-1290,9627978826,2019-07-02,2024-07-07,Court Decree,DD-2302-398,3934000.0,
73c9f845-4956-4bbb-af1f-70d2e0c29bff,6f97565f-a5f4-4ab2-858f-a9ee82fca01b,Jyoti Prasad,7762-6146-5447,9543790696,2024-07-07,,Gift,DD-2742-548,4904000.0,
6aef99f2-0c24-445e-bcae-9075c8d3df48,34901bd3-3f17-408a-a26a-3db572fe33d8,Mahesh Babu,9497-1712-5299,9209831955,1994-05-06,2007-10-20,Sale,DD-4022-468,1287000.0,
b58cf50e-138f-4593-82a8-5518893a0193,34901bd3-3f17-408a-a26a-3db572fe33d8,Ramesh Kumar Sharma,6518-2137-7763,9532231483,2007-10-20,2015-06-15,Court Decree,DD-3719-890,1538000.0,
ae3e935d-e937-42de-83a8-7ae01cb885fb,34901bd3-3f17-408a-a26a-3db572fe33d8,Geeta Mahesh Patel,3944-4563-3082,9623767642,2015-06-15,,Partition,DD-1711-826,1641000.0,
cd90563e-add9-4b02-920d-1492cfb7edfe,ac035406-0974-4589-8aca-dbbb174282b4,Prakash Raj,4845-8569-2258,9422340967,1994-05-23,2007-04-23,Partition,DD-4135-841,519000.0,
27aa675e-924c-4280-b67b-315c8b4c9df3,ac035406-0974-4589-8aca-dbbb174282b4,Geeta Mahesh Patel,9732-1517-3498,9508300030,2007-04-23,2023-05-04,Gift,DD-1680-331,637000.0,
72a716d3-56fd-4882-bf57-1936d5e54cdf,ac035406-0974-4589-8aca-dbbb174282b4,Sonia Verma,5072-7697-1104,9511495212,2023-05-04,,Partition,DD-2995-369,742000.0,
811e49dd-be57-4227-8ff1-7e30219932a4,62fbf4a8-1317-4ec7-828b-cbed2a193f33,Rajesh Gupta,2527-4244-2142,9653695027,1995-12-18,2021-03-06,Inheritance,DD-5289-180,0,
a21837cd-dabf-407d-9b12-5c492274558d,62fbf4a8-1317-4ec7-828b-cbed2a193f33,Vinod Khanna,2696-6112-1159,9467011417,2021-03-06,,Sale,DD-2816-978,46677000.0,
9e269c82-e3d8-412d-b32b-ad66f1477180,14195c22-25e6-4a0f-92d8-4cb15554b898,Deepika Mehta,3498-8499-6375,9810164638,1999-02-07,2005-02-06,Gift,DD-7385-378,2743000.0,
6a637851-9a6d-485e-97f9-4662814cb6f4,14195c22-25e6-4a0f-92d8-4cb15554b898,Saritha Devi,5386-1447-4645,9330633903,2005-02-06,,Partition,DD-5403-909,2392000.0,
49aa36cd-fa0a-4907-9ee6-a7e6690fde14,f1419c2e-aae8-42a6-b7ba-9e68959d49c5,Revathy Nair,1745-6696-9010,9525821789,1996-06-01,2014-01-05,Partition,DD-6744-339,5677000.0,
a8f207b6-9a66-4934-80c9-a2b20515b65c,f1419c2e-aae8-42a6-b7ba-9e68959d49c5,Suresh Babu Reddy,2330-1438-9746,9746994629,2014-01-05,2023-08-06,Inheritance,DD-2435-801,0,
1aaf24b3-2a3d-497b-b80a-ec14820983e9,f1419c2e-aae8-42a6-b7ba-9e68959d49c5,Vijay Prakash Rao,3715-6277-4700,9525378726,2023-08-06,,Partition,DD-6444-402,5750000.0,
9d0d197d-502d-496a-b612-4027d9d24412,ad1662ad-349c-459e-959a-e6f79ac93849,Kavitha Rao,8872-6131-6078,9739432939,1990-04-28,2004-09-03,Sale,DD-2176-555,1010000.0,
9e1ea307-b1c0-4492-bb2f-b1cad3884af4,ad1662ad-349c-459e-959a-e6f79ac93849,Suresh Babu Reddy,8276-9647-2691,9218807456,2004-09-03,2007-10-31,Inheritance,DD-4309-935,0,
41208594-6f2f-46d3-a76f-2fa9d0a76457,ad1662ad-349c-459e-959a-e6f79ac93849,Ranjit Kumar,1853-1598-5555,9761518815,2007-10-31,,Sale,DD-8247-209,1090000.0,
a68ff4bf-19ba-444f-aa83-e401f1345b0a,e78b7b65-eca9-4bfd-ab6b-089afa470c57,Anita Kumari Singh,6097-3950-7303,9772707557,1986-12-31,2002-05-31,Inheritance,DD-1020-997,0,
98c24bad-0e45-4dcf-9f5e-e7c83728ddd2,e78b7b65-eca9-4bfd-ab6b-089afa470c57,Ganesh Patel,2829-8825-8477,9352713768,2002-05-31,2015-07-31,Partition,DD-6701-319,8095000.0,
189f5762-d09a-4e21-9c1c-53aa6d2c14f3,e78b7b65-eca9-4bfd-ab6b-089afa470c57,Naresh Kumar,8005-3535-5473,9643921929,2015-07-31,2021-12-19,Sale,DD-8445-321,9994000.0,
d03918af-ad38-43ec-a261-55cae02f8773,e78b7b65-eca9-4bfd-ab6b-089afa470c57,Vinod Khanna,6717-9618-7162,9453872542,2021-12-19,,Partition,DD-3494-300,11664000.0,
a3a54d31-620c-4538-8f1c-f951c943df05,bc95486e-a0eb-4d95-932d-595007d4cd8b,Ganesh Patel,2989-7366-3232,9463999747,1996-10-18,2000-09-28,Gift,DD-8577-722,29747000.0,
3b7708cb-633e-43ff-8431-05e953a47912,bc95486e-a0eb-4d95-932d-595007d4cd8b,Vinod Khanna,4079-7078-5308,9522136137,2000-09-28,2013-07-28,Sale,DD-7442-814,34940000.0,
567a645b-0f72-41f5-9ee5-1d9609420da8,bc95486e-a0eb-4d95-932d-595007d4cd8b,Rani Mukherjee,8337-1255-2665,9417796049,2013-07-28,,Gift,DD-7564-313,41154000.0,
907aaded-e18d-4b3c-b508-b97ba86f5a73,27418626-b34b-4213-88a3-87158e3ba2ad,Lakshmi Venkatesh,2820-1907-2362,9978295327,1987-02-13,1998-04-06,Partition,DD-1878-107,2447000.0,
971a9420-c88f-45f9-9e47-47abca31b28b,27418626-b34b-4213-88a3-87158e3ba2ad,Rohit Sharma,8531-4154-5225,9945873732,1998-04-06,2008-06-28,Gift,DD-7948-175,2486000.0,
44db73ef-1444-426c-aac4-8ec4063484ac,27418626-b34b-4213-88a3-87158e3ba2ad,Lakshmi Venkatesh,4784-1019-1768,9822183660,2008-06-28,2021-06-30,Gift,DD-9425-183,2252000.0,
cc01753c-5673-4830-94e2-94a28a6e586c,27418626-b34b-4213-88a3-87158e3ba2ad,Sunita Verma,9697-5963-7151,9993576614,2021-06-30,,Court Decree,DD-9388-243,2504000.0,
9a8e68be-fe7b-4484-ad4e-13b2a7efb1d0,f323780d-2f1e-49c3-834f-f02d5dcd13b5,Sunil Shetty,9961-3231-3288,9122539199,1993-08-17,1999-11-29,Court Decree,DD-3269-229,13940000.0,
5a52837e-dd33-40da-aeac-530e58f24f84,f323780d-2f1e-49c3-834f-f02d5dcd13b5,Saritha Devi,7514-5709-2991,9616139379,1999-11-29,2000-09-28,Partition,DD-4495-868,12304000.0,
3d5f1b71-d8b9-4089-a8d2-0aee0f667025,f323780d-2f1e-49c3-834f-f02d5dcd13b5,Ganesh Patel,4659-1476-3548,9303563518,2000-09-28,2019-01-26,Partition,DD-2034-753,13557000.0,
48717b46-ddd3-49ca-8b90-020f3485959e,f323780d-2f1e-49c3-834f-f02d5dcd13b5,Uma Shankar,8149-4911-7939,9644111095,2019-01-26,,Partition,DD-5289-882,12154000.0,
ddcbd672-cbc2-44e2-b4dd-7e45e53feb21,4cd40343-437b-44f2-898a-bc952e380a37,Sonia Verma,6257-3710-4055,9436104080,1994-05-31,2011-07-01,Court Decree,DD-4938-572,7726000.0,
0d818ae2-ce04-4f62-ad66-137dd188eb42,4cd40343-437b-44f2-898a-bc952e380a37,Meena Devi,5229-5936-9523,9398952395,2011-07-01,,Inheritance,DD-7790-879,0,
45a1f0d8-81a8-4336-beb7-98d4c32a9bbf,7d96b2b1-2027-45aa-8070-57203283ff0b,Sridevi Kapoor,3734-8888-9694,9614224840,2001-06-06,1996-11-08,Court Decree,DD-1914-889,22028000.0,
5e11b382-2594-4556-ace2-753a8547402c,7d96b2b1-2027-45aa-8070-57203283ff0b,Jyoti Prasad,2605-3489-1259,9865834857,1996-11-08,2004-02-10,Court Decree,DD-1854-275,26850000.0,
739aacbd-6bdc-40a3-b119-e89776d421fe,7d96b2b1-2027-45aa-8070-57203283ff0b,Geeta Mahesh Patel,7757-3925-7501,9524417704,2004-02-10,,Gift,DD-7392-341,27848000.0,
60d4f6c7-0e01-4e9d-b6b4-10a8b9b5fe18,a64780eb-0741-49af-bf19-3b3ba056f57c,Seema Malhotra,5414-2398-2204,9169138885,1987-06-03,2004-09-12,Inheritance,DD-5175-837,0,
3d9e807f-ef62-4194-bad2-0d9e1856f151,a64780eb-0741-49af-bf19-3b3ba056f57c,Prakash Raj,1194-4578-9645,9557088161,2004-09-12,,Partition,DD-4548-500,18021000.0,
bd4480b5-b9fa-4f2c-89d5-a7d1e29f6eff,6a4147e2-b611-4fb1-8655-7493a3e01b0f,Rekha Nair,2812-1644-8728,9833314026,1996-08-17,1999-02-11,Court Decree,DD-8640-328,43009000.0,
0d2db3e9-869d-411a-9bf6-d1572d5cda56,6a4147e2-b611-4fb1-8655-7493a3e01b0f,Uma Shankar,8231-4760-7992,9479183230,1999-02-11,2006-11-08,Court Decree,DD-9597-307,37989000.0,
660d048c-3ade-4c0f-86c7-80d36c462b5e,6a4147e2-b611-4fb1-8655-7493a3e01b0f,Ramesh Kumar Sharma,8732-3191-1107,9168776829,2006-11-08,2008-02-07,Gift,DD-9925-457,34560000.0,
c38af94a-912e-4d99-ba2b-07b71b354227,6a4147e2-b611-4fb1-8655-7493a3e01b0f,Sushma Swarup,3256-9925-8699,9372069319,2008-02-07,,Court Decree,DD-8359-965,29687000.0,
a31014a0-376b-427b-afca-13e784e2c31f,38981549-19fb-4a4e-90a3-d0f68b8ed4f5,Ramesh Kumar Sharma,4437-7854-1175,9585113126,1990-03-24,2009-02-10,Partition,DD-3833-312,2126000.0,
74a0a061-890b-4e1c-973a-3e8f631dae05,38981549-19fb-4a4e-90a3-d0f68b8ed4f5,Asha Bhosale,1627-3515-9666,9347941792,2009-02-10,2016-06-09,Inheritance,DD-3113-346,0,
26137d2f-69d9-4034-96ad-8314cc7deb43,38981549-19fb-4a4e-90a3-d0f68b8ed4f5,Santosh Kumar,5499-4235-8485,9455294756,2016-06-09,2020-03-26,Sale,DD-4119-785,2038000.0,
63a6944e-56f9-4bf2-9db9-b46346357fb3,38981549-19fb-4a4e-90a3-d0f68b8ed4f5,Jyoti Prasad,3319-1493-2832,9546185735,2020-03-26,,Inheritance,DD-2879-545,0,
50d22600-90a9-4ebb-8b71-c90acf69df28,5ae0bb52-91cd-442e-8188-e9ea9b44d216,Nitin Gadkari,2556-9024-7671,9421396378,1999-03-02,2020-08-28,Gift,DD-1450-202,943000.0,
9cd88272-30a0-4264-a0f1-deb0a95f0622,5ae0bb52-91cd-442e-8188-e9ea9b44d216,Revathy Nair,3784-9449-1058,9729586949,2020-08-28,2023-05-07,Inheritance,DD-7764-950,0,
96db304a-4f28-41e6-b311-936eeb9bed55,5ae0bb52-91cd-442e-8188-e9ea9b44d216,Geeta Mahesh Patel,6876-1099-6207,9978445775,2023-05-07,,Inheritance,DD-5845-198,0,
0b59104e-9711-4dec-a6de-bf63e168c0e4,a6df45e8-c9bb-4e37-89ba-ea797aaba1b4,Naresh Kumar,9141-7628-3856,9464924434,1995-03-05,2015-12-15,Gift,DD-1938-816,17057000.0,
dc629878-2a1a-4d0f-9ff8-6c3ba0b47465,a6df45e8-c9bb-4e37-89ba-ea797aaba1b4,Vijay Prakash Rao,2424-2897-6400,9933538799,2015-12-15,,Inheritance,DD-6965-147,0,
81b6e3fe-4a0c-43e0-b63f-a1f4497a8817,a38ac576-bbb7-4eec-886b-149bae6dc02e,Naresh Kumar,3150-3917-4607,9495111419,1990-04-17,2005-12-24,Partition,DD-2104-918,4266000.0,
6c5cbced-4298-46a4-aabf-0eaa32c0b01e,a38ac576-bbb7-4eec-886b-149bae6dc02e,Sonia Verma,3966-1740-6340,9890759554,2005-12-24,,Gift,DD-5833-776,4873000.0,
dd253148-0d50-42ed-a920-69525eaa6a71,76724c39-b872-46bc-9776-0c1b358ed190,Suresh Babu Reddy,2786-6711-3750,9294920726,1991-03-22,2006-01-09,Court Decree,DD-6843-643,9288000.0,
3ee45e9a-f1d8-4279-8f94-6cb702dae935,76724c39-b872-46bc-9776-0c1b358ed190,Sunil Shetty,7159-1995-1127,9651922501,2006-01-09,2016-09-10,Sale,DD-4360-306,9303000.0,
29d701b5-adf0-478c-88ae-dead6d5f2228,76724c39-b872-46bc-9776-0c1b358ed190,Ranjit Kumar,2152-3128-9316,9782491589,2016-09-10,,Inheritance,DD-5461-569,0,
d7d77c48-3c79-4335-8da8-095dd1eed987,a2d3fb97-9da1-41dc-9d52-c77d5c288fe2,Santosh Kumar,9410-6988-9390,9525807378,2000-04-08,1998-04-24,Partition,DD-9863-631,3078000.0,
8fac35c2-78df-494c-b3dd-6eb488d6d408,a2d3fb97-9da1-41dc-9d52-c77d5c288fe2,Meena Devi,4847-8658-7486,9848050795,1998-04-24,,Court Decree,DD-2718-659,3568000.0,
3fc73cf7-4c67-475d-8b5b-5003e355507b,3d7a9408-e0d0-4140-986d-e65cde8ad307,Sridevi Kapoor,6625-5666-4805,9419672499,1993-01-04,2019-03-01,Inheritance,DD-7980-238,0,
9c194b39-9d02-4101-9f31-bc8aef9920b2,3d7a9408-e0d0-4140-986d-e65cde8ad307,Ajay Singh,1507-5245-5087,9466019861,2019-03-01,2024-01-27,Partition,DD-6810-681,34940000.0,
84dfe5fd-37ae-4267-85f8-0e13f40121bf,3d7a9408-e0d0-4140-986d-e65cde8ad307,Sunil Shetty,6396-1887-8570,9972280972,2024-01-27,,Court Decree,DD-9444-314,42570000.0,
bdb56e49-ec9a-41c3-81e2-5ca73c5404d7,31197c03-db35-4ac2-a887-49e4c6f81370,Balu Mahendra,4167-6182-1418,9789254873,1992-06-19,2001-11-06,Partition,DD-7355-196,35815000.0,
5965a015-7e97-4de5-b1a5-ce7bed930f7d,31197c03-db35-4ac2-a887-49e4c6f81370,Sridevi Kapoor,3567-3434-4125,9311925772,2001-11-06,2006-06-28,Sale,DD-9059-620,38101000.0,
a90c66de-54d6-4720-97ed-090e9950a1a5,31197c03-db35-4ac2-a887-49e4c6f81370,Sunita Verma,7697-6571-3128,9695202613,2006-06-28,2018-10-07,Court Decree,DD-6268-389,32594000.0,
636d6b9c-8a72-4bc3-b41a-83693328dcc3,31197c03-db35-4ac2-a887-49e4c6f81370,Lakshmi Venkatesh,3264-7432-6161,9309988936,2018-10-07,,Gift,DD-1708-845,30147000.0,
b3aa6d27-2abe-4a01-8bd2-0eb4eb10ba78,b1443723-50bf-4ccd-a890-2bb1714e3777,Geeta Mahesh Patel,8704-5120-2206,9308908897,1992-12-09,2015-10-07,Sale,DD-3437-137,6928000.0,
7abd5c34-2b66-4cd8-b6c5-97c0c9754de5,b1443723-50bf-4ccd-a890-2bb1714e3777,Mahesh Babu,5490-8702-7416,9219353997,2015-10-07,2023-10-22,Partition,DD-6065-371,8485000.0,
ebd54853-b2f6-4796-af09-ea4bc117efeb,b1443723-50bf-4ccd-a890-2bb1714e3777,Jyoti Prasad,5084-2527-3416,9612828852,2023-10-22,,Inheritance,DD-2765-664,0,
c81fd012-28d2-4a33-9a5e-9e5d8c2143be,3a5088f0-16ac-4466-98dc-955016107dc9,Smita Patil,4477-6453-8023,9107104897,1992-01-08,2016-04-28,Gift,DD-6455-152,8450000.0,
89169946-d496-4ff6-8bd4-d266167ced7c,3a5088f0-16ac-4466-98dc-955016107dc9,Sonia Verma,6105-4545-4802,9793815464,2016-04-28,2023-11-07,Partition,DD-9166-598,9779000.0,
32ce33d7-9997-42f5-9250-95b3b89fdd6a,3a5088f0-16ac-4466-98dc-955016107dc9,Sunita Verma,2011-5306-7734,9137973579,2023-11-07,,Inheritance,DD-8997-519,0,
f0add2ce-636f-48d8-b5d2-a110804b5161,b8e92ba6-49c0-4c96-8a5a-d66cca519aa7,Dinesh Patil,2766-3828-1633,9159932982,2000-06-02,2004-09-14,Partition,DD-1389-838,5026000.0,
0cd7a19c-9e86-47bd-a289-21777a425035,b8e92ba6-49c0-4c96-8a5a-d66cca519aa7,Naresh Kumar,1543-8489-8150,9743313754,2004-09-14,2012-09-06,Inheritance,DD-4420-358,0,
86181ec1-44f3-4f8a-a3d6-5885cae1ee88,b8e92ba6-49c0-4c96-8a5a-d66cca519aa7,Saritha Devi,2210-4172-4893,9910577570,2012-09-06,2013-04-26,Partition,DD-3680-217,5041000.0,
866e41b5-93f5-471f-a3cc-c99111c95dde,b8e92ba6-49c0-4c96-8a5a-d66cca519aa7,Sonia Verma,3581-7191-3403,9220769011,2013-04-26,,Inheritance,DD-2188-858,0,
86f93556-1b0d-4b8d-9f4e-8984f1e3c5ce,695f455d-673b-4e06-b057-a38d28eebe42,Sunita Verma,3469-3601-9495,9991844364,2000-06-16,2005-07-28,Inheritance,DD-2018-509,0,
62718c58-f163-4ecb-ad88-3af0534e729f,695f455d-673b-4e06-b057-a38d28eebe42,Jyoti Prasad,1868-5769-5238,9546630719,2005-07-28,,Sale,DD-2296-271,11961000.0,
0927fce1-bab3-4603-bd74-3aa9ed14169e,ff319b4b-92aa-4f75-8d25-393e6f5f373b,Revathy Nair,5466-7825-6211,9613840513,1996-03-31,2010-10-07,Court Decree,DD-5274-114,5727000.0,
aa94ed1e-bb7c-4107-a52c-fa08a6655668,ff319b4b-92aa-4f75-8d25-393e6f5f373b,Ranjit Kumar,2415-3331-9420,9637003157,2010-10-07,2024-01-18,Partition,DD-8506-894,6855000.0,
02c92d1b-478a-4e57-86d4-275ef70b26cd,ff319b4b-92aa-4f75-8d25-393e6f5f373b,Santosh Kumar,7535-9559-2004,9954231871,2024-01-18,,Court Decree,DD-8434-256,7323000.0,
0349fb5e-da71-446a-ac56-c792b99cbc6c,632d1c73-aba9-498c-9c11-078e0f414d90,Jyoti Prasad,7024-2050-3364,9600591432,2001-06-19,2014-11-30,Partition,DD-7193-412,42333000.0,
8ab71c0e-a699-43a5-a48a-09f13896aec4,632d1c73-aba9-498c-9c11-078e0f414d90,Arun Prakash,5300-3187-6914,9355789337,2014-11-30,2020-08-12,Court Decree,DD-9580-295,51182000.0,
2677d0d9-632e-4a2c-a3fc-32c14ef569fd,632d1c73-aba9-498c-9c11-078e0f414d90,Priya Devi Nair,2388-2402-5287,9697177049,2020-08-12,2023-02-16,Gift,DD-5424-185,60670000.0,
14b3e29e-bac8-422c-bc1f-8e4522e6db6e,632d1c73-aba9-498c-9c11-078e0f414d90,Revathy Nair,2941-8721-1019,9843178786,2023-02-16,,Sale,DD-9557-550,51637000.0,
99fcd3a8-9136-4f18-9f90-86c23120222b,5c87379e-948e-4831-bb87-54e3f32ef8ed,Jyoti Prasad,1008-1839-8683,9154756834,1990-04-20,2005-09-05,Gift,DD-2103-193,24834000.0,
9089bf87-7d15-4bd0-acb1-801e3b07ab20,5c87379e-948e-4831-bb87-54e3f32ef8ed,Priya Devi Nair,3893-1193-7098,9151609659,2005-09-05,,Sale,DD-9132-668,28429000.0,
5b64449f-7ff6-4e28-a2c1-7475e6e63bcc,5a961304-aaf4-4ce0-8af0-276994b53cdb,Mohan Das,8394-6066-5168,9992726733,1995-08-05,1997-04-24,Court Decree,DD-7918-429,21318000.0,
2dbc7816-e88e-4b23-b66b-3ffd2873c840,5a961304-aaf4-4ce0-8af0-276994b53cdb,Sridevi Kapoor,5225-3715-1920,9402022804,1997-04-24,1999-01-29,Inheritance,DD-6677-254,0,
769a465b-fcaa-4086-b50f-edd7fbc723c7,5a961304-aaf4-4ce0-8af0-276994b53cdb,Saritha Devi,4460-8222-5779,9142251065,1999-01-29,2010-07-13,Sale,DD-7626-391,19084000.0,
5695ff75-b0f3-4a47-a967-4ab0063c1a11,5a961304-aaf4-4ce0-8af0-276994b53cdb,Girish Kumar,4764-8276-7942,9954936171,2010-07-13,,Gift,DD-2522-292,18041000.0,
2c5ef9a5-9f6e-43bd-b75a-cad6b54908e0,186b7bc0-f8e6-4633-a005-6da8d787fbf2,Dinesh Patil,9246-7566-3800,9404128204,1995-05-09,2005-10-29,Sale,DD-9446-159,13338000.0,
32efd155-df25-464b-961f-2d5a7db8a610,186b7bc0-f8e6-4633-a005-6da8d787fbf2,Dinesh Patil,1439-8155-4425,9296126839,2005-10-29,2020-12-14,Sale,DD-6824-554,12700000.0,
eadfb47c-4b7e-4ee4-816f-51e9d139c97d,186b7bc0-f8e6-4633-a005-6da8d787fbf2,Santosh Kumar,8231-2790-2592,9225155349,2020-12-14,,Gift,DD-7125-883,12032000.0,
61169f19-a446-4af5-9c0f-a47d326970cb,c0e956f8-7111-483f-82c5-9e6a580037a3,Rani Mukherjee,1136-1653-3559,9258695504,1995-10-06,2001-05-18,Inheritance,DD-5505-809,0,
5269e710-5b4f-4b2c-8919-ced81fb6e953,c0e956f8-7111-483f-82c5-9e6a580037a3,Anil Kapoor,3199-1141-6487,9456355866,2001-05-18,2020-06-05,Partition,DD-5336-258,11832000.0,
d7863b2e-0dd5-4137-bd29-8720f9648ad2,c0e956f8-7111-483f-82c5-9e6a580037a3,Jyoti Prasad,9471-8934-9979,9209494421,2020-06-05,2023-05-08,Gift,DD-9956-946,10833000.0,
631e0f06-7f49-4ac3-9fc0-cac2badced4b,c0e956f8-7111-483f-82c5-9e6a580037a3,Sushma Swarup,8708-5184-9844,9400691579,2023-05-08,,Court Decree,DD-3308-165,12908000.0,
3287d0c7-d0fd-4a23-89c0-0dc0050af3d4,64026ea0-1a40-4d32-af3f-291bc55421b3,Prakash Raj,9876-9597-8553,9605342768,2000-03-15,2004-11-04,Partition,DD-9248-630,25951000.0,
2b541d0e-f637-4efa-8831-05b5666fcbc9,64026ea0-1a40-4d32-af3f-291bc55421b3,Meena Devi,8404-5831-2134,9352973742,2004-11-04,2022-10-14,Gift,DD-5803-385,25478000.0,
eb35ce9d-d958-4ae8-986d-cdda6829b7ac,64026ea0-1a40-4d32-af3f-291bc55421b3,Deepika Mehta,4490-7814-1053,9842230283,2022-10-14,,Gift,DD-1069-218,31013000.0,
b4b820c9-e0b2-40f9-bfc9-2922e4216097,8e08fbc2-5c21-4f57-ae34-53b1be6e12db,Ravi Shankar,2017-8624-1462,9805696273,1986-12-27,2012-07-10,Partition,DD-3229-822,9081000.0,
157e86b2-cc54-4b20-8a8d-e95ed90e9ac2,8e08fbc2-5c21-4f57-ae34-53b1be6e12db,Priya Devi Nair,6178-4802-2673,9506698367,2012-07-10,2018-12-19,Partition,DD-6493-728,8635000.0,
d247d56d-1fd3-4346-b338-dcd1757dae99,8e08fbc2-5c21-4f57-ae34-53b1be6e12db,Uma Shankar,5907-4953-5064,9156755345,2018-12-19,,Sale,DD-3151-823,7791000.0,
e6c274ff-4002-42f1-b8ce-e8799d07b976,3ebb6deb-6b98-4dea-bec9-b3d1c79fb396,Asha Bhosale,5895-6680-9366,9455761978,1997-11-12,2002-07-01,Court Decree,DD-1778-504,1990000.0,
cca4aa0f-fb76-4656-99db-60c7f176e78c,3ebb6deb-6b98-4dea-bec9-b3d1c79fb396,Ranjit Kumar,6342-5857-2309,9661443848,2002-07-01,2003-11-30,Court Decree,DD-7575-485,1876000.0,
74979a8f-7c48-4707-b934-660484f65663,3ebb6deb-6b98-4dea-bec9-b3d1c79fb396,Balu Mahendra,9556-3883-6547,9249797536,2003-11-30,2019-11-02,Sale,DD-3707-743,2236000.0,
b8db6700-e2ec-4bee-b279-cb9006bab7fc,3ebb6deb-6b98-4dea-bec9-b3d1c79fb396,Rani Mukherjee,7246-8090-1679,9439408512,2019-11-02,,Sale,DD-3807-778,2369000.0,
64fd331b-2843-46a5-87ec-53b06d7d738e,4977c7d9-161d-4168-a76c-6db6933377aa,Rekha Nair,1274-4407-8087,9509777764,1999-11-10,2021-03-30,Inheritance,DD-4434-863,0,
1c8d42dd-09ff-4fa2-8e70-d62d8613a3cd,4977c7d9-161d-4168-a76c-6db6933377aa,Seema Malhotra,8873-9931-7376,9246226482,2021-03-30,,Court Decree,DD-8151-400,12985000.0,
dfa56fe6-cbdf-4379-be81-bc001d398cdc,a9b3b1e3-1a82-446b-a259-7f0c78c1d651,Ranjit Kumar,3842-4160-3114,9963524623,1996-08-22,2006-12-22,Gift,DD-7033-591,41751000.0,
a65a1550-75c0-4726-9f41-150b72f792bb,a9b3b1e3-1a82-446b-a259-7f0c78c1d651,Suresh Babu Reddy,1916-5172-6416,9328670000,2006-12-22,2024-05-19,Partition,DD-9187-759,47410000.0,
0503080b-c674-4755-9746-8a8012c123e5,a9b3b1e3-1a82-446b-a259-7f0c78c1d651,Divya Menon,4577-1997-3061,9933169036,2024-05-19,,Gift,DD-9695-465,53682000.0,
265b706a-c12f-4750-a18a-f89be7312944,0916e57e-1201-4718-96b5-55b6c8a9fa0e,Smita Patil,8809-9805-2132,9486208946,1989-03-18,2014-11-11,Partition,DD-1633-400,24485000.0,
6428b9ac-8fb3-4bcc-bec8-57be82ed9d85,0916e57e-1201-4718-96b5-55b6c8a9fa0e,Sushma Swarup,7549-8540-4814,9666552821,2014-11-11,2018-08-22,Court Decree,DD-7903-752,28494000.0,
9dc158fa-da90-4485-9294-e4cfc5e1592a,0916e57e-1201-4718-96b5-55b6c8a9fa0e,Naresh Kumar,5563-9436-5334,9901148728,2018-08-22,2022-02-22,Partition,DD-6624-489,31158000.0,
532eecac-04ff-4cb9-ab79-234b00c20d7f,0916e57e-1201-4718-96b5-55b6c8a9fa0e,Arun Prakash,3921-2155-3671,9404323640,2022-02-22,,Partition,DD-9183-864,29329000.0,
51a987a8-7240-4bfb-85f5-9050d5737184,1e178e0d-8b0b-4503-a7cc-2c820a70be63,Jyoti Prasad,9382-1474-2922,9359119541,1994-09-05,2005-01-19,Sale,DD-4692-980,5426000.0,
3a459622-2886-42fa-bb8d-94950a408bd4,1e178e0d-8b0b-4503-a7cc-2c820a70be63,Sridevi Kapoor,3355-9917-4667,9366020733,2005-01-19,,Court Decree,DD-9172-193,6494000.0,
cf1cd75f-d0a2-4284-b20b-088a6f2711b1,77b8287c-4f85-4f9f-91a6-988eab7757ac,Girish Kumar,7030-8580-5846,9479517511,1994-01-27,2004-06-14,Partition,DD-6993-722,3396000.0,
0930010b-0347-4e5b-be3f-64973d5a9635,77b8287c-4f85-4f9f-91a6-988eab7757ac,Jyoti Prasad,7076-7026-1416,9467867499,2004-06-14,,Partition,DD-6580-681,3353000.0,
c8d8ec1d-6671-42c0-bf28-ac7f6bc890ed,1560fb66-107d-412f-8344-ee9f7ff081a7,Mohammad Arif Khan,7461-6133-2577,9172049234,1991-02-06,2017-01-27,Court Decree,DD-9202-267,70761000.0,
5c39030d-f0be-485d-bce9-68becbeb56b6,1560fb66-107d-412f-8344-ee9f7ff081a7,Mahesh Babu,9051-5839-5847,9443242455,2017-01-27,2020-06-24,Court Decree,DD-4030-194,68620000.0,
63d96057-b1bf-4e48-9c83-0ef1833fb0c7,1560fb66-107d-412f-8344-ee9f7ff081a7,Harish Chandra,1661-3220-8759,9777182184,2020-06-24,,Inheritance,DD-1983-923,0,
a0e9a434-9147-4957-914a-621a8ae5a8e7,9a0c7622-f3d8-483d-a95f-f34aed3ce81c,Ganesh Patel,2450-1635-6926,9871408456,1992-06-03,2003-04-03,Sale,DD-5104-192,7242000.0,
0e4f5e6a-b717-4af5-81e1-08fdc502cce0,9a0c7622-f3d8-483d-a95f-f34aed3ce81c,Jyoti Prasad,6193-2001-1440,9403131401,2003-04-03,,Inheritance,DD-6793-589,0,
ee42efa5-6800-4458-a9a2-97f536a606ac,15e70c1b-2f83-4cc6-bf4f-5e57e3e9f70b,Prakash Raj,8004-9959-7815,9193613358,1987-01-28,1999-12-30,Court Decree,DD-8084-808,3887000.0,
c94d0158-5472-4515-a106-0d077ecd8d26,15e70c1b-2f83-4cc6-bf4f-5e57e3e9f70b,Sushma Swarup,3104-2900-2908,9261852955,1999-12-30,2004-03-21,Inheritance,DD-9086-344,0,
3e9fd66a-3c35-4ccc-a7f8-ab4eeb9f2443,15e70c1b-2f83-4cc6-bf4f-5e57e3e9f70b,Revathy Nair,4339-9232-2369,9340290885,2004-03-21,2009-03-10,Sale,DD-3710-734,3438000.0,
d9171acf-017b-4b63-8e13-88bdcbb651a1,15e70c1b-2f83-4cc6-bf4f-5e57e3e9f70b,Naresh Kumar,1563-3666-9612,9746759646,2009-03-10,,Sale,DD-2511-396,3737000.0,
c79b11a0-66a4-4642-8ef8-69dae6956f68,2d2b1d3b-1f0e-4212-a543-4bceec1fc93f,Uma Shankar,7532-9012-1882,9422544326,1993-02-18,1999-10-31,Inheritance,DD-8062-983,0,
36b29a8f-933b-4074-a7ad-14c211569d29,2d2b1d3b-1f0e-4212-a543-4bceec1fc93f,Nitin Gadkari,4566-9976-2511,9763981171,1999-10-31,2004-05-29,Sale,DD-8934-187,24959000.0,
b0fd93b4-4921-49b4-ade1-bfd6908fd097,2d2b1d3b-1f0e-4212-a543-4bceec1fc93f,Sushma Swarup,1585-6260-1494,9220274666,2004-05-29,,Sale,DD-9293-912,28830000.0,
a9de2cfa-9cff-4032-b27e-38051e2c3981,c5486c91-2db9-4bff-9fb1-3c548d706164,Sunita Verma,9150-9254-2258,9199666865,1996-11-16,2024-07-28,Partition,DD-4423-220,21092000.0,
7a33d0aa-7d2e-415e-801b-57eb4c4eec50,c5486c91-2db9-4bff-9fb1-3c548d706164,Seema Malhotra,1507-4079-7211,9928376932,2024-07-28,,Sale,DD-6168-889,25427000.0,
99f56192-f5c2-4eaa-bc38-d4f391cea66c,c82d3d37-9bcd-4993-ac5c-39c11d556876,Smita Patil,4242-5090-3991,9332145821,1987-06-08,1997-02-24,Sale,DD-5494-771,5578000.0,
0bdca4ee-cf10-4c25-b64f-6f5c2ea65985,c82d3d37-9bcd-4993-ac5c-39c11d556876,Ajay Singh,6531-9757-9043,9414770196,1997-02-24,,Gift,DD-4530-964,4810000.0,
be78b02b-c264-4b2c-a808-f2c4fad30cc6,626035be-6c38-49ce-8640-255b39683358,Harish Chandra,6092-9509-3704,9935677684,1996-10-19,2017-08-29,Sale,DD-7894-900,15086000.0,
afa964ab-5cc2-4d07-92f6-ea1e3692d3ef,626035be-6c38-49ce-8640-255b39683358,Rani Mukherjee,4378-9975-9012,9309865050,2017-08-29,,Inheritance,DD-8018-607,0,
3ce76690-5408-4119-8ea9-89881c04ed80,805a9ebe-60e0-46bf-8ae0-ca3c7e57f269,Ajay Singh,1611-2996-5262,9484775654,1988-12-22,2015-11-07,Gift,DD-3763-688,543000.0,
5ee9c347-0b80-4c9c-b157-afe4129a180d,805a9ebe-60e0-46bf-8ae0-ca3c7e57f269,Geeta Mahesh Patel,5413-5146-2302,9497146454,2015-11-07,,Court Decree,DD-5946-104,573000.0,
c0228c85-b99a-412d-b324-91f9c76ab8cd,e986d7c3-2498-47a8-a7a5-2aedbe77bd1a,Ravi Shankar,7222-9299-5185,9936281472,1994-06-05,1998-10-24,Gift,DD-3874-859,3592000.0,
7688247e-66e3-4bd1-abec-35b2e193971b,e986d7c3-2498-47a8-a7a5-2aedbe77bd1a,Lakshmi Venkatesh,5373-1447-4250,9411457930,1998-10-24,2012-07-06,Inheritance,DD-9189-562,0,
33f97c38-ec1e-474d-a3fc-d0ba755fe809,e986d7c3-2498-47a8-a7a5-2aedbe77bd1a,Jyoti Prasad,6802-7721-7946,9130775818,2012-07-06,,Gift,DD-6157-387,4478000.0,
90d150c8-3bfd-4847-8c64-01c7b04e3944,6af70fab-2cf7-4eca-8d54-b9bb55ec7db2,Seema Malhotra,1351-4173-5237,9131542946,1993-11-14,1998-03-20,Sale,DD-6322-957,5090000.0,
768c49d7-928a-4f8c-80f9-4d88b5c22050,6af70fab-2cf7-4eca-8d54-b9bb55ec7db2,Mahesh Babu,1543-9906-2859,9174768068,1998-03-20,2012-10-05,Court Decree,DD-2393-516,5717000.0,
355abe9e-5367-4d32-8452-84612696567b,6af70fab-2cf7-4eca-8d54-b9bb55ec7db2,Revathy Nair,5253-1315-4941,9395380501,2012-10-05,2014-02-14,Inheritance,DD-7747-922,0,
4e1ebdbd-4885-477e-8e3e-3aa7c880f62c,6af70fab-2cf7-4eca-8d54-b9bb55ec7db2,Mohan Das,8763-8592-1555,9116745784,2014-02-14,,Court Decree,DD-5126-675,5481000.0,
b716dc3f-d2e1-4732-b0dd-76224abcfa81,11d1657b-b94a-43c8-8ad9-8d5d4e814269,Ramesh Kumar Sharma,2839-7797-2095,9796172300,1991-12-15,1998-02-28,Gift,DD-3761-612,705000.0,
d5a54d7c-a78c-4e46-b117-0fe3030a08cd,11d1657b-b94a-43c8-8ad9-8d5d4e814269,Rohit Sharma,5662-6225-4016,9351507806,1998-02-28,2021-12-30,Partition,DD-4353-377,686000.0,
dffaef7c-dc64-4dbf-ad8f-c7435ad7828e,11d1657b-b94a-43c8-8ad9-8d5d4e814269,Harish Chandra,4734-3659-7923,9399034832,2021-12-30,,Gift,DD-2925-935,695000.0,
816bc0ea-6fea-4666-b504-eba2ada6c809,89a0e3e0-72e6-4e94-a7f2-794d47399c27,Uma Shankar,5017-6134-6744,9930934870,1994-08-23,1999-06-19,Gift,DD-3846-740,5195000.0,
ee0921ac-246c-4420-a0d2-381a8be40da6,89a0e3e0-72e6-4e94-a7f2-794d47399c27,Uma Shankar,4494-8919-3768,9824242014,1999-06-19,2007-04-28,Inheritance,DD-9877-306,0,
0f84c5ae-754c-4fa3-b682-e274c7b220f1,89a0e3e0-72e6-4e94-a7f2-794d47399c27,Ajay Singh,9059-3042-4409,9151837905,2007-04-28,2012-01-07,Court Decree,DD-8731-830,5162000.0,
b81bb809-4814-4c68-af4c-7f519c41fe42,89a0e3e0-72e6-4e94-a7f2-794d47399c27,Sridevi Kapoor,5487-8476-8739,9202924922,2012-01-07,,Inheritance,DD-7792-433,0,
b3016f59-256e-4ac9-80fa-bcdf1d1d174e,ef541f49-c17a-4a27-8473-c596f906fcd2,Ravi Shankar,1988-8495-6951,9959255898,1995-05-04,2005-06-17,Sale,DD-2688-696,5282000.0,
94139e1c-b641-495d-92fc-9e4bf061a7a8,ef541f49-c17a-4a27-8473-c596f906fcd2,Anil Kapoor,4487-9457-9955,9799580120,2005-06-17,2015-01-31,Gift,DD-3825-849,6111000.0,
475f6af4-ddba-490d-86f9-0b54d94fc9b4,ef541f49-c17a-4a27-8473-c596f906fcd2,Saritha Devi,8911-5790-9119,9592301175,2015-01-31,,Gift,DD-4026-346,6409000.0,
bee06af3-cec6-40eb-bd2b-01d326395f06,45d504e3-f5e6-465d-8c46-0e8adf01b36c,Harish Chandra,9999-4522-6914,9593249310,1991-08-17,2013-07-06,Court Decree,DD-8051-469,2491000.0,
26dfd3f2-ba67-4ff3-90b7-9e86c6e297dd,45d504e3-f5e6-465d-8c46-0e8adf01b36c,Lalitha Kumari,9677-3188-2776,9925209202,2013-07-06,2017-06-06,Sale,DD-7715-414,2518000.0,
a319eb00-decf-4ad8-a345-69a1be66a812,45d504e3-f5e6-465d-8c46-0e8adf01b36c,Mohan Das,8739-1157-1346,9579981898,2017-06-06,2022-07-07,Sale,DD-1227-293,2828000.0,
bd383b50-056c-457b-8364-e6729d97ad89,45d504e3-f5e6-465d-8c46-0e8adf01b36c,Anita Kumari Singh,9646-9390-7830,9866216026,2022-07-07,,Sale,DD-5029-599,2992000.0,
5a0ce54d-63da-4b73-a6e6-a3fa64bb9e06,865c7563-bb6d-497f-9e07-a0331d0af345,Dinesh Patil,7471-6188-8235,9243056423,1997-11-19,1999-08-27,Partition,DD-5692-789,887000.0,
9e20763d-a1f7-41cb-b21b-12d7d6c14d12,865c7563-bb6d-497f-9e07-a0331d0af345,Rajesh Gupta,2471-9353-3624,9639174216,1999-08-27,2021-11-09,Partition,DD-8715-504,882000.0,
2a5e04d9-7a75-437b-a748-6c808f987eda,865c7563-bb6d-497f-9e07-a0331d0af345,Divya Menon,6734-1057-1661,9308124438,2021-11-09,,Sale,DD-8319-700,845000.0,
e6332097-7364-4f33-98ee-4a7a59ef4abb,c0d5fa2d-f5ef-445b-8207-2e8942972d73,Ranjit Kumar,9436-6616-3402,9795028919,2000-06-03,2001-05-04,Sale,DD-7243-332,2182000.0,
dc9d5967-1e00-453c-a00d-ce00a3bce586,c0d5fa2d-f5ef-445b-8207-2e8942972d73,Ajay Singh,8841-7030-3001,9234372753,2001-05-04,2010-07-07,Inheritance,DD-5452-576,0,
136a3774-b003-4596-b01e-b63d9fb9c913,c0d5fa2d-f5ef-445b-8207-2e8942972d73,Jyoti Prasad,1405-2013-6868,9325422934,2010-07-07,,Gift,DD-4278-593,2518000.0,
de6711d1-9925-4c21-b751-47b660dbddb7,854fddfe-361c-40c9-83b6-8be3b0ed9bce,Saritha Devi,1871-1113-9900,9844024005,1990-05-16,2004-06-08,Inheritance,DD-8725-944,0,
f3050f00-d221-4975-b5f0-62bca811648a,854fddfe-361c-40c9-83b6-8be3b0ed9bce,Meena Devi,1557-4349-8303,9111962073,2004-06-08,,Court Decree,DD-6114-245,2377000.0,
f1c93154-1dbb-48ae-b54f-9c7d66e77d4c,e8d04e86-9d87-4d2f-bd53-9303ca43d001,Rani Mukherjee,1271-7326-5846,9496778833,1991-05-29,2001-02-02,Partition,DD-7897-685,4390000.0,
6dd8228a-fae9-43f3-94f0-75843389cea7,e8d04e86-9d87-4d2f-bd53-9303ca43d001,Revathy Nair,3360-2570-7023,9625561837,2001-02-02,2010-06-23,Gift,DD-6032-409,5010000.0,
5b42171a-16df-42a9-8898-b59f4e697d99,e8d04e86-9d87-4d2f-bd53-9303ca43d001,Rekha Nair,8128-5740-1493,9447042846,2010-06-23,2017-04-05,Court Decree,DD-4644-574,5502000.0,
ccedce22-cf7d-43dd-8959-359549c0ed21,e8d04e86-9d87-4d2f-bd53-9303ca43d001,Seema Malhotra,4247-8023-9558,9668352436,2017-04-05,,Inheritance,DD-3383-744,0,
ca61ae53-fba7-40a6-b513-4950e565c958,9605a2aa-3dad-4a77-85e2-cf32693e8715,Ajay Singh,8141-8117-9585,9534635966,1988-05-17,1999-12-11,Sale,DD-1489-230,677000.0,
792b15c7-8522-4814-9edb-3b2ce9eccbc2,9605a2aa-3dad-4a77-85e2-cf32693e8715,Naresh Kumar,9097-7841-8717,9200524037,1999-12-11,2003-12-12,Sale,DD-7607-761,699000.0,
05aaace6-00cd-441f-ab2d-befa1e3503d2,9605a2aa-3dad-4a77-85e2-cf32693e8715,Vinod Khanna,6871-2458-1015,9348153502,2003-12-12,,Gift,DD-9714-538,663000.0,
85411991-bedf-4c18-a8f8-c7266ed1c569,b28dd7d4-5b05-41f5-8ff8-f5cdbf074e18,Lalitha Kumari,7029-4250-2220,9604583657,1998-03-15,2003-05-18,Gift,DD-7795-470,2463000.0,
aa6a4b1c-176c-454c-8675-cb73c16cff89,b28dd7d4-5b05-41f5-8ff8-f5cdbf074e18,Anita Kumari Singh,3451-2491-1257,9811017432,2003-05-18,2022-11-15,Sale,DD-9413-602,2308000.0,
df293507-be08-4dbc-9fdb-da2c58c5049f,b28dd7d4-5b05-41f5-8ff8-f5cdbf074e18,Sridevi Kapoor,7161-4628-3748,9476801784,2022-11-15,,Inheritance,DD-8663-308,0,
ef72d132-94e8-479f-bd9b-e179f355efa5,d9ed80e8-4760-4695-947d-3c9735fbea99,Mohan Das,3527-7772-6071,9426639556,1995-04-17,1998-02-07,Sale,DD-8247-312,1532000.0,
5622102d-1bd0-4122-85a0-484f8da4b052,d9ed80e8-4760-4695-947d-3c9735fbea99,Pooja Sharma,6948-5577-2496,9620060242,1998-02-07,2004-05-17,Partition,DD-4239-780,1590000.0,
efd2dcea-c998-4176-95be-c7fc115fa93f,d9ed80e8-4760-4695-947d-3c9735fbea99,Lalitha Kumari,1380-4241-9120,9203860349,2004-05-17,2013-12-12,Partition,DD-1954-905,1871000.0,
0eec6cc6-edcf-4818-be1d-4e04006c6641,d9ed80e8-4760-4695-947d-3c9735fbea99,Lalitha Kumari,6992-2760-1237,9406622147,2013-12-12,,Partition,DD-5794-889,2120000.0,
64eda759-c397-4e30-90a4-1807f79e09b0,8b525d7e-1869-401a-9a43-fc39595cc769,Lakshmi Venkatesh,9661-9843-9232,9353821258,2001-08-21,2006-01-09,Court Decree,DD-5963-857,2924000.0,
db1a9cee-e40b-4a84-bfa6-19b574e38ad3,8b525d7e-1869-401a-9a43-fc39595cc769,Pooja Sharma,1711-7607-9324,9442428473,2006-01-09,2014-12-19,Partition,DD-5480-351,3439000.0,
c1212d6f-aad7-49cb-9170-9a3961af3c63,8b525d7e-1869-401a-9a43-fc39595cc769,Rekha Nair,6298-1946-3454,9357422785,2014-12-19,2017-07-11,Court Decree,DD-4511-615,2979000.0,
d576c9f9-00aa-4c2d-8fc3-240c6e2e587f,8b525d7e-1869-401a-9a43-fc39595cc769,Rohit Sharma,7388-5594-7443,9961371887,2017-07-11,,Sale,DD-9380-981,3212000.0,
5f4ecd0d-a2d9-4826-bc80-f03962769fd4,94bb62b7-7491-4723-948a-0b8743469885,Anita Kumari Singh,4472-8814-7592,9378697232,1997-09-29,1996-12-14,Partition,DD-1011-406,2701000.0,
40b66c77-6b6f-4292-b820-6454ebef76e7,94bb62b7-7491-4723-948a-0b8743469885,Rohit Sharma,3007-2342-7980,9187041582,1996-12-14,2007-12-10,Partition,DD-5525-570,2761000.0,
312b14ab-00bf-4708-8786-e642b38044c4,94bb62b7-7491-4723-948a-0b8743469885,Dinesh Patil,1725-4895-7636,9850279813,2007-12-10,2018-10-22,Inheritance,DD-3906-218,0,
64ee5bdd-3911-4629-b2c1-f9b5f836b932,94bb62b7-7491-4723-948a-0b8743469885,Ganesh Patel,9236-2149-1727,9145532188,2018-10-22,,Gift,DD-6753-664,3218000.0,
e47b19d1-ba45-4e40-b142-f09cd7d52799,017343f8-00b0-473e-a52d-185006aa8975,Rani Mukherjee,2517-7140-1897,9513140320,1999-08-15,1998-11-23,Gift,DD-6796-976,5896000.0,
c88024f4-c238-4814-9c4e-3446e84eb695,017343f8-00b0-473e-a52d-185006aa8975,Rohit Sharma,2899-4107-7572,9771595780,1998-11-23,,Sale,DD-5836-722,6352000.0,
b761c97e-3bc4-4f73-bb06-266e17413f7a,07d35b0b-077c-4613-80db-44a5c79481a1,Revathy Nair,2661-7923-2371,9265032227,1994-01-16,2000-06-22,Court Decree,DD-6990-117,3883000.0,
e8128f88-c623-458b-befe-a6de8ea7183d,07d35b0b-077c-4613-80db-44a5c79481a1,Mohammad Arif Khan,4190-5578-6783,9275227554,2000-06-22,2007-03-03,Court Decree,DD-4604-312,4563000.0,
78a3c85e-83ff-41ff-8ebe-4a94477c939c,07d35b0b-077c-4613-80db-44a5c79481a1,Meena Devi,1677-1854-4493,9613249108,2007-03-03,2016-02-27,Inheritance,DD-1689-676,0,
12c2dde4-36a1-49e4-a7f9-c8d7d9c56f9b,07d35b0b-077c-4613-80db-44a5c79481a1,Vinod Khanna,6714-7313-3531,9869172831,2016-02-27,,Sale,DD-8719-607,4541000.0,
2819a620-fa6d-4442-81b3-d4b3d30f4a55,da1c378e-827e-4791-b99a-e7a85a54a880,Lalitha Kumari,3158-4768-4631,9310095909,1988-09-01,1997-01-13,Sale,DD-9880-183,5709000.0,
00e2a956-3517-451c-978f-9bc7e7136355,da1c378e-827e-4791-b99a-e7a85a54a880,Mohan Das,9322-9115-3222,9163960242,1997-01-13,,Sale,DD-3983-432,5668000.0,
0506c198-eb1c-452c-a41b-9779a5ffac4e,cd1401a8-92b4-4fd4-b261-6ad1aabefd90,Sunil Shetty,3006-7634-5490,9933195802,1992-09-12,2000-03-20,Inheritance,DD-7917-106,0,
5752c518-d9dc-4623-9f54-74a1ed1fed83,cd1401a8-92b4-4fd4-b261-6ad1aabefd90,Smita Patil,1696-9865-2234,9842805924,2000-03-20,,Sale,DD-1218-359,1397000.0,
3f862622-beff-498d-9941-189f2cf072f4,ea2f9689-b314-460a-8bea-f370bfb7d162,Nitin Gadkari,1665-8980-5225,9252105822,1988-06-22,2009-03-17,Court Decree,DD-9951-953,14259000.0,
9a9936cb-c1a1-401b-8c3e-c89d09b80fbf,ea2f9689-b314-460a-8bea-f370bfb7d162,Lalitha Kumari,1263-5757-6883,9587801863,2009-03-17,2009-03-19,Court Decree,DD-5492-180,13860000.0,
2bd7d562-ab2c-420e-bf6f-26d0e77c203b,ea2f9689-b314-460a-8bea-f370bfb7d162,Sunita Verma,9743-5712-8440,9536192999,2009-03-19,2022-03-28,Partition,DD-8062-283,13534000.0,
55776714-b84f-4875-9e31-03c3df342802,ea2f9689-b314-460a-8bea-f370bfb7d162,Pooja Sharma,4198-1735-2568,9519560443,2022-03-28,,Partition,DD-2402-999,14755000.0,
bec4cc7b-54c3-4f76-90ff-7dbce5d3f872,33e2424a-4d18-4789-84d2-f4c4b7198f39,Sunil Shetty,3088-5424-7553,9688831034,1996-01-24,2020-01-09,Inheritance,DD-6053-711,0,
f3a1ac92-5f35-4749-9a59-e628bd37485c,33e2424a-4d18-4789-84d2-f4c4b7198f39,Geeta Mahesh Patel,7485-7055-7200,9269008375,2020-01-09,2023-02-14,Court Decree,DD-7767-594,3327000.0,
9ec060ad-a581-49cd-bab3-fb484951e850,33e2424a-4d18-4789-84d2-f4c4b7198f39,Suresh Babu Reddy,3590-2030-6962,9982465279,2023-02-14,,Partition,DD-9045-941,3738000.0,
a283cb7e-82d2-46a8-a07c-e344128a016a,28574a3e-12e8-444b-8cc3-33e6ad5ee15b,Lakshmi Venkatesh,4087-2950-9438,9392267264,1993-04-21,2004-04-16,Inheritance,DD-6414-303,0,
0ac7606d-366f-4de9-8f43-bf94aa5b32c1,28574a3e-12e8-444b-8cc3-33e6ad5ee15b,Girish Kumar,4767-5721-3447,9360060699,2004-04-16,,Gift,DD-7778-117,3082000.0,
674daacc-0f05-4e50-9011-f7baeca1df5b,bc75a0cb-19ab-4070-8e6e-65c1a7b73bdd,Santosh Kumar,5976-1739-3434,9203797404,1997-02-01,1997-03-27,Partition,DD-8892-705,41255000.0,
34fabd02-b8e6-494b-a35c-d96266939827,bc75a0cb-19ab-4070-8e6e-65c1a7b73bdd,Lakshmi Venkatesh,4555-9062-9471,9186769461,1997-03-27,2017-02-01,Sale,DD-7997-643,37497000.0,
e7a056cc-7615-4d4b-b432-0f1854e2ab21,bc75a0cb-19ab-4070-8e6e-65c1a7b73bdd,Suresh Babu Reddy,7272-3467-6091,9274617104,2017-02-01,2023-12-14,Court Decree,DD-2786-768,32105000.0,
b5ccf70e-de02-4c4c-86bf-8bd0358d7096,bc75a0cb-19ab-4070-8e6e-65c1a7b73bdd,Girish Kumar,8130-4556-6447,9488288546,2023-12-14,,Partition,DD-6632-574,33958000.0,
895b638e-2ec6-4b08-9d42-62c33ef1d62b,10863e60-6f4f-48e3-9c00-8654838ee3eb,Suresh Babu Reddy,5088-5124-6511,9492477728,1993-02-16,1996-12-12,Court Decree,DD-4056-666,14683000.0,
59ed1073-b597-45cf-9b43-6f9134ce559c,10863e60-6f4f-48e3-9c00-8654838ee3eb,Nandini Reddy,8728-3602-1116,9381315835,1996-12-12,2015-10-26,Inheritance,DD-9638-291,0,
4713d7dc-2bfa-4edd-93ff-a4757c84f529,10863e60-6f4f-48e3-9c00-8654838ee3eb,Sridevi Kapoor,1725-9720-3105,9680180973,2015-10-26,,Partition,DD-7499-584,15036000.0,
b3851818-9123-44a1-af90-d993fa285d0f,7eb7ac9b-a53f-4f0e-8125-1e77d183b118,Lakshmi Venkatesh,5209-5314-4602,9104072326,1988-01-26,2008-04-24,Sale,DD-8876-961,2446000.0,
bd86c276-b40f-4811-9b1a-95e2ddf84076,7eb7ac9b-a53f-4f0e-8125-1e77d183b118,Rajesh Gupta,5688-6824-3332,9734453695,2008-04-24,,Sale,DD-1249-924,2458000.0,
27e8c18a-dd10-405f-99a6-335790d29165,25552c1d-245d-4df5-9f1f-2e65b33dd633,Kavitha Rao,5824-5940-9131,9491160465,1992-06-27,2011-10-21,Sale,DD-4375-910,11417000.0,
b2a7c303-4366-44e4-a014-21ec10dd6ace,25552c1d-245d-4df5-9f1f-2e65b33dd633,Smita Patil,2127-9694-9576,9643945087,2011-10-21,,Court Decree,DD-6831-933,12223000.0,
bb336118-2300-4fe3-bad4-4287ede143ee,12033ce3-1e3d-47f5-b00c-2e0914d595e9,Sonia Verma,6267-5326-1671,9571342498,1987-06-21,1998-02-04,Inheritance,DD-4753-991,0,
d783f9df-014e-4509-9269-18e75e724a96,12033ce3-1e3d-47f5-b00c-2e0914d595e9,Geeta Mahesh Patel,6115-9607-4577,9956369026,1998-02-04,,Sale,DD-5748-561,22946000.0,
d98eeefb-e560-4ceb-9066-c56fc77f49bc,2e3d034b-2d1a-4ad8-a852-8088ba9b1da1,Harish Chandra,9248-7804-9801,9277202879,1990-12-12,2002-02-06,Inheritance,DD-2981-694,0,
49b5b7a4-bd3c-42ef-842d-c07a12cc8a9b,2e3d034b-2d1a-4ad8-a852-8088ba9b1da1,Ranjit Kumar,5283-4530-4374,9312129897,2002-02-06,2003-12-20,Partition,DD-5285-880,36076000.0,
d33ba369-6f05-4552-9fd7-fa14813c778e,2e3d034b-2d1a-4ad8-a852-8088ba9b1da1,Nitin Gadkari,8059-3721-1601,9531962380,2003-12-20,2014-07-15,Sale,DD-5904-839,41909000.0,
3dc7e8f0-d564-415a-aa67-f7ec9ff76a14,2e3d034b-2d1a-4ad8-a852-8088ba9b1da1,Rani Mukherjee,6772-4794-2548,9295102944,2014-07-15,,Partition,DD-7505-133,50499000.0,
094840ee-0982-4e14-a1d8-7a7961afade5,71ed6db9-52f3-4da3-b9bb-d9d5d50ec8d2,Kavitha Rao,7164-5135-9667,9201841703,1989-06-26,2007-01-28,Sale,DD-6028-672,4257000.0,
1b7d4508-ce53-41cd-bc85-d6fc69626e50,71ed6db9-52f3-4da3-b9bb-d9d5d50ec8d2,Pooja Sharma,6921-7099-5227,9279228893,2007-01-28,2014-09-24,Sale,DD-7730-844,4194000.0,
17e1604a-8df6-4d5c-9ee4-34a6ca5854cb,71ed6db9-52f3-4da3-b9bb-d9d5d50ec8d2,Sunita Verma,2710-4417-7719,9307684483,2014-09-24,,Sale,DD-5042-611,4528000.0,
60e85495-31c5-4c58-bbda-940b12671f58,2fef0e65-c760-4116-aa88-0555789c9e19,Deepika Mehta,4145-4284-1212,9829690085,1996-01-18,2020-05-05,Gift,DD-3935-542,40937000.0,
12cd9a70-f1ac-44f5-a79c-6d357fab5360,2fef0e65-c760-4116-aa88-0555789c9e19,Priya Devi Nair,1543-2539-2228,9188044197,2020-05-05,2020-12-27,Partition,DD-7652-217,40746000.0,
19336e42-3cfe-4046-8d16-e953320d24d7,2fef0e65-c760-4116-aa88-0555789c9e19,Naresh Kumar,9612-1003-6043,9403932132,2020-12-27,2024-01-19,Inheritance,DD-2741-442,0,
db74734f-07de-42e9-b2d6-0b03f50e2b49,2fef0e65-c760-4116-aa88-0555789c9e19,Meena Devi,9182-3560-2222,9380835568,2024-01-19,,Inheritance,DD-4257-522,0,
0730bd4b-d668-45c6-999c-056e8c885603,193dbb60-8435-4d85-b3d7-d7be51eaf9b8,Rohit Sharma,7461-2936-1738,9960028003,1995-06-26,2016-08-27,Partition,DD-8407-285,20762000.0,
d10211fb-d590-47cf-9132-5fe1061ad72d,193dbb60-8435-4d85-b3d7-d7be51eaf9b8,Arun Prakash,8083-6006-4665,9824374964,2016-08-27,2021-05-16,Inheritance,DD-4173-569,0,
67869c00-75a0-4e75-8d20-99adc09c183a,193dbb60-8435-4d85-b3d7-d7be51eaf9b8,Nandini Reddy,7339-8189-3592,9386643311,2021-05-16,,Inheritance,DD-1936-472,0,
6573b6e3-24c3-417f-b886-d687242a8c94,9ee7c9c0-053d-4dae-a0e9-260750facfc3,Nandini Reddy,9782-7882-2029,9137509445,1997-04-15,2021-08-14,Court Decree,DD-7946-620,26262000.0,
68e01ed0-fb79-4d1a-bbae-cd4eb1cfdae2,9ee7c9c0-053d-4dae-a0e9-260750facfc3,Sunita Verma,6681-9207-7201,9614160608,2021-08-14,,Court Decree,DD-6620-789,28678000.0,
72301657-431c-413e-800a-b66685e2caf0,c3af3177-b4ec-4873-b656-56ea8aaf4c74,Meena Devi,8251-2282-6715,9479657088,1996-10-08,2010-07-10,Partition,DD-5248-938,24700000.0,
3dec3f79-75ef-4f28-9ac7-af051be9ca25,c3af3177-b4ec-4873-b656-56ea8aaf4c74,Seema Malhotra,5140-6238-1591,9869766707,2010-07-10,2011-06-21,Inheritance,DD-5506-974,0,
e1bf8a7a-ab80-4295-824a-d05da3c5b454,c3af3177-b4ec-4873-b656-56ea8aaf4c74,Mahesh Babu,4954-8252-9112,9282163588,2011-06-21,2018-12-07,Inheritance,DD-5148-124,0,
69310c36-23e3-4a7c-a7cf-0501852a331b,c3af3177-b4ec-4873-b656-56ea8aaf4c74,Balu Mahendra,9588-7526-6158,9343729373,2018-12-07,,Court Decree,DD-1091-672,28158000.0,
653bc3e4-5c5f-4b18-b502-991a98b6161a,d8745d2f-7b65-4d10-8086-cd6ee74d671b,Anita Kumari Singh,5502-2431-6763,9101404406,2001-07-09,2012-06-25,Sale,DD-8777-326,17906000.0,
e04921ce-7173-4014-8007-bbbc4d347aa0,d8745d2f-7b65-4d10-8086-cd6ee74d671b,Ganesh Patel,5219-1480-6148,9210981706,2012-06-25,2013-07-30,Partition,DD-4578-280,21027000.0,
e796052a-1d63-4b72-b3ce-f8f1ad8f4b45,d8745d2f-7b65-4d10-8086-cd6ee74d671b,Kavitha Rao,9732-8404-8075,9321164463,2013-07-30,2014-06-28,Sale,DD-3312-517,20909000.0,
1476fd71-d309-422b-8f58-44cea7f89b57,d8745d2f-7b65-4d10-8086-cd6ee74d671b,Prakash Raj,5606-7996-5365,9842660982,2014-06-28,,Inheritance,DD-5773-504,0,
952cd377-608b-422c-b1a7-7073865d1db9,158a2eb4-60a4-4373-b356-bf2517d15289,Rani Mukherjee,2805-6372-2883,9520627798,1999-03-03,2001-06-13,Partition,DD-8146-145,14800000.0,
274230be-bf5f-43d5-8b0b-e13650062295,158a2eb4-60a4-4373-b356-bf2517d15289,Prakash Raj,8795-8689-4312,9656595157,2001-06-13,,Gift,DD-9482-368,16084000.0,
f930ce99-eac5-42b7-94ed-aa2632aec46e,b49e1680-94db-48ec-812c-5e62453995df,Revathy Nair,9876-2961-3620,9743938244,1993-03-30,1997-02-26,Partition,DD-1990-592,1915000.0,
1648d450-ba7f-44d7-b30a-59be3e1daf6b,b49e1680-94db-48ec-812c-5e62453995df,Ajay Singh,2554-4578-2798,9236768932,1997-02-26,2014-10-21,Inheritance,DD-4918-836,0,
0e5cb658-6847-4293-8548-1f5ebfea7bc0,b49e1680-94db-48ec-812c-5e62453995df,Meena Devi,6962-9534-5875,9821738881,2014-10-21,,Inheritance,DD-9060-572,0,
447c6dc5-1a33-488c-9d05-3ad238f6731a,636acce0-2c31-40fa-9ce8-aebfc9110c1d,Nandini Reddy,4215-1174-4735,9373058142,1988-07-11,1999-12-05,Gift,DD-8231-643,41911000.0,
e8374e6a-5581-44a1-8807-aabdad303863,636acce0-2c31-40fa-9ce8-aebfc9110c1d,Dinesh Patil,5665-1118-5768,9381664097,1999-12-05,2004-09-06,Court Decree,DD-6755-573,39196000.0,
673c10ea-3440-4bcb-ad78-df7ceefaf490,636acce0-2c31-40fa-9ce8-aebfc9110c1d,Anita Kumari Singh,1162-4098-2928,9584994407,2004-09-06,2020-05-07,Court Decree,DD-3118-590,36212000.0,
c9a0bbf9-73c4-4090-bb8e-365bbeb32095,636acce0-2c31-40fa-9ce8-aebfc9110c1d,Sridevi Kapoor,5199-5025-2355,9559585814,2020-05-07,,Court Decree,DD-9291-350,42250000.0,
7ec18e6c-9a1a-4ded-babc-a199ce3dbd0c,6e3d162e-6752-48b6-aab9-55c115c155b4,Rekha Nair,4386-1618-3135,9751816805,1989-05-24,2011-05-21,Court Decree,DD-1886-227,20600000.0,
2f77ca94-b0bd-43c8-b700-485354208c0e,6e3d162e-6752-48b6-aab9-55c115c155b4,Priya Devi Nair,3705-5028-6869,9529014176,2011-05-21,,Court Decree,DD-7589-490,19124000.0,
6be7f59b-f5ef-48f1-8e1e-04cfd801d506,3363dee3-f077-4490-926f-a5ec9e4345f2,Revathy Nair,7299-9473-3069,9967312515,1996-11-30,2004-07-11,Sale,DD-9711-243,4898000.0,
218bad2d-6813-4aa0-9735-2b49a9793377,3363dee3-f077-4490-926f-a5ec9e4345f2,Revathy Nair,1533-4891-1916,9472148341,2004-07-11,2020-05-13,Sale,DD-5930-641,5877000.0,
396a8f11-0e44-4405-ae5c-7641281875ca,3363dee3-f077-4490-926f-a5ec9e4345f2,Harish Chandra,9457-6880-8265,9912271919,2020-05-13,,Gift,DD-9694-394,6662000.0,
96230f7c-5d7f-4641-97d5-8be22a55ee16,e828bbf5-5500-40da-a993-ea624d484235,Mahesh Babu,6982-8651-7861,9931081780,1992-10-21,2013-08-30,Sale,DD-9264-451,8447000.0,
71157a28-4dc5-4129-8046-d0ee3b3a3b01,e828bbf5-5500-40da-a993-ea624d484235,Dinesh Patil,6545-1672-4992,9157592937,2013-08-30,2016-09-14,Court Decree,DD-9617-777,9626000.0,
9159395f-0e0d-4f02-bc1a-005ef94a05e6,e828bbf5-5500-40da-a993-ea624d484235,Saritha Devi,6379-5969-5289,9896438611,2016-09-14,2023-10-19,Court Decree,DD-3030-688,9812000.0,
809e5c4d-b193-457c-a48b-03874041753f,e828bbf5-5500-40da-a993-ea624d484235,Dinesh Patil,1244-5819-9396,9695289465,2023-10-19,,Court Decree,DD-8429-496,8746000.0,
aafc51d0-d173-4ac6-8111-d21aa792a075,5dc35d42-e043-4709-909d-5f635c0d3a69,Deepika Mehta,3499-8317-8186,9933185188,1987-08-04,2013-09-18,Sale,DD-2015-619,34445000.0,
edbcd92c-c63d-4e25-b388-bb5aaff6f284,5dc35d42-e043-4709-909d-5f635c0d3a69,Seema Malhotra,9137-9079-5448,9499543498,2013-09-18,2022-03-30,Gift,DD-5915-557,39855000.0,
c3fa1ec7-6ae5-4c11-bcbe-05fa3f8cf5a2,5dc35d42-e043-4709-909d-5f635c0d3a69,Ganesh Patel,2924-3067-4552,9652240873,2022-03-30,,Court Decree,DD-3947-478,38402000.0,
cfa42e39-29f8-4ca8-90bf-a4ebb22af761,96c9960f-cf04-429e-8887-5fa409a9a647,Anil Kapoor,2923-3523-6404,9490856727,1994-03-22,2008-04-21,Court Decree,DD-6585-907,4929000.0,
0268f9f3-1aaf-4a9b-bbe2-571071415df0,96c9960f-cf04-429e-8887-5fa409a9a647,Rekha Nair,8379-8060-8319,9382938907,2008-04-21,,Court Decree,DD-4620-451,5967000.0,
6f14dd6b-218d-4ac4-ad2c-1ca7985b1eac,a7a182f4-485b-417b-8ae9-9815c6cbcf63,Pooja Sharma,6508-6956-8129,9960518301,1993-08-03,2007-11-15,Inheritance,DD-5747-461,0,
5c1f6345-b3e7-4a8a-9804-c66a54fa2472,a7a182f4-485b-417b-8ae9-9815c6cbcf63,Vinod Khanna,4517-4334-7111,9952907479,2007-11-15,2010-05-25,Inheritance,DD-3015-534,0,
bf0cacae-22f0-46a2-835b-0cf85bb41d47,a7a182f4-485b-417b-8ae9-9815c6cbcf63,Vinod Khanna,6834-1127-5940,9962786869,2010-05-25,,Partition,DD-7793-524,2688000.0,
1b6a6e69-dce7-4ae6-8988-c51b858fc406,ed663ccf-ef4b-49de-a82b-220613b013d1,Sunil Shetty,9293-9950-6738,9793883949,2000-05-17,2019-03-25,Partition,DD-1590-636,20665000.0,
9421fd49-1b9b-4808-9088-473ec2542bac,ed663ccf-ef4b-49de-a82b-220613b013d1,Vinod Khanna,4226-2282-2521,9215992964,2019-03-25,,Sale,DD-2441-134,20612000.0,
4bce5412-5f98-412c-bcab-90f3d9c17869,c5825f56-0aa3-4fe5-bbc7-ff203e91dabe,Sushma Swarup,8369-9515-2627,9908195329,1991-03-04,2004-12-22,Inheritance,DD-9654-404,0,
3a9619c1-d358-434e-a548-b8449315ec3e,c5825f56-0aa3-4fe5-bbc7-ff203e91dabe,Mohan Das,5472-3213-1129,9683769385,2004-12-22,2005-02-01,Partition,DD-8418-542,28782000.0,
9012038f-58df-408c-9923-ffd3f038c22e,c5825f56-0aa3-4fe5-bbc7-ff203e91dabe,Revathy Nair,2518-4040-5816,9300089546,2005-02-01,2012-10-02,Inheritance,DD-5898-624,0,
63426046-03ad-482c-b2bc-be3cf81f18b3,c5825f56-0aa3-4fe5-bbc7-ff203e91dabe,Santosh Kumar,7767-6029-5502,9132197304,2012-10-02,,Partition,DD-8126-399,29999000.0,
7b32856f-e84c-471e-951d-77a51ade8f0e,a1734c2a-0e3d-4fcd-aa3c-35e085dd4188,Jyoti Prasad,6487-5084-2504,9970132086,1998-07-05,2015-01-28,Gift,DD-7291-935,32081000.0,
33c773d0-9386-4f78-a088-b431168029d5,a1734c2a-0e3d-4fcd-aa3c-35e085dd4188,Naresh Kumar,3362-4211-5573,9110991797,2015-01-28,2016-07-23,Gift,DD-6411-927,32879000.0,
2ec57158-9c74-4ca8-8fba-ba5069fa4153,a1734c2a-0e3d-4fcd-aa3c-35e085dd4188,Rohit Sharma,1182-7144-5395,9922134488,2016-07-23,,Inheritance,DD-7207-911,0,
ade32de9-3930-43be-b8e5-285125f63b0d,fce2bd93-17a7-4e7c-96f7-57b461595eb1,Mohammad Arif Khan,4338-9432-7777,9628216344,1987-12-26,2000-03-26,Gift,DD-1872-496,24681000.0,
6a03dc4e-4100-47af-a849-552480281b0a,fce2bd93-17a7-4e7c-96f7-57b461595eb1,Ravi Shankar,1843-5349-6401,9452034845,2000-03-26,2018-11-11,Gift,DD-9533-434,25873000.0,
4d8a087a-dd75-41e2-9b96-f437825dd868,fce2bd93-17a7-4e7c-96f7-57b461595eb1,Asha Bhosale,8362-7543-7092,9986561461,2018-11-11,,Court Decree,DD-7308-802,30272000.0,
5ba13adf-f1b7-4ca0-bd3d-8e39b7a41540,a4e31616-bd68-443c-a9cd-d54fba7ddbcc,Sushma Swarup,3472-2438-9357,9563098164,1998-09-30,2010-08-21,Gift,DD-5148-281,3632000.0,
4f9d588f-82b4-484e-963d-dd2376c9215b,a4e31616-bd68-443c-a9cd-d54fba7ddbcc,Mahesh Babu,3249-1830-5088,9449822007,2010-08-21,2021-11-05,Partition,DD-5096-566,4126000.0,
9cbd6213-9f74-4e97-869b-4cb90f212196,a4e31616-bd68-443c-a9cd-d54fba7ddbcc,Pooja Sharma,1355-6575-7698,9501650505,2021-11-05,,Sale,DD-2518-685,5110000.0,
22952c1b-45c9-404b-8975-5ae339b8ef4a,8dded085-d293-4a2f-bb27-6a40548f07af,Mohan Das,9280-2268-9045,9146404720,2001-06-13,2000-06-23,Court Decree,DD-2569-101,5685000.0,
1cb36fe9-4cd0-43ad-baee-34583206efbf,8dded085-d293-4a2f-bb27-6a40548f07af,Lakshmi Venkatesh,9662-5378-6727,9592985002,2000-06-23,,Sale,DD-6957-254,5121000.0,
01bfffa8-aa66-4e64-9013-63583cf93e77,75666210-4666-42df-a19b-d35ad5586b8b,Mohammad Arif Khan,1177-3509-3292,9216753273,1996-08-09,2009-11-21,Gift,DD-3023-326,2899000.0,
c626664d-2361-41c1-af25-5ec2686c096c,75666210-4666-42df-a19b-d35ad5586b8b,Sunita Verma,8535-2806-5628,9579974763,2009-11-21,2014-01-24,Partition,DD-8467-394,2857000.0,
e4ce6314-e9c7-4adb-a2ac-2982a959aa82,75666210-4666-42df-a19b-d35ad5586b8b,Sushma Swarup,5027-2354-3068,9576171971,2014-01-24,2024-02-26,Inheritance,DD-3539-144,0,
cb4fa439-9c57-48d7-a017-bef5b0927edc,75666210-4666-42df-a19b-d35ad5586b8b,Smita Patil,7962-7737-6757,9527503269,2024-02-26,,Gift,DD-5078-919,2528000.0,
5cb0659c-2e5b-48e7-8e3b-61f0c33d574c,6b6df125-0e68-4d28-a40e-220bb8b87e84,Ranjit Kumar,1044-6229-8575,9181620836,1989-12-10,2010-02-12,Gift,DD-8153-663,13460000.0,
9c850452-10bf-46be-b524-beb9cca5b393,6b6df125-0e68-4d28-a40e-220bb8b87e84,Lakshmi Venkatesh,7276-8432-4319,9969938028,2010-02-12,,Sale,DD-3913-185,15198000.0,
cdff090b-b9fb-49da-8b49-a9e52ad6da2a,a434b34b-795c-4414-a9e5-a4c8e41fb445,Balu Mahendra,5342-7754-9656,9941943846,1994-12-26,2001-04-26,Sale,DD-3423-377,13496000.0,
298bd5e3-f18a-4e77-a9da-8fcfd7387b6b,a434b34b-795c-4414-a9e5-a4c8e41fb445,Priya Devi Nair,3337-1565-5990,9173899194,2001-04-26,2006-11-04,Gift,DD-6421-856,12067000.0,
71dd57f3-ce66-40ef-a055-204afb5b833e,a434b34b-795c-4414-a9e5-a4c8e41fb445,Nandini Reddy,1537-6178-2614,9153583561,2006-11-04,2017-07-19,Sale,DD-6291-827,11728000.0,
417d4876-caac-48b5-a167-dba513929dc8,a434b34b-795c-4414-a9e5-a4c8e41fb445,Mahesh Babu,5060-4674-7826,9318058407,2017-07-19,,Court Decree,DD-4626-294,11303000.0,
787e9e44-b187-4598-92a6-d2271566366b,bda588a1-d604-4b40-a729-877e225f7da3,Revathy Nair,3779-4669-4476,9773865523,1996-01-12,2002-12-05,Inheritance,DD-6587-820,0,
7944f8b7-8198-47ac-aad7-13b85776cab1,bda588a1-d604-4b40-a729-877e225f7da3,Rani Mukherjee,7129-7237-9670,9216437342,2002-12-05,2010-12-04,Court Decree,DD-8711-194,2814000.0,
4edf56a3-b994-4750-9df6-346e6a10116a,bda588a1-d604-4b40-a729-877e225f7da3,Suresh Babu Reddy,6809-2546-9086,9894028551,2010-12-04,,Partition,DD-7202-719,2892000.0,
5d7e75ce-fa66-4e41-8469-8bf21e691381,9bbb3d8b-198e-4f03-b509-4fdaabca38af,Uma Shankar,5849-6815-3445,9894623505,2000-05-22,2003-11-28,Partition,DD-6740-821,10426000.0,
263a9ef4-97ea-4e5f-bafe-e1ba4203c40c,9bbb3d8b-198e-4f03-b509-4fdaabca38af,Priya Devi Nair,9150-7261-7040,9107201027,2003-11-28,2006-02-08,Gift,DD-4319-961,10399000.0,
a6fcadb3-19ec-4e4c-85f1-c40d160c20ad,9bbb3d8b-198e-4f03-b509-4fdaabca38af,Ramesh Kumar Sharma,8683-9814-6248,9556746825,2006-02-08,2019-06-21,Court Decree,DD-5275-501,9588000.0,
7336e011-fbb9-4d52-8feb-92ee365fb1e1,9bbb3d8b-198e-4f03-b509-4fdaabca38af,Geeta Mahesh Patel,3623-7728-1427,9916137131,2019-06-21,,Inheritance,DD-3986-560,0,
81d813dc-e1bb-4712-b20a-d91518e78c62,75297de1-3b9e-40c6-963b-8cdbc2755f2d,Ajay Singh,3753-9640-1395,9470146469,1989-10-29,2013-04-02,Sale,DD-4216-239,4218000.0,
9039288e-a3ad-467b-a230-e55982b06dc7,75297de1-3b9e-40c6-963b-8cdbc2755f2d,Anil Kapoor,1815-2386-5547,9820507157,2013-04-02,2018-08-01,Court Decree,DD-8566-576,4974000.0,
cd9944a9-739d-4978-8c0a-697df4bff583,75297de1-3b9e-40c6-963b-8cdbc2755f2d,Nandini Reddy,3120-2647-2723,9704697200,2018-08-01,2023-09-16,Court Decree,DD-8604-237,5616000.0,
98a8c86f-82e2-4919-b552-bd98a2ae7425,75297de1-3b9e-40c6-963b-8cdbc2755f2d,Mohan Das,7573-6012-8110,9130248804,2023-09-16,,Gift,DD-7992-763,6247000.0,
8fd061a3-3204-489c-9198-70d047429844,22e9bdb3-bdb8-4a1e-9a40-a64cd29ea5e1,Anil Kapoor,6847-2734-7953,9601411219,1997-03-18,2012-12-08,Court Decree,DD-3862-460,21498000.0,
950f470d-2231-40dd-b56d-87300aa4deb4,22e9bdb3-bdb8-4a1e-9a40-a64cd29ea5e1,Sunita Verma,6949-9869-2976,9691628232,2012-12-08,2021-09-10,Gift,DD-9600-526,23768000.0,
8e939eee-dc84-41a8-9db4-cce697a0feb4,22e9bdb3-bdb8-4a1e-9a40-a64cd29ea5e1,Saritha Devi,9136-5294-9349,9582404928,2021-09-10,,Inheritance,DD-2851-601,0,
be39e39e-fdcc-4794-82b8-e78be83d87fb,24a54cd8-cd93-4a27-bfee-14db472d2dfe,Anil Kapoor,2833-2458-7885,9728426866,1998-04-21,2003-05-23,Court Decree,DD-3016-252,4187000.0,
668d36c6-a301-4e25-8cba-7d4a28078e0e,24a54cd8-cd93-4a27-bfee-14db472d2dfe,Balu Mahendra,1615-4487-2250,9363405704,2003-05-23,2012-03-06,Court Decree,DD-4099-315,4178000.0,
12de209f-b7b0-45bc-8f5b-71ccfb8ff923,24a54cd8-cd93-4a27-bfee-14db472d2dfe,Asha Bhosale,7444-9689-3172,9653620841,2012-03-06,,Court Decree,DD-8837-670,3914000.0,
6c4c91e5-a798-4f16-94c9-309678be377d,a732f4ea-d354-442c-8ed7-e59939a088d4,Rohit Sharma,4621-2355-8217,9792337041,1999-03-14,2024-06-21,Court Decree,DD-3706-919,3982000.0,
708fcfd1-a94a-4c11-8d71-1c027860a376,a732f4ea-d354-442c-8ed7-e59939a088d4,Ramesh Kumar Sharma,5002-5536-8198,9501065836,2024-06-21,,Partition,DD-9367-541,3919000.0,
9c6a8e11-3c2c-40ba-aa42-a060dcda405b,98547f8d-db20-4efa-9a89-78bec54085d8,Girish Kumar,5451-9447-1567,9887131008,1995-07-05,1998-05-31,Court Decree,DD-3305-570,3392000.0,
c580f7b4-82bc-4a84-be45-4c8e36f6e8d6,98547f8d-db20-4efa-9a89-78bec54085d8,Revathy Nair,7113-8384-6772,9548507720,1998-05-31,2004-12-07,Inheritance,DD-7234-705,0,
9fb54440-beb6-40ec-8357-5dda8176712b,98547f8d-db20-4efa-9a89-78bec54085d8,Sunita Verma,2645-7667-9779,9505409929,2004-12-07,,Inheritance,DD-5203-301,0,
260aad4e-7514-4f5d-b572-6187d52f35b4,99d6321c-7dc4-4859-9f85-3ccff3eef461,Ramesh Kumar Sharma,2749-9594-2163,9642164410,1989-05-24,2018-07-13,Court Decree,DD-3461-217,791000.0,
714572b7-89a5-45a4-b640-0e158c4276df,99d6321c-7dc4-4859-9f85-3ccff3eef461,Girish Kumar,2861-4508-3549,9918900826,2018-07-13,2020-09-21,Court Decree,DD-7810-725,955000.0,
966d0caf-fe1e-4e56-a0b7-dbaa1d7aad99,99d6321c-7dc4-4859-9f85-3ccff3eef461,Asha Bhosale,4442-9661-6024,9955315461,2020-09-21,,Court Decree,DD-5020-478,983000.0,
159d51ff-9205-4fc1-b96f-a99f4af4d0f5,c5c6f872-f2b6-4fb9-b06e-35ed750418e6,Sridevi Kapoor,3779-3360-5095,9711620460,1989-01-21,2005-06-29,Sale,DD-4776-449,4409000.0,
c3d85b88-54d1-40d0-88f8-9fafba6c4ea2,c5c6f872-f2b6-4fb9-b06e-35ed750418e6,Lakshmi Venkatesh,8287-5032-5834,9345966210,2005-06-29,,Gift,DD-1064-601,5223000.0,
a3008dbc-71a5-4875-9854-23f4a7bdc7c6,55e3410f-6760-4ff6-a881-9c6163d025f0,Rekha Nair,5768-2748-8988,9462875231,1993-04-15,1998-10-02,Sale,DD-3905-100,3855000.0,
ee7214bc-7cc8-4b80-8219-b2836f8797e3,55e3410f-6760-4ff6-a881-9c6163d025f0,Sonia Verma,6528-8145-5146,9813455874,1998-10-02,2016-08-21,Partition,DD-2103-492,4070000.0,
bb41b2c0-390a-411e-a126-5c37285598b8,55e3410f-6760-4ff6-a881-9c6163d025f0,Dinesh Patil,5420-2996-4141,9334432116,2016-08-21,,Sale,DD-9663-849,5013000.0,
7ff4aac8-7cf5-4b36-9e8e-6268f39f880a,fa189fa2-c4e2-436b-bdd0-1860457bd949,Rohit Sharma,2902-2681-5638,9271833466,1999-02-17,2005-05-22,Court Decree,DD-3920-274,4445000.0,
ec17049a-1357-401a-9386-0abd8aba4e83,fa189fa2-c4e2-436b-bdd0-1860457bd949,Geeta Mahesh Patel,5657-1112-2377,9332356772,2005-05-22,2020-09-15,Court Decree,DD-5429-615,3979000.0,
5eab36bf-73eb-470a-8e5c-d5dceafcd11e,fa189fa2-c4e2-436b-bdd0-1860457bd949,Jyoti Prasad,4105-2982-5661,9280827188,2020-09-15,2022-11-25,Court Decree,DD-6928-810,4501000.0,
fb99efe1-94c0-439b-9fa1-812056593f3d,fa189fa2-c4e2-436b-bdd0-1860457bd949,Geeta Mahesh Patel,3658-1500-2770,9583424981,2022-11-25,,Partition,DD-6266-257,3836000.0,
aac763ea-f2db-4a5d-b9b1-e1c911c1eafe,fe5f9561-65d7-469a-a3b8-1340aaf5adbb,Santosh Kumar,2862-1416-2558,9205628222,1995-07-18,2001-10-17,Gift,DD-3027-420,740000.0,
d78727fe-3e5a-49cc-90e8-97fe20380797,fe5f9561-65d7-469a-a3b8-1340aaf5adbb,Asha Bhosale,3251-4567-2676,9485799653,2001-10-17,2024-02-19,Inheritance,DD-2009-629,0,
c664d32f-5c3d-4943-adce-65720efb9b5b,fe5f9561-65d7-469a-a3b8-1340aaf5adbb,Ravi Shankar,5748-3998-9898,9369193139,2024-02-19,,Partition,DD-9742-885,680000.0,
aa3f6b77-9c66-4cf4-923f-49e617967c06,e6b23de0-3360-4b1f-b718-576e60cbdaac,Sunita Verma,9769-9085-7989,9860561707,1991-04-29,2002-04-18,Gift,DD-3205-733,473000.0,
fc6546b5-0d84-4de6-af00-ad32b6b030ff,e6b23de0-3360-4b1f-b718-576e60cbdaac,Rani Mukherjee,9179-8975-3196,9180572256,2002-04-18,2016-06-01,Partition,DD-8696-409,412000.0,
bb3cfdf3-1ff7-4145-bf8c-9e83b130d601,e6b23de0-3360-4b1f-b718-576e60cbdaac,Sushma Swarup,1848-1335-4950,9993954545,2016-06-01,,Sale,DD-8353-765,406000.0,
487c929e-e4e2-4ba2-9d1d-76ff145cfe76,d5a8a46b-d279-4d1f-87a5-9f8d66d0cd01,Revathy Nair,4035-4596-2694,9964295451,1988-03-19,2001-05-09,Partition,DD-4832-694,2060000.0,
2b5e0945-c521-463c-9d7b-6eec94b1f064,d5a8a46b-d279-4d1f-87a5-9f8d66d0cd01,Jyoti Prasad,4124-7247-4140,9820070303,2001-05-09,2003-11-19,Court Decree,DD-3773-914,2516000.0,
f3fa4f2e-5123-471d-8525-5d0cf5869744,d5a8a46b-d279-4d1f-87a5-9f8d66d0cd01,Nitin Gadkari,7987-9453-1349,9613360315,2003-11-19,2016-03-16,Inheritance,DD-8527-662,0,
1981750b-260c-4f09-998a-bf0967205661,d5a8a46b-d279-4d1f-87a5-9f8d66d0cd01,Kavitha Rao,6771-8481-4784,9184904245,2016-03-16,,Sale,DD-5492-284,2793000.0,
b097e26e-5e22-49dc-8fee-d554daaaa49d,97e5b952-b9df-4d4e-8874-73f6e8034fdb,Prakash Raj,7191-9266-7818,9856289388,1992-09-15,2004-01-12,Court Decree,DD-7545-302,2184000.0,
606cb041-cb89-4b31-9192-428239b065df,97e5b952-b9df-4d4e-8874-73f6e8034fdb,Rani Mukherjee,1188-6330-6872,9178339470,2004-01-12,2006-01-21,Partition,DD-3052-887,1918000.0,
3e07a470-7494-4002-ab36-f9408762b9bd,97e5b952-b9df-4d4e-8874-73f6e8034fdb,Pooja Sharma,5553-3806-3668,9498129834,2006-01-21,2012-07-21,Court Decree,DD-5214-665,1845000.0,
7cfa364c-e464-4cad-8e72-fb0445c1ad37,97e5b952-b9df-4d4e-8874-73f6e8034fdb,Sunita Verma,1566-6364-2102,9476903525,2012-07-21,,Court Decree,DD-6452-444,1643000.0,
b6a0a430-9d74-4b3b-8606-423677d1553f,5e50e009-5646-4a37-ad05-5485657a4e9b,Deepika Mehta,7878-8976-9230,9944869419,1996-12-03,2019-12-28,Partition,DD-3332-244,3885000.0,
f10210d3-a676-4182-b87f-b193b44ed62d,5e50e009-5646-4a37-ad05-5485657a4e9b,Balu Mahendra,3826-4546-9929,9220298685,2019-12-28,,Partition,DD-1647-826,3611000.0,
2426703f-db3d-4128-bac0-8782f3a47180,62ee40f1-7a58-4cec-b8fc-5ae2ce2ae42d,Naresh Kumar,4372-4909-2722,9117339727,2000-04-01,2005-07-16,Inheritance,DD-2152-189,0,
b5f6d23d-dc67-4036-a821-ab9aa27dded7,62ee40f1-7a58-4cec-b8fc-5ae2ce2ae42d,Ravi Shankar,1882-8077-6477,9939096588,2005-07-16,2013-04-06,Court Decree,DD-9255-512,5010000.0,
303a051a-119e-45eb-b5d3-b059cee611e7,62ee40f1-7a58-4cec-b8fc-5ae2ce2ae42d,Priya Devi Nair,4848-9725-2565,9646997742,2013-04-06,,Court Decree,DD-5250-789,5923000.0,
c1b192b7-0b8d-49be-9a80-54b0461ac8c1,304a4255-b3c7-4077-837a-9ee3874ddb1f,Mohammad Arif Khan,5612-8835-1176,9325082540,1991-11-10,2005-09-02,Inheritance,DD-4010-877,0,
ebd637ac-02a1-4f01-ba4f-b44674cd24f2,304a4255-b3c7-4077-837a-9ee3874ddb1f,Sunita Verma,6101-9119-5191,9328755493,2005-09-02,2011-09-13,Inheritance,DD-1337-386,0,
064bd85b-2e67-469e-8042-84d49a8ce42e,304a4255-b3c7-4077-837a-9ee3874ddb1f,Deepika Mehta,2711-1710-7739,9487860500,2011-09-13,2021-05-28,Inheritance,DD-6026-412,0,
8c03f880-f5d1-42e2-979d-dc61913f02c0,304a4255-b3c7-4077-837a-9ee3874ddb1f,Ajay Singh,1031-2075-1196,9775390239,2021-05-28,,Sale,DD-1737-924,1437000.0,
5771455a-4bd0-4dde-aa6c-81189c9f293c,52450952-5d89-4e3a-abd8-e3a5ecd0e24a,Seema Malhotra,7079-2041-4567,9636979426,1990-02-09,1996-10-30,Partition,DD-9046-533,817000.0,
6de9d575-a8b6-4126-9070-2f724f521eae,52450952-5d89-4e3a-abd8-e3a5ecd0e24a,Harish Chandra,9798-2376-9733,9716070896,1996-10-30,2000-03-05,Partition,DD-8613-772,719000.0,
2b0500a9-8baf-463d-8462-a2b09661c6a6,52450952-5d89-4e3a-abd8-e3a5ecd0e24a,Uma Shankar,3633-1683-5550,9644042294,2000-03-05,2017-08-19,Inheritance,DD-8478-758,0,
ec676e38-b0a7-4834-9a2a-07321b6eb74b,52450952-5d89-4e3a-abd8-e3a5ecd0e24a,Geeta Mahesh Patel,5143-6227-6596,9893778535,2017-08-19,,Partition,DD-4683-139,690000.0,
cf30a25d-1fa9-49a0-865e-7b702336fb0a,e4d94c19-45f4-4d99-a32c-899151b5eb41,Rani Mukherjee,6329-4906-7411,9873408373,1988-02-17,1998-06-22,Inheritance,DD-2737-885,0,
6a5febc2-34e9-4720-98b8-859bd11ce9bf,e4d94c19-45f4-4d99-a32c-899151b5eb41,Rajesh Gupta,6008-4132-4859,9726559716,1998-06-22,2012-04-14,Inheritance,DD-1540-470,0,
33404753-26bc-4a15-b366-2192ea42b382,e4d94c19-45f4-4d99-a32c-899151b5eb41,Balu Mahendra,6180-5123-1509,9540854929,2012-04-14,2022-06-28,Inheritance,DD-8340-183,0,
6752c954-1238-4d20-8a0c-669f469e5dcd,e4d94c19-45f4-4d99-a32c-899151b5eb41,Smita Patil,8472-1138-3298,9158564794,2022-06-28,,Inheritance,DD-9463-421,0,
5348789b-a381-40f3-925c-6b9bafe33551,bb4f352b-4e8f-4be1-8ee4-2226ede4d5d0,Rohit Sharma,3699-3218-2734,9918498363,2001-07-15,2002-11-04,Court Decree,DD-9611-650,2688000.0,
34c38c70-e46f-4928-8f2e-60e0eb85a2bf,bb4f352b-4e8f-4be1-8ee4-2226ede4d5d0,Balu Mahendra,1149-5542-1354,9925738059,2002-11-04,2011-02-02,Sale,DD-1634-566,3123000.0,
1a61705f-46d0-4898-be46-cdbe9995e20b,bb4f352b-4e8f-4be1-8ee4-2226ede4d5d0,Mohammad Arif Khan,3044-3847-5834,9532215934,2011-02-02,,Court Decree,DD-6084-606,3604000.0,
37f52c89-dd43-432a-b987-5832eee814ee,07dc5347-33e7-474f-a994-24e7f177f3e5,Geeta Mahesh Patel,1256-2924-9226,9597342069,1995-06-17,2012-09-19,Court Decree,DD-9988-524,7150000.0,
c847b982-d59f-4df3-b4a6-2d65d0ff091a,07dc5347-33e7-474f-a994-24e7f177f3e5,Asha Bhosale,8589-1770-5673,9808254572,2012-09-19,,Partition,DD-1225-336,6770000.0,
410208c5-d7c4-45d4-935c-f6963df00285,43cad229-075b-4b9e-b52d-80fddfe98acd,Jyoti Prasad,3635-5646-8653,9123977994,1993-11-24,1999-11-24,Court Decree,DD-3338-367,26244000.0,
d6f47293-dbcd-4382-b7f4-c8a52337496d,43cad229-075b-4b9e-b52d-80fddfe98acd,Balu Mahendra,4139-1969-2527,9649388145,1999-11-24,2008-11-19,Gift,DD-9640-224,23413000.0,
796dd146-5297-407b-aafb-ddd82283b682,43cad229-075b-4b9e-b52d-80fddfe98acd,Lakshmi Venkatesh,5330-6853-7208,9975733778,2008-11-19,2017-11-23,Partition,DD-5725-350,21174000.0,
be4813f1-abb1-439c-acf0-2a4c233d46dc,43cad229-075b-4b9e-b52d-80fddfe98acd,Rekha Nair,8597-7016-2321,9977117768,2017-11-23,,Gift,DD-2587-622,24665000.0,
f8655e54-82d6-41e0-8981-22698e91d3dd,c1e163ed-e139-43c9-91d4-a4fc10a36f93,Priya Devi Nair,3252-1454-7212,9112434255,1994-03-28,1999-04-16,Sale,DD-2860-706,3325000.0,
b29db2a0-7627-40ae-b0aa-4df4ec23376e,c1e163ed-e139-43c9-91d4-a4fc10a36f93,Nitin Gadkari,4340-1864-1541,9487063356,1999-04-16,2005-10-09,Partition,DD-2678-353,3806000.0,
c4e4654e-da48-4bba-8da1-3504234f5af7,c1e163ed-e139-43c9-91d4-a4fc10a36f93,Balu Mahendra,6067-5338-3686,9794419951,2005-10-09,,Inheritance,DD-3892-177,0,
45e5f381-2566-461c-83cf-48403012de46,4f197b4a-e982-4027-b704-606a8ef2c1d4,Deepika Mehta,7041-1983-9746,9214317409,1987-03-18,1998-08-17,Gift,DD-9770-257,11765000.0,
8324aa8e-2a63-40e1-9728-d8f132cb33bc,4f197b4a-e982-4027-b704-606a8ef2c1d4,Sunita Verma,3188-4192-6690,9696099009,1998-08-17,2011-12-29,Gift,DD-6094-132,10861000.0,
b4fdff13-54d4-4f87-8189-7ce3c1c94348,4f197b4a-e982-4027-b704-606a8ef2c1d4,Anita Kumari Singh,4379-6460-3808,9645443039,2011-12-29,,Gift,DD-4768-945,10743000.0,
c884ca0a-978a-4ce7-8816-fd9678f96c0f,2d4ec336-0394-4e9c-aaed-671da0e0b420,Sushma Swarup,1866-1799-8123,9109351340,1998-08-05,2021-05-10,Gift,DD-5018-134,6563000.0,
b0ab9fe6-000d-43ff-9e59-348d0682d9fa,2d4ec336-0394-4e9c-aaed-671da0e0b420,Deepika Mehta,7392-5876-9951,9566422980,2021-05-10,2023-07-07,Partition,DD-9717-994,6920000.0,
9f0ba75f-5bcb-4e4f-9409-2e291178068c,2d4ec336-0394-4e9c-aaed-671da0e0b420,Mahesh Babu,4406-9140-8579,9737472744,2023-07-07,,Inheritance,DD-8495-472,0,
dbc2f633-8009-47c6-92b9-095e1b38ff89,1e361616-d768-4985-8efc-dc0a666095f4,Santosh Kumar,7506-3229-6907,9817719981,1995-05-03,2015-07-29,Gift,DD-8679-131,4073000.0,
213709c8-bc62-4ec9-901c-181551b3aed7,1e361616-d768-4985-8efc-dc0a666095f4,Balu Mahendra,7459-1930-4565,9241407757,2015-07-29,,Sale,DD-8813-403,3790000.0,
5800ac5f-8a99-4ba1-ace5-a30d64825921,bce28303-9ce0-4404-988f-1cddcdb68c82,Prakash Raj,9307-2900-3839,9581707808,1990-04-28,1997-05-28,Gift,DD-6805-828,1663000.0,
c7bb8ac0-c237-47a5-821b-c6fc4049059f,bce28303-9ce0-4404-988f-1cddcdb68c82,Ganesh Patel,5716-3354-8199,9883130904,1997-05-28,2008-08-06,Inheritance,DD-2789-604,0,
b1765302-5465-4b3b-8541-d8b9c7369775,bce28303-9ce0-4404-988f-1cddcdb68c82,Santosh Kumar,5585-1387-3644,9329004714,2008-08-06,2021-09-29,Sale,DD-9668-334,1502000.0,
d27ab1ca-b628-42ba-ac9a-6b1224fc45c8,bce28303-9ce0-4404-988f-1cddcdb68c82,Deepika Mehta,8795-7348-2677,9595714079,2021-09-29,,Court Decree,DD-4418-503,1795000.0,
554bacee-31b6-4ffb-a81f-2d62f7dd6f59,06665f47-cc6e-4cba-a96e-0110964df1ec,Sunil Shetty,3209-8247-7881,9626528785,2001-02-17,2000-01-08,Gift,DD-6546-701,18767000.0,
e6993b33-8e5e-40fd-a74c-c8904b3627cc,06665f47-cc6e-4cba-a96e-0110964df1ec,Harish Chandra,6215-5341-4555,9907462968,2000-01-08,,Partition,DD-5471-286,17500000.0,
5bd6b955-f2ae-40a4-b97c-78c24c79b9b9,74522e52-741c-411a-b11b-9db64866db6b,Dinesh Patil,4548-9138-2118,9487827170,1989-05-31,2004-04-16,Court Decree,DD-7269-909,1129000.0,
a6034daf-e36b-4414-a759-9081806bd870,74522e52-741c-411a-b11b-9db64866db6b,Priya Devi Nair,6834-3973-1070,9701633687,2004-04-16,2017-03-28,Gift,DD-8805-354,1010000.0,
2155793d-e42f-4b77-b8cb-775edc02d282,74522e52-741c-411a-b11b-9db64866db6b,Kavitha Rao,1496-6920-1847,9611433481,2017-03-28,2019-08-18,Court Decree,DD-4187-167,1083000.0,
432d85cd-28eb-4677-8118-0b44506d3a82,74522e52-741c-411a-b11b-9db64866db6b,Seema Malhotra,4731-2727-3132,9757452945,2019-08-18,,Court Decree,DD-4433-961,1021000.0,
a3d9f4a5-4d64-4bca-9830-c595db3f45a3,93e2717e-469f-4ef0-bd3f-50ae1bab07d8,Geeta Mahesh Patel,9559-5575-6688,9293260306,1993-11-15,2002-04-21,Partition,DD-2399-992,10277000.0,
e66bf525-a6e0-4f04-8631-564647f8f9c3,93e2717e-469f-4ef0-bd3f-50ae1bab07d8,Smita Patil,1619-3152-4843,9325169043,2002-04-21,,Inheritance,DD-6297-683,0,
b8dc1235-9f3b-4f6a-a0a2-d7fff33b477d,4514e235-ea1d-495c-9347-2226c536711c,Rani Mukherjee,7933-9087-6727,9653701111,1987-07-18,2001-05-07,Sale,DD-1771-554,4183000.0,
90f50826-1382-498a-9550-5d30325a0385,4514e235-ea1d-495c-9347-2226c536711c,Dinesh Patil,1080-6550-2588,9426053278,2001-05-07,,Partition,DD-6317-448,4698000.0,
3218b205-8e54-4271-9e87-a6ac30302a71,1f9053bf-2174-4a88-b639-cd6b8515cfd4,Sridevi Kapoor,5272-4168-5847,9749371281,1995-08-25,2001-06-09,Gift,DD-7575-249,7941000.0,
1bd82346-d79c-4371-bba5-9a80486b7ebc,1f9053bf-2174-4a88-b639-cd6b8515cfd4,Ranjit Kumar,7187-8358-5201,9135983523,2001-06-09,,Inheritance,DD-5694-209,0,
5d7ef19f-7395-468f-8827-ce0fe6815241,c3e24c46-c643-4121-8cd0-eb09ae38f7ef,Asha Bhosale,4549-8446-8744,9156247857,1991-01-10,2011-01-22,Court Decree,DD-8373-650,14510000.0,
8c8361d5-b89a-49f9-9f1e-3e73d9f696ff,c3e24c46-c643-4121-8cd0-eb09ae38f7ef,Geeta Mahesh Patel,8064-5357-6838,9825622493,2011-01-22,2012-08-13,Sale,DD-3623-385,15671000.0,
978d43b2-493d-4858-8fc8-f1323dc698a5,c3e24c46-c643-4121-8cd0-eb09ae38f7ef,Meena Devi,5044-8185-9955,9115665848,2012-08-13,2013-03-28,Court Decree,DD-9544-250,19127000.0,
77c133a6-8912-44ec-bef4-fa65e361dc41,c3e24c46-c643-4121-8cd0-eb09ae38f7ef,Divya Menon,4291-7373-6645,9173306704,2013-03-28,,Gift,DD-8215-102,18498000.0,
e9f519a8-1924-47f1-90c3-a1f598e67f6c,56e62483-7b4c-46a9-b474-00ad5e0f1655,Vinod Khanna,6593-8501-9289,9718590452,1990-06-30,2005-10-04,Inheritance,DD-1079-127,0,
460d3622-b95c-4b0d-99c1-36c60f66e773,56e62483-7b4c-46a9-b474-00ad5e0f1655,Ganesh Patel,5996-3975-6577,9932786773,2005-10-04,,Gift,DD-2886-476,17086000.0,
bd424a4a-cf2b-4384-bd28-8b73accb7a8f,b84ce5d5-83e0-4324-b8b8-85efede968a1,Sonia Verma,8271-8228-1452,9890668081,1993-09-14,2010-06-16,Court Decree,DD-5373-731,8417000.0,
d591a842-80c4-42ae-8419-4d6f15475320,b84ce5d5-83e0-4324-b8b8-85efede968a1,Anil Kapoor,5462-7182-2627,9992886483,2010-06-16,2016-06-17,Partition,DD-1712-536,7303000.0,
57b961f1-0d35-4f56-842f-f1cde757a7c8,b84ce5d5-83e0-4324-b8b8-85efede968a1,Suresh Babu Reddy,1833-5551-2299,9883371821,2016-06-17,,Gift,DD-4925-353,8754000.0,
9e1e43f5-bdaf-4eab-8798-085b9c1d8734,421570b8-c820-40ee-b30b-1e341801b2ed,Sushma Swarup,9834-9183-6039,9172014357,1989-10-27,2017-07-12,Partition,DD-8030-224,27213000.0,
8811667f-5dfe-4383-9057-f5fc87823aec,421570b8-c820-40ee-b30b-1e341801b2ed,Kavitha Rao,2040-5107-2783,9879314292,2017-07-12,2019-01-28,Gift,DD-3790-600,28638000.0,
bcd72e58-85ab-4284-9d2d-020e16347514,421570b8-c820-40ee-b30b-1e341801b2ed,Smita Patil,4395-5230-3818,9188216213,2019-01-28,,Court Decree,DD-9243-612,29728000.0,
6ad4ea4c-658c-45a8-9c2a-1d6d8d3079c7,77f26b52-ce7d-4c37-ad9f-27d8cd98a29f,Lalitha Kumari,5356-2809-8612,9797828576,2001-04-22,2002-06-10,Partition,DD-2164-472,13042000.0,
02d26073-4e1d-42ad-83ed-09e3066d4a95,77f26b52-ce7d-4c37-ad9f-27d8cd98a29f,Smita Patil,9979-4779-2384,9206011137,2002-06-10,2009-02-03,Partition,DD-7399-107,12634000.0,
5a32099d-6d07-4848-8d7a-2450bf346944,77f26b52-ce7d-4c37-ad9f-27d8cd98a29f,Ajay Singh,9053-8374-7545,9499907353,2009-02-03,,Partition,DD-6080-479,12963000.0,
d758a351-6f72-46c7-bd11-6b3736f2e69a,90585d0c-8d43-40bf-92b9-35cd267b03b0,Prakash Raj,6907-5900-5519,9252195596,1995-09-25,1997-01-20,Court Decree,DD-9212-599,3135000.0,
e6fd87be-b8be-43a3-bf75-6600ecc5dd3a,90585d0c-8d43-40bf-92b9-35cd267b03b0,Mohammad Arif Khan,6927-1665-7785,9752109446,1997-01-20,1998-07-11,Inheritance,DD-1081-541,0,
5dba6ba2-a037-44c2-b945-075f1097a26c,90585d0c-8d43-40bf-92b9-35cd267b03b0,Balu Mahendra,4803-9621-8074,9943018408,1998-07-11,2017-08-18,Inheritance,DD-9785-578,0,
9ba4e640-7911-4286-ab4d-9ad439fe3fd2,90585d0c-8d43-40bf-92b9-35cd267b03b0,Divya Menon,3288-6001-7797,9563633440,2017-08-18,,Gift,DD-1568-163,3141000.0,
1f1a0db3-ba6a-4405-b65e-248e39efed8c,dd87e3e4-a374-49ca-9ba2-ece1fe5d62ad,Vijay Prakash Rao,6629-2225-5529,9307078979,1995-01-06,2012-10-09,Gift,DD-6824-257,5982000.0,
20841807-6acf-4358-b655-028a41cfb9b7,dd87e3e4-a374-49ca-9ba2-ece1fe5d62ad,Ganesh Patel,9573-4459-6199,9178230638,2012-10-09,2021-05-09,Partition,DD-8495-359,5914000.0,
734218b2-570d-477b-92fe-204bb13e0860,dd87e3e4-a374-49ca-9ba2-ece1fe5d62ad,Prakash Raj,2458-4957-6376,9474840584,2021-05-09,,Partition,DD-9949-304,6565000.0,
92cf9e8f-b143-415d-bf73-256ef205fb88,17d1cb09-24be-43c1-93de-d666e14a623d,Mohan Das,8080-3112-5321,9555876655,1995-03-05,1999-09-23,Court Decree,DD-2816-893,37702000.0,
ce8a5485-577e-4629-ac58-7bdd23356fba,17d1cb09-24be-43c1-93de-d666e14a623d,Ganesh Patel,3754-4210-7444,9960827011,1999-09-23,2002-09-19,Court Decree,DD-6022-749,39143000.0,
46b1cd19-5af4-4b88-91b1-9f1eda82fac2,17d1cb09-24be-43c1-93de-d666e14a623d,Mahesh Babu,2915-8950-8496,9305341645,2002-09-19,2016-03-22,Court Decree,DD-5652-240,40029000.0,
eb5011aa-9761-4cb7-ac53-c3659e3cde93,17d1cb09-24be-43c1-93de-d666e14a623d,Sonia Verma,1796-2482-1064,9240784924,2016-03-22,,Partition,DD-8887-678,45663000.0,
dbe4966c-0ca7-4dfc-8c80-a3ffa4ef1c65,3632be5b-995c-490e-8bda-220d805c25d4,Saritha Devi,5434-7833-3996,9261602831,2000-01-09,2006-03-27,Gift,DD-7270-275,1024000.0,
1c86e83c-f881-44ab-a2c2-f172f0a2ef4e,3632be5b-995c-490e-8bda-220d805c25d4,Smita Patil,4556-4863-4475,9828118684,2006-03-27,2007-07-04,Sale,DD-2537-500,1008000.0,
7c043e9d-1e6a-42e4-aa6c-f1b6273b3f58,3632be5b-995c-490e-8bda-220d805c25d4,Sunita Verma,3154-7279-3100,9446853653,2007-07-04,2017-06-02,Gift,DD-1597-634,920000.0,
b031879b-ef77-41bd-a40d-c21a6b5e0233,3632be5b-995c-490e-8bda-220d805c25d4,Rajesh Gupta,1237-4850-1879,9790636105,2017-06-02,,Inheritance,DD-9822-193,0,
f55500ad-739a-40f4-9d3a-7d6698ebf859,ec372ca3-4c37-47b6-b254-1ffd56214ec5,Rajesh Gupta,1064-5952-4313,9192383671,2001-05-15,1999-08-01,Court Decree,DD-8628-125,13207000.0,
bba79213-3e98-45f3-8481-18f7d30d87a1,ec372ca3-4c37-47b6-b254-1ffd56214ec5,Lalitha Kumari,3849-4860-6382,9854415597,1999-08-01,2006-06-04,Sale,DD-1197-579,13784000.0,
a1bf6150-1780-4731-b50f-5100ad278509,ec372ca3-4c37-47b6-b254-1ffd56214ec5,Anil Kapoor,8777-4614-9020,9568328784,2006-06-04,2012-02-10,Inheritance,DD-3117-874,0,
d6ac4e9f-6ede-491c-8a38-0a05c4c055ec,ec372ca3-4c37-47b6-b254-1ffd56214ec5,Mohammad Arif Khan,8169-3085-8271,9483291305,2012-02-10,,Gift,DD-6622-363,14147000.0,
63b8c9dd-ac45-411e-9856-5e61ea851de6,401b6077-a03d-44d0-820a-82eb0cb79036,Anita Kumari Singh,8154-3582-8742,9764356394,1996-04-27,2009-10-07,Gift,DD-4646-751,1568000.0,
56a22fd4-c5d7-4ecb-9c80-3d8fdc7c3a98,401b6077-a03d-44d0-820a-82eb0cb79036,Sushma Swarup,8314-8752-4095,9331088976,2009-10-07,2010-05-28,Court Decree,DD-6415-616,1446000.0,
2415a058-ca22-48fe-ac20-dda0d97a94a7,401b6077-a03d-44d0-820a-82eb0cb79036,Sonia Verma,1711-4621-8371,9220175475,2010-05-28,2011-06-27,Court Decree,DD-2144-951,1305000.0,
ef2114df-c2f3-486c-8faf-61c692c23c1b,401b6077-a03d-44d0-820a-82eb0cb79036,Pooja Sharma,4971-6941-6161,9596025257,2011-06-27,,Court Decree,DD-2796-251,1624000.0,
917b8daa-05ab-4cea-b759-7b3255432f24,57ef4b34-4b38-4bb0-98cd-1fea9fea1122,Jyoti Prasad,7855-2522-5143,9258220351,1989-12-03,1999-02-02,Gift,DD-4444-943,1145000.0,
37ff8d8b-b3e3-4ca4-a476-120bdd9c8929,57ef4b34-4b38-4bb0-98cd-1fea9fea1122,Anita Kumari Singh,8592-3461-3705,9573989048,1999-02-02,2011-01-13,Inheritance,DD-1122-746,0,
201e3b24-dc80-47b2-bac8-34b689b0a2c7,57ef4b34-4b38-4bb0-98cd-1fea9fea1122,Prakash Raj,9333-1769-9311,9578928966,2011-01-13,,Partition,DD-9195-344,1119000.0,
8947e3f9-c634-4711-b9cc-3f407cdf7816,2e83585f-a25c-48f4-b1b7-bca5d3a40001,Ravi Shankar,5739-5492-7900,9784749182,1989-03-20,1999-02-04,Court Decree,DD-6063-573,14740000.0,
c2d40a30-f0a0-4ac1-acf7-45ea98af2fe7,2e83585f-a25c-48f4-b1b7-bca5d3a40001,Ganesh Patel,5702-7202-6795,9796329331,1999-02-04,,Inheritance,DD-4608-288,0,
9304105e-6479-4542-af21-a4e1ee44f37d,d1af7a77-5b35-4ec3-9e72-7da13cae7a60,Smita Patil,1206-1684-4746,9857352096,1999-09-02,2000-11-08,Court Decree,DD-6913-693,19899000.0,
82c8a71c-234a-4ebc-ae2c-3017e8fa075d,d1af7a77-5b35-4ec3-9e72-7da13cae7a60,Asha Bhosale,3514-3987-7474,9891093737,2000-11-08,2002-07-22,Inheritance,DD-8335-861,0,
98a0e9a2-c199-4f95-98d1-968a9c09ba68,d1af7a77-5b35-4ec3-9e72-7da13cae7a60,Lakshmi Venkatesh,1142-3617-4014,9237312286,2002-07-22,,Gift,DD-9451-362,21988000.0,
0006a2f6-8591-43ae-b53c-0b22a255b67f,cd4a77d4-ed4b-4a00-8aeb-24771c08c13f,Sunita Verma,6926-3434-6101,9820666790,1992-05-20,2024-05-05,Court Decree,DD-3338-224,851000.0,
bbdcd4f2-8d52-45d2-8fd7-b04a6f3bf990,cd4a77d4-ed4b-4a00-8aeb-24771c08c13f,Sonia Verma,7050-1539-2424,9869120358,2024-05-05,,Inheritance,DD-3503-270,0,
6d54da7a-68f9-4cb6-a08f-d64ed4f59087,e51c2425-f524-4a4f-aa52-115e25ff5401,Sridevi Kapoor,6056-4636-8068,9834744201,1997-05-27,1998-03-23,Gift,DD-7541-541,2350000.0,
2c63358f-166d-4e80-af9f-1a8f2115d224,e51c2425-f524-4a4f-aa52-115e25ff5401,Nandini Reddy,3601-6832-1268,9668414781,1998-03-23,2005-02-04,Sale,DD-6067-315,2484000.0,
8e758be6-8d78-414a-8ad0-0a59b7ba4452,e51c2425-f524-4a4f-aa52-115e25ff5401,Uma Shankar,7998-3706-8810,9951216251,2005-02-04,2013-10-19,Gift,DD-6495-693,2291000.0,
3bc3ca6c-f7b5-40aa-a186-d29644d52823,e51c2425-f524-4a4f-aa52-115e25ff5401,Jyoti Prasad,3397-4452-3338,9451537086,2013-10-19,,Inheritance,DD-7176-489,0,
b4fd4374-2e5e-4bf9-93ba-d2257bc2c725,9ffafa56-ddcb-4f26-aac9-a336f982aeb6,Sridevi Kapoor,2424-9959-1789,9506334393,1992-03-15,2003-01-08,Sale,DD-5886-713,3728000.0,
3347ccc9-1d66-4432-b73d-ebbf3421c217,9ffafa56-ddcb-4f26-aac9-a336f982aeb6,Vinod Khanna,7326-9518-9548,9605598512,2003-01-08,,Court Decree,DD-7485-272,3918000.0,
f0cd17e1-c2f1-49b9-afbf-84fa9c5a26fb,b8dde789-f7dc-4404-bf77-c4a46e1de229,Geeta Mahesh Patel,7472-4123-5388,9603494699,1998-08-15,2001-09-15,Sale,DD-9920-353,4151000.0,
c313cf19-dbfe-4880-a0a1-5ed6035ccc92,b8dde789-f7dc-4404-bf77-c4a46e1de229,Harish Chandra,9093-9090-5058,9778215899,2001-09-15,2004-05-28,Partition,DD-2116-923,3753000.0,
2920e493-fe53-4678-92c5-2e519639a793,b8dde789-f7dc-4404-bf77-c4a46e1de229,Rekha Nair,3620-1455-2257,9513987331,2004-05-28,2006-04-22,Court Decree,DD-1038-193,4355000.0,
589f5d2c-5473-4f1e-891e-a97de75e426f,b8dde789-f7dc-4404-bf77-c4a46e1de229,Mahesh Babu,3955-1509-1096,9773432582,2006-04-22,,Inheritance,DD-2569-613,0,
815ac018-ab7e-459b-bf8e-bdd445bbf0bb,f8a92de3-352a-49b7-96c2-2003821799e8,Priya Devi Nair,5012-2600-8479,9621793264,1998-04-11,2009-02-11,Inheritance,DD-6696-718,0,
c70ed984-0824-464d-b432-3d360e6e0fc8,f8a92de3-352a-49b7-96c2-2003821799e8,Ramesh Kumar Sharma,1127-1093-2723,9804544634,2009-02-11,,Gift,DD-7534-689,6231000.0,
08f398be-bb33-419b-8efd-884d161cd8f4,211cbd0a-a2d0-4782-b293-ad448d935708,Seema Malhotra,1176-3185-8907,9251002019,1996-03-14,2002-09-11,Partition,DD-1959-832,10429000.0,
3e8facf5-7130-42da-a01b-c0d4cb6ac11a,211cbd0a-a2d0-4782-b293-ad448d935708,Anita Kumari Singh,1763-4889-9514,9110383376,2002-09-11,2008-08-09,Court Decree,DD-4053-133,12385000.0,
c85d8966-37d2-42f5-91d4-a4eb724ae39f,211cbd0a-a2d0-4782-b293-ad448d935708,Jyoti Prasad,2868-3928-4357,9280100050,2008-08-09,2009-03-16,Court Decree,DD-4311-389,13634000.0,
18549d41-1823-4e65-993d-e6ddf550017a,211cbd0a-a2d0-4782-b293-ad448d935708,Priya Devi Nair,7138-4517-3915,9384862230,2009-03-16,,Sale,DD-7233-782,15304000.0,
36375ae1-aebd-4f07-bbd3-fa28411e0a85,c995d89a-4a07-4111-b57d-9717e66771ea,Geeta Mahesh Patel,2850-8094-8672,9953265568,1992-10-11,2014-08-10,Sale,DD-2367-510,4290000.0,
df914a0a-1cd1-4010-a75a-39eaf9d81c8a,c995d89a-4a07-4111-b57d-9717e66771ea,Sonia Verma,1115-3941-6240,9202918890,2014-08-10,2019-02-27,Court Decree,DD-7740-854,3879000.0,
af4eb60e-637c-46e2-b81c-9ede95254384,c995d89a-4a07-4111-b57d-9717e66771ea,Meena Devi,3773-8082-8248,9351107288,2019-02-27,,Gift,DD-4093-619,3913000.0,
ac694fbd-b3f2-44a2-a48a-20e89f27402d,b52cd150-049c-4413-8385-4c179b362759,Anil Kapoor,8316-2020-4812,9939310825,1993-04-12,2008-11-13,Gift,DD-3683-660,6353000.0,
366bcb5f-62a0-4ee5-badb-6c220dede9d8,b52cd150-049c-4413-8385-4c179b362759,Girish Kumar,9063-1811-1113,9700363977,2008-11-13,2019-12-01,Partition,DD-9260-356,6508000.0,
e467c116-a261-40cd-accd-53d3ab077388,b52cd150-049c-4413-8385-4c179b362759,Seema Malhotra,7434-5466-5818,9992040942,2019-12-01,2022-04-12,Inheritance,DD-1388-766,0,
d8692c0f-7f0d-45a1-b7bf-d46536b70df9,b52cd150-049c-4413-8385-4c179b362759,Asha Bhosale,1127-2379-9151,9275471509,2022-04-12,,Sale,DD-6566-622,6137000.0,
69addc98-2ca2-4adb-a14b-cc6baeadc60b,fa0a268a-6d92-485a-bc0e-cefeb8cb808f,Ajay Singh,6157-2052-2083,9824140148,1987-03-30,1996-11-28,Gift,DD-1482-283,5132000.0,
8ee1f0b2-a781-4152-82c6-ec69dd0f5d93,fa0a268a-6d92-485a-bc0e-cefeb8cb808f,Mohammad Arif Khan,2453-8551-1803,9817574543,1996-11-28,2003-03-22,Partition,DD-5475-976,6314000.0,
3c40052a-a7e8-45c6-afb4-8777f49ab13f,fa0a268a-6d92-485a-bc0e-cefeb8cb808f,Seema Malhotra,8137-9359-7644,9309640161,2003-03-22,2010-04-11,Partition,DD-5448-653,6255000.0,
71393912-cc41-48b2-bc43-96dadd14d0fc,fa0a268a-6d92-485a-bc0e-cefeb8cb808f,Anita Kumari Singh,8337-1413-6044,9781525354,2010-04-11,,Sale,DD-3679-904,7301000.0,
711e8a29-64b1-4dab-a7e3-1d1ac7642388,8b23b48d-36a6-4863-a29d-c4805ba1336a,Vijay Prakash Rao,8370-7916-6020,9455522547,1998-03-20,2011-06-24,Partition,DD-1639-681,3018000.0,
0b3bb44c-1d74-4b3e-b49d-d5736d48bc88,8b23b48d-36a6-4863-a29d-c4805ba1336a,Suresh Babu Reddy,3112-3499-4369,9696054300,2011-06-24,2011-06-28,Sale,DD-8916-990,3709000.0,
aac383f5-96bc-41d1-8e75-c6ba9b0352d6,8b23b48d-36a6-4863-a29d-c4805ba1336a,Kavitha Rao,6002-8407-9270,9274120960,2011-06-28,2022-02-15,Sale,DD-5121-820,4614000.0,
c6c3f66b-e839-4c4d-af02-b12128e72275,8b23b48d-36a6-4863-a29d-c4805ba1336a,Sunita Verma,3437-1971-6788,9783018958,2022-02-15,,Partition,DD-8543-772,4173000.0,
d698890b-7fe1-41fa-91e1-7d5ac8759a81,aeb97395-5255-4a2a-b843-590eea813031,Sunil Shetty,6051-7293-5688,9673072617,1994-09-11,2011-09-22,Partition,DD-4202-831,13984000.0,
4c7cda77-b891-43e6-a281-5943be1520b3,aeb97395-5255-4a2a-b843-590eea813031,Ravi Shankar,4809-6228-7437,9954767610,2011-09-22,2016-04-13,Gift,DD-5367-238,15675000.0,
cbbb161a-7a6a-4743-ae4e-0ee3de623d40,aeb97395-5255-4a2a-b843-590eea813031,Mohammad Arif Khan,7820-8437-7639,9278264364,2016-04-13,2018-02-13,Gift,DD-3144-827,14827000.0,
860f46bd-6468-40d8-b1d3-f21fdef9fd39,aeb97395-5255-4a2a-b843-590eea813031,Dinesh Patil,4698-4844-6107,9103192203,2018-02-13,,Inheritance,DD-8754-354,0,
ff8f88d4-3244-4c84-b462-9648c9a3a3a5,f0983ee5-438d-49c4-9683-90fb4f0c4717,Mahesh Babu,2920-6021-4332,9390871424,1989-10-31,2000-11-19,Sale,DD-5641-382,10768000.0,
d3c1895f-8c5f-4848-9631-3da0a8603a47,f0983ee5-438d-49c4-9683-90fb4f0c4717,Prakash Raj,6562-5344-5341,9414636214,2000-11-19,,Gift,DD-3413-186,9487000.0,
8d067f75-6076-46d7-892f-241735bd6af6,23172991-4718-4e27-a801-42e4121e317f,Nandini Reddy,8244-3843-5148,9573441887,1990-10-05,2007-08-24,Gift,DD-3916-700,46796000.0,
6040545e-1c1e-409a-8feb-7331545363df,23172991-4718-4e27-a801-42e4121e317f,Nitin Gadkari,9655-9123-7138,9921062022,2007-08-24,2016-04-30,Inheritance,DD-6295-319,0,
89f613ae-91a9-46c9-8123-270c89b8fbb2,23172991-4718-4e27-a801-42e4121e317f,Ramesh Kumar Sharma,2001-8613-6178,9969216601,2016-04-30,,Court Decree,DD-2937-468,44266000.0,
ab418df2-94c8-4425-9fdf-79e44bc71a9e,05e99aec-22f3-458b-b0e6-515c20d1a40e,Uma Shankar,7290-3752-6055,9320748541,1990-01-31,1999-05-15,Inheritance,DD-8838-647,0,
6d6d9611-7302-461b-ba70-07d459fe5f1d,05e99aec-22f3-458b-b0e6-515c20d1a40e,Ramesh Kumar Sharma,7975-7893-7377,9222655545,1999-05-15,2014-08-03,Sale,DD-2163-375,17699000.0,
08a657e5-e7ef-4f47-a32a-0fec182ddec4,05e99aec-22f3-458b-b0e6-515c20d1a40e,Uma Shankar,7770-4970-8305,9432335466,2014-08-03,,Sale,DD-7186-928,21167000.0,
86a5f36a-4e22-4ebf-af49-c49ae6bc793b,ff2aa7b8-3df7-4191-9005-61ff7c8ef81e,Divya Menon,3704-9865-7809,9947399784,1993-08-05,2012-12-06,Sale,DD-5166-879,7606000.0,
aa64ce27-71a1-4819-b972-e638fd50840f,ff2aa7b8-3df7-4191-9005-61ff7c8ef81e,Arun Prakash,1984-7407-2309,9383761498,2012-12-06,,Court Decree,DD-4716-754,6872000.0,
f221c425-908a-425e-a8de-b3d32023315d,563ac0ee-2006-4634-9e5f-2b4942b2ac5a,Rani Mukherjee,7932-2109-6799,9721498130,1989-11-07,2017-10-28,Inheritance,DD-5041-822,0,
5e5f560d-d423-4eb0-a59c-b25d9a9a2af4,563ac0ee-2006-4634-9e5f-2b4942b2ac5a,Asha Bhosale,5477-8486-6302,9808345442,2017-10-28,,Gift,DD-3779-631,2834000.0,
7ea5b01a-dc46-4c65-83a5-864ba860eb79,63c4b3a1-5856-41f0-88b9-2d30db58b44c,Rajesh Gupta,4766-1912-4872,9466146104,1992-07-26,2009-03-15,Court Decree,DD-2693-424,633000.0,
673c90db-04e9-4fff-ae2f-b7ac67e25858,63c4b3a1-5856-41f0-88b9-2d30db58b44c,Pooja Sharma,7714-7276-7971,9869537111,2009-03-15,2016-06-27,Partition,DD-1416-995,572000.0,
c8ad0eee-5609-4da3-a8c6-711f24f69463,63c4b3a1-5856-41f0-88b9-2d30db58b44c,Balu Mahendra,8667-7435-1280,9622020655,2016-06-27,2018-10-02,Sale,DD-7867-316,568000.0,
91170e9b-da69-4915-8d1f-d6a6f9200dcd,63c4b3a1-5856-41f0-88b9-2d30db58b44c,Anita Kumari Singh,2451-9198-5767,9239082434,2018-10-02,,Gift,DD-2341-916,522000.0,
f1840eb8-2bb2-4539-adac-9b03589355a0,5e8611b9-63f9-4a84-9b06-e27a4c151461,Smita Patil,6939-6287-8516,9339990980,1988-05-20,2017-12-25,Gift,DD-1623-942,8311000.0,
cdb00f04-136b-4bbc-86a4-e11897488f67,5e8611b9-63f9-4a84-9b06-e27a4c151461,Saritha Devi,6777-3534-6410,9181656495,2017-12-25,2019-05-13,Partition,DD-5128-673,9765000.0,
687691fc-6eb4-4a29-b1a3-ec169d40fd48,5e8611b9-63f9-4a84-9b06-e27a4c151461,Mohan Das,5758-7869-8503,9951594722,2019-05-13,2020-06-30,Inheritance,DD-3794-438,0,
71aa05cb-f16e-4633-a619-babe192f765c,5e8611b9-63f9-4a84-9b06-e27a4c151461,Asha Bhosale,3783-3585-8869,9732421574,2020-06-30,,Court Decree,DD-1841-184,10877000.0,
6009d5c9-1057-40b0-a9fa-b5b5d8172778,07913131-1c5f-4de3-85de-a25d28a2fbe4,Jyoti Prasad,6240-8696-6245,9337700851,1998-01-02,2009-11-22,Sale,DD-3111-389,2531000.0,
914a84a1-5e91-44ed-a2d3-f869317e3b9f,07913131-1c5f-4de3-85de-a25d28a2fbe4,Sunita Verma,8898-7145-5057,9458317756,2009-11-22,,Court Decree,DD-6582-170,2867000.0,
b5946405-0de3-4c20-a4bf-dc41d2dcb984,e069c84a-e53a-4be8-9c22-62fa45edc94b,Nandini Reddy,1672-5699-2677,9864395076,1988-01-29,1997-11-11,Inheritance,DD-4580-808,0,
8ce9c7a3-19cb-47b4-9cb8-486a5960495b,e069c84a-e53a-4be8-9c22-62fa45edc94b,Sridevi Kapoor,1790-5017-4315,9989350324,1997-11-11,2005-09-24,Court Decree,DD-2080-592,25747000.0,
d0915bdf-8fcb-4fa4-b8bf-be5efb0d7509,e069c84a-e53a-4be8-9c22-62fa45edc94b,Mahesh Babu,5782-5609-2422,9668160786,2005-09-24,2013-10-21,Inheritance,DD-2001-616,0,
4a842b5f-665a-496c-9292-f3aaa6397a41,e069c84a-e53a-4be8-9c22-62fa45edc94b,Ranjit Kumar,1888-3961-1260,9776952522,2013-10-21,,Gift,DD-5092-529,28607000.0,
a7744223-8237-4b92-a0ab-1f9605a9d941,5d93f0d9-bccc-49d1-9236-39c5fb20edb3,Nandini Reddy,2815-6420-5097,9316941329,1988-12-23,2015-10-01,Gift,DD-1953-313,1123000.0,
e5b10c9f-08f7-403e-9fe1-437f119c9e89,5d93f0d9-bccc-49d1-9236-39c5fb20edb3,Deepika Mehta,7255-4347-6163,9498856234,2015-10-01,2020-09-01,Gift,DD-2819-210,1360000.0,
e7ba0269-533e-4a1e-8872-2860e3c74cef,5d93f0d9-bccc-49d1-9236-39c5fb20edb3,Anita Kumari Singh,9804-3216-4148,9842113962,2020-09-01,,Inheritance,DD-4850-942,0,
0961a180-9131-4966-8795-44d0b2ff5344,c900f318-8f5d-4c12-9c0e-c344ea281d2b,Vijay Prakash Rao,7882-5680-5008,9888943134,1988-11-08,1997-02-03,Gift,DD-9307-588,642000.0,
ecad46a1-ca6c-4f61-9c6f-12520f18e4eb,c900f318-8f5d-4c12-9c0e-c344ea281d2b,Rohit Sharma,8431-5083-1893,9287115503,1997-02-03,2012-04-04,Gift,DD-3225-564,725000.0,
2fdb9319-6374-4698-a24b-1c7d87e30ec6,c900f318-8f5d-4c12-9c0e-c344ea281d2b,Asha Bhosale,8831-3766-6650,9280097415,2012-04-04,2012-08-11,Court Decree,DD-5618-154,743000.0,
4629cc58-0d74-4a5e-8b0c-dd8516d2b1a8,c900f318-8f5d-4c12-9c0e-c344ea281d2b,Mahesh Babu,9310-4379-8437,9596172863,2012-08-11,,Sale,DD-3583-334,852000.0,
1c2fbcca-4055-4920-9848-8649abddba4f,65c313f1-3c29-4bec-883c-561947652869,Asha Bhosale,3365-4903-1096,9132397255,1997-02-17,2010-02-19,Gift,DD-5891-542,3935000.0,
85f8bffa-3688-41db-b98a-3c5ccf3a144f,65c313f1-3c29-4bec-883c-561947652869,Santosh Kumar,9623-7155-9118,9678043484,2010-02-19,2012-07-30,Gift,DD-2188-479,3612000.0,
df4d1ba4-feba-41db-ad5e-8d75f7678393,65c313f1-3c29-4bec-883c-561947652869,Ramesh Kumar Sharma,2132-9226-8699,9918290536,2012-07-30,,Gift,DD-6410-361,3784000.0,
f8210f10-bc09-4e94-9089-55440e6f5355,b8670722-fff0-4b28-a3bc-678dc2746b6c,Ranjit Kumar,1702-5066-2734,9544105425,1989-06-18,2006-04-03,Sale,DD-9114-347,5886000.0,
d32286ca-9746-45a8-9a1b-34c119fc684a,b8670722-fff0-4b28-a3bc-678dc2746b6c,Mohan Das,8984-3089-2438,9513756943,2006-04-03,2019-10-24,Sale,DD-4630-779,5705000.0,
276359bb-fc08-4635-81c4-4ee7bd1b49f5,b8670722-fff0-4b28-a3bc-678dc2746b6c,Arun Prakash,8992-6657-5728,9795352013,2019-10-24,,Gift,DD-6735-592,5588000.0,
b1110a52-99e4-473b-86aa-81110cd52f5b,c499f119-7f3f-4d4b-bc14-3fd24a556b0c,Naresh Kumar,1706-4924-7890,9901300139,1998-06-27,2010-09-09,Partition,DD-7792-673,1788000.0,
6dc81b42-f7fa-45f1-9ce8-dae2476ae3a2,c499f119-7f3f-4d4b-bc14-3fd24a556b0c,Smita Patil,1231-6597-7070,9436707793,2010-09-09,2016-11-10,Inheritance,DD-7357-356,0,
c24f41bf-3112-4be9-b563-e701824677d7,c499f119-7f3f-4d4b-bc14-3fd24a556b0c,Mohammad Arif Khan,4589-4392-6475,9545953015,2016-11-10,2021-03-31,Sale,DD-7771-219,2137000.0,
a835a315-3db6-4530-bd9d-d839e6c8d6db,c499f119-7f3f-4d4b-bc14-3fd24a556b0c,Meena Devi,7085-2222-9368,9259548043,2021-03-31,,Inheritance,DD-4069-234,0,
ebd55f6c-3051-44b8-8d8d-f7172509efc2,11441a91-b2ca-4056-8ef8-57222609534a,Rekha Nair,9104-1834-5257,9860876452,1998-11-05,1999-09-04,Court Decree,DD-7960-329,1973000.0,
1c391828-70b5-4775-9ab4-7fa7fcd90854,11441a91-b2ca-4056-8ef8-57222609534a,Arun Prakash,3956-6694-2287,9553072103,1999-09-04,2004-10-14,Inheritance,DD-7368-684,0,
37848214-2028-4c78-bd0b-4f04d7c6ebf4,11441a91-b2ca-4056-8ef8-57222609534a,Geeta Mahesh Patel,3197-8908-5613,9535258977,2004-10-14,2014-06-19,Gift,DD-3181-340,1680000.0,
4cc80ded-1a97-4ea8-9415-aeff4600fb78,11441a91-b2ca-4056-8ef8-57222609534a,Harish Chandra,2768-2482-9231,9556605807,2014-06-19,,Court Decree,DD-1163-213,1756000.0,
00267308-6907-43af-aed1-82330fd1c3c3,979983ca-42b5-40c4-bbcb-fda0dec4ebc2,Suresh Babu Reddy,4556-3610-8680,9318226666,1999-05-22,2024-06-28,Gift,DD-1137-958,2162000.0,
b9ed9db4-fb6e-43b8-8993-fca4dc81d471,979983ca-42b5-40c4-bbcb-fda0dec4ebc2,Sunil Shetty,3852-8282-5990,9845997304,2024-06-28,,Sale,DD-4571-870,1948000.0,
28bd3abb-8b88-4dea-a943-34dbd00ea0ad,95ce715b-b311-4413-ac49-326e7280c5cd,Rekha Nair,9233-2287-8645,9620149143,1991-11-27,2015-06-18,Sale,DD-2687-196,1271000.0,
88d80973-6a98-40fa-bbe1-da5162a61b5e,95ce715b-b311-4413-ac49-326e7280c5cd,Uma Shankar,7411-7945-7306,9522242485,2015-06-18,,Court Decree,DD-1491-928,1558000.0,
4c233897-d6d4-4d3b-9c23-4397ed82210c,0d8f216c-136d-4de5-ad0c-2bb9008c4be9,Sunita Verma,3544-5111-6618,9235446522,1991-07-13,2009-12-15,Inheritance,DD-2763-775,0,
6a8bc44d-9dce-4e67-a038-c5150e04e2a5,0d8f216c-136d-4de5-ad0c-2bb9008c4be9,Vijay Prakash Rao,6608-1777-5088,9158534615,2009-12-15,2017-11-17,Partition,DD-6407-524,1868000.0,
2cd31642-8a2b-488a-a1a2-f55f1df6c7e9,0d8f216c-136d-4de5-ad0c-2bb9008c4be9,Anita Kumari Singh,8472-2098-3061,9852702510,2017-11-17,,Gift,DD-7599-613,1928000.0,
2316f471-4475-438e-aee8-ec7bcca1e060,d20f01b8-19dd-4a70-ae9a-462f5c7dd6d9,Smita Patil,6675-3255-9325,9278803220,1992-09-04,2010-04-10,Sale,DD-7688-977,708000.0,
381b0dc8-3c38-4de3-b22c-0245ca63bc84,d20f01b8-19dd-4a70-ae9a-462f5c7dd6d9,Jyoti Prasad,6370-5405-1388,9240703390,2010-04-10,,Inheritance,DD-7336-211,0,
8ff8849c-47e5-4aad-86cd-a0af625dabf0,3e1daad8-6999-44e3-b50f-0554b643f6c4,Ajay Singh,8267-9447-4072,9252092377,1994-01-06,2004-07-08,Sale,DD-7021-708,7002000.0,
d4b5c441-85d3-41bf-a706-7bcefb3743e2,3e1daad8-6999-44e3-b50f-0554b643f6c4,Rohit Sharma,4084-7285-1250,9225651756,2004-07-08,2007-12-28,Inheritance,DD-6973-874,0,
8a1484eb-8698-4a8a-8e0d-b048a7fbeedd,3e1daad8-6999-44e3-b50f-0554b643f6c4,Prakash Raj,1502-7800-7272,9213897976,2007-12-28,2022-03-07,Court Decree,DD-5665-189,6384000.0,
0c24f12d-6ca9-48bc-82c8-a332d7cde577,3e1daad8-6999-44e3-b50f-0554b643f6c4,Suresh Babu Reddy,9700-9072-9763,9144654931,2022-03-07,,Court Decree,DD-6360-787,6013000.0,
8bf5326e-447f-4b13-a0dd-65247c74d60d,ef6e3845-cc91-4aef-bb40-dd6b801379cb,Sridevi Kapoor,6924-7889-8913,9101032187,1999-03-15,2001-06-18,Gift,DD-9245-329,2348000.0,
30b659d5-7c89-4a1d-b1c5-e6be366efc66,ef6e3845-cc91-4aef-bb40-dd6b801379cb,Ramesh Kumar Sharma,6693-7645-6340,9626545405,2001-06-18,,Partition,DD-2648-693,2586000.0,
a777db55-48c4-4906-8f65-5cb7c77597f3,048bacd3-08f5-4fb9-9902-423448239b01,Rekha Nair,6415-4479-2548,9246671444,1993-10-24,2021-10-22,Court Decree,DD-8024-646,4166000.0,
45a7cee2-f082-464b-aba8-3ed4d1aa887e,048bacd3-08f5-4fb9-9902-423448239b01,Smita Patil,3093-6181-5458,9631864955,2021-10-22,2022-02-27,Court Decree,DD-3885-532,4939000.0,
5116ced0-e5c3-4955-867e-408f6f70be87,048bacd3-08f5-4fb9-9902-423448239b01,Asha Bhosale,9448-1847-6011,9115171208,2022-02-27,,Court Decree,DD-1797-802,4263000.0,
b6f0240b-469c-4147-abee-925f7181c36d,2a33b12e-7bfd-4d38-bf24-6bfd2bbb5ad9,Suresh Babu Reddy,5526-2714-4451,9215225948,1994-09-03,2004-05-25,Partition,DD-4800-939,2216000.0,
d0398591-b36f-4662-bc24-a3b08dccdac5,2a33b12e-7bfd-4d38-bf24-6bfd2bbb5ad9,Sridevi Kapoor,9156-2108-9579,9335187170,2004-05-25,2019-12-12,Court Decree,DD-9702-425,2722000.0,
f786d937-1c9f-45dc-b582-0744dc2aea79,2a33b12e-7bfd-4d38-bf24-6bfd2bbb5ad9,Ramesh Kumar Sharma,6736-5813-3061,9808986822,2019-12-12,,Inheritance,DD-2789-305,0,
7bb0e2b8-b2f3-49ec-88b7-a77491465c48,1f563944-a178-44e8-9583-8aaa3cb28651,Rani Mukherjee,8334-7860-8671,9517888388,1990-03-16,1997-03-06,Inheritance,DD-5045-671,0,
56187df2-71e8-466a-9d20-b6bfea7fd1d3,1f563944-a178-44e8-9583-8aaa3cb28651,Rekha Nair,9578-6245-2163,9316909282,1997-03-06,1997-12-10,Partition,DD-1594-747,5804000.0,
babe9594-7782-4e60-aadd-3b23bfe82024,1f563944-a178-44e8-9583-8aaa3cb28651,Girish Kumar,8706-4569-9745,9595140473,1997-12-10,2014-10-13,Gift,DD-1273-763,5427000.0,
44751410-ecfc-43cc-8496-a266598162ac,1f563944-a178-44e8-9583-8aaa3cb28651,Sunita Verma,1349-9651-2637,9648181116,2014-10-13,,Gift,DD-5754-785,6132000.0,
4a501c7d-2ff5-49bc-abd4-f3bb21c45b08,fe722799-90c4-4a76-9ffa-8f8697e272ce,Seema Malhotra,7651-8410-9082,9176746697,1994-02-07,2023-07-05,Court Decree,DD-7798-157,9334000.0,
69a7e791-a040-46a6-9cd9-f69091e6bf1c,fe722799-90c4-4a76-9ffa-8f8697e272ce,Lalitha Kumari,3208-1546-4730,9163431843,2023-07-05,,Court Decree,DD-3237-821,10854000.0,
5f29d6ab-356a-41ef-9a31-114a17d35a66,dd977c56-32dc-4c39-be6e-88758c1dfd00,Sushma Swarup,7786-8809-5239,9849486314,1991-08-07,2002-04-01,Partition,DD-2050-293,18273000.0,
11e7ae75-a6ed-4ce5-b1e1-f0903464e75b,dd977c56-32dc-4c39-be6e-88758c1dfd00,Asha Bhosale,4749-8415-6839,9921968115,2002-04-01,2021-07-27,Gift,DD-2552-811,20978000.0,
c0bfd75d-0683-492b-af3d-f22653383442,dd977c56-32dc-4c39-be6e-88758c1dfd00,Saritha Devi,5922-5868-9490,9671062765,2021-07-27,,Inheritance,DD-6823-554,0,
f1baec3d-9b6e-4f29-94fb-6fcb7b66aefe,0df91240-2cbe-4806-91c6-dff90175f516,Lalitha Kumari,7778-9717-1151,9753393300,1986-09-15,2009-02-24,Partition,DD-1607-764,15951000.0,
0fe7506c-5d26-432a-bdfc-0fd9ec00435c,0df91240-2cbe-4806-91c6-dff90175f516,Mohammad Arif Khan,4659-5246-8109,9447474589,2009-02-24,2024-04-27,Court Decree,DD-4314-616,18249000.0,
e75a87f1-2b37-44c3-99c0-8307923d27ab,0df91240-2cbe-4806-91c6-dff90175f516,Nandini Reddy,8017-1845-5073,9771738473,2024-04-27,,Sale,DD-3907-877,19051000.0,
ec5266a7-7cfe-4cae-a156-3f79a494a37b,40d93121-49e8-4b0c-b380-6e87a19fff89,Rekha Nair,5412-3381-8601,9195212147,1998-09-16,1997-05-15,Court Decree,DD-1123-943,27675000.0,
638a5582-e5d3-4db9-96a3-c2968bbafb26,40d93121-49e8-4b0c-b380-6e87a19fff89,Lalitha Kumari,7384-3632-9376,9778537429,1997-05-15,2017-03-10,Partition,DD-2803-781,29339000.0,
8536174f-9ddf-46d2-b9b6-436a39279b04,40d93121-49e8-4b0c-b380-6e87a19fff89,Smita Patil,3946-4532-8690,9126398432,2017-03-10,,Partition,DD-8580-853,27883000.0,
1a9df872-f276-45c0-8da2-3a7edd96bac3,295c5524-d150-42b8-879e-75df97e06afe,Balu Mahendra,5107-2553-9221,9487116976,1999-01-28,2006-11-06,Sale,DD-7418-289,34276000.0,
d2a4b95e-2619-49ca-aa87-601b7ead3547,295c5524-d150-42b8-879e-75df97e06afe,Rani Mukherjee,3690-6214-9827,9668908259,2006-11-06,,Gift,DD-6598-476,32949000.0,
1b24e49e-b52f-470c-b026-71b51590b621,9c1fa4fe-3faf-4212-afa3-c00bd342546f,Sunita Verma,3420-7007-1977,9663187307,1996-09-10,2005-07-18,Court Decree,DD-8154-769,12952000.0,
1841e58c-a57b-4a68-ad19-4fb6505e58f8,9c1fa4fe-3faf-4212-afa3-c00bd342546f,Rani Mukherjee,6140-7323-5786,9771203352,2005-07-18,2024-04-26,Partition,DD-3828-970,13806000.0,
e38c703a-4e0d-43bc-acf0-e7d26cec7798,9c1fa4fe-3faf-4212-afa3-c00bd342546f,Sridevi Kapoor,1828-9582-9818,9287731920,2024-04-26,,Inheritance,DD-5883-548,0,
64c6afd3-8766-4e47-800b-a327596f3406,22b9b53b-826a-4bc7-8248-528d201d771f,Ajay Singh,6105-1804-9447,9986235770,1994-09-15,1997-06-08,Inheritance,DD-4399-817,0,
f3d7cbda-1e0d-423e-b188-bc8ce164ab69,22b9b53b-826a-4bc7-8248-528d201d771f,Uma Shankar,2479-8096-4924,9372866860,1997-06-08,2004-07-23,Gift,DD-9185-388,6939000.0,
85beb8de-caaf-4af8-9c8c-11ebc83d0650,22b9b53b-826a-4bc7-8248-528d201d771f,Vijay Prakash Rao,2000-2604-7360,9542433848,2004-07-23,2012-05-04,Inheritance,DD-1566-334,0,
4118f5b8-bd2f-442a-99f2-00a427609ac2,22b9b53b-826a-4bc7-8248-528d201d771f,Arun Prakash,3354-9587-5491,9489589107,2012-05-04,,Inheritance,DD-7149-541,0,
264bbbb4-dfaa-4a51-8aa2-b1e78cdca7c9,b95decb4-05f8-4911-91f0-936bace7d0d6,Ramesh Kumar Sharma,5852-7862-1288,9784126323,1992-06-27,2000-07-27,Sale,DD-3992-987,19160000.0,
2c5d72f7-ae13-4403-b11d-7e26ea499839,b95decb4-05f8-4911-91f0-936bace7d0d6,Dinesh Patil,4264-9374-2735,9983503194,2000-07-27,2004-04-23,Sale,DD-8244-368,20980000.0,
98601348-b68a-43b1-9a05-e9f5f753cc5b,b95decb4-05f8-4911-91f0-936bace7d0d6,Priya Devi Nair,7822-7371-9054,9685929023,2004-04-23,2019-06-17,Partition,DD-3197-419,20161000.0,
c2f4544a-9df3-4e92-9435-eb3de64ba957,b95decb4-05f8-4911-91f0-936bace7d0d6,Kavitha Rao,3416-2247-8054,9474892494,2019-06-17,,Court Decree,DD-5716-427,25094000.0,
09daa664-63ab-4fa5-96fe-132f0d8cfd7e,289be1fe-8d05-4c79-a63d-312212912a69,Meena Devi,9861-6567-4833,9338773681,1987-09-19,2015-05-19,Sale,DD-7973-544,24000000.0,
e8e6fe82-6b1a-47f6-9ab6-15b797fb3464,289be1fe-8d05-4c79-a63d-312212912a69,Lakshmi Venkatesh,5173-8456-6190,9483145171,2015-05-19,2017-12-27,Inheritance,DD-2999-611,0,
0cf804b0-88c8-4918-9151-fd06cc31bb20,289be1fe-8d05-4c79-a63d-312212912a69,Vinod Khanna,3717-5795-3912,9268163162,2017-12-27,2023-04-27,Gift,DD-2081-274,25804000.0,
8ceaced0-6d25-4062-9318-dc62a69e3a95,289be1fe-8d05-4c79-a63d-312212912a69,Vinod Khanna,2183-6841-3965,9151065722,2023-04-27,,Sale,DD-3947-619,31824000.0,
14bbc26f-f3bc-46bd-9003-8ae12664d4e9,4260366b-3142-4ce8-9cdc-c5127567456e,Rekha Nair,6986-1750-3758,9622207816,2000-06-26,2000-05-18,Sale,DD-5047-937,28428000.0,
15580b31-412e-4f91-b05b-ca17dcb6638d,4260366b-3142-4ce8-9cdc-c5127567456e,Ravi Shankar,4774-9287-5615,9417492375,2000-05-18,2016-06-17,Gift,DD-7511-933,25892000.0,
1b6f6a13-a81a-4b05-a683-82a3e2addcd8,4260366b-3142-4ce8-9cdc-c5127567456e,Pooja Sharma,5208-4448-5358,9265742617,2016-06-17,2021-02-27,Sale,DD-4800-593,28661000.0,
7d5fe951-e107-44f0-a748-1a4a44adee45,4260366b-3142-4ce8-9cdc-c5127567456e,Sunita Verma,4682-1430-9564,9541186445,2021-02-27,,Court Decree,DD-6838-855,30375000.0,
948ccd72-634a-476e-87d2-9c2added8c90,cc2879eb-8657-4a48-a36c-ecd9f91ef6d1,Meena Devi,8709-4792-2756,9842830716,1996-07-14,2002-01-16,Sale,DD-1851-594,2926000.0,
2ecfc74d-d241-443c-a64c-72b7a4a6d13b,cc2879eb-8657-4a48-a36c-ecd9f91ef6d1,Meena Devi,1161-1484-4283,9862383787,2002-01-16,2008-06-19,Sale,DD-8727-227,3054000.0,
f1986908-9b54-4089-baba-1c2025d976fc,cc2879eb-8657-4a48-a36c-ecd9f91ef6d1,Nandini Reddy,5539-9682-7490,9453855809,2008-06-19,,Gift,DD-6841-503,3241000.0,
023d5a92-7f19-455b-a0e0-3f7db4596cd1,411405e1-e877-460b-93fa-1b6647a87916,Rohit Sharma,5620-1077-6015,9331869206,1992-08-04,2000-08-27,Gift,DD-3175-909,2243000.0,
e47536a7-3bec-4e8f-b619-09a53547c49e,411405e1-e877-460b-93fa-1b6647a87916,Ajay Singh,1298-3240-7486,9752513351,2000-08-27,2008-11-10,Court Decree,DD-5047-892,2234000.0,
97c51366-203c-4fd1-b6c6-ac5bfd950e71,411405e1-e877-460b-93fa-1b6647a87916,Revathy Nair,8054-7860-5745,9700135298,2008-11-10,2012-06-26,Gift,DD-8915-551,2233000.0,
8e7dbe2c-19e1-4be7-b4cd-9ee747e53e68,411405e1-e877-460b-93fa-1b6647a87916,Ranjit Kumar,4216-7559-8698,9661824408,2012-06-26,,Sale,DD-4555-782,2560000.0,
fd884926-9a84-42ce-ab22-a301249bd76f,c53123ad-96c6-4a6b-99d4-1e0fb1260a65,Vinod Khanna,8667-4878-5755,9856790471,1996-10-20,2004-02-12,Gift,DD-4083-285,30113000.0,
99fe21a0-44f8-42b9-941f-0dee490c2b87,c53123ad-96c6-4a6b-99d4-1e0fb1260a65,Sonia Verma,9009-5990-8459,9453307378,2004-02-12,2008-02-26,Sale,DD-2523-186,28655000.0,
7f0fc436-28d8-4a96-9779-51c86b6e00be,c53123ad-96c6-4a6b-99d4-1e0fb1260a65,Nitin Gadkari,8365-8589-1605,9395772324,2008-02-26,2018-08-05,Gift,DD-9019-306,32059000.0,
77c875cc-f908-428e-8267-c4cd19bcd65a,c53123ad-96c6-4a6b-99d4-1e0fb1260a65,Prakash Raj,9749-2111-6079,9491479802,2018-08-05,,Court Decree,DD-1652-689,39855000.0,
0ea224fc-32bb-40e4-ad33-4a5fa8ac326d,29e4eea9-4fa1-443b-bc52-fbec122d8b4c,Ganesh Patel,3646-2705-9238,9808923100,1992-11-16,2016-06-25,Gift,DD-4515-132,4222000.0,
fad8ea5d-c33e-489b-a78e-327b767db9ca,29e4eea9-4fa1-443b-bc52-fbec122d8b4c,Mohammad Arif Khan,7952-2652-7343,9443892326,2016-06-25,2022-02-12,Court Decree,DD-8476-777,4355000.0,
d485f201-908c-4f66-b703-98120a30a3e6,29e4eea9-4fa1-443b-bc52-fbec122d8b4c,Ravi Shankar,6049-2149-2945,9134412965,2022-02-12,,Court Decree,DD-8579-285,4105000.0,
35702ef3-096e-45ae-8f59-4fa594870602,2645cf06-e196-45e0-8697-4bdaa116dcc3,Priya Devi Nair,9680-5787-2637,9872066224,1987-08-16,2007-10-26,Court Decree,DD-2048-739,24297000.0,
b9defda5-45c6-49ea-bb76-883b7a6591fc,2645cf06-e196-45e0-8697-4bdaa116dcc3,Prakash Raj,4717-2011-5556,9330322489,2007-10-26,2023-09-25,Gift,DD-6484-996,24228000.0,
a5db60d0-1e64-489b-9f74-7a0975a381a4,2645cf06-e196-45e0-8697-4bdaa116dcc3,Asha Bhosale,7036-7611-9094,9123406027,2023-09-25,,Partition,DD-7821-308,21795000.0,
c775f61c-0aa2-470a-94ed-be9f7cbdf841,384072df-c99b-47d8-b441-fc0c9a3d96fb,Sunil Shetty,3643-3891-9246,9810519796,1998-06-10,2014-10-11,Court Decree,DD-8967-262,10390000.0,
cbde2be4-1d49-41a5-aba7-710b075b7322,384072df-c99b-47d8-b441-fc0c9a3d96fb,Harish Chandra,5380-5237-8953,9718178075,2014-10-11,,Gift,DD-6005-257,10716000.0,
6dc4db0d-6ab6-482d-988b-dfe8d959ed34,752c2adb-8a0d-4803-b515-8c4964df7998,Santosh Kumar,6809-1903-8047,9844319912,1996-04-20,2014-05-05,Gift,DD-4072-701,14484000.0,
e85e3154-cc32-4036-affc-cafeaf7faad1,752c2adb-8a0d-4803-b515-8c4964df7998,Sunita Verma,7574-1033-2750,9610525471,2014-05-05,,Partition,DD-8529-223,15546000.0,
85a341ce-704d-4d57-a7bc-156a66942bfd,ed3168c1-577b-487d-a8f1-1c94b6d04d9a,Mohan Das,6337-1151-7724,9955511510,1987-02-26,2003-12-25,Partition,DD-2680-549,10755000.0,
482f6866-2315-439d-85aa-471e92ed68d0,ed3168c1-577b-487d-a8f1-1c94b6d04d9a,Jyoti Prasad,1385-5818-4451,9649456052,2003-12-25,2018-10-25,Gift,DD-3923-813,11114000.0,
6bd61063-9d8f-4471-bffe-0027ad0bd1fe,ed3168c1-577b-487d-a8f1-1c94b6d04d9a,Smita Patil,8567-7514-3219,9280334937,2018-10-25,2023-07-12,Court Decree,DD-2649-598,13485000.0,
05258cb9-8b09-4215-a1bd-4f41e4951d14,ed3168c1-577b-487d-a8f1-1c94b6d04d9a,Naresh Kumar,5039-2177-7492,9787570156,2023-07-12,,Partition,DD-1567-247,15444000.0,
b609739d-c048-440a-87fe-75a827fb7f40,bd28c65b-1785-41d0-92cf-95fb8c56cd24,Ravi Shankar,5216-1483-8721,9343132816,1990-02-24,2020-03-31,Inheritance,DD-7436-166,0,
05288e3d-6835-4586-a674-996f449969c5,bd28c65b-1785-41d0-92cf-95fb8c56cd24,Balu Mahendra,1908-8077-7289,9571429124,2020-03-31,,Sale,DD-3212-258,4974000.0,
0b86873d-bd69-41c8-b79f-896939fcbcd4,fee2507f-0fa1-4345-8d50-e869d001db7b,Kavitha Rao,7195-8267-7305,9418485256,1997-04-28,1997-10-05,Gift,DD-8423-329,11080000.0,
1baf5afb-06ce-4b84-959d-a8c1d844382c,fee2507f-0fa1-4345-8d50-e869d001db7b,Smita Patil,2805-6165-2952,9132397338,1997-10-05,2015-03-16,Gift,DD-6443-952,11068000.0,
c5200189-1788-4426-9adb-b6cbf189d29b,fee2507f-0fa1-4345-8d50-e869d001db7b,Mahesh Babu,9154-1137-6966,9267975656,2015-03-16,2020-04-21,Partition,DD-1182-852,10947000.0,
c3a9a4be-4eeb-44c9-8d0b-fc0c1de1f1f3,fee2507f-0fa1-4345-8d50-e869d001db7b,Rani Mukherjee,9072-5373-5739,9199439093,2020-04-21,,Court Decree,DD-7119-136,11766000.0,
88ff8ab1-60d3-417b-937b-1e8d7bfb28f5,6884bf07-704e-45b7-96e4-7fcfe402ac04,Mohammad Arif Khan,4289-8776-9535,9368933715,1990-07-27,2003-04-30,Court Decree,DD-8319-811,2680000.0,
484a2dd8-cec0-4b00-8011-4f42cd6ebcfa,6884bf07-704e-45b7-96e4-7fcfe402ac04,Arun Prakash,8443-4242-5376,9921660774,2003-04-30,,Court Decree,DD-6481-323,2350000.0,
b7c55f77-09a0-47ac-acda-8b1874ddb76b,b2e0909d-657e-4a73-aeb1-cfe2ad8a2407,Nandini Reddy,2552-1039-2756,9389665035,2001-04-05,2008-05-28,Gift,DD-8367-140,12103000.0,
3c13a6bf-4dd0-4128-8bb2-a9990afa7fe9,b2e0909d-657e-4a73-aeb1-cfe2ad8a2407,Seema Malhotra,2184-9769-5464,9146772430,2008-05-28,,Court Decree,DD-2771-271,13109000.0,
c658160d-e8f1-4278-b8cb-cfa820460b80,96e0d092-ade9-4a47-926a-c57a8366bc0b,Nandini Reddy,1684-9953-2978,9387516612,1998-03-28,1996-12-28,Court Decree,DD-1195-437,3408000.0,
f50b8c61-7abc-43c8-af8a-9fda671b07b6,96e0d092-ade9-4a47-926a-c57a8366bc0b,Priya Devi Nair,6569-1546-2840,9846119736,1996-12-28,2022-09-28,Sale,DD-4155-321,3282000.0,
abaa3863-a812-4ce3-b8be-bd6b7ccda9d8,96e0d092-ade9-4a47-926a-c57a8366bc0b,Ganesh Patel,4626-6591-9490,9873800817,2022-09-28,,Sale,DD-6555-485,4077000.0,
9f756717-3160-4842-99a9-dc27436e65cc,56a78bab-8409-4ecf-94c9-75f71581df2e,Rekha Nair,1844-8488-5382,9767753617,1995-09-21,1999-02-16,Gift,DD-9580-984,9269000.0,
64c4929c-4a0c-4d5c-ae91-66f20c01ced4,56a78bab-8409-4ecf-94c9-75f71581df2e,Saritha Devi,6259-2226-3820,9517463130,1999-02-16,,Court Decree,DD-5316-698,11221000.0,
38f9bf6e-9da1-43d5-925b-bcb88203cc13,476c6edd-241c-41a0-b067-2bd5e9a00e5f,Ajay Singh,5434-6762-1646,9667325669,1992-04-12,2016-03-15,Court Decree,DD-7489-397,6746000.0,
726bb185-1b12-4ef7-8685-2cdcce9fcfaf,476c6edd-241c-41a0-b067-2bd5e9a00e5f,Jyoti Prasad,6291-4113-3132,9925560694,2016-03-15,,Partition,DD-3362-996,7688000.0,
99c91537-e566-420a-aea2-0c03f5b7cbf3,e50ec2bf-f513-4148-846e-bb956f212147,Sunil Shetty,4592-7045-5444,9780203907,1987-02-17,2015-09-07,Inheritance,DD-6116-137,0,
8a4f9620-3c68-4384-9073-5fe941d86636,e50ec2bf-f513-4148-846e-bb956f212147,Nandini Reddy,9690-6781-9941,9647550512,2015-09-07,2015-10-05,Gift,DD-3306-791,1147000.0,
d1e9fe51-53f6-4d44-864a-998e9b53e4ef,e50ec2bf-f513-4148-846e-bb956f212147,Sridevi Kapoor,7109-7240-4213,9290889736,2015-10-05,2024-04-20,Sale,DD-3817-115,1174000.0,
b7ed5c78-14a5-498c-968c-65b3f6a8f9a3,e50ec2bf-f513-4148-846e-bb956f212147,Prakash Raj,8136-3674-3275,9357690178,2024-04-20,,Gift,DD-7795-929,1065000.0,
cab09106-d173-42a7-b8d1-e1c51ebcfa39,1bc85143-a1fa-429c-82f5-2dbaadbf7036,Deepika Mehta,7333-5690-5382,9588371408,1995-06-24,2008-07-16,Gift,DD-6945-988,2894000.0,
76745f31-97b8-4eeb-b97a-c48139884d38,1bc85143-a1fa-429c-82f5-2dbaadbf7036,Harish Chandra,5547-2564-5618,9847879761,2008-07-16,2012-03-26,Inheritance,DD-6976-782,0,
eda4e41f-1f72-4b1a-8782-75deee89f60e,1bc85143-a1fa-429c-82f5-2dbaadbf7036,Mohan Das,4554-4051-4904,9890226738,2012-03-26,,Inheritance,DD-2199-131,0,
c293e29c-a93e-453e-8eed-5e40e4fea515,9c31ea34-0f99-422e-acfa-714d69f1e768,Lakshmi Venkatesh,9949-8323-8680,9864042495,1992-03-21,2013-10-08,Court Decree,DD-3841-503,8813000.0,
5899fec4-a59a-498c-81ae-ab1bdb06e8ca,9c31ea34-0f99-422e-acfa-714d69f1e768,Mohan Das,5628-3334-3183,9448431844,2013-10-08,,Partition,DD-6665-759,8273000.0,
5609dcdd-6c41-4a95-ab3f-f9b50c77b603,0ddadc3d-0ea0-4c29-838b-1339131a5a9f,Rohit Sharma,7491-9752-9014,9681989607,1993-04-17,2009-03-27,Inheritance,DD-9703-335,0,
6d668478-e816-4e24-a181-3c0cae9f02e2,0ddadc3d-0ea0-4c29-838b-1339131a5a9f,Priya Devi Nair,5675-8571-6426,9838800086,2009-03-27,,Court Decree,DD-5878-280,3921000.0,
7d1a7291-b31d-4010-b6f7-4041292c6ad0,87d91cf0-403f-4517-91bb-3c6d7806eb67,Smita Patil,8292-8409-9607,9813508126,1998-02-03,2003-05-27,Partition,DD-8769-706,10322000.0,
27056565-02cc-43c1-9e4f-99404459e457,87d91cf0-403f-4517-91bb-3c6d7806eb67,Ranjit Kumar,4526-7787-2284,9341404158,2003-05-27,2018-11-12,Sale,DD-9516-879,11125000.0,
326bfb18-74f9-4353-9cb9-38e36bf1566f,87d91cf0-403f-4517-91bb-3c6d7806eb67,Uma Shankar,6374-3212-2059,9223229092,2018-11-12,,Court Decree,DD-6334-733,12654000.0,
3eeb6402-e63a-41bc-91a3-e6238faacd5a,ff5ebcfd-6749-491c-b999-9d079a0e792d,Suresh Babu Reddy,3020-1380-1494,9204601003,1996-01-21,1997-11-03,Inheritance,DD-3214-120,0,
f3c5e836-1ace-4201-8a10-241901a84b98,ff5ebcfd-6749-491c-b999-9d079a0e792d,Lalitha Kumari,7819-1945-7473,9295640966,1997-11-03,2002-12-01,Gift,DD-3914-616,53606000.0,
3b32f3c0-e30e-4cf0-a587-518494a3bf2c,ff5ebcfd-6749-491c-b999-9d079a0e792d,Rohit Sharma,6573-2764-5151,9725659728,2002-12-01,2006-07-03,Gift,DD-2405-429,56038000.0,
0bb55b6a-a1ac-4c23-83d8-1dd3ce0b185d,ff5ebcfd-6749-491c-b999-9d079a0e792d,Revathy Nair,1229-9376-1129,9101680296,2006-07-03,,Sale,DD-7513-555,49832000.0,
d4f8fd7d-0e68-40e4-9440-509acceb6fe6,3c42a5fc-46ee-4002-8d0a-206df21cea23,Mohammad Arif Khan,3949-4557-5194,9320838571,1997-06-29,2010-10-05,Court Decree,DD-8614-259,5981000.0,
88d1cd54-01af-4946-8ec5-6b44db2b5102,3c42a5fc-46ee-4002-8d0a-206df21cea23,Ranjit Kumar,8590-7113-8331,9829978607,2010-10-05,,Inheritance,DD-6366-337,0,
cb5f990a-6f05-4ea4-b5f3-7fb8435c11dd,e19b3dfe-62ae-44aa-8b50-48076ff647dc,Sonia Verma,1577-8886-5328,9523406523,1992-08-17,1996-10-17,Partition,DD-2398-776,20310000.0,
ee0f7847-8889-4a25-9ee5-ae379f5b26a5,e19b3dfe-62ae-44aa-8b50-48076ff647dc,Lalitha Kumari,5472-8775-3483,9952180252,1996-10-17,1996-11-28,Partition,DD-7755-718,23462000.0,
a6894701-061f-411e-9a4c-d41eb3b61ca4,e19b3dfe-62ae-44aa-8b50-48076ff647dc,Rekha Nair,5748-4772-7033,9518811066,1996-11-28,2001-10-28,Sale,DD-8527-222,26988000.0,
01f6c560-81f4-429d-a53c-2f59dcf23f0c,e19b3dfe-62ae-44aa-8b50-48076ff647dc,Mohan Das,1826-4572-3517,9473946521,2001-10-28,,Partition,DD-9199-772,31680000.0,
b5939050-ac61-464c-a65c-aca99ea2b4ae,7e326e4a-bba3-484d-a8ad-34a1f5729439,Lakshmi Venkatesh,5264-4352-7633,9819599609,2001-07-27,2009-02-05,Partition,DD-2179-287,53613000.0,
f9a0247f-3d98-4e3d-a4b4-0b520e2ba6fb,7e326e4a-bba3-484d-a8ad-34a1f5729439,Jyoti Prasad,7469-3884-8231,9458356830,2009-02-05,2017-04-29,Inheritance,DD-2758-889,0,
fff50048-4f1b-4d5a-93a5-eb3d0c132608,7e326e4a-bba3-484d-a8ad-34a1f5729439,Suresh Babu Reddy,6216-2042-6519,9522247581,2017-04-29,,Partition,DD-5884-361,50353000.0,
1881a15a-51c4-4176-b4c6-f21287575d21,a525d81b-eebf-409a-aa2e-91891a73800c,Rekha Nair,8909-3673-6192,9723570134,1990-03-23,2000-07-10,Inheritance,DD-7809-473,0,
7b3b3e3b-1edf-45a4-892b-c61bef39300e,a525d81b-eebf-409a-aa2e-91891a73800c,Revathy Nair,2002-6482-6907,9420189075,2000-07-10,2008-08-08,Court Decree,DD-7431-551,15302000.0,
21ba0a14-fa08-4e30-a716-de90a34e798d,a525d81b-eebf-409a-aa2e-91891a73800c,Arun Prakash,7294-2574-6335,9414006525,2008-08-08,2011-08-12,Court Decree,DD-1605-585,13553000.0,
f77ef71b-b314-4d48-9a17-157f8652c938,a525d81b-eebf-409a-aa2e-91891a73800c,Ramesh Kumar Sharma,1813-3085-5051,9332884855,2011-08-12,,Court Decree,DD-3999-941,16620000.0,
654acb6e-416f-469f-84fb-8ca361479138,d35da990-a516-4111-b0d2-e04fcb86d9a0,Smita Patil,2392-8748-8139,9815577402,1999-01-18,2006-11-04,Gift,DD-2034-839,35410000.0,
26e794cf-8a27-48ed-becf-f2d74c711ad7,d35da990-a516-4111-b0d2-e04fcb86d9a0,Santosh Kumar,4606-7039-6923,9239206414,2006-11-04,2007-11-14,Gift,DD-6504-671,38597000.0,
73f9adb1-fe8b-4763-b910-ccf611bef33f,d35da990-a516-4111-b0d2-e04fcb86d9a0,Priya Devi Nair,8162-4194-1094,9941636284,2007-11-14,2013-02-27,Court Decree,DD-6294-669,40376000.0,
b40627d6-2263-4142-a0d5-3e747a39b42d,d35da990-a516-4111-b0d2-e04fcb86d9a0,Ganesh Patel,3905-4650-4859,9483126646,2013-02-27,,Inheritance,DD-3422-660,0,
bb4fc081-cb13-4cab-a982-a3cd2fccb5d2,4b8da1a9-9259-483e-ab0d-e1dc8d1cbdf2,Sunil Shetty,9951-1804-9844,9615592651,1995-07-04,2008-12-30,Sale,DD-6790-843,25626000.0,
a35c5fe5-37ff-4707-b301-6e0229ad558d,4b8da1a9-9259-483e-ab0d-e1dc8d1cbdf2,Pooja Sharma,1418-6544-9895,9219308193,2008-12-30,,Gift,DD-7604-857,24965000.0,
c425b132-3e71-4bb0-bc47-3ccfa4f7afde,4a383eb8-3abd-447a-a5a1-3b1dfe6d08d0,Seema Malhotra,8252-5530-7691,9345748180,1990-03-25,1997-04-07,Inheritance,DD-5920-936,0,
5ab39ee6-72fe-4c12-99ad-1333e388ed46,4a383eb8-3abd-447a-a5a1-3b1dfe6d08d0,Santosh Kumar,3559-8051-3789,9639016917,1997-04-07,,Inheritance,DD-8856-691,0,
70fa3f15-bad0-4e2d-a0c0-5e802c043ed3,2a533713-3b57-48c6-92ea-3294413b87f7,Ravi Shankar,7712-7187-1263,9714331086,1996-02-13,2018-10-26,Gift,DD-6822-701,22552000.0,
b032f27f-091a-44a2-9cd1-ebc0e27b4fb2,2a533713-3b57-48c6-92ea-3294413b87f7,Vinod Khanna,2525-8193-5883,9620431269,2018-10-26,,Court Decree,DD-6195-694,20205000.0,
2486e17c-f4ea-4aa1-a88c-95c1f56af078,c4bdfc97-bfa1-49b1-9a03-da108506fa6c,Jyoti Prasad,6245-3966-6553,9614206379,1996-03-20,2008-08-27,Partition,DD-2057-545,15923000.0,
903be749-fb23-4c5f-80ba-d6476d7e52ca,c4bdfc97-bfa1-49b1-9a03-da108506fa6c,Ravi Shankar,8185-3585-2300,9252045307,2008-08-27,2011-04-14,Gift,DD-8822-588,16613000.0,
fad1fc91-9b8f-42c4-9a39-d78e650b833d,c4bdfc97-bfa1-49b1-9a03-da108506fa6c,Nandini Reddy,8456-8280-7048,9511767254,2011-04-14,2019-12-30,Inheritance,DD-9316-380,0,
2e87377f-df61-4a8b-ac53-510f65d08ba7,c4bdfc97-bfa1-49b1-9a03-da108506fa6c,Sunil Shetty,8685-6441-7116,9629114559,2019-12-30,,Sale,DD-2333-661,19145000.0,
77827939-0aa4-47a0-bd7e-7bd87a224a4c,7ea866c0-affa-4262-a9a1-643727ba8909,Deepika Mehta,8689-2689-3207,9302340023,1993-06-18,1998-01-21,Inheritance,DD-5758-518,0,
28675a3f-2e00-4c52-9ddb-6f42f578a9aa,7ea866c0-affa-4262-a9a1-643727ba8909,Anita Kumari Singh,7658-6508-4878,9317087348,1998-01-21,2017-12-21,Court Decree,DD-4838-352,26535000.0,
ad8c4c02-e9a6-401d-a2cd-10e99fcae711,7ea866c0-affa-4262-a9a1-643727ba8909,Girish Kumar,8738-6140-9875,9121621363,2017-12-21,,Gift,DD-4190-997,30130000.0,
2dde1f9e-157f-44dd-ac41-ea83db2a63be,0d6a741e-aafc-4668-bfb3-9ad0784d93c9,Sridevi Kapoor,7748-1446-9184,9805820608,1997-02-28,2004-12-04,Court Decree,DD-5051-988,64205000.0,
7a124f72-bf9b-4025-a422-a2e427f1ce35,0d6a741e-aafc-4668-bfb3-9ad0784d93c9,Dinesh Patil,1182-1905-5789,9397900425,2004-12-04,,Court Decree,DD-9168-615,75387000.0,
29cf6403-188e-4095-a2a5-ee2c545987e6,716dcebd-8e27-4c0d-9720-c4deeac9a7c2,Anil Kapoor,2983-2108-8517,9574676256,1995-02-14,2002-01-10,Gift,DD-2284-855,9053000.0,
53243bef-f01a-4365-8462-289fb9ce37ed,716dcebd-8e27-4c0d-9720-c4deeac9a7c2,Saritha Devi,8246-3696-5554,9960654246,2002-01-10,,Gift,DD-4330-698,9691000.0,
3d746c2f-b02b-4a65-9fdf-2d7f5c97a438,550f9407-1491-4bb2-b849-42ac5aaceb97,Suresh Babu Reddy,7696-7806-8347,9295069517,1987-06-18,2004-12-08,Sale,DD-6721-184,24210000.0,
46f1a3d2-8137-45ed-8c9f-759dd1270e36,550f9407-1491-4bb2-b849-42ac5aaceb97,Sridevi Kapoor,9970-4970-8371,9939008423,2004-12-08,,Sale,DD-3105-647,21612000.0,
34f07f11-f1e2-400d-a1e3-076951b28210,6a480205-99ff-45bd-88f0-4b45a52276b0,Vinod Khanna,5273-9222-4345,9556395881,1998-10-01,2006-03-04,Inheritance,DD-1546-517,0,
b9abf552-aa56-4345-81a9-dbe0dbcf7d2e,6a480205-99ff-45bd-88f0-4b45a52276b0,Sunita Verma,9777-7466-7972,9460747342,2006-03-04,2009-07-23,Court Decree,DD-3025-533,25458000.0,
d0ae3fb9-a6a4-4625-8c42-ac55ba14781e,6a480205-99ff-45bd-88f0-4b45a52276b0,Mahesh Babu,6732-6828-8354,9942524437,2009-07-23,2024-08-03,Partition,DD-1752-508,26474000.0,
04717113-ad7a-42d7-b697-d1b52f6a8c82,6a480205-99ff-45bd-88f0-4b45a52276b0,Vijay Prakash Rao,1049-6217-8240,9616889465,2024-08-03,,Inheritance,DD-6359-397,0,
