id,parcel_id,year,market_value,govt_value,recorded_on
fb684b56-8506-4841-8da5-33a11b78d1e6,ca7d2a6f-c3ed-4b8c-91e9-8690d3c742f5,2020,10603000.0,7162000.0,2026-08-18T11:48:58.756287
5b03cd39-2f3a-4cfe-afbc-ff812ba2cbdb,ca7d2a6f-c3ed-4b8c-91e9-8690d3c742f5,2021,11823000.0,7607000.0,2026-08-18T11:48:58.756293
ba533768-8c96-4a79-bbed-5858b990bc32,ca7d2a6f-c3ed-4b8c-91e9-8690d3c742f5,2022,12208000.0,7427000.0,2026-08-18T11:48:58.756297
e82b56fb-1139-44af-89c1-e2f81b728b81,ca7d2a6f-c3ed-4b8c-91e9-8690d3c742f5,2023,13516000.0,9363000.0,2026-08-18T11:48:58.756300
d9fd55e7-4f95-4814-ad1d-20896a3456b3,ca7d2a6f-c3ed-4b8c-91e9-8690d3c742f5,2024,14827000.0,10418000.0,2026-08-18T11:48:58.756304
81fde43c-13c4-41da-a3c6-ca1b06e94365,ca7d2a6f-c3ed-4b8c-91e9-8690d3c742f5,2025,15848000.0,10232000.0,2026-08-18T11:48:58.756309
b5c7bd17-0167-41f9-9953-1925dd9729f1,6aa57c9d-a504-4e82-ba76-61916ceebe61,2020,15896000.0,10734000.0,2026-08-18T11:48:58.756367
a62bedeb-dee5-4bc0-857e-4951845c3ecc,6aa57c9d-a504-4e82-ba76-61916ceebe61,2021,17785000.0,11572000.0,2026-08-18T11:48:58.756371
005b956f-a18a-4278-a563-bf6174c167b4,6aa57c9d-a504-4e82-ba76-61916ceebe61,2022,18276000.0,11803000.0,2026-08-18T11:48:58.756376
9f0d7b32-e8e7-4f51-bd62-ac4e25137b87,6aa57c9d-a504-4e82-ba76-61916ceebe61,2023,20752000.0,13769000.0,2026-08-18T11:48:58.756380
a481cebc-105a-4ec3-b53f-96d6f274b09f,6aa57c9d-a504-4e82-ba76-61916ceebe61,2024,22250000.0,15648000.0,2026-08-18T11:48:58.756383
2459232f-9cf8-4c36-8283-a0d299b21066,6aa57c9d-a504-4e82-ba76-61916ceebe61,2025,22554000.0,15483000.0,2026-08-18T11:48:58.756386
ebce755d-c3a1-45a0-ace4-f885787962e1,926e2955-8fa0-45fa-8db3-9135634fea6e,2020,9416000.0,5949000.0,2026-08-18T11:48:58.756448
af0b9f43-ffbc-4cb0-a26a-64c0d40af706,926e2955-8fa0-45fa-8db3-9135634fea6e,2021,10634000.0,6920000.0,2026-08-18T11:48:58.756452
503a4e52-6418-47be-a3ad-a3e9b624cae8,926e2955-8fa0-45fa-8db3-9135634fea6e,2022,11326000.0,7529000.0,2026-08-18T11:48:58.756455
ca348682-fb3b-4405-b956-bbf7365ab3bd,926e2955-8fa0-45fa-8db3-9135634fea6e,2023,12946000.0,8080000.0,2026-08-18T11:48:58.756458
557d529e-d4cc-4823-9ab5-1394de555e15,926e2955-8fa0-45fa-8db3-9135634fea6e,2024,13990000.0,10065000.0,2026-08-18T11:48:58.756461
e5f73d69-3313-46e2-8593-b689616512f1,926e2955-8fa0-45fa-8db3-9135634fea6e,2025,15819000.0,10323000.0,2026-08-18T11:48:58.756465
8227a6f5-eec2-4681-9bed-f4c9dd9620d4,1804db81-a8e7-4c23-a322-813c756ee5c2,2020,3096000.0,2102000.0,2026-08-18T11:48:58.756500
f677258c-d738-4829-b0ec-c1a628b4254e,1804db81-a8e7-4c23-a322-813c756ee5c2,2021,3469000.0,2253000.0,2026-08-18T11:48:58.756504
b25fdcf6-7ffa-40ff-9be0-93241910aeca,1804db81-a8e7-4c23-a322-813c756ee5c2,2022,3942000.0,2391000.0,2026-08-18T11:48:58.756507
f7267f6b-125b-43cb-8420-b182cd08e76f,1804db81-a8e7-4c23-a322-813c756ee5c2,2023,4293000.0,2909000.0,2026-08-18T11:48:58.756510
12d69285-0033-4bee-a1bb-dab581374bc6,1804db81-a8e7-4c23-a322-813c756ee5c2,2024,4566000.0,3139000.0,2026-08-18T11:48:58.756513
d8e6e33a-c8be-429c-a751-6a73a5ae7638,1804db81-a8e7-4c23-a322-813c756ee5c2,2025,5264000.0,3227000.0,2026-08-18T11:48:58.756517
f0536850-ca6e-4452-86ad-6a745c00dd18,8d446998-4e5c-4534-96e5-3eb9c176917f,2020,6961000.0,4660000.0,2026-08-18T11:48:58.756553
b37ab027-fb93-4cfd-a8b4-0abadfe6d1e2,8d446998-4e5c-4534-96e5-3eb9c176917f,2021,7424000.0,5121000.0,2026-08-18T11:48:58.756558
ff9dd853-20b5-4b41-9f96-6a1001f9f9df,8d446998-4e5c-4534-96e5-3eb9c176917f,2022,7884000.0,5283000.0,2026-08-18T11:48:58.756562
324e8035-d018-473d-b145-4cef4b435768,8d446998-4e5c-4534-96e5-3eb9c176917f,2023,8860000.0,6223000.0,2026-08-18T11:48:58.756566
95f581ab-86a7-4459-a22b-18d5d9e7d11f,8d446998-4e5c-4534-96e5-3eb9c176917f,2024,9490000.0,6788000.0,2026-08-18T11:48:58.756570
b022a803-5766-42be-9993-405e2cb3abdb,8d446998-4e5c-4534-96e5-3eb9c176917f,2025,10330000.0,6428000.0,2026-08-18T11:48:58.756573
a0d53de1-9cb6-4ef4-9dca-e101172cb69f,5123b1fd-76de-4aa4-b6f7-39e2b665fdf6,2020,3660000.0,2265000.0,2026-08-18T11:48:58.756610
a0d6c66e-19fb-4f1c-90bc-f7764cf9c7f2,5123b1fd-76de-4aa4-b6f7-39e2b665fdf6,2021,4291000.0,2937000.0,2026-08-18T11:48:58.756613
07b865e4-53c5-4230-9497-b630a1b12769,5123b1fd-76de-4aa4-b6f7-39e2b665fdf6,2022,4829000.0,3469000.0,2026-08-18T11:48:58.756616
72b090d2-045c-4287-ae5c-af9df0287b67,5123b1fd-76de-4aa4-b6f7-39e2b665fdf6,2023,5520000.0,3317000.0,2026-08-18T11:48:58.756620
5389b581-b292-4f97-8bce-bec2f27c163f,5123b1fd-76de-4aa4-b6f7-39e2b665fdf6,2024,6356000.0,4042000.0,2026-08-18T11:48:58.756623
3a024ecd-b04b-4821-9710-d97d7e6d5241,5123b1fd-76de-4aa4-b6f7-39e2b665fdf6,2025,7183000.0,5119000.0,2026-08-18T11:48:58.756626
62c86404-d5c8-44bd-85ec-47ea1040782c,0906b8f5-8af5-4adf-9490-3339b4047056,2020,9131000.0,6446000.0,2026-08-18T11:48:58.756656
20a02c52-7bc1-496d-843d-c7c3f0837dc6,0906b8f5-8af5-4adf-9490-3339b4047056,2021,10276000.0,6838000.0,2026-08-18T11:48:58.756659
0490df4a-f60d-4eae-8910-82efd88170e6,0906b8f5-8af5-4adf-9490-3339b4047056,2022,10959000.0,7341000.0,2026-08-18T11:48:58.756662
f6001227-6f57-4102-a2ec-a9fdf14ff1da,0906b8f5-8af5-4adf-9490-3339b4047056,2023,11260000.0,6928000.0,2026-08-18T11:48:58.756665
f2dd03ce-f028-48d2-b68b-70c95d4e76d7,0906b8f5-8af5-4adf-9490-3339b4047056,2024,12176000.0,8619000.0,2026-08-18T11:48:58.756668
24f2ebbe-3f68-4464-9d65-f0e49d3f72ea,0906b8f5-8af5-4adf-9490-3339b4047056,2025,13423000.0,9440000.0,2026-08-18T11:48:58.756672
2b069bc8-63fc-47b9-a449-cf494563163c,377768cc-6842-41ed-a0a0-add3c5f3d26f,2020,11827000.0,8261000.0,2026-08-18T11:48:58.756701
9dd277e3-8fa6-4ce4-a37e-db009a3c6196,377768cc-6842-41ed-a0a0-add3c5f3d26f,2021,13951000.0,8744000.0,2026-08-18T11:48:58.756708
e7045c50-a731-453b-b33b-d7ecc58c1347,377768cc-6842-41ed-a0a0-add3c5f3d26f,2022,15754000.0,10206000.0,2026-08-18T11:48:58.756711
4ef0dcef-24fd-40af-9dce-50e213ca3049,377768cc-6842-41ed-a0a0-add3c5f3d26f,2023,17606000.0,10710000.0,2026-08-18T11:48:58.756715
a64275f8-c1d4-40e3-86fc-695c196a1297,377768cc-6842-41ed-a0a0-add3c5f3d26f,2024,20738000.0,13317000.0,2026-08-18T11:48:58.756718
6c6898b6-770c-40ab-984b-cd44d3d450b9,377768cc-6842-41ed-a0a0-add3c5f3d26f,2025,23344000.0,15910000.0,2026-08-18T11:48:58.756723
92351c3e-6679-400a-b9ad-8d7a85c595da,881ca4a8-0472-4d8e-bcd5-dbb15fdf1453,2020,2732000.0,1736000.0,2026-08-18T11:48:58.756761
770fa4b3-f0f4-4d74-9ed2-0d52ddfc8501,881ca4a8-0472-4d8e-bcd5-dbb15fdf1453,2021,2963000.0,1927000.0,2026-08-18T11:48:58.756764
b371de7c-4a2b-4c46-9671-f9832d7b3935,881ca4a8-0472-4d8e-bcd5-dbb15fdf1453,2022,3430000.0,2337000.0,2026-08-18T11:48:58.756767
bfb1bec6-bdbc-4d0a-a452-a8115b11afae,881ca4a8-0472-4d8e-bcd5-dbb15fdf1453,2023,3774000.0,2543000.0,2026-08-18T11:48:58.756770
77a5c419-51b7-4a57-a646-78db192b973a,881ca4a8-0472-4d8e-bcd5-dbb15fdf1453,2024,4014000.0,2672000.0,2026-08-18T11:48:58.756774
a658bc86-8017-4efc-b52a-6abbbd34cf98,881ca4a8-0472-4d8e-bcd5-dbb15fdf1453,2025,4346000.0,2757000.0,2026-08-18T11:48:58.756777
09431499-552f-4aa9-a846-19be4cfc3b9b,fdeaae34-f089-4497-95b7-c93b96244703,2020,8089000.0,5356000.0,2026-08-18T11:48:58.756820
442ff0e5-aacf-46e8-848c-628af39c4c12,fdeaae34-f089-4497-95b7-c93b96244703,2021,8304000.0,5231000.0,2026-08-18T11:48:58.756823
46035215-389e-4cc2-9511-bb35409813b4,fdeaae34-f089-4497-95b7-c93b96244703,2022,9445000.0,6184000.0,2026-08-18T11:48:58.756827
89ee5cfe-5ba9-43c2-8ad2-9150993618a9,fdeaae34-f089-4497-95b7-c93b96244703,2023,10211000.0,6945000.0,2026-08-18T11:48:58.756830
5f84b0fa-51f6-47ff-b113-0628403af717,fdeaae34-f089-4497-95b7-c93b96244703,2024,11191000.0,7514000.0,2026-08-18T11:48:58.756833
86ec40fa-812b-4470-9665-51b56d837c4d,fdeaae34-f089-4497-95b7-c93b96244703,2025,12105000.0,8558000.0,2026-08-18T11:48:58.756836
76f678bd-06e0-4e62-8853-38c5985d0b47,ffebcb20-9a6a-42a1-a658-7096e5654b59,2020,8978000.0,5807000.0,2026-08-18T11:48:58.756880
dea65958-9dc3-4d1d-ab37-98eb3bac6163,ffebcb20-9a6a-42a1-a658-7096e5654b59,2021,10654000.0,7461000.0,2026-08-18T11:48:58.756884
08391985-0a90-41bd-985b-7887d6fe4133,ffebcb20-9a6a-42a1-a658-7096e5654b59,2022,11950000.0,8223000.0,2026-08-18T11:48:58.756887
9a1d0e42-b0f5-4bf7-8efc-e499815eca91,ffebcb20-9a6a-42a1-a658-7096e5654b59,2023,13902000.0,9839000.0,2026-08-18T11:48:58.756890
c0a73278-d07d-4ea2-839d-6324c4ca0b03,ffebcb20-9a6a-42a1-a658-7096e5654b59,2024,15631000.0,9891000.0,2026-08-18T11:48:58.756893
fccc1dcf-3b0f-4f17-87db-9d0b8138ba19,ffebcb20-9a6a-42a1-a658-7096e5654b59,2025,17902000.0,11577000.0,2026-08-18T11:48:58.756898
8577b15f-2e71-4eee-a622-7636848e37b7,709b2f62-0476-44cb-8820-17b447336f90,2020,34000000.0,22601000.0,2026-08-18T11:48:58.756928
8c399ddf-5ac9-43e1-ac2d-46b5c77c4a53,709b2f62-0476-44cb-8820-17b447336f90,2021,38820000.0,24922000.0,2026-08-18T11:48:58.756931
0df1caeb-1e4f-42d4-b38d-20fa8ca60b67,709b2f62-0476-44cb-8820-17b447336f90,2022,40941000.0,28403000.0,2026-08-18T11:48:58.756934
ed22491f-6240-49e1-98d1-b4afebc22034,709b2f62-0476-44cb-8820-17b447336f90,2023,44079000.0,30437000.0,2026-08-18T11:48:58.756937
76c919a2-106a-4b17-9d05-1caedf904ee5,709b2f62-0476-44cb-8820-17b447336f90,2024,48294000.0,30132000.0,2026-08-18T11:48:58.756941
94075952-7fc4-4788-bec6-af77f1be0e69,709b2f62-0476-44cb-8820-17b447336f90,2025,49168000.0,30400000.0,2026-08-18T11:48:58.756944
8500c1f2-7664-49ee-8884-d7264867ddda,21da034f-740e-4be3-8696-44954e927c7d,2020,14814000.0,9788000.0,2026-08-18T11:48:58.756974
5fa1ada4-79c9-4259-8cfb-3e709caab833,21da034f-740e-4be3-8696-44954e927c7d,2021,16330000.0,11463000.0,2026-08-18T11:48:58.756977
8db5aaae-b8b7-49de-b3ca-604b44486151,21da034f-740e-4be3-8696-44954e927c7d,2022,18558000.0,11370000.0,2026-08-18T11:48:58.756980
d03618e3-1fc3-48f3-86b0-00663a998ac7,21da034f-740e-4be3-8696-44954e927c7d,2023,20660000.0,13972000.0,2026-08-18T11:48:58.756983
73337ac8-159e-4cbc-a64b-c660759396f2,21da034f-740e-4be3-8696-44954e927c7d,2024,22638000.0,15504000.0,2026-08-18T11:48:58.756988
ce0c7628-8e89-44b0-a186-614219395631,21da034f-740e-4be3-8696-44954e927c7d,2025,24420000.0,16802000.0,2026-08-18T11:48:58.756993
039a3cce-9b8c-4a54-bd0d-46001ccab0a8,4f9f3f48-7899-43f1-bf3b-a438b8e40640,2020,8497000.0,5185000.0,2026-08-18T11:48:58.757019
984c2882-f71d-4e4f-be50-2cec5276f47e,4f9f3f48-7899-43f1-bf3b-a438b8e40640,2021,8978000.0,5913000.0,2026-08-18T11:48:58.757023
18016dbe-3cbb-4dd3-bc57-fd008835f267,4f9f3f48-7899-43f1-bf3b-a438b8e40640,2022,9635000.0,6579000.0,2026-08-18T11:48:58.757028
fc097318-c0b7-4ed9-9852-e97150f151ce,4f9f3f48-7899-43f1-bf3b-a438b8e40640,2023,10249000.0,6753000.0,2026-08-18T11:48:58.757031
89abddc3-2ba5-4634-9f57-88dd2fabb49d,4f9f3f48-7899-43f1-bf3b-a438b8e40640,2024,11071000.0,6766000.0,2026-08-18T11:48:58.757035
6721ea6a-06a8-40d8-b020-02edfee972f8,4f9f3f48-7899-43f1-bf3b-a438b8e40640,2025,11455000.0,7824000.0,2026-08-18T11:48:58.757038
206060dd-2620-464a-a874-52e46c8dbb36,ae21b62c-02ed-493a-9b93-e4c078af1abc,2020,13655000.0,9789000.0,2026-08-18T11:48:58.757075
cff8cb6b-5b1f-488b-9973-e5683edabd57,ae21b62c-02ed-493a-9b93-e4c078af1abc,2021,15452000.0,10564000.0,2026-08-18T11:48:58.757078
19d7bc1d-e2f0-4528-a372-de897760745c,ae21b62c-02ed-493a-9b93-e4c078af1abc,2022,16755000.0,11799000.0,2026-08-18T11:48:58.757083
92240df0-d029-40ff-bb22-7c467535d446,ae21b62c-02ed-493a-9b93-e4c078af1abc,2023,19060000.0,13432000.0,2026-08-18T11:48:58.757086
c1f0f3cf-1073-4fb5-8cdf-416121e163ce,ae21b62c-02ed-493a-9b93-e4c078af1abc,2024,21315000.0,13990000.0,2026-08-18T11:48:58.757089
75e39587-cffa-44ec-9d3a-66998e97c864,ae21b62c-02ed-493a-9b93-e4c078af1abc,2025,23529000.0,14638000.0,2026-08-18T11:48:58.757092
09705f9c-1be2-41d1-92dd-1a570748a240,0a6debe2-6fcc-4e7d-9548-6f7005e563ca,2020,106018000.0,72013000.0,2026-08-18T11:48:58.757122
42f21df3-e22b-48c5-934a-414819ead235,0a6debe2-6fcc-4e7d-9548-6f7005e563ca,2021,114822000.0,71288000.0,2026-08-18T11:48:58.757125
557363ce-4ea3-49fe-acb9-730c8f762b3e,0a6debe2-6fcc-4e7d-9548-6f7005e563ca,2022,124141000.0,74524000.0,2026-08-18T11:48:58.757128
e25cd94e-9c60-4612-8e50-97b456db698f,0a6debe2-6fcc-4e7d-9548-6f7005e563ca,2023,138013000.0,92642000.0,2026-08-18T11:48:58.757132
e1aff95e-08ce-48a9-a00e-43043137dfc4,0a6debe2-6fcc-4e7d-9548-6f7005e563ca,2024,148531000.0,93244000.0,2026-08-18T11:48:58.757135
e64aef39-77e5-4736-b9f8-6cf661983751,0a6debe2-6fcc-4e7d-9548-6f7005e563ca,2025,165474000.0,113244000.0,2026-08-18T11:48:58.757138
cde7cc70-5860-4314-82d0-578898e942b4,0a99591c-4bc3-4cf8-92bf-4e34992d4b1d,2020,129240000.0,86819000.0,2026-08-18T11:48:58.757165
62aea8c6-8fe1-4cd6-8f89-975ae3434f38,0a99591c-4bc3-4cf8-92bf-4e34992d4b1d,2021,147783000.0,101696000.0,2026-08-18T11:48:58.757168
ce7e0032-615f-4867-acec-8dae24dea85f,0a99591c-4bc3-4cf8-92bf-4e34992d4b1d,2022,161756000.0,97556000.0,2026-08-18T11:48:58.757172
ca47c723-a921-499d-99ae-29af3a334a5a,0a99591c-4bc3-4cf8-92bf-4e34992d4b1d,2023,176043000.0,119870000.0,2026-08-18T11:48:58.757176
55f6ebd5-6ad3-46f8-8a76-292e87122ec0,0a99591c-4bc3-4cf8-92bf-4e34992d4b1d,2024,203520000.0,136451000.0,2026-08-18T11:48:58.757180
93480d02-6328-43c4-a422-03d25369df98,0a99591c-4bc3-4cf8-92bf-4e34992d4b1d,2025,215384000.0,148996000.0,2026-08-18T11:48:58.757183
cacbe0a2-c6c7-44ac-a65c-ec16b661b07a,34339098-48d4-4b27-aa77-eb64bd747903,2020,24979000.0,15851000.0,2026-08-18T11:48:58.757229
39034ab3-6e1e-4cbc-be43-4aa1283bfd94,34339098-48d4-4b27-aa77-eb64bd747903,2021,28515000.0,18768000.0,2026-08-18T11:48:58.757232
8701a9e1-371f-4d60-8100-dbc6e9a63e83,34339098-48d4-4b27-aa77-eb64bd747903,2022,29565000.0,19974000.0,2026-08-18T11:48:58.757235
87aa3096-7e16-46f0-970a-db0632240ab2,34339098-48d4-4b27-aa77-eb64bd747903,2023,33802000.0,23160000.0,2026-08-18T11:48:58.757241
6e873da6-de40-4113-886d-129a7c14bb28,34339098-48d4-4b27-aa77-eb64bd747903,2024,35828000.0,21556000.0,2026-08-18T11:48:58.757244
902ef4b5-69b2-4e87-b565-fbd9bea2d4f1,34339098-48d4-4b27-aa77-eb64bd747903,2025,39332000.0,24660000.0,2026-08-18T11:48:58.757248
f8ed72ab-202f-48ac-8617-f4ec753190b5,f4b5060e-7ecb-4383-9681-e29f8dc7115f,2020,29348000.0,18450000.0,2026-08-18T11:48:58.757284
2029b3cb-5dc9-4864-ac2d-e5b0f9fa7c23,f4b5060e-7ecb-4383-9681-e29f8dc7115f,2021,32278000.0,22682000.0,2026-08-18T11:48:58.757289
7a64ce56-5723-44f6-a044-651ea58092da,f4b5060e-7ecb-4383-9681-e29f8dc7115f,2022,36845000.0,23514000.0,2026-08-18T11:48:58.757292
d3a3b173-52a2-47ae-b506-841295f4f616,f4b5060e-7ecb-4383-9681-e29f8dc7115f,2023,42145000.0,29907000.0,2026-08-18T11:48:58.757295
d306d61d-4109-419b-9ed1-cc2adaf0302f,f4b5060e-7ecb-4383-9681-e29f8dc7115f,2024,47762000.0,34322000.0,2026-08-18T11:48:58.757298
4fe63192-e0b9-47de-bf97-7df863eb9c30,f4b5060e-7ecb-4383-9681-e29f8dc7115f,2025,55781000.0,37833000.0,2026-08-18T11:48:58.757302
cece8aa0-a954-4e05-8538-b6da6bc9c3b1,21becaee-408d-4b35-a406-e874e4239e49,2020,72030000.0,50889000.0,2026-08-18T11:48:58.757329
aa641e09-23ca-4c84-858f-80af254f687a,21becaee-408d-4b35-a406-e874e4239e49,2021,81887000.0,54448000.0,2026-08-18T11:48:58.757332
97c46119-e96b-4f0e-bbaa-5b7de378804e,21becaee-408d-4b35-a406-e874e4239e49,2022,94600000.0,59425000.0,2026-08-18T11:48:58.757335
cca9379a-b0b5-496c-8ac8-eacf57e46d8b,21becaee-408d-4b35-a406-e874e4239e49,2023,108876000.0,69080000.0,2026-08-18T11:48:58.757340
f01c9e3e-2a57-4e86-bd0a-311840a1057e,21becaee-408d-4b35-a406-e874e4239e49,2024,121423000.0,74171000.0,2026-08-18T11:48:58.757343
82fe3ae4-707e-4f8f-ad93-cbb383932835,21becaee-408d-4b35-a406-e874e4239e49,2025,145566000.0,100622000.0,2026-08-18T11:48:58.757346
5abeba12-e58e-4422-9f90-9517b7da6c7c,bb78253c-bac7-4a9f-8436-b64f2642aa95,2020,50795000.0,32300000.0,2026-08-18T11:48:58.757382
69728068-87e0-42a5-9286-5e8dc22b895d,bb78253c-bac7-4a9f-8436-b64f2642aa95,2021,58105000.0,39676000.0,2026-08-18T11:48:58.757385
e8d2a9db-d137-4c44-a9c9-12b899daec6f,bb78253c-bac7-4a9f-8436-b64f2642aa95,2022,64603000.0,41104000.0,2026-08-18T11:48:58.757388
01636274-178d-41db-8b78-5876ed06553d,bb78253c-bac7-4a9f-8436-b64f2642aa95,2023,76425000.0,53681000.0,2026-08-18T11:48:58.757391
c385ac00-ac19-42f2-98ef-8dc5feae5e9b,bb78253c-bac7-4a9f-8436-b64f2642aa95,2024,83001000.0,53599000.0,2026-08-18T11:48:58.757394
43129b08-8755-44a1-a2ce-75223a71cf57,bb78253c-bac7-4a9f-8436-b64f2642aa95,2025,96562000.0,61366000.0,2026-08-18T11:48:58.757399
42c219c4-971e-4522-9217-234c640d8341,a11e9eda-e73c-49ea-aee1-9d01b2890c61,2020,13101000.0,9157000.0,2026-08-18T11:48:58.757434
79e829cb-6c1c-44b9-85eb-485e984b5dcc,a11e9eda-e73c-49ea-aee1-9d01b2890c61,2021,15092000.0,10516000.0,2026-08-18T11:48:58.757437
9a28956b-df20-493b-9d91-0137f1d3f5d5,a11e9eda-e73c-49ea-aee1-9d01b2890c61,2022,17424000.0,11163000.0,2026-08-18T11:48:58.757440
d9af0b2b-a949-4ba9-849d-011e7f1820c8,a11e9eda-e73c-49ea-aee1-9d01b2890c61,2023,19062000.0,13640000.0,2026-08-18T11:48:58.757444
4471ba82-35e1-4abf-b22a-d8b1c8c96875,a11e9eda-e73c-49ea-aee1-9d01b2890c61,2024,21697000.0,15535000.0,2026-08-18T11:48:58.757447
bd062a7f-ce4e-4089-a542-c1e70d6ec225,a11e9eda-e73c-49ea-aee1-9d01b2890c61,2025,25745000.0,17684000.0,2026-08-18T11:48:58.757450
ed2938fd-0ff2-411a-a386-df038662535f,617a7086-ac9c-4238-ba0d-f77c795b7fee,2020,5819000.0,3921000.0,2026-08-18T11:48:58.757493
690b7f6e-fe9c-4383-b3b1-e5c4b255a144,617a7086-ac9c-4238-ba0d-f77c795b7fee,2021,6572000.0,4164000.0,2026-08-18T11:48:58.757496
5c5e3d01-17dc-4f10-b2cf-e39ff2687c53,617a7086-ac9c-4238-ba0d-f77c795b7fee,2022,7269000.0,4551000.0,2026-08-18T11:48:58.757501
78a268bc-b4f1-4086-b135-eff833f5a1d6,617a7086-ac9c-4238-ba0d-f77c795b7fee,2023,8040000.0,5052000.0,2026-08-18T11:48:58.757504
318bfe71-32dd-4a66-bd47-0a28ef65ce0c,617a7086-ac9c-4238-ba0d-f77c795b7fee,2024,8979000.0,6444000.0,2026-08-18T11:48:58.757507
84fd9917-bebc-41dd-a753-a7afd351f889,617a7086-ac9c-4238-ba0d-f77c795b7fee,2025,10081000.0,7139000.0,2026-08-18T11:48:58.757511
72cf78b8-6c53-4b49-8a38-28db7340751d,b32af910-d78d-4510-9bfa-4dce62ddf693,2020,22810000.0,13860000.0,2026-08-18T11:48:58.757553
250814c6-36f3-4146-ade7-45f68872ba71,b32af910-d78d-4510-9bfa-4dce62ddf693,2021,25693000.0,16532000.0,2026-08-18T11:48:58.757557
a89c9550-480a-4029-a1d9-d8a1f6975c3d,b32af910-d78d-4510-9bfa-4dce62ddf693,2022,28605000.0,18715000.0,2026-08-18T11:48:58.757560
e7baba8e-fff8-4562-827a-d1a95bce4063,b32af910-d78d-4510-9bfa-4dce62ddf693,2023,30869000.0,20800000.0,2026-08-18T11:48:58.757563
f5a99b62-7f64-4982-8c5e-2b0864730835,b32af910-d78d-4510-9bfa-4dce62ddf693,2024,35121000.0,24903000.0,2026-08-18T11:48:58.757566
99ae373a-6517-439c-8c1e-a724d09394e5,b32af910-d78d-4510-9bfa-4dce62ddf693,2025,38606000.0,24561000.0,2026-08-18T11:48:58.757570
9735953b-51c3-4b6b-a915-2a02adef6cd2,9de1e1e1-099e-4b6a-aead-49897c4d65a4,2020,42535000.0,27432000.0,2026-08-18T11:48:58.757607
a38ecc35-fbe7-48e8-95da-efd25d245507,9de1e1e1-099e-4b6a-aead-49897c4d65a4,2021,45534000.0,32364000.0,2026-08-18T11:48:58.757610
12389a13-609e-4fc0-bfc7-32803aede3b7,9de1e1e1-099e-4b6a-aead-49897c4d65a4,2022,50013000.0,35000000.0,2026-08-18T11:48:58.757614
8002539b-9b35-485d-9cc0-6d21d2cfa5e3,9de1e1e1-099e-4b6a-aead-49897c4d65a4,2023,55310000.0,33827000.0,2026-08-18T11:48:58.757617
f8e71b04-4f72-48d3-9385-f0d234e587f0,9de1e1e1-099e-4b6a-aead-49897c4d65a4,2024,63495000.0,44282000.0,2026-08-18T11:48:58.757621
6cb4a13e-a80c-48a9-8b3b-22a10ea5b5e8,9de1e1e1-099e-4b6a-aead-49897c4d65a4,2025,69351000.0,46491000.0,2026-08-18T11:48:58.757625
07f06dd0-5475-4116-a9aa-5bae9649d6d2,1712986d-ddd2-4aec-a259-3d30fa380b78,2020,54556000.0,35357000.0,2026-08-18T11:48:58.757661
5af232aa-f121-4bb7-8df3-2454717c1a0e,1712986d-ddd2-4aec-a259-3d30fa380b78,2021,60594000.0,40960000.0,2026-08-18T11:48:58.757664
39ec3612-d8d6-4f6d-b8d5-ef083b07ac28,1712986d-ddd2-4aec-a259-3d30fa380b78,2022,68582000.0,47290000.0,2026-08-18T11:48:58.757669
272e8886-3602-4966-a0a6-916bf4306562,1712986d-ddd2-4aec-a259-3d30fa380b78,2023,79045000.0,51409000.0,2026-08-18T11:48:58.757672
552c98e8-852b-4a04-a503-e557b13ce590,1712986d-ddd2-4aec-a259-3d30fa380b78,2024,90770000.0,58493000.0,2026-08-18T11:48:58.757675
826f247a-3257-4646-a617-bac0c274e0cc,1712986d-ddd2-4aec-a259-3d30fa380b78,2025,105827000.0,73361000.0,2026-08-18T11:48:58.757679
02eeda41-4d9e-453a-99d8-0adc3b4369ca,4163b94f-4b89-491a-af2d-c09d5b14078f,2020,16350000.0,10155000.0,2026-08-18T11:48:58.757728
1866ca1e-82f8-4872-bb3f-54c869e203d8,4163b94f-4b89-491a-af2d-c09d5b14078f,2021,17125000.0,11721000.0,2026-08-18T11:48:58.757732
58511ad0-90a0-4bdd-bb39-016f1e84a7ce,4163b94f-4b89-491a-af2d-c09d5b14078f,2022,18467000.0,12927000.0,2026-08-18T11:48:58.757735
e26d147a-2a41-47c0-91de-6524eb91f93a,4163b94f-4b89-491a-af2d-c09d5b14078f,2023,20134000.0,12255000.0,2026-08-18T11:48:58.757738
4d33b600-170a-4b93-b11d-c5e3bdf0b6e9,4163b94f-4b89-491a-af2d-c09d5b14078f,2024,21627000.0,13086000.0,2026-08-18T11:48:58.757741
571e341e-cf2f-4f70-afc0-817e26ea8b37,4163b94f-4b89-491a-af2d-c09d5b14078f,2025,22008000.0,15638000.0,2026-08-18T11:48:58.757744
664e3df3-301b-4051-8ab2-d631d8449b98,42cf17b1-f659-481a-8a39-462d6b7e0467,2020,41280000.0,25333000.0,2026-08-18T11:48:58.757771
9691a2d1-869b-4f29-9251-85b044d3dc7c,42cf17b1-f659-481a-8a39-462d6b7e0467,2021,44723000.0,31696000.0,2026-08-18T11:48:58.757774
dd3e8beb-8f3f-4acc-bd26-6f0cf29995d3,42cf17b1-f659-481a-8a39-462d6b7e0467,2022,47989000.0,32982000.0,2026-08-18T11:48:58.757779
22945245-1f77-4cdc-b3c0-86cb8fa8dc77,42cf17b1-f659-481a-8a39-462d6b7e0467,2023,53472000.0,37313000.0,2026-08-18T11:48:58.757782
0104c612-0bcd-480b-ad3b-913595572971,42cf17b1-f659-481a-8a39-462d6b7e0467,2024,55947000.0,34551000.0,2026-08-18T11:48:58.757787
eea44938-55fe-40d2-a771-4305af0327c9,42cf17b1-f659-481a-8a39-462d6b7e0467,2025,60471000.0,40654000.0,2026-08-18T11:48:58.757790
794c3672-2b5e-4145-b26c-029257b8c843,d5e6d853-71a2-4b0a-9fb2-1aedc0d0504e,2020,147823000.0,89388000.0,2026-08-18T11:48:58.757835
25644dd4-d49d-434f-892f-a013ea018d3e,d5e6d853-71a2-4b0a-9fb2-1aedc0d0504e,2021,159750000.0,114847000.0,2026-08-18T11:48:58.757839
b0c69e0f-322f-4f0f-91c0-68d21ef9c8bd,d5e6d853-71a2-4b0a-9fb2-1aedc0d0504e,2022,170139000.0,114534000.0,2026-08-18T11:48:58.757844
5b5fb0ee-6503-4d4d-bced-fda36b12568b,d5e6d853-71a2-4b0a-9fb2-1aedc0d0504e,2023,181439000.0,128849000.0,2026-08-18T11:48:58.757847
293fbe59-e9f5-431b-8eb0-580ba25e92e1,d5e6d853-71a2-4b0a-9fb2-1aedc0d0504e,2024,195642000.0,135567000.0,2026-08-18T11:48:58.757851
4eb42402-091c-4132-b5a7-239209cfdf73,d5e6d853-71a2-4b0a-9fb2-1aedc0d0504e,2025,214366000.0,129967000.0,2026-08-18T11:48:58.757854
7c452749-131e-482e-95d0-9529229a70b9,2ebf135f-8f9f-4798-b660-0ea27036f782,2020,73255000.0,46553000.0,2026-08-18T11:48:58.757891
920c72ae-c56b-4d01-8161-94f14a02e7cc,2ebf135f-8f9f-4798-b660-0ea27036f782,2021,87511000.0,57838000.0,2026-08-18T11:48:58.757894
4891cc40-20ca-4be8-9b57-513b0529184a,2ebf135f-8f9f-4798-b660-0ea27036f782,2022,99163000.0,68287000.0,2026-08-18T11:48:58.757897
2b4835d7-7436-408f-ac03-eff5f1927f86,2ebf135f-8f9f-4798-b660-0ea27036f782,2023,113947000.0,77419000.0,2026-08-18T11:48:58.757900
5c96f11d-273e-4036-a28f-01fa3b1610a8,2ebf135f-8f9f-4798-b660-0ea27036f782,2024,133785000.0,90193000.0,2026-08-18T11:48:58.757904
3c1af8d5-2235-4fb6-8042-7f9d91599b08,2ebf135f-8f9f-4798-b660-0ea27036f782,2025,151333000.0,93601000.0,2026-08-18T11:48:58.757907
df2d3099-904e-4586-aaa2-8126b4944b9a,651ab6b2-cd95-4b16-8b3e-358edd838560,2020,85075000.0,60544000.0,2026-08-18T11:48:58.757952
aa1f9553-337c-4856-8d56-3857542c1b47,651ab6b2-cd95-4b16-8b3e-358edd838560,2021,93928000.0,60825000.0,2026-08-18T11:48:58.757955
e22acf8a-73bf-41c6-82be-2371a446a1bb,651ab6b2-cd95-4b16-8b3e-358edd838560,2022,106377000.0,68756000.0,2026-08-18T11:48:58.757958
0954cea4-1436-4019-a080-f8f5b14da27a,651ab6b2-cd95-4b16-8b3e-358edd838560,2023,118639000.0,74380000.0,2026-08-18T11:48:58.757963
7a0116d6-f33b-4676-aa4f-6db746e7b5d4,651ab6b2-cd95-4b16-8b3e-358edd838560,2024,136660000.0,83621000.0,2026-08-18T11:48:58.757966
73f1f59e-e8c4-40b6-a9e7-70cedc0ee9bc,651ab6b2-cd95-4b16-8b3e-358edd838560,2025,158883000.0,101722000.0,2026-08-18T11:48:58.757970
69078bac-a3a5-4575-8f05-0327d33b0335,bd0b2052-5af6-4248-ab18-8589a5bf3fdf,2020,143275000.0,95776000.0,2026-08-18T11:48:58.758006
21b25a8a-68ff-4e37-aed0-e872ab2cf810,bd0b2052-5af6-4248-ab18-8589a5bf3fdf,2021,151786000.0,103243000.0,2026-08-18T11:48:58.758011
923d808d-5505-4f69-94ae-29c47a7305a8,bd0b2052-5af6-4248-ab18-8589a5bf3fdf,2022,165769000.0,106635000.0,2026-08-18T11:48:58.758014
688a2af6-e3f0-4a12-b8c6-044cc0a1894d,bd0b2052-5af6-4248-ab18-8589a5bf3fdf,2023,181963000.0,121058000.0,2026-08-18T11:48:58.758017
d7ad5ac9-aff3-47c5-865f-b87c70ec945b,bd0b2052-5af6-4248-ab18-8589a5bf3fdf,2024,192823000.0,127440000.0,2026-08-18T11:48:58.758020
fb4d653a-d48b-4467-881a-4c18c7890085,bd0b2052-5af6-4248-ab18-8589a5bf3fdf,2025,197021000.0,138860000.0,2026-08-18T11:48:58.758023
0820075b-8164-485a-a64a-531baaac1088,cde4a3b8-c754-4087-b526-735da11b8d90,2020,25449000.0,17986000.0,2026-08-18T11:48:58.758066
7bdb0db6-1827-4ef4-ad7a-ac99e2d5b6f3,cde4a3b8-c754-4087-b526-735da11b8d90,2021,28108000.0,19882000.0,2026-08-18T11:48:58.758069
0e0a4df2-dd41-4d56-b3f6-aab24c31a427,cde4a3b8-c754-4087-b526-735da11b8d90,2022,29715000.0,21301000.0,2026-08-18T11:48:58.758073
428562c1-1289-4012-881e-c70713653e83,cde4a3b8-c754-4087-b526-735da11b8d90,2023,32303000.0,21310000.0,2026-08-18T11:48:58.758076
4c26fb81-3cd9-4275-9ef0-0eb024af8703,cde4a3b8-c754-4087-b526-735da11b8d90,2024,35782000.0,23699000.0,2026-08-18T11:48:58.758079
6927d821-4179-475d-9307-76aa8e6957c7,cde4a3b8-c754-4087-b526-735da11b8d90,2025,38365000.0,26366000.0,2026-08-18T11:48:58.758083
03621086-8e3e-4f99-8dfb-6d58906077ea,1603771a-6814-455b-84be-9ec072381ac8,2020,79265000.0,51839000.0,2026-08-18T11:48:58.758122
2b59eeb6-d607-4420-ae02-0369b8f1037e,1603771a-6814-455b-84be-9ec072381ac8,2021,86152000.0,56281000.0,2026-08-18T11:48:58.758129
efac8db7-faff-4c31-acc6-141771943689,1603771a-6814-455b-84be-9ec072381ac8,2022,90763000.0,55958000.0,2026-08-18T11:48:58.758133
4e2e305f-3fba-4053-b231-1981675ae253,1603771a-6814-455b-84be-9ec072381ac8,2023,99090000.0,63192000.0,2026-08-18T11:48:58.758136
e83e286a-c9e0-41c9-8ac4-e52153420a1e,1603771a-6814-455b-84be-9ec072381ac8,2024,105715000.0,75614000.0,2026-08-18T11:48:58.758139
07c9940b-c2cb-4ab9-afe1-89c3de279e4f,1603771a-6814-455b-84be-9ec072381ac8,2025,111646000.0,69480000.0,2026-08-18T11:48:58.758144
c21c6481-3ef8-485e-8988-8a89dc9d79fe,f2261160-0a4f-4ef1-8371-53d6e30d46f4,2020,61302000.0,42069000.0,2026-08-18T11:48:58.758190
8942057e-80e3-495a-a54f-dc94059350a1,f2261160-0a4f-4ef1-8371-53d6e30d46f4,2021,65258000.0,45178000.0,2026-08-18T11:48:58.758194
1cb7336b-d8ca-422f-b198-fc0e838dc57c,f2261160-0a4f-4ef1-8371-53d6e30d46f4,2022,72714000.0,44272000.0,2026-08-18T11:48:58.758197
9c55bab9-34b4-4f81-bb19-284d136e68f1,f2261160-0a4f-4ef1-8371-53d6e30d46f4,2023,80302000.0,54371000.0,2026-08-18T11:48:58.758200
c427ff49-02b0-489b-a11b-b2c4c5272871,f2261160-0a4f-4ef1-8371-53d6e30d46f4,2024,85230000.0,58094000.0,2026-08-18T11:48:58.758203
4a8b85bc-12f5-42d6-bcf5-42b60bf212cf,f2261160-0a4f-4ef1-8371-53d6e30d46f4,2025,92713000.0,65396000.0,2026-08-18T11:48:58.758207
2694d977-c868-43e6-9ca1-c4b1e1bfbd9a,9959c8d5-ee83-4bf1-8ff9-927553a94f1e,2020,60241000.0,37259000.0,2026-08-18T11:48:58.758233
fa51912a-d654-4e4f-9845-a14b0c3571c6,9959c8d5-ee83-4bf1-8ff9-927553a94f1e,2021,64192000.0,44066000.0,2026-08-18T11:48:58.758236
eb72d5ae-25d2-4ad0-8da1-5d91fff32bb0,9959c8d5-ee83-4bf1-8ff9-927553a94f1e,2022,69329000.0,48607000.0,2026-08-18T11:48:58.758240
36eb4c1c-207f-472a-911b-4035a3174ecc,9959c8d5-ee83-4bf1-8ff9-927553a94f1e,2023,74932000.0,52380000.0,2026-08-18T11:48:58.758243
6505b35b-fcc0-4f5b-967b-776089f23a12,9959c8d5-ee83-4bf1-8ff9-927553a94f1e,2024,78591000.0,47583000.0,2026-08-18T11:48:58.758246
0da49e0f-aaa1-4079-805d-b7e2780ad50e,9959c8d5-ee83-4bf1-8ff9-927553a94f1e,2025,88376000.0,59142000.0,2026-08-18T11:48:58.758250
abe6857a-cb3c-4c67-8818-43a1b361da7d,a0d06f50-0e4b-42e9-bb99-ac675d011db5,2020,68902000.0,43741000.0,2026-08-18T11:48:58.758287
fe5870fa-1788-4e5e-b631-d48caf585b2f,a0d06f50-0e4b-42e9-bb99-ac675d011db5,2021,76418000.0,51494000.0,2026-08-18T11:48:58.758290
6861bdb7-7f95-45f3-966e-c7cf3dab82f4,a0d06f50-0e4b-42e9-bb99-ac675d011db5,2022,82599000.0,58136000.0,2026-08-18T11:48:58.758293
597ed30e-e219-4146-839f-e06239f45440,a0d06f50-0e4b-42e9-bb99-ac675d011db5,2023,89534000.0,57238000.0,2026-08-18T11:48:58.758297
e259b877-9cc1-45e6-8422-ba1b67b5c089,a0d06f50-0e4b-42e9-bb99-ac675d011db5,2024,100075000.0,63800000.0,2026-08-18T11:48:58.758300
83218e1e-c0f9-45ef-b786-cac994ebce74,a0d06f50-0e4b-42e9-bb99-ac675d011db5,2025,110273000.0,72757000.0,2026-08-18T11:48:58.758303
011d347b-69fa-4d89-a937-facea3719498,df59b83a-b654-43b1-95fa-aa732905b4c0,2020,20958000.0,13978000.0,2026-08-18T11:48:58.758348
75664297-d74b-4033-979a-d0c660f7099d,df59b83a-b654-43b1-95fa-aa732905b4c0,2021,22216000.0,13714000.0,2026-08-18T11:48:58.758351
bd1cde4a-5be7-4351-a404-14417ac1ab28,df59b83a-b654-43b1-95fa-aa732905b4c0,2022,24785000.0,16065000.0,2026-08-18T11:48:58.758354
727a55ee-b99b-45f3-af41-701ceff46608,df59b83a-b654-43b1-95fa-aa732905b4c0,2023,26346000.0,15931000.0,2026-08-18T11:48:58.758358
bd663eeb-0647-4393-9473-0f7fd3b92ae5,df59b83a-b654-43b1-95fa-aa732905b4c0,2024,30180000.0,21020000.0,2026-08-18T11:48:58.758361
66fe3ead-4cb3-4b24-b4f5-8a02e3b849cb,df59b83a-b654-43b1-95fa-aa732905b4c0,2025,32812000.0,20274000.0,2026-08-18T11:48:58.758364
08e69d6f-b6eb-4d41-8e03-c5f5e361d5b2,f28b1e79-3a6b-47c5-84ef-a00d0bf32eb2,2020,15814000.0,10799000.0,2026-08-18T11:48:58.758407
94910ddb-c4af-4957-8250-753bf112bac7,f28b1e79-3a6b-47c5-84ef-a00d0bf32eb2,2021,17593000.0,12192000.0,2026-08-18T11:48:58.758410
a66a1b0b-5a15-425a-81cb-958000dd7310,f28b1e79-3a6b-47c5-84ef-a00d0bf32eb2,2022,19859000.0,13995000.0,2026-08-18T11:48:58.758415
3a9d4512-5cfd-4973-9a91-9274f32fdf47,f28b1e79-3a6b-47c5-84ef-a00d0bf32eb2,2023,21512000.0,13068000.0,2026-08-18T11:48:58.758418
8525a624-d76d-419d-9e2d-96142ae3d85c,f28b1e79-3a6b-47c5-84ef-a00d0bf32eb2,2024,22725000.0,14200000.0,2026-08-18T11:48:58.758421
a3e8e1ea-7e65-4d30-a735-1bb7f4fd0be9,f28b1e79-3a6b-47c5-84ef-a00d0bf32eb2,2025,25171000.0,17103000.0,2026-08-18T11:48:58.758425
0cc9bb63-91e1-45b4-a55e-a06b4a1d1f9e,3929a0d8-c0cc-4bc0-8049-354639e2d676,2020,106700000.0,71216000.0,2026-08-18T11:48:58.758467
10cd165a-7673-4de1-8a5d-4923823e71b2,3929a0d8-c0cc-4bc0-8049-354639e2d676,2021,121240000.0,74333000.0,2026-08-18T11:48:58.758471
229deba3-1edd-4d81-93d7-e61727998298,3929a0d8-c0cc-4bc0-8049-354639e2d676,2022,141690000.0,89082000.0,2026-08-18T11:48:58.758474
447dec44-0831-4642-9cca-68abfef96ad5,3929a0d8-c0cc-4bc0-8049-354639e2d676,2023,154422000.0,109427000.0,2026-08-18T11:48:58.758477
a1b50a78-4f4a-415f-95f9-35f94073aa44,3929a0d8-c0cc-4bc0-8049-354639e2d676,2024,177352000.0,111366000.0,2026-08-18T11:48:58.758480
fe4872ee-d2c4-48b6-9975-c38548bec78b,3929a0d8-c0cc-4bc0-8049-354639e2d676,2025,199971000.0,127908000.0,2026-08-18T11:48:58.758483
124fc11d-b135-402c-8154-c70148b2fc32,3861266d-ffef-4a27-914f-0fe9aa27cc4a,2020,113760000.0,79874000.0,2026-08-18T11:48:58.758526
2e26472a-2d2d-4fe6-a063-cb610d047cf4,3861266d-ffef-4a27-914f-0fe9aa27cc4a,2021,122746000.0,76488000.0,2026-08-18T11:48:58.758529
ad15754d-088e-440f-9b4b-47eabb775b46,3861266d-ffef-4a27-914f-0fe9aa27cc4a,2022,133279000.0,82566000.0,2026-08-18T11:48:58.758533
d044c17d-9364-4033-b56d-f1d773e425b7,3861266d-ffef-4a27-914f-0fe9aa27cc4a,2023,151020000.0,95274000.0,2026-08-18T11:48:58.758537
beff9308-b7c1-428a-ac5f-9a869b1821a5,3861266d-ffef-4a27-914f-0fe9aa27cc4a,2024,164810000.0,113454000.0,2026-08-18T11:48:58.758540
0aaba486-a1af-4bb9-916a-e6a648177763,3861266d-ffef-4a27-914f-0fe9aa27cc4a,2025,189619000.0,126691000.0,2026-08-18T11:48:58.758543
2fd38c8e-c4ac-4897-94ff-ee769be2b374,eb60111d-e4f5-4e66-a41a-2451137689fc,2020,105052000.0,69366000.0,2026-08-18T11:48:58.758570
214da78d-96aa-49bd-9f25-ba9594a1608a,eb60111d-e4f5-4e66-a41a-2451137689fc,2021,118382000.0,81024000.0,2026-08-18T11:48:58.758574
cb986563-c198-4427-9515-a03839cb1731,eb60111d-e4f5-4e66-a41a-2451137689fc,2022,125138000.0,76846000.0,2026-08-18T11:48:58.758577
504e0af8-0962-45db-bfb2-94f344bd27f5,eb60111d-e4f5-4e66-a41a-2451137689fc,2023,141999000.0,90227000.0,2026-08-18T11:48:58.758580
b1de57d0-0b9f-4e11-aa63-9fb5ecf4716f,eb60111d-e4f5-4e66-a41a-2451137689fc,2024,152681000.0,95623000.0,2026-08-18T11:48:58.758584
cb70a9df-094c-41c4-99fa-b232a5e916e2,eb60111d-e4f5-4e66-a41a-2451137689fc,2025,162326000.0,100380000.0,2026-08-18T11:48:58.758588
13f42554-a69b-4221-bc17-83b4e9e6b937,5be0a720-d12b-49c1-9a6d-6180ae2c8d93,2020,92472000.0,61901000.0,2026-08-18T11:48:58.758629
ea19e10a-8b41-423f-a287-c729162dcbdb,5be0a720-d12b-49c1-9a6d-6180ae2c8d93,2021,100636000.0,64542000.0,2026-08-18T11:48:58.758633
e9b8ba65-9de5-4213-9236-4ae445f48e75,5be0a720-d12b-49c1-9a6d-6180ae2c8d93,2022,114384000.0,82276000.0,2026-08-18T11:48:58.758636
ed53d256-6f34-4ab3-93ee-dfafaf8a5aed,5be0a720-d12b-49c1-9a6d-6180ae2c8d93,2023,136830000.0,83231000.0,2026-08-18T11:48:58.758639
aaee649c-108d-4d75-951c-2de1c3b689c8,5be0a720-d12b-49c1-9a6d-6180ae2c8d93,2024,155338000.0,93794000.0,2026-08-18T11:48:58.758642
8ba01356-dbb8-4103-8535-1d8fe4946cb6,5be0a720-d12b-49c1-9a6d-6180ae2c8d93,2025,170944000.0,118341000.0,2026-08-18T11:48:58.758646
60084381-9c15-4d3f-9349-bd554a27e3f2,cdcd4e77-b26b-4d74-9bf0-61d4057a9492,2020,95596000.0,60046000.0,2026-08-18T11:48:58.758690
8c0124c5-2076-4749-8235-7e7676f0d78e,cdcd4e77-b26b-4d74-9bf0-61d4057a9492,2021,106746000.0,75112000.0,2026-08-18T11:48:58.758693
159bda6c-79bb-4157-877b-972e96c476ba,cdcd4e77-b26b-4d74-9bf0-61d4057a9492,2022,119359000.0,78833000.0,2026-08-18T11:48:58.758696
8c2f476c-3c2a-41fd-8d7a-63adcf756380,cdcd4e77-b26b-4d74-9bf0-61d4057a9492,2023,136719000.0,95415000.0,2026-08-18T11:48:58.758701
782120f3-7f79-414b-9f8c-123cf26c08fc,cdcd4e77-b26b-4d74-9bf0-61d4057a9492,2024,158539000.0,101190000.0,2026-08-18T11:48:58.758704
64f0822b-3a08-4de2-9d78-48fc89a7441c,cdcd4e77-b26b-4d74-9bf0-61d4057a9492,2025,177613000.0,120902000.0,2026-08-18T11:48:58.758708
22c75739-2d5e-4958-81d9-6b620fd102ea,eaea3d7b-8f36-4be0-9a42-011367abb701,2020,57420000.0,34807000.0,2026-08-18T11:48:58.758750
01166847-bdf0-4a38-a862-8a8acad2add3,eaea3d7b-8f36-4be0-9a42-011367abb701,2021,62200000.0,41835000.0,2026-08-18T11:48:58.758754
3c008186-71b0-4315-93f4-40d7dce99cd0,eaea3d7b-8f36-4be0-9a42-011367abb701,2022,67807000.0,41276000.0,2026-08-18T11:48:58.758757
23bc7c10-9b36-434b-8ed6-1b036915acee,eaea3d7b-8f36-4be0-9a42-011367abb701,2023,79021000.0,52984000.0,2026-08-18T11:48:58.758760
af2a29ba-4e09-417e-a61b-0a3ff65931bf,eaea3d7b-8f36-4be0-9a42-011367abb701,2024,87249000.0,54622000.0,2026-08-18T11:48:58.758763
dd99157b-0ebc-4745-acdc-3b6badc0d096,eaea3d7b-8f36-4be0-9a42-011367abb701,2025,94427000.0,66934000.0,2026-08-18T11:48:58.758767
30637358-196d-482b-a110-db2c0e941fdc,905cd121-642b-482e-8c38-c7676fa11301,2020,221455000.0,155189000.0,2026-08-18T11:48:58.758794
d665bfa2-5e4e-45fc-b4dd-2e9fc509d8a1,905cd121-642b-482e-8c38-c7676fa11301,2021,261143000.0,168303000.0,2026-08-18T11:48:58.758797
db08a940-4c91-456d-a7d6-766e90189748,905cd121-642b-482e-8c38-c7676fa11301,2022,291137000.0,194335000.0,2026-08-18T11:48:58.758800
3f6f74c1-55dc-4ec5-b2e0-870f568dc877,905cd121-642b-482e-8c38-c7676fa11301,2023,330488000.0,204080000.0,2026-08-18T11:48:58.758804
baf08e8c-b0ee-4a11-b93d-246fa132e95f,905cd121-642b-482e-8c38-c7676fa11301,2024,380482000.0,270968000.0,2026-08-18T11:48:58.758807
d89babf0-efd1-4604-93fe-37a6e1a48474,905cd121-642b-482e-8c38-c7676fa11301,2025,445454000.0,289594000.0,2026-08-18T11:48:58.758810
5940ec7d-c92a-473b-8628-2afefd1c527a,576dcea8-d711-4efd-84ec-7e9ffa52c860,2020,97028000.0,58921000.0,2026-08-18T11:48:58.758847
fbe4b1bd-d5db-4592-a3fd-35d3bc993682,576dcea8-d711-4efd-84ec-7e9ffa52c860,2021,106671000.0,75957000.0,2026-08-18T11:48:58.758850
716a691c-7c1f-4bde-99d3-fe1ef9fe6da0,576dcea8-d711-4efd-84ec-7e9ffa52c860,2022,117903000.0,80070000.0,2026-08-18T11:48:58.758854
41b42cd8-4efd-451b-934c-f865219f1d31,576dcea8-d711-4efd-84ec-7e9ffa52c860,2023,121485000.0,80650000.0,2026-08-18T11:48:58.758858
923975ee-4889-4571-b7e4-439c2e540485,576dcea8-d711-4efd-84ec-7e9ffa52c860,2024,135345000.0,81479000.0,2026-08-18T11:48:58.758862
fd4b5cc5-07fc-442a-929a-40451f3936f3,576dcea8-d711-4efd-84ec-7e9ffa52c860,2025,149947000.0,99608000.0,2026-08-18T11:48:58.758869
9326140f-44d1-40e6-83c4-6e8549ecbb6c,2771bc89-6079-40c8-b635-161f75eafc10,2020,45227000.0,27441000.0,2026-08-18T11:48:58.758897
2269e3b7-4fb9-4935-a7e7-a8392960cd29,2771bc89-6079-40c8-b635-161f75eafc10,2021,48148000.0,29879000.0,2026-08-18T11:48:58.758901
0ef48589-d409-4270-b7fc-6183b3fca206,2771bc89-6079-40c8-b635-161f75eafc10,2022,54586000.0,35594000.0,2026-08-18T11:48:58.758904
efb5c20a-40c6-4f84-a6a1-43927c72e4d0,2771bc89-6079-40c8-b635-161f75eafc10,2023,61088000.0,40801000.0,2026-08-18T11:48:58.758908
b2f89241-3862-428e-b22b-5686330a65d9,2771bc89-6079-40c8-b635-161f75eafc10,2024,67510000.0,41279000.0,2026-08-18T11:48:58.758911
83121f57-816d-4909-a859-24c690f8d566,2771bc89-6079-40c8-b635-161f75eafc10,2025,72845000.0,44079000.0,2026-08-18T11:48:58.758914
f1a564c4-9f33-4eb5-90cd-7fe5f1666ddd,5883f96b-bab7-491a-977e-f572037a6304,2020,33223000.0,22682000.0,2026-08-18T11:48:58.758946
eeb1d75d-9caa-4882-8d6c-d6e17df33761,5883f96b-bab7-491a-977e-f572037a6304,2021,35939000.0,24778000.0,2026-08-18T11:48:58.758950
675ad459-2825-4639-8f5b-aed3fb24601d,5883f96b-bab7-491a-977e-f572037a6304,2022,41250000.0,25234000.0,2026-08-18T11:48:58.758953
81ae392f-4ac9-4e45-90ea-51f59cdd9556,5883f96b-bab7-491a-977e-f572037a6304,2023,46258000.0,28177000.0,2026-08-18T11:48:58.758956
cd3362d5-3390-4438-bcca-5602261dc74c,5883f96b-bab7-491a-977e-f572037a6304,2024,53421000.0,35988000.0,2026-08-18T11:48:58.758959
6f16b406-7b7b-43b7-aaaa-c7a3972ab8fd,5883f96b-bab7-491a-977e-f572037a6304,2025,60288000.0,43183000.0,2026-08-18T11:48:58.758962
4763f163-0a02-43bf-b630-ced74ded1d74,0ef3dae2-9322-400f-aefe-a067c0d89fa5,2020,80138000.0,49885000.0,2026-08-18T11:48:58.758994
28965f3e-5296-4152-a7f2-00aec21444f7,0ef3dae2-9322-400f-aefe-a067c0d89fa5,2021,89175000.0,59441000.0,2026-08-18T11:48:58.758997
bfe0dd62-09ee-4478-8221-15fbaf7a2301,0ef3dae2-9322-400f-aefe-a067c0d89fa5,2022,97103000.0,58568000.0,2026-08-18T11:48:58.759000
4093d0fd-cd7f-4f07-86f8-7521fd03ef63,0ef3dae2-9322-400f-aefe-a067c0d89fa5,2023,105650000.0,64570000.0,2026-08-18T11:48:58.759003
3c82e6a6-e9b3-486b-a391-19e933db78ab,0ef3dae2-9322-400f-aefe-a067c0d89fa5,2024,117029000.0,74774000.0,2026-08-18T11:48:58.759007
734c7841-b48f-4dad-bad0-63626046cb0b,0ef3dae2-9322-400f-aefe-a067c0d89fa5,2025,126126000.0,80093000.0,2026-08-18T11:48:58.759010
5a96d2fe-ea4e-43f1-9bcb-d08bbf5df094,058c9f5b-0607-4ea9-9b13-c4dc85dcde9a,2020,71567000.0,46338000.0,2026-08-18T11:48:58.759039
70dfb22c-ee05-43c3-b8c0-e17b130ef56a,058c9f5b-0607-4ea9-9b13-c4dc85dcde9a,2021,81345000.0,52515000.0,2026-08-18T11:48:58.759042
29a95e38-6b78-4cf4-9833-d551b1ae520e,058c9f5b-0607-4ea9-9b13-c4dc85dcde9a,2022,88028000.0,57467000.0,2026-08-18T11:48:58.759046
53ab589a-7972-467e-afe4-2ac1342780ee,058c9f5b-0607-4ea9-9b13-c4dc85dcde9a,2023,92732000.0,64803000.0,2026-08-18T11:48:58.759049
fd8b59db-5744-4c9b-82dd-4bea098aa420,058c9f5b-0607-4ea9-9b13-c4dc85dcde9a,2024,101560000.0,68180000.0,2026-08-18T11:48:58.759052
02adea42-a2c9-436c-b417-297d8e241ebc,058c9f5b-0607-4ea9-9b13-c4dc85dcde9a,2025,107481000.0,72269000.0,2026-08-18T11:48:58.759055
432e81ad-2cdf-47af-8d92-91ae434f1934,d522c026-cb90-4b34-92a8-b6fa72ad12d5,2020,202976000.0,144204000.0,2026-08-18T11:48:58.759100
11f34e6f-abff-4431-ade5-47718d839935,d522c026-cb90-4b34-92a8-b6fa72ad12d5,2021,226176000.0,150461000.0,2026-08-18T11:48:58.759103
5f20cb30-264b-454d-8c0a-8ffd1a0823d1,d522c026-cb90-4b34-92a8-b6fa72ad12d5,2022,250724000.0,161252000.0,2026-08-18T11:48:58.759107
2f4524fb-be76-424f-b40e-f600235f9a6b,d522c026-cb90-4b34-92a8-b6fa72ad12d5,2023,278022000.0,184726000.0,2026-08-18T11:48:58.759114
d7b425a9-9be4-4bb5-9628-c1ff62158c0c,d522c026-cb90-4b34-92a8-b6fa72ad12d5,2024,301777000.0,184144000.0,2026-08-18T11:48:58.759117
cd19bb1e-dcc6-4dcc-9f6a-13d229210fcb,d522c026-cb90-4b34-92a8-b6fa72ad12d5,2025,335166000.0,227548000.0,2026-08-18T11:48:58.759120
fd8a2d12-070b-44cd-8a47-84e90d01b31b,8426c86e-6473-40b9-8df9-43c61ecc08a7,2020,150954000.0,96882000.0,2026-08-18T11:48:58.759156
e50d1d9d-a9f4-4016-835c-1eae8ede3d2e,8426c86e-6473-40b9-8df9-43c61ecc08a7,2021,166653000.0,114430000.0,2026-08-18T11:48:58.759161
95f7477f-5695-43af-b8ba-c7a17406de38,8426c86e-6473-40b9-8df9-43c61ecc08a7,2022,192893000.0,117291000.0,2026-08-18T11:48:58.759165
cf6e6f26-acf6-445c-a2e8-2c5881c6a814,8426c86e-6473-40b9-8df9-43c61ecc08a7,2023,213136000.0,146061000.0,2026-08-18T11:48:58.759168
8d569b08-2dd1-45fd-9558-aa546c6b70c7,8426c86e-6473-40b9-8df9-43c61ecc08a7,2024,241099000.0,154585000.0,2026-08-18T11:48:58.759171
2dee8371-e9e2-4605-aee2-0b1423d29437,8426c86e-6473-40b9-8df9-43c61ecc08a7,2025,274567000.0,191100000.0,2026-08-18T11:48:58.759174
99aa435d-3715-4187-b853-5ff0821bbb14,34db1e82-5061-471c-9eac-6aa1008f49c3,2020,22284000.0,14208000.0,2026-08-18T11:48:58.759220
286c9222-8315-476d-a817-560b0a56dae4,34db1e82-5061-471c-9eac-6aa1008f49c3,2021,24255000.0,14893000.0,2026-08-18T11:48:58.759224
4e98da6c-37d9-4dcf-963d-9ef90bb3eeda,34db1e82-5061-471c-9eac-6aa1008f49c3,2022,27321000.0,16856000.0,2026-08-18T11:48:58.759231
25ed960f-1d89-4003-a1e5-41651dd8e194,34db1e82-5061-471c-9eac-6aa1008f49c3,2023,30551000.0,20517000.0,2026-08-18T11:48:58.759234
57c92664-41a3-4318-b79a-4c8832badbc3,34db1e82-5061-471c-9eac-6aa1008f49c3,2024,34517000.0,22462000.0,2026-08-18T11:48:58.759237
238f926b-3a97-4a5e-8b12-913d2dab13cd,34db1e82-5061-471c-9eac-6aa1008f49c3,2025,38359000.0,25489000.0,2026-08-18T11:48:58.759241
d6f79df3-d79b-4bdd-bef8-edd762f76bcc,2d077d30-3b2c-4ba6-8dfb-69cc78932822,2020,75442000.0,52333000.0,2026-08-18T11:48:58.759271
de2c2ed8-bda3-42c1-a7d5-70b3111b3977,2d077d30-3b2c-4ba6-8dfb-69cc78932822,2021,83461000.0,57814000.0,2026-08-18T11:48:58.759275
1f1d4cd0-5a4f-4957-a2ba-65026fb398e4,2d077d30-3b2c-4ba6-8dfb-69cc78932822,2022,90423000.0,59796000.0,2026-08-18T11:48:58.759278
bdd2e402-0c6b-4363-9fb9-ea33118827a0,2d077d30-3b2c-4ba6-8dfb-69cc78932822,2023,98836000.0,62479000.0,2026-08-18T11:48:58.759281
5d41b66a-007b-458c-baaa-4aa643983abe,2d077d30-3b2c-4ba6-8dfb-69cc78932822,2024,107342000.0,77169000.0,2026-08-18T11:48:58.759284
f92ee011-97f8-4e65-ab36-907729f10ead,2d077d30-3b2c-4ba6-8dfb-69cc78932822,2025,116780000.0,80673000.0,2026-08-18T11:48:58.759287
c427b47c-b697-4568-97e1-9ea6a9c3acb8,0b4cc539-d112-41be-bc7d-348abf10258e,2020,18752000.0,11465000.0,2026-08-18T11:48:58.759323
e6b9395e-2d83-42f0-abea-b1028a3e0cba,0b4cc539-d112-41be-bc7d-348abf10258e,2021,21905000.0,15208000.0,2026-08-18T11:48:58.759326
fcaaab51-6b12-404b-9269-7918cf5e9fa8,0b4cc539-d112-41be-bc7d-348abf10258e,2022,25101000.0,18050000.0,2026-08-18T11:48:58.759330
2d582b9b-a21c-4f4e-a41f-2f4c2b94c036,0b4cc539-d112-41be-bc7d-348abf10258e,2023,28750000.0,17688000.0,2026-08-18T11:48:58.759333
ff1f2eec-a2fe-43c3-9f3b-761ca0177258,0b4cc539-d112-41be-bc7d-348abf10258e,2024,33027000.0,20806000.0,2026-08-18T11:48:58.759337
9fca3d62-2ec9-4a10-a10e-60fb3d4e965f,0b4cc539-d112-41be-bc7d-348abf10258e,2025,37598000.0,26297000.0,2026-08-18T11:48:58.759340
abcf77ae-e237-47b6-9ea4-fa91ca2b2ff9,f5fa6b0b-e6d8-4e64-81ff-b5b0582aabbc,2020,37387000.0,24494000.0,2026-08-18T11:48:58.759380
7dae3141-2308-4e97-8022-0b5cc793f9a4,f5fa6b0b-e6d8-4e64-81ff-b5b0582aabbc,2021,38734000.0,27227000.0,2026-08-18T11:48:58.759383
efd98f98-de7a-4b02-91ec-5311fb166cc4,f5fa6b0b-e6d8-4e64-81ff-b5b0582aabbc,2022,42566000.0,25543000.0,2026-08-18T11:48:58.759386
509fac0c-e0a0-459f-9902-bb43841c8e67,f5fa6b0b-e6d8-4e64-81ff-b5b0582aabbc,2023,47312000.0,29536000.0,2026-08-18T11:48:58.759391
7ed7828d-195a-403b-bced-1cba44a7deb4,f5fa6b0b-e6d8-4e64-81ff-b5b0582aabbc,2024,50199000.0,30914000.0,2026-08-18T11:48:58.759394
8d65c40f-6e63-4280-98d8-fe86d2013128,f5fa6b0b-e6d8-4e64-81ff-b5b0582aabbc,2025,53989000.0,33423000.0,2026-08-18T11:48:58.759397
824e69c4-f995-4001-b0d3-c0fd2449b800,08e179ab-4f78-4317-a9ed-01fd8b036edb,2020,6628000.0,4399000.0,2026-08-18T11:48:58.759441
1d8db850-0821-4d81-87b0-36391eede655,08e179ab-4f78-4317-a9ed-01fd8b036edb,2021,7556000.0,5123000.0,2026-08-18T11:48:58.759444
36c946e6-a193-4bef-828a-6f1f018529e5,08e179ab-4f78-4317-a9ed-01fd8b036edb,2022,8917000.0,6123000.0,2026-08-18T11:48:58.759447
a1029a64-ae25-40d8-9b5b-c75aa7f29aec,08e179ab-4f78-4317-a9ed-01fd8b036edb,2023,10365000.0,6407000.0,2026-08-18T11:48:58.759450
a3e9ec75-84d6-42f4-85f3-f0a641235c91,08e179ab-4f78-4317-a9ed-01fd8b036edb,2024,11761000.0,8026000.0,2026-08-18T11:48:58.759454
bd9a9fea-b48d-4069-b317-ca945a164fe3,08e179ab-4f78-4317-a9ed-01fd8b036edb,2025,13884000.0,8475000.0,2026-08-18T11:48:58.759457
c30c3b9f-a54a-44c9-84f5-080fa7e463ac,64e4c7d4-a431-4000-a4bd-586a6cd79c3d,2020,201852000.0,134879000.0,2026-08-18T11:48:58.759498
71f07633-e33b-42d9-8cd3-7e31bf2c6c3a,64e4c7d4-a431-4000-a4bd-586a6cd79c3d,2021,211767000.0,144415000.0,2026-08-18T11:48:58.759502
63936643-25b9-4bd1-a2bd-e4f54ab4eb79,64e4c7d4-a431-4000-a4bd-586a6cd79c3d,2022,234326000.0,167434000.0,2026-08-18T11:48:58.759505
af4a0f3e-34c5-4b4c-bc7f-d8586712ece6,64e4c7d4-a431-4000-a4bd-586a6cd79c3d,2023,253317000.0,152498000.0,2026-08-18T11:48:58.759508
11f6bd58-9a13-4a20-8282-6d108f0b8c04,64e4c7d4-a431-4000-a4bd-586a6cd79c3d,2024,262365000.0,165674000.0,2026-08-18T11:48:58.759511
efcdfa3d-f05a-4b49-9424-c9388415462d,64e4c7d4-a431-4000-a4bd-586a6cd79c3d,2025,283017000.0,171864000.0,2026-08-18T11:48:58.759515
d89798fe-9364-4297-8e68-c5f8b57bd76c,827caaa5-7d28-4d60-a622-dd006f3f0def,2020,166258000.0,109659000.0,2026-08-18T11:48:58.759551
fa25573c-e3f2-4e73-adc4-c02022947b6d,827caaa5-7d28-4d60-a622-dd006f3f0def,2021,183446000.0,121453000.0,2026-08-18T11:48:58.759556
1077a3da-6936-4699-8e5f-922ce748125e,827caaa5-7d28-4d60-a622-dd006f3f0def,2022,204015000.0,128756000.0,2026-08-18T11:48:58.759559
be7b2cb9-881d-4846-9f9f-aef14c0ec5fc,827caaa5-7d28-4d60-a622-dd006f3f0def,2023,214686000.0,148128000.0,2026-08-18T11:48:58.759562
924f74b3-a2b7-46e2-ab89-f81e67c529b6,827caaa5-7d28-4d60-a622-dd006f3f0def,2024,239109000.0,164496000.0,2026-08-18T11:48:58.759565
641810e3-6b6a-41c2-a224-facc15341f25,827caaa5-7d28-4d60-a622-dd006f3f0def,2025,247013000.0,174882000.0,2026-08-18T11:48:58.759570
6705f568-e20e-40be-8fc8-f8b819da10c3,6fe2e902-05f5-43c8-83ff-2a2b96d833b5,2020,5240000.0,3315000.0,2026-08-18T11:48:58.759610
4b7f7790-f607-42ce-9e87-994135e0ee22,6fe2e902-05f5-43c8-83ff-2a2b96d833b5,2021,5561000.0,3585000.0,2026-08-18T11:48:58.759614
c8c5b670-2ea2-4494-9135-dd93d827d8fb,6fe2e902-05f5-43c8-83ff-2a2b96d833b5,2022,6296000.0,4459000.0,2026-08-18T11:48:58.759617
177a0d30-a9e3-474c-8f0b-7ca71d278e24,6fe2e902-05f5-43c8-83ff-2a2b96d833b5,2023,6811000.0,4744000.0,2026-08-18T11:48:58.759620
8066bd21-d53e-4104-9d40-fffe7703bd7a,6fe2e902-05f5-43c8-83ff-2a2b96d833b5,2024,7884000.0,5633000.0,2026-08-18T11:48:58.759624
89118ca7-37ca-474b-b1ac-f50ed7d39287,6fe2e902-05f5-43c8-83ff-2a2b96d833b5,2025,8235000.0,5401000.0,2026-08-18T11:48:58.759627
239cdf49-668e-4e2f-857e-0349a0e9dbdc,e3fb2ce1-d064-4564-baa2-ae5375bc76f9,2020,1321000.0,814000.0,2026-08-18T11:48:58.759676
bbd111a3-1516-4055-9a6b-dcac506beb5d,e3fb2ce1-d064-4564-baa2-ae5375bc76f9,2021,1486000.0,905000.0,2026-08-18T11:48:58.759679
4a7ea25d-75ce-4e65-816e-47529b1ac00f,e3fb2ce1-d064-4564-baa2-ae5375bc76f9,2022,1576000.0,1028000.0,2026-08-18T11:48:58.759682
d0d7d132-4813-4946-b0ec-abc3f44eafa6,e3fb2ce1-d064-4564-baa2-ae5375bc76f9,2023,1737000.0,1092000.0,2026-08-18T11:48:58.759685
bda372ea-acca-4e63-8f24-5fdab2ca542c,e3fb2ce1-d064-4564-baa2-ae5375bc76f9,2024,1794000.0,1144000.0,2026-08-18T11:48:58.759688
ef525565-66bf-4884-9c71-92cf82311ea5,e3fb2ce1-d064-4564-baa2-ae5375bc76f9,2025,1995000.0,1365000.0,2026-08-18T11:48:58.759691
e71ab792-255c-4a5b-bfa8-700b69cd270d,1148bd15-4781-456d-8719-a7ebb08d1bfd,2020,2626000.0,1800000.0,2026-08-18T11:48:58.759729
e8712073-4ea7-4fde-8791-285bc88ff45f,1148bd15-4781-456d-8719-a7ebb08d1bfd,2021,3140000.0,2033000.0,2026-08-18T11:48:58.759733
25c646b7-8859-4a63-906c-d24aa349951b,1148bd15-4781-456d-8719-a7ebb08d1bfd,2022,3383000.0,2151000.0,2026-08-18T11:48:58.759736
1a272e8d-a798-40e5-bec0-2a459fd42c75,1148bd15-4781-456d-8719-a7ebb08d1bfd,2023,4035000.0,2505000.0,2026-08-18T11:48:58.759739
52ff77fc-4bd7-44b8-977a-eb156d1be8cf,1148bd15-4781-456d-8719-a7ebb08d1bfd,2024,4630000.0,3253000.0,2026-08-18T11:48:58.759742
bfab578e-3fc6-42fa-804a-54750f8ef60b,1148bd15-4781-456d-8719-a7ebb08d1bfd,2025,5149000.0,3429000.0,2026-08-18T11:48:58.759745
385ff449-a9d9-4891-a08f-1b261a2396b0,9801e0cf-5646-4a52-96f5-d0e9a7864bad,2020,1161000.0,782000.0,2026-08-18T11:48:58.759785
1e6009a8-ba9a-474b-960a-d88f57446ac5,9801e0cf-5646-4a52-96f5-d0e9a7864bad,2021,1321000.0,895000.0,2026-08-18T11:48:58.759789
87b55fcc-1543-49cb-9e6e-000e2a125c88,9801e0cf-5646-4a52-96f5-d0e9a7864bad,2022,1450000.0,1024000.0,2026-08-18T11:48:58.759792
eee2459f-e998-4fe0-bc00-93d446fccc5c,9801e0cf-5646-4a52-96f5-d0e9a7864bad,2023,1601000.0,977000.0,2026-08-18T11:48:58.759795
a8a79853-f854-4245-a776-6f13d5b99325,9801e0cf-5646-4a52-96f5-d0e9a7864bad,2024,1760000.0,1145000.0,2026-08-18T11:48:58.759798
d8563907-bc1b-4de8-a136-6153be062dfb,9801e0cf-5646-4a52-96f5-d0e9a7864bad,2025,1977000.0,1375000.0,2026-08-18T11:48:58.759801
ea022b3f-9b1e-4a53-9081-00784499b874,35de8faf-af3b-4ce7-ae7e-12d50d687fdb,2020,5707000.0,3902000.0,2026-08-18T11:48:58.759842
4cfdb029-692c-40b3-8f28-979d30a20b51,35de8faf-af3b-4ce7-ae7e-12d50d687fdb,2021,6418000.0,3873000.0,2026-08-18T11:48:58.759845
73620f7f-a147-41a9-8500-ebe42bef33bd,35de8faf-af3b-4ce7-ae7e-12d50d687fdb,2022,7082000.0,5054000.0,2026-08-18T11:48:58.759850
237a6cd9-37f2-4500-8f38-27c8fb36f708,35de8faf-af3b-4ce7-ae7e-12d50d687fdb,2023,7849000.0,5240000.0,2026-08-18T11:48:58.759854
4d120b76-f889-4860-887d-5f88d1e42940,35de8faf-af3b-4ce7-ae7e-12d50d687fdb,2024,8574000.0,6161000.0,2026-08-18T11:48:58.759863
3a4f4db7-26c4-4c80-a6b1-770eac506455,35de8faf-af3b-4ce7-ae7e-12d50d687fdb,2025,9987000.0,6582000.0,2026-08-18T11:48:58.759869
7fa43490-cebe-481b-a6e5-34ad7cf7a3db,a586f05d-5916-4374-8b10-f34b9fa66195,2020,1359000.0,907000.0,2026-08-18T11:48:58.759916
d8909cd4-aae2-436a-aaf8-51c6c25df2d0,a586f05d-5916-4374-8b10-f34b9fa66195,2021,1505000.0,1014000.0,2026-08-18T11:48:58.759920
ab271d5f-8dca-4629-951f-cb2a1b271883,a586f05d-5916-4374-8b10-f34b9fa66195,2022,1597000.0,1086000.0,2026-08-18T11:48:58.759923
6c814e39-cbeb-4a6a-a5ef-ed3943d5f993,a586f05d-5916-4374-8b10-f34b9fa66195,2023,1798000.0,1160000.0,2026-08-18T11:48:58.759926
e8c30980-90c3-4a56-b3fa-139bf79a0d3d,a586f05d-5916-4374-8b10-f34b9fa66195,2024,1960000.0,1245000.0,2026-08-18T11:48:58.759929
b3b0d7b5-6a15-455f-9dd9-0ada9d106cdd,a586f05d-5916-4374-8b10-f34b9fa66195,2025,2076000.0,1246000.0,2026-08-18T11:48:58.759933
78b2f2e2-42b4-47a4-88da-e2c9b7d50d22,4c2df269-b00c-426d-abd0-f24200b1e893,2020,2537000.0,1668000.0,2026-08-18T11:48:58.759971
d0079cd6-09e0-436e-b8cd-b0c620482e80,4c2df269-b00c-426d-abd0-f24200b1e893,2021,2957000.0,2005000.0,2026-08-18T11:48:58.759975
c90f817d-7d23-4876-8b6c-60ae7ac32a6a,4c2df269-b00c-426d-abd0-f24200b1e893,2022,3259000.0,2019000.0,2026-08-18T11:48:58.759981
f52b0061-8209-4eb6-9c6c-f78084903ad2,4c2df269-b00c-426d-abd0-f24200b1e893,2023,3498000.0,2454000.0,2026-08-18T11:48:58.759985
8239f877-1d20-4f19-b10d-15b9eef15409,4c2df269-b00c-426d-abd0-f24200b1e893,2024,3948000.0,2520000.0,2026-08-18T11:48:58.759988
125f7124-2a08-470d-ba44-c90d7910b03c,4c2df269-b00c-426d-abd0-f24200b1e893,2025,4573000.0,2785000.0,2026-08-18T11:48:58.759992
675eff0d-7a6d-4c54-a7d4-d13473d8f391,657aa389-a522-44b3-94b4-bd56d9b19a6f,2020,4288000.0,2777000.0,2026-08-18T11:48:58.760036
a390a647-d3e2-41f3-ad90-1db5c82a6695,657aa389-a522-44b3-94b4-bd56d9b19a6f,2021,4931000.0,3350000.0,2026-08-18T11:48:58.760040
87779ecf-05cd-490c-a855-4e6848f93036,657aa389-a522-44b3-94b4-bd56d9b19a6f,2022,5475000.0,3642000.0,2026-08-18T11:48:58.760043
02998eb8-77d6-4dec-a723-aedde2880089,657aa389-a522-44b3-94b4-bd56d9b19a6f,2023,6264000.0,4424000.0,2026-08-18T11:48:58.760046
76d0839f-b4d8-473e-ab40-87b77476e337,657aa389-a522-44b3-94b4-bd56d9b19a6f,2024,7206000.0,4709000.0,2026-08-18T11:48:58.760049
79150e30-9636-4bde-a088-297fd26dff4a,657aa389-a522-44b3-94b4-bd56d9b19a6f,2025,8144000.0,5341000.0,2026-08-18T11:48:58.760052
047f1ae9-7f91-482e-a5ac-5f9e92feedcd,dfcb50fc-ea73-4ac8-b59f-de4a45938f88,2020,1134000.0,715000.0,2026-08-18T11:48:58.760097
6549f7c1-34de-4589-a24f-2d5ceeb4bb1f,dfcb50fc-ea73-4ac8-b59f-de4a45938f88,2021,1276000.0,906000.0,2026-08-18T11:48:58.760101
0830b300-8caf-447d-9a1a-af47920ae482,dfcb50fc-ea73-4ac8-b59f-de4a45938f88,2022,1358000.0,878000.0,2026-08-18T11:48:58.760104
7af23c7c-365e-4085-bde5-01453f1f824a,dfcb50fc-ea73-4ac8-b59f-de4a45938f88,2023,1552000.0,992000.0,2026-08-18T11:48:58.760107
e227d89b-cd81-41df-9454-990405ef8f68,dfcb50fc-ea73-4ac8-b59f-de4a45938f88,2024,1726000.0,1130000.0,2026-08-18T11:48:58.760110
5d7cda30-b492-40e8-8e37-132d9459bf78,dfcb50fc-ea73-4ac8-b59f-de4a45938f88,2025,2004000.0,1392000.0,2026-08-18T11:48:58.760114
0b061e6b-0dd4-48e5-b3f6-3807bc0a4daa,74ccd7b0-1470-40c6-afe7-29119d47b4b7,2020,2253000.0,1575000.0,2026-08-18T11:48:58.760160
8eb764a1-c8a6-4012-8de4-41d176aec9e7,74ccd7b0-1470-40c6-afe7-29119d47b4b7,2021,2559000.0,1663000.0,2026-08-18T11:48:58.760163
2a6236e1-780f-4b57-b6d7-7959a2f6f063,74ccd7b0-1470-40c6-afe7-29119d47b4b7,2022,3005000.0,1871000.0,2026-08-18T11:48:58.760167
4214e8c5-1f7f-4ed2-b30b-9aee64d8a9f9,74ccd7b0-1470-40c6-afe7-29119d47b4b7,2023,3360000.0,2348000.0,2026-08-18T11:48:58.760173
467757ad-7a79-49d7-af3d-58f984c66859,74ccd7b0-1470-40c6-afe7-29119d47b4b7,2024,3982000.0,2752000.0,2026-08-18T11:48:58.760176
56dbcd82-42f4-4b39-b438-9545ae22a6bb,74ccd7b0-1470-40c6-afe7-29119d47b4b7,2025,4605000.0,3217000.0,2026-08-18T11:48:58.760180
4c3badb8-db8a-4b50-910f-7a5c7f10b9f5,047854ef-b53b-4681-8784-423050862fd3,2020,4364000.0,2929000.0,2026-08-18T11:48:58.760215
2730d3fd-45f6-4ab5-88c8-005a8f09ddd5,047854ef-b53b-4681-8784-423050862fd3,2021,4625000.0,3258000.0,2026-08-18T11:48:58.760220
6a2a7ff4-20a7-4e91-8706-00dc70912587,047854ef-b53b-4681-8784-423050862fd3,2022,5084000.0,3264000.0,2026-08-18T11:48:58.760223
470a5668-8e02-4ce3-86fe-dbb8057aab2d,047854ef-b53b-4681-8784-423050862fd3,2023,5315000.0,3760000.0,2026-08-18T11:48:58.760227
d17ccd2d-2816-4be3-853b-97c15b60dc75,047854ef-b53b-4681-8784-423050862fd3,2024,5904000.0,4030000.0,2026-08-18T11:48:58.760230
3f9a61f8-013f-4c02-9a9b-97b67dadf991,047854ef-b53b-4681-8784-423050862fd3,2025,6159000.0,3981000.0,2026-08-18T11:48:58.760233
91ba564a-9c23-4c6a-a227-eca2f471143e,c7b8bfb9-48cd-4be3-9661-d2a413a2ccae,2020,4074000.0,2590000.0,2026-08-18T11:48:58.760279
a365dabe-b020-4687-b7b7-2a54bb239b36,c7b8bfb9-48cd-4be3-9661-d2a413a2ccae,2021,4391000.0,3038000.0,2026-08-18T11:48:58.760282
47d83139-2cf6-4d01-94c4-d2e3f0a948c5,c7b8bfb9-48cd-4be3-9661-d2a413a2ccae,2022,5176000.0,3606000.0,2026-08-18T11:48:58.760285
6b817453-78ef-4c7a-9b3c-7ffdf8fac57e,c7b8bfb9-48cd-4be3-9661-d2a413a2ccae,2023,5799000.0,3897000.0,2026-08-18T11:48:58.760288
c7b75dc1-d7e4-4157-8c71-112d670e14d3,c7b8bfb9-48cd-4be3-9661-d2a413a2ccae,2024,6480000.0,4417000.0,2026-08-18T11:48:58.760291
cbcbc26e-f28c-4b77-a8fe-b7f3f40f89d2,c7b8bfb9-48cd-4be3-9661-d2a413a2ccae,2025,7329000.0,4974000.0,2026-08-18T11:48:58.760295
e6cab0b3-be33-46b7-8d0b-2744c2394cbf,6ecd01a2-88f9-4cfd-bfef-a638e5753d87,2020,3500000.0,2149000.0,2026-08-18T11:48:58.760332
db053d1b-a780-44ef-9d66-bd262fb4b48b,6ecd01a2-88f9-4cfd-bfef-a638e5753d87,2021,3813000.0,2578000.0,2026-08-18T11:48:58.760336
50f5dd34-3520-494e-9104-79ecc0202c4f,6ecd01a2-88f9-4cfd-bfef-a638e5753d87,2022,4396000.0,2965000.0,2026-08-18T11:48:58.760339
651ddd71-c201-4825-be1e-b5283493ec8e,6ecd01a2-88f9-4cfd-bfef-a638e5753d87,2023,4878000.0,3041000.0,2026-08-18T11:48:58.760342
b7216fd1-411b-4181-9f42-c647da4cb954,6ecd01a2-88f9-4cfd-bfef-a638e5753d87,2024,5333000.0,3635000.0,2026-08-18T11:48:58.760345
55b540d7-474c-465f-a060-53c4be5257ba,6ecd01a2-88f9-4cfd-bfef-a638e5753d87,2025,6106000.0,3966000.0,2026-08-18T11:48:58.760350
0bfd23bd-bad1-4be9-9028-864597fb4c85,2f119666-b0c2-4a9c-b552-006ed465b324,2020,2947000.0,1856000.0,2026-08-18T11:48:58.760397
fe40b6d3-2a01-4ca2-9690-0bd92b71fecc,2f119666-b0c2-4a9c-b552-006ed465b324,2021,3326000.0,2133000.0,2026-08-18T11:48:58.760400
105596a9-a8e3-4486-b150-be4040b2cc01,2f119666-b0c2-4a9c-b552-006ed465b324,2022,3613000.0,2334000.0,2026-08-18T11:48:58.760403
96bf0ea8-353a-41c7-810b-b00010d3ada4,2f119666-b0c2-4a9c-b552-006ed465b324,2023,4177000.0,2590000.0,2026-08-18T11:48:58.760406
e7eb0576-9e58-4322-88ce-ce1858a27854,2f119666-b0c2-4a9c-b552-006ed465b324,2024,4761000.0,3027000.0,2026-08-18T11:48:58.760410
2a7e4b4e-42aa-4760-b37b-8b28d9a9f9e2,2f119666-b0c2-4a9c-b552-006ed465b324,2025,5184000.0,3563000.0,2026-08-18T11:48:58.760413
61ba158d-7abb-486a-ac88-e91061bf1150,9b49e539-a172-4ccc-9345-4d2018affb4b,2020,3010000.0,1848000.0,2026-08-18T11:48:58.760441
76afcbfc-86ae-40ea-ab87-871ca910b777,9b49e539-a172-4ccc-9345-4d2018affb4b,2021,3506000.0,2156000.0,2026-08-18T11:48:58.760444
87d31408-bb13-48a3-9e5c-9db687b9088f,9b49e539-a172-4ccc-9345-4d2018affb4b,2022,3939000.0,2695000.0,2026-08-18T11:48:58.760447
f9bca9f2-5808-4f00-97d2-a4f4502f9a80,9b49e539-a172-4ccc-9345-4d2018affb4b,2023,4466000.0,3047000.0,2026-08-18T11:48:58.760450
836c2f47-f8c5-4702-a1a5-224f9470de94,9b49e539-a172-4ccc-9345-4d2018affb4b,2024,5016000.0,3263000.0,2026-08-18T11:48:58.760453
e7fe41fe-00b8-4fb0-91fe-9eec232e6980,9b49e539-a172-4ccc-9345-4d2018affb4b,2025,5735000.0,3799000.0,2026-08-18T11:48:58.760457
feaa95d4-cf25-4ead-9e5a-116805841dca,b004221a-f2bb-4d59-aa74-a834c025a728,2020,9300000.0,6531000.0,2026-08-18T11:48:58.760504
9bcf8ca3-ae34-4a81-bfb3-e96f81ff5b14,b004221a-f2bb-4d59-aa74-a834c025a728,2021,10238000.0,6974000.0,2026-08-18T11:48:58.760507
51fcd2bc-acf4-47ff-a3cd-1067965fd1e9,b004221a-f2bb-4d59-aa74-a834c025a728,2022,11667000.0,7162000.0,2026-08-18T11:48:58.760511
aed126f2-1ba3-4f00-866d-b7fae080dfde,b004221a-f2bb-4d59-aa74-a834c025a728,2023,13582000.0,9600000.0,2026-08-18T11:48:58.760514
ad90ca1c-2244-48ce-a065-b6fb12065b8a,b004221a-f2bb-4d59-aa74-a834c025a728,2024,14654000.0,9036000.0,2026-08-18T11:48:58.760517
76c72186-3534-4e65-90f1-d2b2167373e0,b004221a-f2bb-4d59-aa74-a834c025a728,2025,17288000.0,11055000.0,2026-08-18T11:48:58.760521
058e88e0-307c-41de-a8a7-b19329de0662,58e2564e-f614-4601-8a68-a2dc0fd014e5,2020,11300000.0,6866000.0,2026-08-18T11:48:58.760563
35e165ea-5c65-4ca6-b147-282c17e28b02,58e2564e-f614-4601-8a68-a2dc0fd014e5,2021,13059000.0,7855000.0,2026-08-18T11:48:58.760567
0c75b298-87c4-429c-8ed3-a02842b718b1,58e2564e-f614-4601-8a68-a2dc0fd014e5,2022,15090000.0,10004000.0,2026-08-18T11:48:58.760570
fd7d1833-20e5-4a5b-9755-a6d4a9d93c7e,58e2564e-f614-4601-8a68-a2dc0fd014e5,2023,17092000.0,11740000.0,2026-08-18T11:48:58.760573
40022c3e-58ac-4c01-8e5f-5c836b395b99,58e2564e-f614-4601-8a68-a2dc0fd014e5,2024,18902000.0,13509000.0,2026-08-18T11:48:58.760576
e37b8035-cbb8-4964-9ca8-66352d945101,58e2564e-f614-4601-8a68-a2dc0fd014e5,2025,22422000.0,14850000.0,2026-08-18T11:48:58.760580
3c136cfb-935e-4e82-9f58-24cf428efdc8,1ea19b34-8411-4f51-aaf4-864bf32b69ec,2020,21154000.0,13289000.0,2026-08-18T11:48:58.760610
73bb0406-8a01-482b-8560-b1639a7f108a,1ea19b34-8411-4f51-aaf4-864bf32b69ec,2021,23803000.0,16570000.0,2026-08-18T11:48:58.760614
86de134a-db3d-469d-8992-35b87dda9219,1ea19b34-8411-4f51-aaf4-864bf32b69ec,2022,26677000.0,18748000.0,2026-08-18T11:48:58.760617
5fbc7c01-6d06-41a4-91cf-2c1d0271d5bc,1ea19b34-8411-4f51-aaf4-864bf32b69ec,2023,29915000.0,18375000.0,2026-08-18T11:48:58.760620
3982e38a-5707-4150-94e6-9ee7ecafa366,1ea19b34-8411-4f51-aaf4-864bf32b69ec,2024,33651000.0,22829000.0,2026-08-18T11:48:58.760623
591846b9-9ff5-4049-ac0e-69422cb06e00,1ea19b34-8411-4f51-aaf4-864bf32b69ec,2025,36844000.0,23929000.0,2026-08-18T11:48:58.760627
1b8cd20c-2c52-48f7-8352-178b3aefa060,4d684991-14cd-4182-9873-dcddc5a13a6c,2020,42317000.0,29718000.0,2026-08-18T11:48:58.760665
1ba4e24f-c0c5-49b9-b8dc-80679f78b464,4d684991-14cd-4182-9873-dcddc5a13a6c,2021,46210000.0,32298000.0,2026-08-18T11:48:58.760669
9904f252-ee27-4696-b923-f067fabd3522,4d684991-14cd-4182-9873-dcddc5a13a6c,2022,50092000.0,32087000.0,2026-08-18T11:48:58.760673
4cd5f2fc-0f04-442b-9746-b5713ac88a68,4d684991-14cd-4182-9873-dcddc5a13a6c,2023,56267000.0,34074000.0,2026-08-18T11:48:58.760676
529dd3d8-8ab3-41d5-9211-9d6286cf1514,4d684991-14cd-4182-9873-dcddc5a13a6c,2024,60641000.0,41276000.0,2026-08-18T11:48:58.760679
362009a2-1c20-4b7d-961c-d8592290dde2,4d684991-14cd-4182-9873-dcddc5a13a6c,2025,63837000.0,45133000.0,2026-08-18T11:48:58.760682
13359654-158a-4d0a-a76a-1ddaca4dbb56,e60956c3-fc41-4598-b0fd-29d76e48ce06,2020,2664000.0,1759000.0,2026-08-18T11:48:58.760747
eddb9471-b80a-4284-b89d-13484306cb86,e60956c3-fc41-4598-b0fd-29d76e48ce06,2021,2943000.0,1880000.0,2026-08-18T11:48:58.760751
fdeed28a-ffc7-40a2-995f-3d63554ecf95,e60956c3-fc41-4598-b0fd-29d76e48ce06,2022,3189000.0,2048000.0,2026-08-18T11:48:58.760756
43f26750-b897-4983-9f06-8d3a6781d5ff,e60956c3-fc41-4598-b0fd-29d76e48ce06,2023,3658000.0,2445000.0,2026-08-18T11:48:58.760759
72c45944-8352-4750-9bd8-37194290f576,e60956c3-fc41-4598-b0fd-29d76e48ce06,2024,4151000.0,2699000.0,2026-08-18T11:48:58.760762
40cd57b7-68e5-42e8-a964-51056bb9e708,e60956c3-fc41-4598-b0fd-29d76e48ce06,2025,4680000.0,3281000.0,2026-08-18T11:48:58.760765
e4894dd2-9549-4eb9-99ce-74a6b0c95c98,09a61b38-dacc-49f6-9c4f-e6e4fae21734,2020,28565000.0,19816000.0,2026-08-18T11:48:58.760879
bf8bb791-8fe1-4f3f-bace-ce58dcd4d9ad,09a61b38-dacc-49f6-9c4f-e6e4fae21734,2021,31602000.0,22109000.0,2026-08-18T11:48:58.760891
492839d1-a664-4948-9c6c-a1c5c6aecc28,09a61b38-dacc-49f6-9c4f-e6e4fae21734,2022,34533000.0,23640000.0,2026-08-18T11:48:58.760895
6e4194ac-a628-426e-abcf-84c5f59c608c,09a61b38-dacc-49f6-9c4f-e6e4fae21734,2023,37063000.0,25596000.0,2026-08-18T11:48:58.760898
0c17e8aa-e3f4-4369-9a53-605db45dbd46,09a61b38-dacc-49f6-9c4f-e6e4fae21734,2024,40160000.0,27004000.0,2026-08-18T11:48:58.760901
2687acf2-5c96-4a03-b2e0-aeb8841cd62f,09a61b38-dacc-49f6-9c4f-e6e4fae21734,2025,44380000.0,31763000.0,2026-08-18T11:48:58.760905
75b58c12-918a-4c45-9acf-6fe2cd70ff3b,575ae00e-87ad-4407-9bc9-6e3e420e3436,2020,8670000.0,5635000.0,2026-08-18T11:48:58.760974
a28266f0-9a8c-4f1f-8bf9-2cccf027db31,575ae00e-87ad-4407-9bc9-6e3e420e3436,2021,9342000.0,5708000.0,2026-08-18T11:48:58.760978
e4cc5d9d-bc55-4f6c-aebd-c3b6f4498819,575ae00e-87ad-4407-9bc9-6e3e420e3436,2022,9857000.0,6167000.0,2026-08-18T11:48:58.760981
330df7f1-51be-48e0-9822-211359524255,575ae00e-87ad-4407-9bc9-6e3e420e3436,2023,10673000.0,6866000.0,2026-08-18T11:48:58.760985
a4e7fb2b-9b43-47a4-a828-4832ddc55cdb,575ae00e-87ad-4407-9bc9-6e3e420e3436,2024,11399000.0,7869000.0,2026-08-18T11:48:58.760988
201144f5-c006-4e00-b188-dd2a06173580,575ae00e-87ad-4407-9bc9-6e3e420e3436,2025,12493000.0,8990000.0,2026-08-18T11:48:58.760991
b92eb9ea-e8d4-4f4e-bf75-d74cf590a062,8e3be749-bca6-4cb0-b8e8-f8c4f1fa9135,2020,5660000.0,3862000.0,2026-08-18T11:48:58.761051
0ef2d0a2-f1ee-440e-8911-b92eaea494c7,8e3be749-bca6-4cb0-b8e8-f8c4f1fa9135,2021,6407000.0,4395000.0,2026-08-18T11:48:58.761055
1d898ed3-d891-46fa-917e-5d860a9c8941,8e3be749-bca6-4cb0-b8e8-f8c4f1fa9135,2022,7280000.0,4432000.0,2026-08-18T11:48:58.761058
eb537d53-6d1f-4b88-9a55-0d0322670b28,8e3be749-bca6-4cb0-b8e8-f8c4f1fa9135,2023,8337000.0,5254000.0,2026-08-18T11:48:58.761062
0da63e54-2ad5-4208-918b-81d42d569ff8,8e3be749-bca6-4cb0-b8e8-f8c4f1fa9135,2024,9403000.0,6569000.0,2026-08-18T11:48:58.761066
9e881e70-7a60-4738-9d2a-096a897e9755,8e3be749-bca6-4cb0-b8e8-f8c4f1fa9135,2025,11228000.0,7286000.0,2026-08-18T11:48:58.761069
b42855b4-e70a-4264-94d0-8e917530e745,52173862-770d-4a2f-aa7a-9a7ef227897a,2020,2865000.0,2045000.0,2026-08-18T11:48:58.761117
c37c90ce-eb0e-4843-a826-850b3d7dad15,52173862-770d-4a2f-aa7a-9a7ef227897a,2021,3158000.0,2178000.0,2026-08-18T11:48:58.761121
74ed4307-40ed-4024-acc3-5a36c7af8ee7,52173862-770d-4a2f-aa7a-9a7ef227897a,2022,3658000.0,2346000.0,2026-08-18T11:48:58.761124
7f263538-bbd1-4865-95c4-2d88ebdc9d4f,52173862-770d-4a2f-aa7a-9a7ef227897a,2023,3971000.0,2690000.0,2026-08-18T11:48:58.761127
92530ccb-62c3-468e-ae98-00aefc95e3fc,52173862-770d-4a2f-aa7a-9a7ef227897a,2024,4465000.0,2765000.0,2026-08-18T11:48:58.761130
05b7c7d1-e8a1-4648-bef7-4e8b50ec6ac9,52173862-770d-4a2f-aa7a-9a7ef227897a,2025,4903000.0,3433000.0,2026-08-18T11:48:58.761134
596543a2-1229-4ddb-ab40-c7546645c7b0,32acc3c0-c841-4e1f-a7cc-0bf11cf6a2c3,2020,65033000.0,45871000.0,2026-08-18T11:48:58.761179
ce6fd1e2-713a-41e9-aba7-b568e52f5ade,32acc3c0-c841-4e1f-a7cc-0bf11cf6a2c3,2021,69161000.0,44474000.0,2026-08-18T11:48:58.761182
8bd2fff0-7a27-4fb1-831c-4a9c9d287420,32acc3c0-c841-4e1f-a7cc-0bf11cf6a2c3,2022,74038000.0,49324000.0,2026-08-18T11:48:58.761186
4378ce9b-0e67-466e-9219-63afb2ebfc27,32acc3c0-c841-4e1f-a7cc-0bf11cf6a2c3,2023,79386000.0,53411000.0,2026-08-18T11:48:58.761189
5f4b7be8-c396-47e5-8b23-67deb53cba23,32acc3c0-c841-4e1f-a7cc-0bf11cf6a2c3,2024,89292000.0,62776000.0,2026-08-18T11:48:58.761192
4953abfb-9de5-4b73-8333-b264da6398ac,32acc3c0-c841-4e1f-a7cc-0bf11cf6a2c3,2025,92520000.0,61492000.0,2026-08-18T11:48:58.761196
11aa7b0c-127e-4eac-9c15-9399d5386c16,7b0be99e-4a8c-437b-82a4-128a9119907e,2020,54273000.0,32973000.0,2026-08-18T11:48:58.761242
dbd89ac7-bd79-4fa1-911a-49da5d7fcebf,7b0be99e-4a8c-437b-82a4-128a9119907e,2021,58603000.0,35463000.0,2026-08-18T11:48:58.761249
984cc1ce-3a63-4e8e-a190-5b0f8d75ad66,7b0be99e-4a8c-437b-82a4-128a9119907e,2022,63105000.0,44737000.0,2026-08-18T11:48:58.761253
0b41178d-71e4-469f-a445-faab39d15507,7b0be99e-4a8c-437b-82a4-128a9119907e,2023,69274000.0,45469000.0,2026-08-18T11:48:58.761256
82c5a114-04f7-404d-8471-7d76009badae,7b0be99e-4a8c-437b-82a4-128a9119907e,2024,75762000.0,45879000.0,2026-08-18T11:48:58.761259
bd866756-4eab-46cc-8662-a803e524f1f9,7b0be99e-4a8c-437b-82a4-128a9119907e,2025,84998000.0,54304000.0,2026-08-18T11:48:58.761263
f3d1505e-cac5-4bd0-a316-98bd0cd64c40,86bde0d8-9add-4116-9a7c-d8276da05db5,2020,17852000.0,11980000.0,2026-08-18T11:48:58.761308
08b898f7-f183-4650-b85c-5e5af4b8cae5,86bde0d8-9add-4116-9a7c-d8276da05db5,2021,19458000.0,12872000.0,2026-08-18T11:48:58.761312
9db12f4a-433a-494b-9ae1-34f80752b419,86bde0d8-9add-4116-9a7c-d8276da05db5,2022,22183000.0,13701000.0,2026-08-18T11:48:58.761315
69902943-b58f-4031-80fe-e3cc1070f9d9,86bde0d8-9add-4116-9a7c-d8276da05db5,2023,23141000.0,16446000.0,2026-08-18T11:48:58.761318
ba6e9675-09af-4d2c-bd82-93519dfcb552,86bde0d8-9add-4116-9a7c-d8276da05db5,2024,25753000.0,16705000.0,2026-08-18T11:48:58.761322
2fb94955-509b-4890-b1bd-6204241c1b17,86bde0d8-9add-4116-9a7c-d8276da05db5,2025,28819000.0,19496000.0,2026-08-18T11:48:58.761325
c194dcca-830d-402d-b83b-8631d2c8bb71,b77217e4-425d-4b6c-80d4-b597f86b6e35,2020,12117000.0,7882000.0,2026-08-18T11:48:58.761374
b0fb7e76-bf36-4e51-841f-f04b21c7c75a,b77217e4-425d-4b6c-80d4-b597f86b6e35,2021,13986000.0,9562000.0,2026-08-18T11:48:58.761378
17ff8eea-e38b-4537-a51d-e0c8440154cf,b77217e4-425d-4b6c-80d4-b597f86b6e35,2022,15313000.0,10912000.0,2026-08-18T11:48:58.761381
79942134-c0f0-477e-b7a2-fc019ca5f8e8,b77217e4-425d-4b6c-80d4-b597f86b6e35,2023,17272000.0,11956000.0,2026-08-18T11:48:58.761384
844db93a-ba48-480f-afd3-724add79564b,b77217e4-425d-4b6c-80d4-b597f86b6e35,2024,19265000.0,13419000.0,2026-08-18T11:48:58.761391
321ba64d-b450-4fae-a4b8-f475ca1505cb,b77217e4-425d-4b6c-80d4-b597f86b6e35,2025,22390000.0,15683000.0,2026-08-18T11:48:58.761395
3126f214-fefd-445e-9202-16876fb46ceb,b0cf300d-b2f0-42f3-83f3-6dcc373b5844,2020,12180000.0,8753000.0,2026-08-18T11:48:58.761431
5f8fed2b-c10f-4ebf-ab43-eb1a47d56982,b0cf300d-b2f0-42f3-83f3-6dcc373b5844,2021,13654000.0,9461000.0,2026-08-18T11:48:58.761434
4fd84d40-d647-4f85-95a4-b7f7ad94ec90,b0cf300d-b2f0-42f3-83f3-6dcc373b5844,2022,15058000.0,9284000.0,2026-08-18T11:48:58.761438
b4283f35-adaf-4c69-8ddb-9c8d4ed6c862,b0cf300d-b2f0-42f3-83f3-6dcc373b5844,2023,17257000.0,10601000.0,2026-08-18T11:48:58.761441
3c6e4636-6209-4278-9873-00dc794ee4e5,b0cf300d-b2f0-42f3-83f3-6dcc373b5844,2024,18521000.0,12853000.0,2026-08-18T11:48:58.761444
785aa80c-960a-4851-a75b-912a20f7b02a,b0cf300d-b2f0-42f3-83f3-6dcc373b5844,2025,21552000.0,13191000.0,2026-08-18T11:48:58.761448
7ef274c5-5d4c-4656-995a-030cc7dd0ae9,e4d0f9f8-d6e7-4e5a-9b35-659e37b01b03,2020,23647000.0,16829000.0,2026-08-18T11:48:58.761477
036d7114-cb70-4310-bf71-9e8000e85610,e4d0f9f8-d6e7-4e5a-9b35-659e37b01b03,2021,24828000.0,15477000.0,2026-08-18T11:48:58.761481
4d8ee9ee-bd75-4fbe-8582-93d425f996bb,e4d0f9f8-d6e7-4e5a-9b35-659e37b01b03,2022,27011000.0,17861000.0,2026-08-18T11:48:58.761484
0675312e-5ced-4818-a25b-5c3229a5c2b9,e4d0f9f8-d6e7-4e5a-9b35-659e37b01b03,2023,28779000.0,19392000.0,2026-08-18T11:48:58.761487
4d7413fd-1da3-4a24-a986-dc07b26e901f,e4d0f9f8-d6e7-4e5a-9b35-659e37b01b03,2024,30773000.0,19792000.0,2026-08-18T11:48:58.761490
e559f696-17a4-4cd8-ac80-7c579d7d50b3,e4d0f9f8-d6e7-4e5a-9b35-659e37b01b03,2025,32916000.0,23603000.0,2026-08-18T11:48:58.761493
e4bec414-18b5-4aee-a922-89788fc9c407,5d60fe22-b9f1-46c7-b918-5ad3185ad92b,2020,5904000.0,3906000.0,2026-08-18T11:48:58.761523
560591c7-ad18-45b9-ad26-096a317ff948,5d60fe22-b9f1-46c7-b918-5ad3185ad92b,2021,6534000.0,4342000.0,2026-08-18T11:48:58.761527
73254985-5f2c-444b-a4e8-b33ceb8dca29,5d60fe22-b9f1-46c7-b918-5ad3185ad92b,2022,7403000.0,4664000.0,2026-08-18T11:48:58.761530
2ddb3829-a223-403f-8340-d7a8648cb7ee,5d60fe22-b9f1-46c7-b918-5ad3185ad92b,2023,7955000.0,5133000.0,2026-08-18T11:48:58.761534
91496452-2eb1-480a-808c-5eeb1d29b576,5d60fe22-b9f1-46c7-b918-5ad3185ad92b,2024,8749000.0,5505000.0,2026-08-18T11:48:58.761541
670719c1-4680-46b8-83c8-64a8fcbf2413,5d60fe22-b9f1-46c7-b918-5ad3185ad92b,2025,9517000.0,6596000.0,2026-08-18T11:48:58.761545
94bd69a1-dc92-4ba9-8d1a-e739a862d191,d3fb0eea-17f3-491a-9572-9869855a35c6,2020,13740000.0,8622000.0,2026-08-18T11:48:58.761582
8d1fd2ae-2220-428e-9856-9acf0f8630c3,d3fb0eea-17f3-491a-9572-9869855a35c6,2021,15487000.0,10846000.0,2026-08-18T11:48:58.761585
6ff9f923-a0b6-427c-864a-6bd780f7cb00,d3fb0eea-17f3-491a-9572-9869855a35c6,2022,16395000.0,11369000.0,2026-08-18T11:48:58.761588
0b10b152-36d4-4846-a725-76be0e558174,d3fb0eea-17f3-491a-9572-9869855a35c6,2023,17605000.0,10729000.0,2026-08-18T11:48:58.761592
fa727272-f47b-4dda-a605-9a1a3b1368f8,d3fb0eea-17f3-491a-9572-9869855a35c6,2024,20163000.0,13290000.0,2026-08-18T11:48:58.761595
162a9982-ae7d-44fc-b1b4-460e527b32b7,d3fb0eea-17f3-491a-9572-9869855a35c6,2025,20747000.0,14582000.0,2026-08-18T11:48:58.761598
6be5e982-a1ec-44f8-917a-2394ff8ce1df,7492c41e-5bde-4ef9-8568-16abb32e0be6,2020,40078000.0,24947000.0,2026-08-18T11:48:58.761634
64a31e8e-6a56-4226-b8ce-a74de84ac119,7492c41e-5bde-4ef9-8568-16abb32e0be6,2021,42494000.0,26870000.0,2026-08-18T11:48:58.761639
c6e6f924-0438-4eef-9eab-42436e7ef4c2,7492c41e-5bde-4ef9-8568-16abb32e0be6,2022,48675000.0,31209000.0,2026-08-18T11:48:58.761643
8c7ef695-ce6f-440e-9527-ee5cb7384dd3,7492c41e-5bde-4ef9-8568-16abb32e0be6,2023,51071000.0,33241000.0,2026-08-18T11:48:58.761647
8319f069-d5f9-44bb-a7a0-5b85df57ae13,7492c41e-5bde-4ef9-8568-16abb32e0be6,2024,56931000.0,39297000.0,2026-08-18T11:48:58.761650
bb611cd2-4c57-4213-a33a-921886e68a4b,7492c41e-5bde-4ef9-8568-16abb32e0be6,2025,62359000.0,40413000.0,2026-08-18T11:48:58.761653
1d621bf7-332b-44f4-ab49-e6d2c041d902,618bd9ca-35a8-434b-8a54-8b24930ebacd,2020,38919000.0,25968000.0,2026-08-18T11:48:58.761689
eb2a42c8-085d-4d59-9a8a-520ec31e21ac,618bd9ca-35a8-434b-8a54-8b24930ebacd,2021,44160000.0,27862000.0,2026-08-18T11:48:58.761693
8a18b77e-d18d-4040-b85b-9aecac1f35a7,618bd9ca-35a8-434b-8a54-8b24930ebacd,2022,45850000.0,28177000.0,2026-08-18T11:48:58.761696
439cce08-f5d2-4356-a402-58bfbf6ba792,618bd9ca-35a8-434b-8a54-8b24930ebacd,2023,52920000.0,37868000.0,2026-08-18T11:48:58.761699
13767147-09b5-4f24-add1-5494ba910c65,618bd9ca-35a8-434b-8a54-8b24930ebacd,2024,55764000.0,37312000.0,2026-08-18T11:48:58.761704
5cf37de6-0c54-446d-94dd-46fba344db7a,618bd9ca-35a8-434b-8a54-8b24930ebacd,2025,62842000.0,39021000.0,2026-08-18T11:48:58.761707
60ddc037-7a95-42d3-b4c2-a962f0acbced,35aec8d6-6b6a-427e-93d2-6e7cf8550bb9,2020,16584000.0,11399000.0,2026-08-18T11:48:58.761740
015f3378-facc-4d46-b37f-1da817766bab,35aec8d6-6b6a-427e-93d2-6e7cf8550bb9,2021,18699000.0,13330000.0,2026-08-18T11:48:58.761744
45ae1460-1a73-4730-b18f-5306c6c7b91a,35aec8d6-6b6a-427e-93d2-6e7cf8550bb9,2022,20329000.0,12393000.0,2026-08-18T11:48:58.761747
4e195e4b-c9a8-492a-9c5c-cdccd1affcb1,35aec8d6-6b6a-427e-93d2-6e7cf8550bb9,2023,21354000.0,13076000.0,2026-08-18T11:48:58.761750
72effc4a-3694-4133-b767-5edc6f372950,35aec8d6-6b6a-427e-93d2-6e7cf8550bb9,2024,23016000.0,16236000.0,2026-08-18T11:48:58.761753
e423142d-3776-4765-bb7b-915e6945e051,35aec8d6-6b6a-427e-93d2-6e7cf8550bb9,2025,25712000.0,15509000.0,2026-08-18T11:48:58.761756
7319f1ef-1ca9-4992-88cc-15b421e71c7c,572e2dfd-b4f0-40db-b050-bbd64ff57695,2020,16123000.0,10016000.0,2026-08-18T11:48:58.761786
b9bdd321-b75c-4e72-89f8-cdc7f4e4a4d4,572e2dfd-b4f0-40db-b050-bbd64ff57695,2021,18392000.0,12428000.0,2026-08-18T11:48:58.761789
425f1ff1-3561-4cb5-a2f5-b307a893f82e,572e2dfd-b4f0-40db-b050-bbd64ff57695,2022,21155000.0,14125000.0,2026-08-18T11:48:58.761792
c08340d9-2f6d-46de-93d5-f71caca86f02,572e2dfd-b4f0-40db-b050-bbd64ff57695,2023,24114000.0,16319000.0,2026-08-18T11:48:58.761797
a57f832b-c29c-4c9d-98b4-6aab66136213,572e2dfd-b4f0-40db-b050-bbd64ff57695,2024,27318000.0,17529000.0,2026-08-18T11:48:58.761800
c5b2366c-4a98-4f28-b061-ce5d90dd2177,572e2dfd-b4f0-40db-b050-bbd64ff57695,2025,31786000.0,22141000.0,2026-08-18T11:48:58.761803
a7462430-bbc2-4e87-aaf3-1a875796af03,d106b23b-74c1-4816-9bdc-3d6fc4a0be2e,2020,20471000.0,13552000.0,2026-08-18T11:48:58.762696
b3db5111-2225-4a1e-8f36-fd8947436796,d106b23b-74c1-4816-9bdc-3d6fc4a0be2e,2021,22263000.0,14996000.0,2026-08-18T11:48:58.762701
57385fa4-341c-42ce-aa8e-bfc0fc905af9,d106b23b-74c1-4816-9bdc-3d6fc4a0be2e,2022,23812000.0,15064000.0,2026-08-18T11:48:58.762705
51c772d0-9fd6-476d-bb90-4df12cbbe54f,d106b23b-74c1-4816-9bdc-3d6fc4a0be2e,2023,25561000.0,16968000.0,2026-08-18T11:48:58.762709
542ce5c1-c093-4c53-956a-288a5678ea40,d106b23b-74c1-4816-9bdc-3d6fc4a0be2e,2024,26891000.0,16741000.0,2026-08-18T11:48:58.762712
35f81211-ee91-4078-a08a-70db43253e1f,d106b23b-74c1-4816-9bdc-3d6fc4a0be2e,2025,28591000.0,17623000.0,2026-08-18T11:48:58.762715
91e018c9-741a-4e0b-9eab-c01f96f303bc,7d5a9559-eb2d-4b21-818d-4751cf1d4ec6,2020,11702000.0,7672000.0,2026-08-18T11:48:58.762748
bcd75043-651a-4be5-990a-06b8b33e0487,7d5a9559-eb2d-4b21-818d-4751cf1d4ec6,2021,13109000.0,8385000.0,2026-08-18T11:48:58.762751
eb5085c7-479c-4eb8-84cf-013f3cb15245,7d5a9559-eb2d-4b21-818d-4751cf1d4ec6,2022,14911000.0,10649000.0,2026-08-18T11:48:58.762755
e72f869e-cdaa-4012-b2b6-5c99070d3199,7d5a9559-eb2d-4b21-818d-4751cf1d4ec6,2023,16126000.0,11177000.0,2026-08-18T11:48:58.762758
51be1eed-b6ec-4b5b-b2db-6dfcc909da63,7d5a9559-eb2d-4b21-818d-4751cf1d4ec6,2024,18303000.0,12014000.0,2026-08-18T11:48:58.762762
548dfaaf-d24b-4ddd-9eac-bd9da22a8255,7d5a9559-eb2d-4b21-818d-4751cf1d4ec6,2025,20910000.0,14658000.0,2026-08-18T11:48:58.762765
b1206987-1e50-4697-bba5-eb42a04b55f1,bf8ec4d8-dc28-4736-9038-57604dce8508,2020,50682000.0,34610000.0,2026-08-18T11:48:58.762814
6954b698-55c0-4da3-8fa5-15e6899a9fe8,bf8ec4d8-dc28-4736-9038-57604dce8508,2021,58531000.0,36207000.0,2026-08-18T11:48:58.762817
7799e908-5758-433f-bc42-1155142e7870,bf8ec4d8-dc28-4736-9038-57604dce8508,2022,67493000.0,42510000.0,2026-08-18T11:48:58.762820
4218e9c9-9ff8-40cb-a266-5b589ba975ee,bf8ec4d8-dc28-4736-9038-57604dce8508,2023,76209000.0,51998000.0,2026-08-18T11:48:58.762825
ae093e9a-a713-44c8-8b5b-611d561175e5,bf8ec4d8-dc28-4736-9038-57604dce8508,2024,86604000.0,62039000.0,2026-08-18T11:48:58.762828
3ade55e8-f360-41b2-82d5-90e02e70f4d8,bf8ec4d8-dc28-4736-9038-57604dce8508,2025,101914000.0,61883000.0,2026-08-18T11:48:58.762832
4a588b15-4a10-40c8-b314-a1f13b0ae3e7,b4c96af2-3f57-46a8-b3e0-4c0a5c6fbc69,2020,51668000.0,34359000.0,2026-08-18T11:48:58.762872
2c245a1d-a58a-436c-95b6-5859e91d9297,b4c96af2-3f57-46a8-b3e0-4c0a5c6fbc69,2021,55914000.0,38755000.0,2026-08-18T11:48:58.762876
5a599b49-b636-4952-8099-ae3ae87fcf26,b4c96af2-3f57-46a8-b3e0-4c0a5c6fbc69,2022,62031000.0,42680000.0,2026-08-18T11:48:58.762879
6f58c841-933a-41a8-9257-fb5d5b0f12dd,b4c96af2-3f57-46a8-b3e0-4c0a5c6fbc69,2023,70154000.0,47310000.0,2026-08-18T11:48:58.762883
b2ce4137-6e2e-4938-96fb-f6be4bdc82e4,b4c96af2-3f57-46a8-b3e0-4c0a5c6fbc69,2024,75226000.0,50734000.0,2026-08-18T11:48:58.762886
0dc6edae-2c3f-4d63-b647-03db609cbbbf,b4c96af2-3f57-46a8-b3e0-4c0a5c6fbc69,2025,82978000.0,50418000.0,2026-08-18T11:48:58.762894
da3826dc-cc91-40cc-a7b5-af98ff3196ff,746192f0-6ca8-421d-bf21-0d5ac49eee3a,2020,6877000.0,4377000.0,2026-08-18T11:48:58.762938
35bbaf61-753a-4cf6-953b-4cf3bc6b37dd,746192f0-6ca8-421d-bf21-0d5ac49eee3a,2021,7778000.0,5563000.0,2026-08-18T11:48:58.762942
2ad439d7-802c-4d97-a42f-364e134d8e4c,746192f0-6ca8-421d-bf21-0d5ac49eee3a,2022,7935000.0,5452000.0,2026-08-18T11:48:58.762945
29749f91-946a-4764-9c03-1d3b23aa0853,746192f0-6ca8-421d-bf21-0d5ac49eee3a,2023,8743000.0,5445000.0,2026-08-18T11:48:58.762949
e28b94f4-c6e9-4fd6-be7e-dd6a294f8ba0,746192f0-6ca8-421d-bf21-0d5ac49eee3a,2024,9381000.0,5909000.0,2026-08-18T11:48:58.762952
b81204cb-4bc0-45d6-a773-9e77d521fa60,746192f0-6ca8-421d-bf21-0d5ac49eee3a,2025,10128000.0,6294000.0,2026-08-18T11:48:58.762955
c0e64b5e-aa16-4fc6-b5c4-5e5f26a1428d,83a9149c-3cfc-4dc5-8c1a-08774a663b2c,2020,24739000.0,17054000.0,2026-08-18T11:48:58.762984
58722289-2fdf-47b7-82ad-e9666ce4a447,83a9149c-3cfc-4dc5-8c1a-08774a663b2c,2021,26904000.0,17603000.0,2026-08-18T11:48:58.762987
47e93387-c917-417a-ac50-0c623353dbcd,83a9149c-3cfc-4dc5-8c1a-08774a663b2c,2022,30668000.0,18402000.0,2026-08-18T11:48:58.762991
ac5ad499-94e2-46c8-92b2-17ae932025fb,83a9149c-3cfc-4dc5-8c1a-08774a663b2c,2023,31913000.0,20237000.0,2026-08-18T11:48:58.762994
60518a01-6667-40d0-8a54-db1cea063065,83a9149c-3cfc-4dc5-8c1a-08774a663b2c,2024,35065000.0,21607000.0,2026-08-18T11:48:58.763001
1ee5b89d-f617-49e4-83f3-1df5cd7d6164,83a9149c-3cfc-4dc5-8c1a-08774a663b2c,2025,40654000.0,24424000.0,2026-08-18T11:48:58.763006
f987a6ea-da2d-48e9-ab98-f4f9f62b580f,490ecddd-e252-4f60-a599-9357fcd37f2a,2020,47280000.0,32356000.0,2026-08-18T11:48:58.763033
946a9c27-bf89-4053-9eb7-85d12ee996e6,490ecddd-e252-4f60-a599-9357fcd37f2a,2021,52192000.0,31912000.0,2026-08-18T11:48:58.763036
27eba621-d8e5-4d83-ad9e-e0544881462b,490ecddd-e252-4f60-a599-9357fcd37f2a,2022,57280000.0,34625000.0,2026-08-18T11:48:58.763039
c236aa17-d1c6-4ca1-b1ff-91d549948b51,490ecddd-e252-4f60-a599-9357fcd37f2a,2023,64155000.0,41430000.0,2026-08-18T11:48:58.763043
f52e0731-31df-4e10-9041-493b4daba0a9,490ecddd-e252-4f60-a599-9357fcd37f2a,2024,71033000.0,50478000.0,2026-08-18T11:48:58.763046
7c90c978-666f-4e6d-9079-10a7818f21f3,490ecddd-e252-4f60-a599-9357fcd37f2a,2025,76708000.0,54123000.0,2026-08-18T11:48:58.763049
be25daea-5ba2-4c4d-9c6f-0a531965450a,2588d7e7-db37-457f-9fe2-2830d56140c0,2020,28792000.0,18437000.0,2026-08-18T11:48:58.763078
782182e0-7a32-4487-8d94-af2f1f0e51de,2588d7e7-db37-457f-9fe2-2830d56140c0,2021,33274000.0,22940000.0,2026-08-18T11:48:58.763082
19024f11-9e44-4068-92b6-e945f890e463,2588d7e7-db37-457f-9fe2-2830d56140c0,2022,37860000.0,23909000.0,2026-08-18T11:48:58.763086
50b67bd9-bef1-4a10-ad10-128524019ac5,2588d7e7-db37-457f-9fe2-2830d56140c0,2023,42508000.0,27721000.0,2026-08-18T11:48:58.763089
d54ed3c0-4fbc-4585-99bf-0c3e87be288c,2588d7e7-db37-457f-9fe2-2830d56140c0,2024,49028000.0,33900000.0,2026-08-18T11:48:58.763092
66166010-7245-4702-8e1c-715cce59bf43,2588d7e7-db37-457f-9fe2-2830d56140c0,2025,54830000.0,34201000.0,2026-08-18T11:48:58.763096
23768507-c52c-4303-afbb-df38f8ba0cb8,e5095ca2-e2d1-49e7-ad8b-7d8d8e706c8d,2020,8875000.0,6312000.0,2026-08-18T11:48:58.763134
e3eec74a-68c2-4be6-b52a-f361f0cdd79b,e5095ca2-e2d1-49e7-ad8b-7d8d8e706c8d,2021,9490000.0,6628000.0,2026-08-18T11:48:58.763138
698a1d88-59da-4f97-9e77-0b980085ce46,e5095ca2-e2d1-49e7-ad8b-7d8d8e706c8d,2022,9684000.0,6617000.0,2026-08-18T11:48:58.763141
6e433325-5f4e-41be-b4b4-29912eed18f0,e5095ca2-e2d1-49e7-ad8b-7d8d8e706c8d,2023,10467000.0,6845000.0,2026-08-18T11:48:58.763144
9a8a1867-f2c1-4cac-af60-b54d1c75a68e,e5095ca2-e2d1-49e7-ad8b-7d8d8e706c8d,2024,11184000.0,6991000.0,2026-08-18T11:48:58.763151
59bcc391-d329-43bb-b7a1-2c8a2a39bffe,e5095ca2-e2d1-49e7-ad8b-7d8d8e706c8d,2025,12398000.0,7742000.0,2026-08-18T11:48:58.763154
8cecd9b4-22d6-4e20-8939-3fa8cf5565c6,f545f6cb-2252-4676-854b-af36c9f08c38,2020,10286000.0,6790000.0,2026-08-18T11:48:58.763190
f699f64f-788c-4ac2-82f2-2c1cb6cff567,f545f6cb-2252-4676-854b-af36c9f08c38,2021,11633000.0,8273000.0,2026-08-18T11:48:58.763193
9c9d4135-cf28-4194-ac2e-370b6e5dc420,f545f6cb-2252-4676-854b-af36c9f08c38,2022,12602000.0,7935000.0,2026-08-18T11:48:58.763196
7cf2c20e-39fd-4b64-a5db-2f560cfe939c,f545f6cb-2252-4676-854b-af36c9f08c38,2023,14460000.0,9255000.0,2026-08-18T11:48:58.763200
ba6b4793-424c-49eb-aec9-3c403fd818f5,f545f6cb-2252-4676-854b-af36c9f08c38,2024,15956000.0,9874000.0,2026-08-18T11:48:58.763203
9cb71d86-6544-4fdd-882b-112fe2fd785e,f545f6cb-2252-4676-854b-af36c9f08c38,2025,17702000.0,11369000.0,2026-08-18T11:48:58.763206
196ba893-3016-45a2-8ac4-97a73a580371,122c10e3-f1c7-479c-a5b3-cfdae688a8a4,2020,58825000.0,36595000.0,2026-08-18T11:48:58.763254
86a8d362-84e5-416f-b8e6-a77b9f42af9e,122c10e3-f1c7-479c-a5b3-cfdae688a8a4,2021,65916000.0,40701000.0,2026-08-18T11:48:58.763258
b887a17a-d3cd-4253-bcc0-04e3f87aa3be,122c10e3-f1c7-479c-a5b3-cfdae688a8a4,2022,69848000.0,44580000.0,2026-08-18T11:48:58.763262
8b5c91d7-60f6-4fb6-bf38-9a0d61568b29,122c10e3-f1c7-479c-a5b3-cfdae688a8a4,2023,82242000.0,58831000.0,2026-08-18T11:48:58.763265
081e9b51-3465-4cab-87c2-3155816bf636,122c10e3-f1c7-479c-a5b3-cfdae688a8a4,2024,87931000.0,60626000.0,2026-08-18T11:48:58.763268
1f09e767-e295-4e17-9054-f8924761dca3,122c10e3-f1c7-479c-a5b3-cfdae688a8a4,2025,100914000.0,68260000.0,2026-08-18T11:48:58.763272
e0297c2e-5498-4d5c-9405-cf5a58b1aaae,79921dbe-8a7e-4a91-8d4f-94e35c12e3cd,2020,17308000.0,11647000.0,2026-08-18T11:48:58.763315
e7cf5afe-44d7-412d-860e-2db660feca62,79921dbe-8a7e-4a91-8d4f-94e35c12e3cd,2021,19166000.0,13156000.0,2026-08-18T11:48:58.763319
711d142c-9ee7-4e7f-bd07-aedc061e94cb,79921dbe-8a7e-4a91-8d4f-94e35c12e3cd,2022,20627000.0,14701000.0,2026-08-18T11:48:58.763322
b955f0db-0e44-4405-ace4-86526876cdf5,79921dbe-8a7e-4a91-8d4f-94e35c12e3cd,2023,23021000.0,15294000.0,2026-08-18T11:48:58.763329
d1777e46-3517-41ae-b420-ebc358a25ab8,79921dbe-8a7e-4a91-8d4f-94e35c12e3cd,2024,25525000.0,17472000.0,2026-08-18T11:48:58.763333
154e9b99-efdf-4121-a819-29877fe68eb5,79921dbe-8a7e-4a91-8d4f-94e35c12e3cd,2025,27174000.0,16661000.0,2026-08-18T11:48:58.763336
0347df08-3363-401c-87ce-de3d96f83d36,826dde15-ba67-41d9-bfc2-cb2bd15c1bab,2020,41605000.0,29428000.0,2026-08-18T11:48:58.763364
310a7348-716f-45f4-aa5d-06582ae96b51,826dde15-ba67-41d9-bfc2-cb2bd15c1bab,2021,45011000.0,29130000.0,2026-08-18T11:48:58.763367
2b387726-f540-493f-9ffc-ae45bc2ffeea,826dde15-ba67-41d9-bfc2-cb2bd15c1bab,2022,48158000.0,29039000.0,2026-08-18T11:48:58.763370
873ecfc3-0382-4421-bc0f-a761dbe831be,826dde15-ba67-41d9-bfc2-cb2bd15c1bab,2023,52634000.0,37244000.0,2026-08-18T11:48:58.763374
8c4b5ffa-8cea-4934-a6cf-1b95ecb4e712,826dde15-ba67-41d9-bfc2-cb2bd15c1bab,2024,58594000.0,41362000.0,2026-08-18T11:48:58.763377
a7bfb28a-5e5f-41a5-a02e-c1fe09def4d7,826dde15-ba67-41d9-bfc2-cb2bd15c1bab,2025,60538000.0,38677000.0,2026-08-18T11:48:58.763380
1b0cd42f-b03d-496c-b49e-a2a3efdf10ae,f80ff22c-d95f-49aa-9f75-80b90450dc2c,2020,12824000.0,8374000.0,2026-08-18T11:48:58.763423
afbb673b-8d7c-4932-8ed7-cdbc1c899003,f80ff22c-d95f-49aa-9f75-80b90450dc2c,2021,14526000.0,8727000.0,2026-08-18T11:48:58.763426
4c3e451b-d94b-45ec-85f0-622e7904798d,f80ff22c-d95f-49aa-9f75-80b90450dc2c,2022,16582000.0,10503000.0,2026-08-18T11:48:58.763430
e3bddd27-43db-4948-b60b-9003503622a5,f80ff22c-d95f-49aa-9f75-80b90450dc2c,2023,18341000.0,12810000.0,2026-08-18T11:48:58.763434
7396bf28-65b6-433a-971e-a4dda77d9242,f80ff22c-d95f-49aa-9f75-80b90450dc2c,2024,20076000.0,12491000.0,2026-08-18T11:48:58.763437
265b29b8-2c36-4d39-87ff-a6a2e02467a2,f80ff22c-d95f-49aa-9f75-80b90450dc2c,2025,22331000.0,14334000.0,2026-08-18T11:48:58.763440
6d85a16f-57ad-4191-b5a3-8995eee8fa99,f8b6da85-2520-4b26-a05f-e5ef9bdea34c,2020,16829000.0,10762000.0,2026-08-18T11:48:58.763467
6fcaab52-72d4-4649-bce8-78b6c727495d,f8b6da85-2520-4b26-a05f-e5ef9bdea34c,2021,17696000.0,11063000.0,2026-08-18T11:48:58.763470
69d678e8-0c91-4b28-b278-a8689ec12a80,f8b6da85-2520-4b26-a05f-e5ef9bdea34c,2022,18871000.0,11454000.0,2026-08-18T11:48:58.763473
0f2bd9a3-7ab3-4ba1-9e08-f51234de0daf,f8b6da85-2520-4b26-a05f-e5ef9bdea34c,2023,20828000.0,14945000.0,2026-08-18T11:48:58.763477
211746d4-6329-4fa8-bd7d-b73e3453da05,f8b6da85-2520-4b26-a05f-e5ef9bdea34c,2024,22432000.0,13695000.0,2026-08-18T11:48:58.763481
7672d7cb-4f80-487f-b06d-ec65921149b6,f8b6da85-2520-4b26-a05f-e5ef9bdea34c,2025,24504000.0,16481000.0,2026-08-18T11:48:58.763485
10b0a5e4-7671-4f35-8d6f-43f8db26edf9,bf0e73ed-e399-494a-81dd-bb4f66461bba,2020,14732000.0,10537000.0,2026-08-18T11:48:58.763529
f7f19c03-defc-404c-bd8e-c86fdaf2fc49,bf0e73ed-e399-494a-81dd-bb4f66461bba,2021,16485000.0,10275000.0,2026-08-18T11:48:58.763532
21bd9075-3b79-4ff8-a921-69c9fceddfeb,bf0e73ed-e399-494a-81dd-bb4f66461bba,2022,18163000.0,12908000.0,2026-08-18T11:48:58.763536
5071fe58-1326-4e8b-8439-55193f11b76a,bf0e73ed-e399-494a-81dd-bb4f66461bba,2023,19592000.0,12871000.0,2026-08-18T11:48:58.763539
6a6f5c10-3b1b-423e-b27b-cf35088f58d7,bf0e73ed-e399-494a-81dd-bb4f66461bba,2024,21009000.0,12948000.0,2026-08-18T11:48:58.763542
d5f3f9fc-e25d-4ee2-938f-7db6a51943a3,bf0e73ed-e399-494a-81dd-bb4f66461bba,2025,23317000.0,15279000.0,2026-08-18T11:48:58.763546
90dae64e-534a-4b1d-a901-bebcb6d8f45a,de4bd23b-11ea-48a2-b16a-fabfa8d59618,2020,41765000.0,27550000.0,2026-08-18T11:48:58.763575
20700de0-44dd-4550-9da2-2f7f25f5f081,de4bd23b-11ea-48a2-b16a-fabfa8d59618,2021,44318000.0,28994000.0,2026-08-18T11:48:58.763579
294a11c7-a9e4-4d5a-89d4-14eb8f2adf86,de4bd23b-11ea-48a2-b16a-fabfa8d59618,2022,49598000.0,31045000.0,2026-08-18T11:48:58.763582
ea2fe0c2-bd66-4cf3-ad40-33f2e02f1f5d,de4bd23b-11ea-48a2-b16a-fabfa8d59618,2023,51181000.0,31398000.0,2026-08-18T11:48:58.763585
b4aa6d9b-16a1-4f99-9905-6c856f67427b,de4bd23b-11ea-48a2-b16a-fabfa8d59618,2024,56502000.0,39175000.0,2026-08-18T11:48:58.763588
98320e3d-5a6c-4404-ae8d-abc40bbaf4d6,de4bd23b-11ea-48a2-b16a-fabfa8d59618,2025,61059000.0,39887000.0,2026-08-18T11:48:58.763593
9f771f51-0ace-4009-9698-9e9793bba42f,2de5cb1f-6fdc-4ac6-8e30-1621a1a8b388,2020,26568000.0,17638000.0,2026-08-18T11:48:58.763629
7de1b7c9-46d7-44b9-8734-232533e132c2,2de5cb1f-6fdc-4ac6-8e30-1621a1a8b388,2021,29706000.0,20216000.0,2026-08-18T11:48:58.763632
0ca40b6b-7c7b-4b7f-9225-6ba5a1fcfd53,2de5cb1f-6fdc-4ac6-8e30-1621a1a8b388,2022,31310000.0,19378000.0,2026-08-18T11:48:58.763635
aca3cadd-b828-4ebe-8f0d-ac88f78c92eb,2de5cb1f-6fdc-4ac6-8e30-1621a1a8b388,2023,33677000.0,24079000.0,2026-08-18T11:48:58.763639
dbe314c9-66b7-4882-be40-f3db9208fac6,2de5cb1f-6fdc-4ac6-8e30-1621a1a8b388,2024,37574000.0,23006000.0,2026-08-18T11:48:58.763644
0f791312-7188-4370-b93c-82fbdeca6069,2de5cb1f-6fdc-4ac6-8e30-1621a1a8b388,2025,40766000.0,27147000.0,2026-08-18T11:48:58.763647
528e9d6e-72f7-4922-b7c8-c4d87375b7f4,439aba4d-baa3-4891-9f07-a83d1e63847b,2020,13444000.0,8216000.0,2026-08-18T11:48:58.763678
1a747ff7-68bd-44ae-bac7-731f12e66442,439aba4d-baa3-4891-9f07-a83d1e63847b,2021,15420000.0,10545000.0,2026-08-18T11:48:58.763681
4199303d-1cfd-4611-8603-4734cda21f39,439aba4d-baa3-4891-9f07-a83d1e63847b,2022,16718000.0,10653000.0,2026-08-18T11:48:58.763684
a89eba47-0616-4941-aac0-9598658d177b,439aba4d-baa3-4891-9f07-a83d1e63847b,2023,19546000.0,13525000.0,2026-08-18T11:48:58.763688
232a736a-ce7a-4d43-8d1c-a8e6c21b2337,439aba4d-baa3-4891-9f07-a83d1e63847b,2024,21881000.0,15616000.0,2026-08-18T11:48:58.763691
f47e60be-3eb9-45af-a814-61056274de1e,439aba4d-baa3-4891-9f07-a83d1e63847b,2025,24265000.0,17167000.0,2026-08-18T11:48:58.763694
4e79d6f5-2938-44d3-bd8b-f0198bb55533,a5992573-727d-43b5-9372-8ec953abd83e,2020,71305000.0,49747000.0,2026-08-18T11:48:58.763727
83ce34cf-bc93-4b44-96d4-ff4d469e56b7,a5992573-727d-43b5-9372-8ec953abd83e,2021,79675000.0,55304000.0,2026-08-18T11:48:58.763730
7f5a7bdc-6c71-4e42-a7b6-16db0d4a1d47,a5992573-727d-43b5-9372-8ec953abd83e,2022,86884000.0,60339000.0,2026-08-18T11:48:58.763733
2b514ade-b8f2-4702-ab55-097dd5363d05,a5992573-727d-43b5-9372-8ec953abd83e,2023,96263000.0,60486000.0,2026-08-18T11:48:58.763737
461d7fe9-d450-4365-b4bd-bcfb055315ed,a5992573-727d-43b5-9372-8ec953abd83e,2024,106706000.0,65021000.0,2026-08-18T11:48:58.763740
20978878-e4cc-4abe-aca0-d74ab50b884d,a5992573-727d-43b5-9372-8ec953abd83e,2025,119324000.0,79816000.0,2026-08-18T11:48:58.763743
e25aee1d-1f87-4a00-ae75-9c9482b50ed6,843c444b-9135-4e58-89da-8a2294944533,2020,64520000.0,39123000.0,2026-08-18T11:48:58.763788
e3e58800-689d-4269-a5d2-eff4f365ac6f,843c444b-9135-4e58-89da-8a2294944533,2021,71597000.0,50010000.0,2026-08-18T11:48:58.763791
92a5e4ed-766d-4423-a6c8-effdfe2725a7,843c444b-9135-4e58-89da-8a2294944533,2022,77118000.0,54241000.0,2026-08-18T11:48:58.763794
2527ea56-48df-47b9-8069-39a4e3741da5,843c444b-9135-4e58-89da-8a2294944533,2023,87393000.0,54903000.0,2026-08-18T11:48:58.763798
43245995-286f-46b4-8a8e-0b9e8cb1a467,843c444b-9135-4e58-89da-8a2294944533,2024,95169000.0,61604000.0,2026-08-18T11:48:58.763802
3c3f10e5-75dd-4b8d-9350-e6498796acdc,843c444b-9135-4e58-89da-8a2294944533,2025,102260000.0,66053000.0,2026-08-18T11:48:58.763805
ccadc6db-2c90-4ecf-b327-97a8a9e5d0b2,10e537b2-71bf-40c7-acec-76c98f5e6cbf,2020,52625000.0,34417000.0,2026-08-18T11:48:58.763833
73c66092-0678-453a-a17f-ce34db67e317,10e537b2-71bf-40c7-acec-76c98f5e6cbf,2021,57765000.0,35947000.0,2026-08-18T11:48:58.763840
8c0a2b40-7c2c-445b-85bd-c77146b62468,10e537b2-71bf-40c7-acec-76c98f5e6cbf,2022,65131000.0,43596000.0,2026-08-18T11:48:58.763844
d2c13899-d05e-4e3c-8b2d-21e248f46078,10e537b2-71bf-40c7-acec-76c98f5e6cbf,2023,73389000.0,46118000.0,2026-08-18T11:48:58.763847
dabe0ac1-6647-406f-b234-cdb16d49c5fa,10e537b2-71bf-40c7-acec-76c98f5e6cbf,2024,79864000.0,51856000.0,2026-08-18T11:48:58.763850
9e6b9075-ae55-4e47-b273-60ffa53f4c9e,10e537b2-71bf-40c7-acec-76c98f5e6cbf,2025,88946000.0,57284000.0,2026-08-18T11:48:58.763853
6f855ccc-a663-4a2f-b850-486601362d83,0c74a703-ff90-4a5d-ad7e-a268da6b1a9c,2020,4944000.0,3398000.0,2026-08-18T11:48:58.763888
90eb2a07-121d-46cb-a63b-4ca450fe9581,0c74a703-ff90-4a5d-ad7e-a268da6b1a9c,2021,5593000.0,3397000.0,2026-08-18T11:48:58.763892
13721ad8-f764-4ba7-a2eb-850939af70a9,0c74a703-ff90-4a5d-ad7e-a268da6b1a9c,2022,6363000.0,3947000.0,2026-08-18T11:48:58.763895
01fccb9e-9160-445f-a7c2-2b68d308d636,0c74a703-ff90-4a5d-ad7e-a268da6b1a9c,2023,7093000.0,5099000.0,2026-08-18T11:48:58.763898
caedb8fa-4b77-453d-92c4-d16eb95cbc87,0c74a703-ff90-4a5d-ad7e-a268da6b1a9c,2024,8492000.0,5731000.0,2026-08-18T11:48:58.763902
7573758e-5a62-4584-aaba-56b54bc46875,0c74a703-ff90-4a5d-ad7e-a268da6b1a9c,2025,9415000.0,5742000.0,2026-08-18T11:48:58.763905
4050169e-fe4c-47f4-b3e8-22f4ddcb513f,1fe762cf-d075-48cd-a365-9bbfaf58b1a6,2020,2848000.0,1789000.0,2026-08-18T11:48:58.763950
9bf1e1ef-de33-4464-b2c9-db7b6e3313d2,1fe762cf-d075-48cd-a365-9bbfaf58b1a6,2021,3217000.0,2081000.0,2026-08-18T11:48:58.763954
4b3dff8f-d455-422d-a114-301726d9d0e3,1fe762cf-d075-48cd-a365-9bbfaf58b1a6,2022,3594000.0,2385000.0,2026-08-18T11:48:58.763961
65493bc3-a601-494e-975e-d1be9d5af882,1fe762cf-d075-48cd-a365-9bbfaf58b1a6,2023,4162000.0,2641000.0,2026-08-18T11:48:58.763964
076f8e74-3bcd-4141-a821-38643e0ef6c5,1fe762cf-d075-48cd-a365-9bbfaf58b1a6,2024,4873000.0,3147000.0,2026-08-18T11:48:58.763968
a5c7d93a-5fd9-46e8-ae6e-02443333cc6f,1fe762cf-d075-48cd-a365-9bbfaf58b1a6,2025,5425000.0,3600000.0,2026-08-18T11:48:58.763972
620c42b7-5328-4cef-a15e-30d53eb9d286,fe73a5ff-c6b2-411e-94e1-26e2d76b5e7c,2020,53207000.0,32287000.0,2026-08-18T11:48:58.764009
51e14acf-d554-4eda-b289-d0c0a8af6cfd,fe73a5ff-c6b2-411e-94e1-26e2d76b5e7c,2021,56991000.0,40308000.0,2026-08-18T11:48:58.764012
fd9afecc-50b9-4ef9-8ff6-76d52fe04d4c,fe73a5ff-c6b2-411e-94e1-26e2d76b5e7c,2022,59759000.0,40154000.0,2026-08-18T11:48:58.764016
1b5bb428-86e0-44bc-aed9-cd9970642d40,fe73a5ff-c6b2-411e-94e1-26e2d76b5e7c,2023,63733000.0,45565000.0,2026-08-18T11:48:58.764019
54bf7472-424d-4540-a3e1-da003e13ca02,fe73a5ff-c6b2-411e-94e1-26e2d76b5e7c,2024,68220000.0,45882000.0,2026-08-18T11:48:58.764022
b98e1777-4f6e-4a8d-bb96-9d77e01d2cfe,fe73a5ff-c6b2-411e-94e1-26e2d76b5e7c,2025,74484000.0,51518000.0,2026-08-18T11:48:58.764025
e3eeefb8-65d6-4450-99a4-be9f33d22c59,d3b3471c-b305-4626-a179-07289317269e,2020,10819000.0,7420000.0,2026-08-18T11:48:58.764064
48dbd982-e4e1-47f6-bb55-87e97909a132,d3b3471c-b305-4626-a179-07289317269e,2021,11559000.0,7037000.0,2026-08-18T11:48:58.764068
35ac9bef-3aec-4e78-8896-fcddc80ba54d,d3b3471c-b305-4626-a179-07289317269e,2022,13336000.0,8403000.0,2026-08-18T11:48:58.764071
c4375e5d-7882-415a-b9cf-e756abe793a9,d3b3471c-b305-4626-a179-07289317269e,2023,14843000.0,10503000.0,2026-08-18T11:48:58.764074
0ec9c922-82ac-4048-9f0b-1329189f070b,d3b3471c-b305-4626-a179-07289317269e,2024,16349000.0,11066000.0,2026-08-18T11:48:58.764077
942e8532-75b5-4526-8bcc-030364db9a9c,d3b3471c-b305-4626-a179-07289317269e,2025,19215000.0,13061000.0,2026-08-18T11:48:58.764080
6b202b24-6bde-4665-a2c8-3bfc5e4bb663,97ed1a5c-dd0a-419a-8388-1205f8972c0f,2020,42760000.0,27658000.0,2026-08-18T11:48:58.764116
b0ae74c2-5319-49e1-b190-9380412bb154,97ed1a5c-dd0a-419a-8388-1205f8972c0f,2021,47453000.0,32394000.0,2026-08-18T11:48:58.764119
f7693851-0ba2-4e6d-ac05-33772c0ba798,97ed1a5c-dd0a-419a-8388-1205f8972c0f,2022,54527000.0,38508000.0,2026-08-18T11:48:58.764126
c4ba6aff-1bec-4d50-95a3-a4c98f6f2a75,97ed1a5c-dd0a-419a-8388-1205f8972c0f,2023,61048000.0,38017000.0,2026-08-18T11:48:58.764130
59f70f6b-6a73-4267-8236-a8050e234899,97ed1a5c-dd0a-419a-8388-1205f8972c0f,2024,66887000.0,40336000.0,2026-08-18T11:48:58.764134
aab9a394-2971-4dcb-84d2-ba82e0d9a80a,97ed1a5c-dd0a-419a-8388-1205f8972c0f,2025,79558000.0,50012000.0,2026-08-18T11:48:58.764137
b5ca7488-4350-4416-a90b-25163c55360b,ca3fa635-0050-480a-a84a-2b0a9ee4ec4e,2020,33116000.0,20388000.0,2026-08-18T11:48:58.764164
261e8be4-a1c3-41a6-adbe-3dadc2464c36,ca3fa635-0050-480a-a84a-2b0a9ee4ec4e,2021,34440000.0,20870000.0,2026-08-18T11:48:58.764167
0bbcdba1-bb36-49cb-8ea5-a46afd678d24,ca3fa635-0050-480a-a84a-2b0a9ee4ec4e,2022,37283000.0,25921000.0,2026-08-18T11:48:58.764171
47ee1358-5d7f-43d8-badd-af8662a231e5,ca3fa635-0050-480a-a84a-2b0a9ee4ec4e,2023,40391000.0,25062000.0,2026-08-18T11:48:58.764174
71dc0d96-6bb3-447e-b279-52f271165809,ca3fa635-0050-480a-a84a-2b0a9ee4ec4e,2024,43719000.0,30522000.0,2026-08-18T11:48:58.764177
bd1d7338-c534-4c50-b07e-21dcb6a9c96c,ca3fa635-0050-480a-a84a-2b0a9ee4ec4e,2025,45581000.0,30068000.0,2026-08-18T11:48:58.764180
17e27545-80c9-4af7-bee0-c45ac3959b1d,ba4efe7c-6830-447f-8aba-bf4f4235e09b,2020,10441000.0,6604000.0,2026-08-18T11:48:58.764224
ff538b44-1ff0-462f-a71b-fe06a2321232,ba4efe7c-6830-447f-8aba-bf4f4235e09b,2021,11490000.0,7224000.0,2026-08-18T11:48:58.764227
0516b4f4-e9bb-4e59-bbf4-65f4c1bdaf23,ba4efe7c-6830-447f-8aba-bf4f4235e09b,2022,12205000.0,8336000.0,2026-08-18T11:48:58.764231
8d252082-61d9-4fdd-a13e-748eb5d8b443,ba4efe7c-6830-447f-8aba-bf4f4235e09b,2023,13524000.0,9278000.0,2026-08-18T11:48:58.764234
bcfd6778-3a1b-4d31-8c2c-ea13c9a97aab,ba4efe7c-6830-447f-8aba-bf4f4235e09b,2024,14622000.0,8928000.0,2026-08-18T11:48:58.764237
309918bf-f301-4f8c-a407-865995674ec5,ba4efe7c-6830-447f-8aba-bf4f4235e09b,2025,15995000.0,10175000.0,2026-08-18T11:48:58.764240
3f022796-e6ca-477d-98d2-e7ff0ddc203a,157a31c8-c300-41f2-8b0c-67d8a6a020f3,2020,9901000.0,6517000.0,2026-08-18T11:48:58.764273
8d4578c2-13ff-4a1b-a6a7-e70cd2d0940c,157a31c8-c300-41f2-8b0c-67d8a6a020f3,2021,10310000.0,7293000.0,2026-08-18T11:48:58.764277
4ee865c5-16c2-4ba6-8975-e3631a516aa4,157a31c8-c300-41f2-8b0c-67d8a6a020f3,2022,11592000.0,7780000.0,2026-08-18T11:48:58.764280
e3ac8a65-d627-4d83-82e3-2809472db6b7,157a31c8-c300-41f2-8b0c-67d8a6a020f3,2023,12273000.0,7657000.0,2026-08-18T11:48:58.764283
c3b64fcb-0bbd-4968-b028-7093355c3f82,157a31c8-c300-41f2-8b0c-67d8a6a020f3,2024,13587000.0,8683000.0,2026-08-18T11:48:58.764288
dcbed6ab-32ee-47eb-bdbf-2c70dcbfe9f9,157a31c8-c300-41f2-8b0c-67d8a6a020f3,2025,14819000.0,9471000.0,2026-08-18T11:48:58.764293
75abcc30-0777-40e5-8e28-fcad3118288b,4eaa24e3-a902-49c5-afe3-752af4068faf,2020,21781000.0,13425000.0,2026-08-18T11:48:58.764323
7fe821e9-39f8-40e3-bbcc-02cda0b23322,4eaa24e3-a902-49c5-afe3-752af4068faf,2021,25708000.0,16839000.0,2026-08-18T11:48:58.764326
7172bfae-76b7-4d57-8611-bcd2c081ce0c,4eaa24e3-a902-49c5-afe3-752af4068faf,2022,27774000.0,17809000.0,2026-08-18T11:48:58.764329
c8bbed01-17c4-4579-bb5a-8315f6ba9b07,4eaa24e3-a902-49c5-afe3-752af4068faf,2023,32625000.0,21938000.0,2026-08-18T11:48:58.764333
8b232d61-c8c3-4feb-a021-2b19206b7a5f,4eaa24e3-a902-49c5-afe3-752af4068faf,2024,36506000.0,24698000.0,2026-08-18T11:48:58.764336
4319aa0a-9e59-44d1-ae78-c0e7956b01d0,4eaa24e3-a902-49c5-afe3-752af4068faf,2025,40652000.0,25220000.0,2026-08-18T11:48:58.764340
1f74f441-655c-4e6a-944e-4598e7f2d112,16d98bf0-3be7-4c50-ad94-e9c720ccdfa1,2020,24351000.0,17011000.0,2026-08-18T11:48:58.764366
4c61bc1e-a059-4c56-afdc-3c78cab1ce19,16d98bf0-3be7-4c50-ad94-e9c720ccdfa1,2021,26439000.0,16626000.0,2026-08-18T11:48:58.764369
d86149aa-a789-4436-86b0-f2ee7040d87c,16d98bf0-3be7-4c50-ad94-e9c720ccdfa1,2022,29490000.0,17738000.0,2026-08-18T11:48:58.764372
1cbbc207-96be-412d-b0f4-7e988a376827,16d98bf0-3be7-4c50-ad94-e9c720ccdfa1,2023,33024000.0,23579000.0,2026-08-18T11:48:58.764375
6d25c5ab-4719-49a5-8fdc-fa1ec8f324b5,16d98bf0-3be7-4c50-ad94-e9c720ccdfa1,2024,35304000.0,22436000.0,2026-08-18T11:48:58.764379
c5cb3267-b294-471f-83fc-e5b12409332d,16d98bf0-3be7-4c50-ad94-e9c720ccdfa1,2025,40365000.0,24658000.0,2026-08-18T11:48:58.764383
74fd3687-84ba-44fb-b508-be1f5c146071,ca394571-2b5a-417f-8815-f4f6863ad00c,2020,4309000.0,2774000.0,2026-08-18T11:48:58.764421
7c830882-6711-4121-b845-ea7232ad3f0f,ca394571-2b5a-417f-8815-f4f6863ad00c,2021,4611000.0,3076000.0,2026-08-18T11:48:58.764425
d0db73ca-9939-47ba-9a10-f5153d268cae,ca394571-2b5a-417f-8815-f4f6863ad00c,2022,5036000.0,3450000.0,2026-08-18T11:48:58.764428
8f901410-9499-4ffc-9efb-d5a4a53cdecd,ca394571-2b5a-417f-8815-f4f6863ad00c,2023,5582000.0,4006000.0,2026-08-18T11:48:58.764431
60d969e2-d279-4ec6-aa2c-e073b46b2546,ca394571-2b5a-417f-8815-f4f6863ad00c,2024,6149000.0,3773000.0,2026-08-18T11:48:58.764435
b191e178-119a-4775-8fee-80eded395c3c,ca394571-2b5a-417f-8815-f4f6863ad00c,2025,6858000.0,4888000.0,2026-08-18T11:48:58.764439
7c104bd9-0774-4111-9e32-e7d89bcf8e23,a17626a8-2721-4ed0-ac21-fbfb5e82b55a,2020,11213000.0,7116000.0,2026-08-18T11:48:58.764468
0a324cb8-2ca9-4e91-ba18-5b10a7e5449a,a17626a8-2721-4ed0-ac21-fbfb5e82b55a,2021,12111000.0,7426000.0,2026-08-18T11:48:58.764472
093de2e1-c707-4b10-b0a8-395d79f92bc7,a17626a8-2721-4ed0-ac21-fbfb5e82b55a,2022,12519000.0,8559000.0,2026-08-18T11:48:58.764475
d5c85c05-b4fa-41a4-ba6d-6c4de0259eb8,a17626a8-2721-4ed0-ac21-fbfb5e82b55a,2023,13656000.0,9627000.0,2026-08-18T11:48:58.764478
7bd0d35a-8bfc-48f6-a1f2-7b5f9d12e44f,a17626a8-2721-4ed0-ac21-fbfb5e82b55a,2024,14721000.0,9941000.0,2026-08-18T11:48:58.764481
779cc9a3-27ac-49a1-aeda-968da61d8a09,a17626a8-2721-4ed0-ac21-fbfb5e82b55a,2025,15630000.0,11197000.0,2026-08-18T11:48:58.764485
2e3e0b59-56a3-45a8-82bf-a2e74a9082d9,c1d32422-3616-4353-a5ab-aa5917b5c1e2,2020,4330000.0,2897000.0,2026-08-18T11:48:58.764527
5da68cdb-1fe9-4491-8b85-10cc6e8bfc78,c1d32422-3616-4353-a5ab-aa5917b5c1e2,2021,4523000.0,2914000.0,2026-08-18T11:48:58.764531
3ede3d89-4531-4adc-92e7-3c1b4716dc7a,c1d32422-3616-4353-a5ab-aa5917b5c1e2,2022,4812000.0,3296000.0,2026-08-18T11:48:58.764534
616cf93e-2728-4a70-8e09-11a277eadbb6,c1d32422-3616-4353-a5ab-aa5917b5c1e2,2023,5340000.0,3831000.0,2026-08-18T11:48:58.764537
f9aa9e77-6a60-4b87-a101-552638608820,c1d32422-3616-4353-a5ab-aa5917b5c1e2,2024,5587000.0,3653000.0,2026-08-18T11:48:58.764541
0faa7c26-2832-4177-9f2a-737818809278,c1d32422-3616-4353-a5ab-aa5917b5c1e2,2025,6336000.0,4207000.0,2026-08-18T11:48:58.764544
e191de16-bafe-48d9-b403-a51d9da9d841,fcbc4bba-4e77-4bd5-92ad-a19522e7c84d,2020,45179000.0,29285000.0,2026-08-18T11:48:58.764579
0093dce8-6c54-4402-b631-b8097e0c5330,fcbc4bba-4e77-4bd5-92ad-a19522e7c84d,2021,51961000.0,33957000.0,2026-08-18T11:48:58.764583
ef218042-2b1c-43a3-b575-251b8ff74872,fcbc4bba-4e77-4bd5-92ad-a19522e7c84d,2022,55341000.0,33570000.0,2026-08-18T11:48:58.764586
0f9c0bc3-411d-4b09-9ff2-6cf18d4e5db9,fcbc4bba-4e77-4bd5-92ad-a19522e7c84d,2023,63735000.0,42703000.0,2026-08-18T11:48:58.764589
321528b0-efb4-4c08-bd75-0c3cc715aa1d,fcbc4bba-4e77-4bd5-92ad-a19522e7c84d,2024,69235000.0,49315000.0,2026-08-18T11:48:58.764593
3387800c-d828-45cb-8c08-29f181d883ae,fcbc4bba-4e77-4bd5-92ad-a19522e7c84d,2025,77396000.0,46647000.0,2026-08-18T11:48:58.764597
fd0ce5c8-09f4-432b-8552-3d3d8cbe70c5,b6e181f6-2f6a-4a7f-85f0-1d6c79a8edb7,2020,39861000.0,25224000.0,2026-08-18T11:48:58.764643
6ef4766c-926c-44ac-a21b-432326f6f2ab,b6e181f6-2f6a-4a7f-85f0-1d6c79a8edb7,2021,41494000.0,27197000.0,2026-08-18T11:48:58.764647
71694882-f339-4e1c-a553-15414bb523a4,b6e181f6-2f6a-4a7f-85f0-1d6c79a8edb7,2022,45489000.0,32287000.0,2026-08-18T11:48:58.764651
f42c5a9d-9363-42ce-a378-45238992db72,b6e181f6-2f6a-4a7f-85f0-1d6c79a8edb7,2023,47624000.0,33331000.0,2026-08-18T11:48:58.764655
00684a8f-fd57-4c2e-b606-f712a12e8767,b6e181f6-2f6a-4a7f-85f0-1d6c79a8edb7,2024,51264000.0,33776000.0,2026-08-18T11:48:58.764658
1a77787a-f63b-4553-a674-e89a92c72b14,b6e181f6-2f6a-4a7f-85f0-1d6c79a8edb7,2025,56659000.0,36049000.0,2026-08-18T11:48:58.764662
126c4e6e-97ee-4510-9ef4-4be6f1f3e2ce,fab3b263-b68f-415f-af82-666bf40921b0,2020,5274000.0,3682000.0,2026-08-18T11:48:58.764691
c570c435-1468-4982-a79f-acf188f7020f,fab3b263-b68f-415f-af82-666bf40921b0,2021,5724000.0,3938000.0,2026-08-18T11:48:58.764694
10159687-342c-42b2-9fb3-35a7818c64bd,fab3b263-b68f-415f-af82-666bf40921b0,2022,6300000.0,3976000.0,2026-08-18T11:48:58.764697
6594a1dd-1016-4634-815a-f21a217ba26e,fab3b263-b68f-415f-af82-666bf40921b0,2023,7334000.0,4529000.0,2026-08-18T11:48:58.764700
78b72ed0-fc60-4323-94d0-5fd3504a2fd4,fab3b263-b68f-415f-af82-666bf40921b0,2024,8191000.0,5596000.0,2026-08-18T11:48:58.764704
31a23d0f-d09a-4f44-b561-5c01510bc1cf,fab3b263-b68f-415f-af82-666bf40921b0,2025,9156000.0,5552000.0,2026-08-18T11:48:58.764707
13e9b850-64d5-4ded-9397-1767a0257391,e8bbada1-3932-4273-9774-8c34007d98ad,2020,3285000.0,2294000.0,2026-08-18T11:48:58.764750
584c4362-ad9e-4e03-8411-92cbbc80f1aa,e8bbada1-3932-4273-9774-8c34007d98ad,2021,3826000.0,2516000.0,2026-08-18T11:48:58.764754
b1ea99a3-1fde-409e-86e2-9fbfffe9b0d6,e8bbada1-3932-4273-9774-8c34007d98ad,2022,4083000.0,2627000.0,2026-08-18T11:48:58.764757
47dd7746-2e37-447e-9bd3-3bff7c592d38,e8bbada1-3932-4273-9774-8c34007d98ad,2023,4658000.0,3292000.0,2026-08-18T11:48:58.764760
6c3f7056-1a8b-4d5b-9aad-6f440cf05186,e8bbada1-3932-4273-9774-8c34007d98ad,2024,5089000.0,3520000.0,2026-08-18T11:48:58.764764
7a3240ca-a1c9-472f-ac13-94b7af80fb8c,e8bbada1-3932-4273-9774-8c34007d98ad,2025,5547000.0,3801000.0,2026-08-18T11:48:58.764768
6d75a15b-d1a3-4430-bbab-a9e52cfb5454,2879eaa3-3b5f-4757-b333-29b2008d595a,2020,18233000.0,12652000.0,2026-08-18T11:48:58.764794
aad01ff1-d147-41a8-b7f0-c13ff6c7a6ff,2879eaa3-3b5f-4757-b333-29b2008d595a,2021,20683000.0,12920000.0,2026-08-18T11:48:58.764798
59a9c524-2f87-40e1-b730-1d6fdfe1d58e,2879eaa3-3b5f-4757-b333-29b2008d595a,2022,23210000.0,14441000.0,2026-08-18T11:48:58.764801
e1ccdbcc-0ddc-40c2-88a3-d2940e4348a3,2879eaa3-3b5f-4757-b333-29b2008d595a,2023,25234000.0,15415000.0,2026-08-18T11:48:58.764805
662dcf2e-671a-454c-bf31-2aa49f94825a,2879eaa3-3b5f-4757-b333-29b2008d595a,2024,29197000.0,20818000.0,2026-08-18T11:48:58.764808
a724c162-2705-49dd-8240-993ff2b428a1,2879eaa3-3b5f-4757-b333-29b2008d595a,2025,32998000.0,21176000.0,2026-08-18T11:48:58.764812
1e8192f1-79da-4aaf-b319-93121e1d52dc,bac1cf12-01d8-4d2f-923c-2c505d01b66b,2020,48456000.0,31731000.0,2026-08-18T11:48:58.764854
912ada8c-5189-4c1e-8c5f-6f408ad9376c,bac1cf12-01d8-4d2f-923c-2c505d01b66b,2021,54904000.0,37469000.0,2026-08-18T11:48:58.764857
00aabc0f-0a0b-4c75-a8d5-e4a4c4e8da14,bac1cf12-01d8-4d2f-923c-2c505d01b66b,2022,61293000.0,38437000.0,2026-08-18T11:48:58.764861
d5b61c79-49c2-460c-b818-0a57b373357a,bac1cf12-01d8-4d2f-923c-2c505d01b66b,2023,66270000.0,47595000.0,2026-08-18T11:48:58.764864
ef8da0d6-8e03-406b-a26c-85cba9c3c580,bac1cf12-01d8-4d2f-923c-2c505d01b66b,2024,73618000.0,51740000.0,2026-08-18T11:48:58.764867
3b1bd946-a569-481d-b24c-63babdc88595,bac1cf12-01d8-4d2f-923c-2c505d01b66b,2025,83977000.0,58473000.0,2026-08-18T11:48:58.764870
77e7aaa1-ae6a-4fea-9af4-0d1a891bc9f7,30bc887f-05f0-4b86-b9e5-52cf6d23ea11,2020,119717000.0,75752000.0,2026-08-18T11:48:58.764900
4e06ebf7-cd17-4d65-82f7-fc8ae4a7ab28,30bc887f-05f0-4b86-b9e5-52cf6d23ea11,2021,136603000.0,92516000.0,2026-08-18T11:48:58.764904
0e12a85a-ea3f-4511-96c5-d3427e0abfc9,30bc887f-05f0-4b86-b9e5-52cf6d23ea11,2022,150428000.0,98846000.0,2026-08-18T11:48:58.764907
4f5d4dec-12d3-4e13-8d8d-a163a5d07fac,30bc887f-05f0-4b86-b9e5-52cf6d23ea11,2023,171621000.0,111302000.0,2026-08-18T11:48:58.764910
8617de28-0ea9-4c06-b2ab-42fb4ad7d68c,30bc887f-05f0-4b86-b9e5-52cf6d23ea11,2024,192062000.0,121665000.0,2026-08-18T11:48:58.764913
7126b68d-9858-4324-95d5-a00c64ddb0e6,30bc887f-05f0-4b86-b9e5-52cf6d23ea11,2025,220154000.0,134947000.0,2026-08-18T11:48:58.764916
b030b67b-d71e-4aa8-95df-ec52809edbf6,2b5aa278-f7be-4c0c-80a1-172aa7687a6c,2020,26853000.0,19060000.0,2026-08-18T11:48:58.764953
62d26964-ba78-481c-b3e1-00b89d89ce71,2b5aa278-f7be-4c0c-80a1-172aa7687a6c,2021,28719000.0,18315000.0,2026-08-18T11:48:58.764956
2b809d76-9d31-47a5-9188-d8c0a73dd1f6,2b5aa278-f7be-4c0c-80a1-172aa7687a6c,2022,30788000.0,20171000.0,2026-08-18T11:48:58.764963
30ad58f0-cddf-4ff1-a478-d764965363de,2b5aa278-f7be-4c0c-80a1-172aa7687a6c,2023,32336000.0,21562000.0,2026-08-18T11:48:58.764967
a25a4bdc-5f37-4d08-8f3b-13c22b090f7f,2b5aa278-f7be-4c0c-80a1-172aa7687a6c,2024,36453000.0,23197000.0,2026-08-18T11:48:58.764970
8f699df0-d6ca-4606-abd8-50dcdad22711,2b5aa278-f7be-4c0c-80a1-172aa7687a6c,2025,38742000.0,25530000.0,2026-08-18T11:48:58.764977
32975415-f15a-482c-bb75-4837d0229ea3,00ff9eb3-aee0-4c18-a80a-82e296cfe131,2020,79315000.0,48126000.0,2026-08-18T11:48:58.765012
c95cb3fa-5704-49e3-b0d8-b60606b4f4c6,00ff9eb3-aee0-4c18-a80a-82e296cfe131,2021,90239000.0,56684000.0,2026-08-18T11:48:58.765015
d22576be-a0af-45b8-a9f3-14d53d38c336,00ff9eb3-aee0-4c18-a80a-82e296cfe131,2022,104146000.0,63549000.0,2026-08-18T11:48:58.765018
fddfd1a3-371a-4eac-9caa-4938b564447d,00ff9eb3-aee0-4c18-a80a-82e296cfe131,2023,122431000.0,86225000.0,2026-08-18T11:48:58.765021
380707c9-44ef-456c-94df-d0f78d3e921f,00ff9eb3-aee0-4c18-a80a-82e296cfe131,2024,135929000.0,84327000.0,2026-08-18T11:48:58.765024
e17eede7-8a65-4c03-99c8-4c4f2cff85e3,00ff9eb3-aee0-4c18-a80a-82e296cfe131,2025,160299000.0,96898000.0,2026-08-18T11:48:58.765027
6aa78754-8804-42d5-8443-dea4296e9188,1b04d9f8-8162-4591-b08c-163891ea873f,2020,86007000.0,60106000.0,2026-08-18T11:48:58.765068
fbb8e539-382b-46ab-8e32-47b3da76efe7,1b04d9f8-8162-4591-b08c-163891ea873f,2021,96905000.0,61631000.0,2026-08-18T11:48:58.765071
0eab3221-ead9-4d71-8045-81ac34d40b9d,1b04d9f8-8162-4591-b08c-163891ea873f,2022,107394000.0,68475000.0,2026-08-18T11:48:58.765074
e43f9376-fe6f-41f3-a890-3107e81258bc,1b04d9f8-8162-4591-b08c-163891ea873f,2023,116150000.0,73192000.0,2026-08-18T11:48:58.765078
119fa140-50bc-430f-82ba-ab53b9bcadf5,1b04d9f8-8162-4591-b08c-163891ea873f,2024,128285000.0,87309000.0,2026-08-18T11:48:58.765081
c39fc23b-3a6b-4f5a-bca8-9d0b0c4f7581,1b04d9f8-8162-4591-b08c-163891ea873f,2025,141102000.0,99577000.0,2026-08-18T11:48:58.765087
07be8387-2e3d-4b82-94e4-eaf7e8220d17,7dec579d-6988-47ba-a582-7dcb50205ca7,2020,54505000.0,33745000.0,2026-08-18T11:48:58.765130
e2996121-16f0-488c-b920-a3e8d7b0a6e2,7dec579d-6988-47ba-a582-7dcb50205ca7,2021,61516000.0,38817000.0,2026-08-18T11:48:58.765133
36898f6b-a723-4d61-bf02-90ed7bb29e7e,7dec579d-6988-47ba-a582-7dcb50205ca7,2022,71830000.0,48775000.0,2026-08-18T11:48:58.765137
3645a39b-50e2-4920-8405-6392a21e8510,7dec579d-6988-47ba-a582-7dcb50205ca7,2023,77596000.0,54496000.0,2026-08-18T11:48:58.765140
f991441f-066c-44be-beb0-5b931b6e1424,7dec579d-6988-47ba-a582-7dcb50205ca7,2024,91239000.0,60063000.0,2026-08-18T11:48:58.765143
ceb50013-42f4-4f1b-ae46-3bd0191da19c,7dec579d-6988-47ba-a582-7dcb50205ca7,2025,96709000.0,68001000.0,2026-08-18T11:48:58.765147
7035f88a-ee60-4b4f-824c-1984cb3cbd59,db30c38e-63ab-4d7a-8872-8a7a9a07ffa3,2020,110270000.0,71977000.0,2026-08-18T11:48:58.765181
c0ac2566-15f8-4985-b729-a2e135fcf847,db30c38e-63ab-4d7a-8872-8a7a9a07ffa3,2021,114543000.0,76828000.0,2026-08-18T11:48:58.765184
944eb0f9-f290-497f-a006-9da04f6b44cd,db30c38e-63ab-4d7a-8872-8a7a9a07ffa3,2022,125950000.0,81233000.0,2026-08-18T11:48:58.765187
a5ecd4b8-f721-4681-a357-cbeeb5403271,db30c38e-63ab-4d7a-8872-8a7a9a07ffa3,2023,140289000.0,89501000.0,2026-08-18T11:48:58.765190
88822fbd-917f-4345-8e25-6a11918eccdb,db30c38e-63ab-4d7a-8872-8a7a9a07ffa3,2024,147411000.0,100524000.0,2026-08-18T11:48:58.765194
5b875a79-859f-4c4c-afc3-14eedf69c1fb,db30c38e-63ab-4d7a-8872-8a7a9a07ffa3,2025,164992000.0,116407000.0,2026-08-18T11:48:58.765197
435dd004-8c39-4975-ae40-7625da076ab3,e44901b6-982f-4389-a2e2-37edfff4e7b0,2020,146985000.0,89962000.0,2026-08-18T11:48:58.765238
e11ce965-3ba4-4476-a7f6-d32c40a3f5e5,e44901b6-982f-4389-a2e2-37edfff4e7b0,2021,155040000.0,97879000.0,2026-08-18T11:48:58.765242
e78589c8-f9f6-44ce-b9d4-d1715ccc8d67,e44901b6-982f-4389-a2e2-37edfff4e7b0,2022,170147000.0,110681000.0,2026-08-18T11:48:58.765246
943a9a5d-e6cf-4490-9445-238c74e1837d,e44901b6-982f-4389-a2e2-37edfff4e7b0,2023,195475000.0,130133000.0,2026-08-18T11:48:58.765250
08385fde-28ef-47cf-a502-c987663fc8f7,e44901b6-982f-4389-a2e2-37edfff4e7b0,2024,210624000.0,143946000.0,2026-08-18T11:48:58.765254
95db5ff3-8f9e-479e-87c7-f00a595bb097,e44901b6-982f-4389-a2e2-37edfff4e7b0,2025,238619000.0,161537000.0,2026-08-18T11:48:58.765258
402c02cc-2e2f-4f8c-b422-a1f70b92162e,136e0f13-749b-4dcb-8e7e-0092c65a7bce,2020,15393000.0,10981000.0,2026-08-18T11:48:58.765287
fa1f67e7-7af1-48e0-842d-22338ea64367,136e0f13-749b-4dcb-8e7e-0092c65a7bce,2021,16702000.0,10471000.0,2026-08-18T11:48:58.765290
fc16e64a-248f-480a-90ae-2e887d6f188e,136e0f13-749b-4dcb-8e7e-0092c65a7bce,2022,18182000.0,12923000.0,2026-08-18T11:48:58.765293
c22b1802-8cac-476d-a227-cf00a6c92c63,136e0f13-749b-4dcb-8e7e-0092c65a7bce,2023,19373000.0,13081000.0,2026-08-18T11:48:58.765297
c60afdf5-c917-4f10-8fda-dec755e68b92,136e0f13-749b-4dcb-8e7e-0092c65a7bce,2024,21335000.0,15295000.0,2026-08-18T11:48:58.765300
a6e9b53d-25b0-46c8-ba55-56333646e0c1,136e0f13-749b-4dcb-8e7e-0092c65a7bce,2025,22179000.0,15174000.0,2026-08-18T11:48:58.765303
5952ab8c-deec-4ecb-9707-5344bfa1ec92,0e5176ef-f905-4aeb-9ab5-68201a370d87,2020,57166000.0,37169000.0,2026-08-18T11:48:58.765330
dc728eb9-60e3-4da2-99dc-8e99cb644ec4,0e5176ef-f905-4aeb-9ab5-68201a370d87,2021,61465000.0,37955000.0,2026-08-18T11:48:58.765333
9c236adf-ac78-433f-ad9e-44a3a99f0af8,0e5176ef-f905-4aeb-9ab5-68201a370d87,2022,66679000.0,42102000.0,2026-08-18T11:48:58.765337
10b204de-eca0-4c3a-9183-5039acd8d73f,0e5176ef-f905-4aeb-9ab5-68201a370d87,2023,74306000.0,52674000.0,2026-08-18T11:48:58.765340
f5ed4c2d-0375-40aa-9f3d-d17a18af9e21,0e5176ef-f905-4aeb-9ab5-68201a370d87,2024,79990000.0,54562000.0,2026-08-18T11:48:58.765343
4ec44a90-cd96-4209-a112-325ceefba2df,0e5176ef-f905-4aeb-9ab5-68201a370d87,2025,87868000.0,52830000.0,2026-08-18T11:48:58.765346
2adb5f3a-e172-4589-a88c-82effcf21db6,705031ae-bd0c-40ac-b5f3-ccf68a44d6df,2020,155282000.0,102353000.0,2026-08-18T11:48:58.765374
93e9c70c-3a12-486d-8418-771cea769ecb,705031ae-bd0c-40ac-b5f3-ccf68a44d6df,2021,170125000.0,111631000.0,2026-08-18T11:48:58.765377
2488eaf6-e518-4750-8587-b0922f5bf9c2,705031ae-bd0c-40ac-b5f3-ccf68a44d6df,2022,181686000.0,124497000.0,2026-08-18T11:48:58.765380
68e0add1-133d-453a-8fe4-da22586d4efe,705031ae-bd0c-40ac-b5f3-ccf68a44d6df,2023,201171000.0,126989000.0,2026-08-18T11:48:58.765383
dfcb38db-38d0-4299-ba8c-162895f63056,705031ae-bd0c-40ac-b5f3-ccf68a44d6df,2024,216568000.0,155371000.0,2026-08-18T11:48:58.765388
d9658229-6fdd-4639-a8d0-d339a37ad05b,705031ae-bd0c-40ac-b5f3-ccf68a44d6df,2025,237485000.0,170230000.0,2026-08-18T11:48:58.765392
abdac2f0-4c03-415b-8e2c-775bb464e725,ea184184-70bc-4dff-bc6f-858071c50fc6,2020,76280000.0,53411000.0,2026-08-18T11:48:58.765434
5c806205-887b-4b99-8b44-a592a89686be,ea184184-70bc-4dff-bc6f-858071c50fc6,2021,85210000.0,59537000.0,2026-08-18T11:48:58.765437
a24dbde9-8d27-48fe-b1dd-eb485772bfab,ea184184-70bc-4dff-bc6f-858071c50fc6,2022,91542000.0,62210000.0,2026-08-18T11:48:58.765440
ea992043-ba34-4376-9bed-ad71716e4d2c,ea184184-70bc-4dff-bc6f-858071c50fc6,2023,97356000.0,70073000.0,2026-08-18T11:48:58.765444
c20ab5df-2bb9-4e43-8d20-f0edd9c5fd2b,ea184184-70bc-4dff-bc6f-858071c50fc6,2024,104413000.0,72256000.0,2026-08-18T11:48:58.765447
557c3c25-3a7f-43de-866f-3ce21fc5d4d7,ea184184-70bc-4dff-bc6f-858071c50fc6,2025,114661000.0,81461000.0,2026-08-18T11:48:58.765450
b66cd59e-4818-44c2-bfe0-976ad92b8d35,29028af4-f26d-4c59-82ab-0c7d11740b8c,2020,178055000.0,123304000.0,2026-08-18T11:48:58.765485
f89e98a8-9d81-416f-b4b8-499bccdd932f,29028af4-f26d-4c59-82ab-0c7d11740b8c,2021,196033000.0,118102000.0,2026-08-18T11:48:58.765488
03cc2061-03a3-49e2-b5b3-dfe3a1f062b4,29028af4-f26d-4c59-82ab-0c7d11740b8c,2022,211296000.0,136628000.0,2026-08-18T11:48:58.765491
a5ea2032-6fa9-4ae0-a9c7-dd85c35f2bd7,29028af4-f26d-4c59-82ab-0c7d11740b8c,2023,233132000.0,157984000.0,2026-08-18T11:48:58.765496
8f3be412-3148-4171-8ecc-65378fe31693,29028af4-f26d-4c59-82ab-0c7d11740b8c,2024,262680000.0,162467000.0,2026-08-18T11:48:58.765499
8988ed2b-ef68-4edc-a248-035f5200bee9,29028af4-f26d-4c59-82ab-0c7d11740b8c,2025,275457000.0,191754000.0,2026-08-18T11:48:58.765502
a18a404a-eec7-4fc5-ba83-7a1c6fcab0f6,93cc49d1-5edb-4cba-966e-4cfbd3868a42,2020,26725000.0,16832000.0,2026-08-18T11:48:58.765543
5c37b930-9671-4a2c-8bd9-c3ea031425d2,93cc49d1-5edb-4cba-966e-4cfbd3868a42,2021,30291000.0,20241000.0,2026-08-18T11:48:58.765546
8dce6c7f-5747-4020-922a-44256a7e0958,93cc49d1-5edb-4cba-966e-4cfbd3868a42,2022,34322000.0,24371000.0,2026-08-18T11:48:58.765549
d67d1f73-3a7b-4a05-9622-7fffbdb4285d,93cc49d1-5edb-4cba-966e-4cfbd3868a42,2023,38517000.0,25470000.0,2026-08-18T11:48:58.765553
9d19fd49-29ba-4dad-8ca8-3f30663a46ff,93cc49d1-5edb-4cba-966e-4cfbd3868a42,2024,43061000.0,28238000.0,2026-08-18T11:48:58.765556
81384cdd-b075-4638-99f5-f5c283e4f1f9,93cc49d1-5edb-4cba-966e-4cfbd3868a42,2025,49331000.0,34410000.0,2026-08-18T11:48:58.765560
8d1bfecb-17a2-4f2e-acb2-5b559cbd0c20,7a025e6d-a846-4c80-b907-85e1b7b2b6e2,2020,85479000.0,56280000.0,2026-08-18T11:48:58.765595
b57e6091-b34b-46ed-b3ef-3f0cf31483d5,7a025e6d-a846-4c80-b907-85e1b7b2b6e2,2021,98164000.0,70371000.0,2026-08-18T11:48:58.765599
715c7fcb-c95a-4c14-b49f-3744d7d75d9b,7a025e6d-a846-4c80-b907-85e1b7b2b6e2,2022,110891000.0,75501000.0,2026-08-18T11:48:58.765602
d17c5b69-2038-482e-af1b-4fbdf316f5a9,7a025e6d-a846-4c80-b907-85e1b7b2b6e2,2023,129758000.0,84005000.0,2026-08-18T11:48:58.765606
8bf6df0c-b88f-41f6-a9c0-3b4d6b5e27fc,7a025e6d-a846-4c80-b907-85e1b7b2b6e2,2024,145443000.0,89449000.0,2026-08-18T11:48:58.765609
5faa3173-0ee7-49cf-abfa-6a4866934f0e,7a025e6d-a846-4c80-b907-85e1b7b2b6e2,2025,163936000.0,100563000.0,2026-08-18T11:48:58.765612
4cb559db-2b0d-4bfb-bb24-c7569055d74e,aae81b16-84fa-4962-a205-cb318637be4d,2020,35932000.0,25214000.0,2026-08-18T11:48:58.765637
94c910aa-9fd4-4db9-b75f-e4cd3d495530,aae81b16-84fa-4962-a205-cb318637be4d,2021,40204000.0,26128000.0,2026-08-18T11:48:58.765641
0880ce75-15f3-4b85-b43b-ec22c11943bf,aae81b16-84fa-4962-a205-cb318637be4d,2022,44262000.0,29631000.0,2026-08-18T11:48:58.765644
f9708df0-e549-42aa-8a25-3e24b9ea9ff0,aae81b16-84fa-4962-a205-cb318637be4d,2023,49228000.0,35438000.0,2026-08-18T11:48:58.765647
7956d0c4-8904-4d6c-b9ae-20ea9e508a56,aae81b16-84fa-4962-a205-cb318637be4d,2024,51771000.0,33546000.0,2026-08-18T11:48:58.765650
1b220d2f-16ba-4d37-9cf6-e2c3e36b1d8a,aae81b16-84fa-4962-a205-cb318637be4d,2025,58447000.0,40150000.0,2026-08-18T11:48:58.765655
751ac185-586d-4781-a3e1-a705e6156e96,a79cf899-dcdc-4df5-aae1-3fdaa827379b,2020,22841000.0,13941000.0,2026-08-18T11:48:58.765692
418fbc8e-83a1-41b7-85dc-20162fa331c9,a79cf899-dcdc-4df5-aae1-3fdaa827379b,2021,24513000.0,15218000.0,2026-08-18T11:48:58.765696
4d0e1500-a5b0-47b7-b1a6-b0c7e179506b,a79cf899-dcdc-4df5-aae1-3fdaa827379b,2022,26112000.0,17209000.0,2026-08-18T11:48:58.765699
164d34c6-5f72-45c9-b4d2-d0f6d7a2acda,a79cf899-dcdc-4df5-aae1-3fdaa827379b,2023,29481000.0,21025000.0,2026-08-18T11:48:58.765702
f1d05fe3-ba7c-4b15-a5bf-ff37b92649c0,a79cf899-dcdc-4df5-aae1-3fdaa827379b,2024,31467000.0,19767000.0,2026-08-18T11:48:58.765705
5a614a50-4aea-4c63-a649-9d9f103b2195,a79cf899-dcdc-4df5-aae1-3fdaa827379b,2025,34321000.0,24708000.0,2026-08-18T11:48:58.765710
43c79431-2fac-4e29-a974-fdc5654b7d94,1bff3fa5-3e8e-482b-b13c-2454e75c3b65,2020,106277000.0,66386000.0,2026-08-18T11:48:58.765744
7e33d34c-78cc-44f9-ba07-6c6301b831ed,1bff3fa5-3e8e-482b-b13c-2454e75c3b65,2021,116859000.0,80329000.0,2026-08-18T11:48:58.765748
567dadad-5d14-49fe-a35a-f72d9956a4de,1bff3fa5-3e8e-482b-b13c-2454e75c3b65,2022,129255000.0,89372000.0,2026-08-18T11:48:58.765751
075a9b1e-a9db-4984-acd5-216ca24d2beb,1bff3fa5-3e8e-482b-b13c-2454e75c3b65,2023,138290000.0,97420000.0,2026-08-18T11:48:58.765754
cbe58e5d-80b6-4984-9ce4-160012d7d7b2,1bff3fa5-3e8e-482b-b13c-2454e75c3b65,2024,146725000.0,94439000.0,2026-08-18T11:48:58.765757
f1f49159-4213-4301-ba6d-cbc12803a22a,1bff3fa5-3e8e-482b-b13c-2454e75c3b65,2025,165431000.0,101700000.0,2026-08-18T11:48:58.765760
965cb4c0-42ab-4268-8d9b-0e9b919cde0f,624536e2-0eaf-4acb-a4ce-0674c3af30c0,2020,44120000.0,31356000.0,2026-08-18T11:48:58.765797
1241535d-c0ef-46db-8c66-681fb82d654e,624536e2-0eaf-4acb-a4ce-0674c3af30c0,2021,48938000.0,32737000.0,2026-08-18T11:48:58.765800
998bedb3-eb11-4c39-b1d4-d796cd790c81,624536e2-0eaf-4acb-a4ce-0674c3af30c0,2022,56634000.0,40641000.0,2026-08-18T11:48:58.765803
9a1b3e3e-1cb3-4f33-b213-09a90fd6b98d,624536e2-0eaf-4acb-a4ce-0674c3af30c0,2023,61730000.0,43526000.0,2026-08-18T11:48:58.765807
484689eb-fc3c-4e05-afd4-c33c6e14c615,624536e2-0eaf-4acb-a4ce-0674c3af30c0,2024,68689000.0,44670000.0,2026-08-18T11:48:58.765810
13c054cd-9fa4-4cc6-927a-46bc04098d64,624536e2-0eaf-4acb-a4ce-0674c3af30c0,2025,75275000.0,51495000.0,2026-08-18T11:48:58.765813
3c4b00d8-aea1-4337-ae81-71f1d7114fd3,105d393b-5158-42ca-9cc7-9d2686638714,2020,144490000.0,91964000.0,2026-08-18T11:48:58.765856
43d388a7-8705-4709-8313-83b7d8faf415,105d393b-5158-42ca-9cc7-9d2686638714,2021,153798000.0,101604000.0,2026-08-18T11:48:58.765859
0f87bf1f-8bad-423f-a1ef-9d8c1e0d642d,105d393b-5158-42ca-9cc7-9d2686638714,2022,170874000.0,119781000.0,2026-08-18T11:48:58.765862
174b61a8-8f8b-4580-8e8e-98d759923a33,105d393b-5158-42ca-9cc7-9d2686638714,2023,181163000.0,119731000.0,2026-08-18T11:48:58.765865
4e606007-914c-480d-9eea-18c9072bbc62,105d393b-5158-42ca-9cc7-9d2686638714,2024,195959000.0,135366000.0,2026-08-18T11:48:58.765869
b9c10e6a-2fcc-409f-9545-50927e4d12ef,105d393b-5158-42ca-9cc7-9d2686638714,2025,224457000.0,146761000.0,2026-08-18T11:48:58.765873
c68f8526-4c5d-4134-b259-8eeaa123f631,75efdcb7-337e-43bb-9ddc-49aa59b9ebdd,2020,194942000.0,130726000.0,2026-08-18T11:48:58.765908
e8de7e01-75a2-4550-86c1-e6f48e9633a7,75efdcb7-337e-43bb-9ddc-49aa59b9ebdd,2021,214254000.0,138702000.0,2026-08-18T11:48:58.765911
a98c91c2-9887-42e0-a30d-6a8a969e81a7,75efdcb7-337e-43bb-9ddc-49aa59b9ebdd,2022,231977000.0,153072000.0,2026-08-18T11:48:58.765914
3d951399-365b-40ab-b0ea-edcafb7bcfd6,75efdcb7-337e-43bb-9ddc-49aa59b9ebdd,2023,257549000.0,168130000.0,2026-08-18T11:48:58.765917
9439ffe7-1274-45ab-bd6e-93c027e46258,75efdcb7-337e-43bb-9ddc-49aa59b9ebdd,2024,291851000.0,192255000.0,2026-08-18T11:48:58.765920
8f6c45af-3fe8-40f4-a186-187c94469d59,75efdcb7-337e-43bb-9ddc-49aa59b9ebdd,2025,321696000.0,224820000.0,2026-08-18T11:48:58.765923
739f0711-1dd8-412b-9fa9-d0ac830a2ba2,b9b6e0a8-298a-40a5-b16a-70251c046aef,2020,183837000.0,120917000.0,2026-08-18T11:48:58.765967
169a86d8-fe9a-4494-b28b-23226b1a5a10,b9b6e0a8-298a-40a5-b16a-70251c046aef,2021,200931000.0,131466000.0,2026-08-18T11:48:58.765970
2aa13754-bc2a-4f80-bab9-71fb4e50978a,b9b6e0a8-298a-40a5-b16a-70251c046aef,2022,216451000.0,139671000.0,2026-08-18T11:48:58.765974
5d09e1c4-cfff-42a2-9ecc-f48a4a10e59c,b9b6e0a8-298a-40a5-b16a-70251c046aef,2023,239777000.0,167854000.0,2026-08-18T11:48:58.765977
dd8af7b8-defe-4a4b-8297-709ba8777efb,b9b6e0a8-298a-40a5-b16a-70251c046aef,2024,247216000.0,152439000.0,2026-08-18T11:48:58.765980
894d374e-a9a9-4835-8465-80c0e9a8865a,b9b6e0a8-298a-40a5-b16a-70251c046aef,2025,274072000.0,189494000.0,2026-08-18T11:48:58.765983
1cf48719-b575-4a7e-b08a-f7dcc16b1acc,3d8b5615-9e1b-4f96-9815-0d1fd53d474d,2020,22404000.0,15698000.0,2026-08-18T11:48:58.766017
b677824b-47f6-44ce-9ccb-5cbcd4bccf9c,3d8b5615-9e1b-4f96-9815-0d1fd53d474d,2021,23983000.0,14633000.0,2026-08-18T11:48:58.766021
4c82f552-6141-47e7-976b-f666bfb541a3,3d8b5615-9e1b-4f96-9815-0d1fd53d474d,2022,25985000.0,16590000.0,2026-08-18T11:48:58.766025
068d6713-9912-4a02-a122-12565e5da294,3d8b5615-9e1b-4f96-9815-0d1fd53d474d,2023,28325000.0,18666000.0,2026-08-18T11:48:58.766029
31402e59-437f-4136-978a-505a8c6d4058,3d8b5615-9e1b-4f96-9815-0d1fd53d474d,2024,31408000.0,20126000.0,2026-08-18T11:48:58.766033
f7ce2798-9bd0-4ae7-925e-53df25165783,3d8b5615-9e1b-4f96-9815-0d1fd53d474d,2025,32620000.0,19666000.0,2026-08-18T11:48:58.766036
1f14d6d1-fa8f-45b3-b3aa-bdf468733388,508eeaa6-5b81-4dee-b56b-3e03407abbfb,2020,12348000.0,8277000.0,2026-08-18T11:48:58.766064
5b20a33b-db65-45e3-96a1-f098504e4eca,508eeaa6-5b81-4dee-b56b-3e03407abbfb,2021,13207000.0,9117000.0,2026-08-18T11:48:58.766067
25f976ed-6fb1-455c-8c24-4db84ba60354,508eeaa6-5b81-4dee-b56b-3e03407abbfb,2022,14252000.0,8748000.0,2026-08-18T11:48:58.766070
4e4d3c7e-9a83-421d-a4d1-1b453d510080,508eeaa6-5b81-4dee-b56b-3e03407abbfb,2023,15178000.0,9953000.0,2026-08-18T11:48:58.766074
b2be3ab3-aa38-4fd9-9660-e18ae490c179,508eeaa6-5b81-4dee-b56b-3e03407abbfb,2024,16838000.0,11081000.0,2026-08-18T11:48:58.766077
e60e0b40-bb8a-4e05-be8b-dc516e6cb5cd,508eeaa6-5b81-4dee-b56b-3e03407abbfb,2025,18290000.0,11487000.0,2026-08-18T11:48:58.766080
576e6ee2-400c-47d0-b47c-c6227cb25766,b5a6c87d-19c0-4303-a7b9-142d2260cebd,2020,130486000.0,82999000.0,2026-08-18T11:48:58.766123
fd0dbaa2-6eb6-4ead-a6e0-3cbaf00136f9,b5a6c87d-19c0-4303-a7b9-142d2260cebd,2021,145858000.0,89667000.0,2026-08-18T11:48:58.766126
c54cc69a-3a91-4c83-9457-ac60349a67c2,b5a6c87d-19c0-4303-a7b9-142d2260cebd,2022,162151000.0,108119000.0,2026-08-18T11:48:58.766129
89f0701c-d8b4-41b9-99cb-f4db5755f464,b5a6c87d-19c0-4303-a7b9-142d2260cebd,2023,184660000.0,120368000.0,2026-08-18T11:48:58.766132
1a2f447f-3180-47ee-855a-7932d9fea73a,b5a6c87d-19c0-4303-a7b9-142d2260cebd,2024,212703000.0,152059000.0,2026-08-18T11:48:58.766135
55529892-1e51-4610-92bc-82ac52df2df1,b5a6c87d-19c0-4303-a7b9-142d2260cebd,2025,235988000.0,160909000.0,2026-08-18T11:48:58.766139
5ab880d5-dec3-4bdb-b0d2-8c1e4730ca27,9f73ba22-57e4-4a58-9ea3-7bb17f4256a8,2020,21228000.0,13051000.0,2026-08-18T11:48:58.766164
105d0303-c98c-4921-97dd-b50d012de472,9f73ba22-57e4-4a58-9ea3-7bb17f4256a8,2021,24865000.0,16042000.0,2026-08-18T11:48:58.766167
52fc54ba-d780-46ce-8368-7281c7a08df0,9f73ba22-57e4-4a58-9ea3-7bb17f4256a8,2022,27618000.0,17853000.0,2026-08-18T11:48:58.766170
2c84577c-af74-41ce-983c-4875f20edc18,9f73ba22-57e4-4a58-9ea3-7bb17f4256a8,2023,31799000.0,22177000.0,2026-08-18T11:48:58.766174
3a7e60ba-ee89-4188-97d6-17ca167492f0,9f73ba22-57e4-4a58-9ea3-7bb17f4256a8,2024,36408000.0,22390000.0,2026-08-18T11:48:58.766177
e6e2ead7-481a-4ac0-8858-aa5f13c48760,9f73ba22-57e4-4a58-9ea3-7bb17f4256a8,2025,39855000.0,24836000.0,2026-08-18T11:48:58.766182
a337d6e2-af32-44f1-baa8-8556d2f10e58,1aee0b04-6f84-4a8e-822e-2cc1bf1368d5,2020,55450000.0,36290000.0,2026-08-18T11:48:58.766236
84102008-064b-4394-8920-9729e41a0c21,1aee0b04-6f84-4a8e-822e-2cc1bf1368d5,2021,61819000.0,41846000.0,2026-08-18T11:48:58.766248
efb3460c-166b-4c0d-9e39-f0c580758eac,1aee0b04-6f84-4a8e-822e-2cc1bf1368d5,2022,67417000.0,40870000.0,2026-08-18T11:48:58.766251
106a6f94-2177-4fca-b71b-58e5cebc144c,1aee0b04-6f84-4a8e-822e-2cc1bf1368d5,2023,73482000.0,47903000.0,2026-08-18T11:48:58.766255
c7c9ba87-a468-46c2-8fdf-9cf7f9ce8e95,1aee0b04-6f84-4a8e-822e-2cc1bf1368d5,2024,80376000.0,50869000.0,2026-08-18T11:48:58.766258
4eef167d-4395-402c-90c9-d26c0c37cd3d,1aee0b04-6f84-4a8e-822e-2cc1bf1368d5,2025,86021000.0,56429000.0,2026-08-18T11:48:58.766261
9fe4304c-6fc7-44b9-87b1-b09757b09e16,1d569644-6325-4a6a-9748-984be2b824ca,2020,11902000.0,8036000.0,2026-08-18T11:48:58.766288
37a1eb41-8b4c-4a61-97c6-86ce0c86f6aa,1d569644-6325-4a6a-9748-984be2b824ca,2021,13296000.0,8377000.0,2026-08-18T11:48:58.766291
35abd28c-a8a0-4cda-bf78-9e391541b02b,1d569644-6325-4a6a-9748-984be2b824ca,2022,14879000.0,9353000.0,2026-08-18T11:48:58.766295
d4ddb575-afc9-4cf6-b93d-6ef74b5a6542,1d569644-6325-4a6a-9748-984be2b824ca,2023,17124000.0,10386000.0,2026-08-18T11:48:58.766298
56b04005-8225-4152-9d6e-8acc95d1db91,1d569644-6325-4a6a-9748-984be2b824ca,2024,19422000.0,13504000.0,2026-08-18T11:48:58.766301
f799e7ac-7b7e-42b2-8cdc-965dea5d78b4,1d569644-6325-4a6a-9748-984be2b824ca,2025,22851000.0,15838000.0,2026-08-18T11:48:58.766304
9f83fa13-3490-4fc7-8f4f-d1c4a166e894,0103131f-7581-4840-8e64-d99e9b030218,2020,20232000.0,13002000.0,2026-08-18T11:48:58.766361
bceba3c1-e804-4526-96da-20b511d7ad99,0103131f-7581-4840-8e64-d99e9b030218,2021,21817000.0,14716000.0,2026-08-18T11:48:58.766365
88d303ee-c893-4f9b-9d48-93daf1915130,0103131f-7581-4840-8e64-d99e9b030218,2022,23145000.0,14269000.0,2026-08-18T11:48:58.766370
627ff7e4-92ed-42d9-91e7-a781d5b94a48,0103131f-7581-4840-8e64-d99e9b030218,2023,24782000.0,15249000.0,2026-08-18T11:48:58.766373
b2eb50ac-b888-4496-a18c-56cab3639b32,0103131f-7581-4840-8e64-d99e9b030218,2024,27659000.0,18299000.0,2026-08-18T11:48:58.766378
f84228a2-c3ef-4a0d-8c2c-e01413e307ff,0103131f-7581-4840-8e64-d99e9b030218,2025,29994000.0,19284000.0,2026-08-18T11:48:58.766382
d6e748de-0d2e-4e1a-837e-8665e289b80a,d652a0b8-cc6a-447b-8d50-09e5b4d7b1c7,2020,171550000.0,119176000.0,2026-08-18T11:48:58.766413
cf1441d6-5230-4820-b1cb-883e640b29b8,d652a0b8-cc6a-447b-8d50-09e5b4d7b1c7,2021,181179000.0,113478000.0,2026-08-18T11:48:58.766417
318e4f05-02be-4b4e-845a-2df7cbe1c0c5,d652a0b8-cc6a-447b-8d50-09e5b4d7b1c7,2022,195747000.0,122687000.0,2026-08-18T11:48:58.766420
2fb74acb-8a59-4d6b-acfb-39ecbd8a7b42,d652a0b8-cc6a-447b-8d50-09e5b4d7b1c7,2023,214961000.0,145071000.0,2026-08-18T11:48:58.766423
2e4ab2eb-2a7e-421a-81d9-84ac2ceb69c1,d652a0b8-cc6a-447b-8d50-09e5b4d7b1c7,2024,232924000.0,160287000.0,2026-08-18T11:48:58.766426
96945764-8d7e-4ed8-a102-382bf2536233,d652a0b8-cc6a-447b-8d50-09e5b4d7b1c7,2025,263224000.0,168406000.0,2026-08-18T11:48:58.766430
3b018bdc-c322-4386-bdc9-b9dd1a24a8c6,6e757275-d729-430e-9e23-74f506225c9e,2020,177178000.0,125668000.0,2026-08-18T11:48:58.766457
56dcfa76-a510-431f-a074-1fb799ddcb60,6e757275-d729-430e-9e23-74f506225c9e,2021,180710000.0,123117000.0,2026-08-18T11:48:58.766460
be728c89-ff8c-4085-a0ae-2e7437b07786,6e757275-d729-430e-9e23-74f506225c9e,2022,197953000.0,137476000.0,2026-08-18T11:48:58.766464
f519380f-1b85-4dcb-b0f2-a1855b68484d,6e757275-d729-430e-9e23-74f506225c9e,2023,208714000.0,148674000.0,2026-08-18T11:48:58.766468
fa5021c0-23dc-4545-814f-0c682d31d412,6e757275-d729-430e-9e23-74f506225c9e,2024,226351000.0,142334000.0,2026-08-18T11:48:58.766472
868d2e16-4068-458e-812c-d4111d1fa825,6e757275-d729-430e-9e23-74f506225c9e,2025,250013000.0,169836000.0,2026-08-18T11:48:58.766475
66eefdd1-521f-4d33-8bb1-04c8d92a0428,71b594a3-9b56-4a91-a6f7-66a19d1f2a86,2020,25402000.0,16685000.0,2026-08-18T11:48:58.766519
cbd897e5-3307-4780-876e-458b1ca94c3b,71b594a3-9b56-4a91-a6f7-66a19d1f2a86,2021,27547000.0,18638000.0,2026-08-18T11:48:58.766523
64b04f1a-ff22-4ebd-9f55-c1fd75f59e0d,71b594a3-9b56-4a91-a6f7-66a19d1f2a86,2022,30922000.0,20964000.0,2026-08-18T11:48:58.766526
ea1046e8-9b24-4d6d-8fe6-df3c33289add,71b594a3-9b56-4a91-a6f7-66a19d1f2a86,2023,33102000.0,23416000.0,2026-08-18T11:48:58.766529
3193fa2f-7a90-460d-9c2d-ed14f3d9ff32,71b594a3-9b56-4a91-a6f7-66a19d1f2a86,2024,37248000.0,23396000.0,2026-08-18T11:48:58.766532
81423797-ebfe-47b4-ad82-70070444ddd3,71b594a3-9b56-4a91-a6f7-66a19d1f2a86,2025,40716000.0,26506000.0,2026-08-18T11:48:58.766537
6b315ec8-45ed-4df9-bd77-a4c76a864b7a,e29b0952-44bc-4320-9d38-5a603a5896c3,2020,61434000.0,39032000.0,2026-08-18T11:48:58.766566
3ee8efa5-2039-49c4-825b-86108a478ef9,e29b0952-44bc-4320-9d38-5a603a5896c3,2021,64559000.0,42970000.0,2026-08-18T11:48:58.766569
88b12f90-c0ab-45dc-8727-12b0fde0f064,e29b0952-44bc-4320-9d38-5a603a5896c3,2022,67705000.0,42869000.0,2026-08-18T11:48:58.766578
9917bde7-6f46-40ad-a051-af7a7547a5e3,e29b0952-44bc-4320-9d38-5a603a5896c3,2023,73526000.0,45162000.0,2026-08-18T11:48:58.766581
9f433284-2399-4173-88e9-8f2548d8dc42,e29b0952-44bc-4320-9d38-5a603a5896c3,2024,79759000.0,53081000.0,2026-08-18T11:48:58.766584
cbbe8ce7-051e-4a52-8b9c-0ff6f99bfdb0,e29b0952-44bc-4320-9d38-5a603a5896c3,2025,85689000.0,58355000.0,2026-08-18T11:48:58.766588
fc3ef664-e881-4e0f-be3f-82f6a1113622,eac58902-5f79-4015-a0f9-f78273b9f33f,2020,102584000.0,67321000.0,2026-08-18T11:48:58.766614
ed1580a3-5fd2-4c87-9b24-084d2d265d03,eac58902-5f79-4015-a0f9-f78273b9f33f,2021,116376000.0,74583000.0,2026-08-18T11:48:58.766617
b23620b4-2735-4583-b760-a99855c0e165,eac58902-5f79-4015-a0f9-f78273b9f33f,2022,124411000.0,87274000.0,2026-08-18T11:48:58.766620
9fdaab29-e11d-4b77-9b43-ffd554392b26,eac58902-5f79-4015-a0f9-f78273b9f33f,2023,141894000.0,101175000.0,2026-08-18T11:48:58.766623
cf11bd38-94f1-46a0-82cc-4c18372fdda0,eac58902-5f79-4015-a0f9-f78273b9f33f,2024,158384000.0,103368000.0,2026-08-18T11:48:58.766627
05166c3a-4c57-4114-92b3-69c4de00cfed,eac58902-5f79-4015-a0f9-f78273b9f33f,2025,181552000.0,109587000.0,2026-08-18T11:48:58.766630
bc2afb7f-fec6-46c6-83b3-bedc5144cf54,37d52ebc-d7d7-47fe-9bd6-a9103ee997d3,2020,336202000.0,240530000.0,2026-08-18T11:48:58.766660
23cd5f71-4bff-4a05-985e-215ad92bcbea,37d52ebc-d7d7-47fe-9bd6-a9103ee997d3,2021,379510000.0,241580000.0,2026-08-18T11:48:58.766664
856624aa-e3af-4353-8645-1b95480c0c91,37d52ebc-d7d7-47fe-9bd6-a9103ee997d3,2022,408791000.0,278381000.0,2026-08-18T11:48:58.766667
e0628d8a-3246-48ca-a896-df345cade555,37d52ebc-d7d7-47fe-9bd6-a9103ee997d3,2023,453105000.0,316801000.0,2026-08-18T11:48:58.766670
c9db8eb9-67b8-46fc-bf31-88e10144d338,37d52ebc-d7d7-47fe-9bd6-a9103ee997d3,2024,515109000.0,310724000.0,2026-08-18T11:48:58.766674
c9d4bd2f-5e89-4dbc-96b2-14bfcb8df6e2,37d52ebc-d7d7-47fe-9bd6-a9103ee997d3,2025,556970000.0,395093000.0,2026-08-18T11:48:58.766677
17e3a927-29d5-4be7-a97e-695898b35f3f,ddd4f1d1-b091-481e-b671-bc0dcac6dde8,2020,66134000.0,44343000.0,2026-08-18T11:48:58.766704
5947ed89-e697-4ebb-93b0-90de814f1370,ddd4f1d1-b091-481e-b671-bc0dcac6dde8,2021,72069000.0,49164000.0,2026-08-18T11:48:58.766707
97c5ebd6-4936-4995-b0cc-57e77a5c6298,ddd4f1d1-b091-481e-b671-bc0dcac6dde8,2022,79497000.0,47769000.0,2026-08-18T11:48:58.766712
26f5354b-e5ed-4406-9add-9db248483219,ddd4f1d1-b091-481e-b671-bc0dcac6dde8,2023,88183000.0,53587000.0,2026-08-18T11:48:58.766715
30502264-017c-4685-8b07-0b39300e1f49,ddd4f1d1-b091-481e-b671-bc0dcac6dde8,2024,100166000.0,69806000.0,2026-08-18T11:48:58.766718
83305157-eefd-465c-a54a-6a1259743332,ddd4f1d1-b091-481e-b671-bc0dcac6dde8,2025,112872000.0,80053000.0,2026-08-18T11:48:58.766721
809339c0-9d34-49f5-a157-90cc1cf0c749,76ffaa55-8631-41b6-887d-be3c7cb2235e,2020,68159000.0,41260000.0,2026-08-18T11:48:58.766780
08ed6c5c-ed7b-4d46-ac4d-8075647473ec,76ffaa55-8631-41b6-887d-be3c7cb2235e,2021,73015000.0,49407000.0,2026-08-18T11:48:58.766783
951a7a04-56fa-454c-91df-09895d5ad50b,76ffaa55-8631-41b6-887d-be3c7cb2235e,2022,82258000.0,53914000.0,2026-08-18T11:48:58.766787
903ca928-cf55-4052-a605-21bae948f9ba,76ffaa55-8631-41b6-887d-be3c7cb2235e,2023,87344000.0,56592000.0,2026-08-18T11:48:58.766790
3691b374-62f9-4e23-b521-b1a902d57fae,76ffaa55-8631-41b6-887d-be3c7cb2235e,2024,93755000.0,56678000.0,2026-08-18T11:48:58.766794
2efde19a-6480-4c06-a3d4-ac3d0f8fcd88,76ffaa55-8631-41b6-887d-be3c7cb2235e,2025,101903000.0,69813000.0,2026-08-18T11:48:58.766797
a51ec057-a2bc-4425-b7cc-711113d3b7fc,658819e9-c21a-45a1-a936-1010fb72ea98,2020,79763000.0,56402000.0,2026-08-18T11:48:58.766824
ac810244-bb79-4c1b-a95f-fbdbea66d650,658819e9-c21a-45a1-a936-1010fb72ea98,2021,85549000.0,55868000.0,2026-08-18T11:48:58.766828
e7d04501-7907-4c65-9f86-a151b82b0505,658819e9-c21a-45a1-a936-1010fb72ea98,2022,90064000.0,60899000.0,2026-08-18T11:48:58.766831
92cb497b-41c7-472b-abae-b1aeb6063cea,658819e9-c21a-45a1-a936-1010fb72ea98,2023,100512000.0,68298000.0,2026-08-18T11:48:58.766834
14ebf926-c8d0-4a5d-b8ef-07010350b443,658819e9-c21a-45a1-a936-1010fb72ea98,2024,109874000.0,67280000.0,2026-08-18T11:48:58.766837
8148817a-1be1-4e78-ae6e-dd5ed8940960,658819e9-c21a-45a1-a936-1010fb72ea98,2025,119344000.0,77965000.0,2026-08-18T11:48:58.766840
e0353d24-c5b9-4eab-b12b-4cec5dcc819c,bab5d2d2-02d2-4e80-8a60-bb0fcf09ef68,2020,54739000.0,34248000.0,2026-08-18T11:48:58.766872
2d0624e1-37e1-473f-8b58-9519a7952009,bab5d2d2-02d2-4e80-8a60-bb0fcf09ef68,2021,63589000.0,39478000.0,2026-08-18T11:48:58.766876
d441308b-95a8-4779-8cad-dfa1dd4c44e5,bab5d2d2-02d2-4e80-8a60-bb0fcf09ef68,2022,73018000.0,46582000.0,2026-08-18T11:48:58.766879
5c1479f7-7aa6-42fc-b60a-c57998550f37,bab5d2d2-02d2-4e80-8a60-bb0fcf09ef68,2023,83548000.0,54728000.0,2026-08-18T11:48:58.766883
3ae821ee-a2ca-452d-9e67-bf989bde618d,bab5d2d2-02d2-4e80-8a60-bb0fcf09ef68,2024,93805000.0,65458000.0,2026-08-18T11:48:58.766887
963d8223-86f9-4966-a298-d4a9612d2606,bab5d2d2-02d2-4e80-8a60-bb0fcf09ef68,2025,111281000.0,71696000.0,2026-08-18T11:48:58.766890
55b0e814-50e0-47ea-a999-8f6907fdc9d8,4a97096a-9993-43ca-8fd9-3da2f6d05d81,2020,25569000.0,16067000.0,2026-08-18T11:48:58.766929
fed0a958-9085-483d-ab3d-6c84120b691f,4a97096a-9993-43ca-8fd9-3da2f6d05d81,2021,29451000.0,18531000.0,2026-08-18T11:48:58.766932
55edc7a4-09f0-4bb2-8e80-f109d0c76993,4a97096a-9993-43ca-8fd9-3da2f6d05d81,2022,32601000.0,20099000.0,2026-08-18T11:48:58.766935
71fd527d-ef1b-4deb-97c1-3e50d86bdb49,4a97096a-9993-43ca-8fd9-3da2f6d05d81,2023,37814000.0,23605000.0,2026-08-18T11:48:58.766939
6bd2cb3a-eb2c-4210-b61c-5379f1803e99,4a97096a-9993-43ca-8fd9-3da2f6d05d81,2024,42441000.0,28734000.0,2026-08-18T11:48:58.766942
7a0ede47-174f-40bd-b798-fcaa59b0dea5,4a97096a-9993-43ca-8fd9-3da2f6d05d81,2025,47589000.0,32695000.0,2026-08-18T11:48:58.766945
5e96299a-894d-4190-ad99-cea844089acd,21da47a3-be40-431e-9ca2-047fd6a78119,2020,78819000.0,54117000.0,2026-08-18T11:48:58.766985
deeb39c6-bf22-4a67-9824-cfabff7d891e,21da47a3-be40-431e-9ca2-047fd6a78119,2021,88548000.0,55004000.0,2026-08-18T11:48:58.766989
39aab842-bcd7-4215-a7bf-43caabe64013,21da47a3-be40-431e-9ca2-047fd6a78119,2022,99907000.0,63365000.0,2026-08-18T11:48:58.766992
6d6d98d0-6ead-4bb1-b636-7cee1b68d248,21da47a3-be40-431e-9ca2-047fd6a78119,2023,114063000.0,77138000.0,2026-08-18T11:48:58.766995
8f3c1faa-0bde-445e-bee1-849e2345d52f,21da47a3-be40-431e-9ca2-047fd6a78119,2024,127297000.0,88313000.0,2026-08-18T11:48:58.766998
c54b7211-124a-4405-8a6d-8033e582ac07,21da47a3-be40-431e-9ca2-047fd6a78119,2025,141915000.0,101711000.0,2026-08-18T11:48:58.767001
f650afcc-5a06-4e05-bb84-e38decaa3cb5,50dbc5d1-6585-4aa4-8007-7c7f4584fc21,2020,151524000.0,107572000.0,2026-08-18T11:48:58.767030
4ea53795-3e79-49c2-a819-30d8f4a5717a,50dbc5d1-6585-4aa4-8007-7c7f4584fc21,2021,168797000.0,118732000.0,2026-08-18T11:48:58.767033
91076663-b21c-4e91-b1ca-4d5d20defa3e,50dbc5d1-6585-4aa4-8007-7c7f4584fc21,2022,198810000.0,128215000.0,2026-08-18T11:48:58.767037
7e27d94b-db01-4122-bbe8-4ae3dbcb3651,50dbc5d1-6585-4aa4-8007-7c7f4584fc21,2023,219775000.0,142831000.0,2026-08-18T11:48:58.767040
0a975dcf-c2fb-4367-bb09-ce8c2d8d9483,50dbc5d1-6585-4aa4-8007-7c7f4584fc21,2024,247580000.0,170598000.0,2026-08-18T11:48:58.767043
0c0dbf92-b6b2-4a6f-8c39-8ae961a85c7b,50dbc5d1-6585-4aa4-8007-7c7f4584fc21,2025,278891000.0,177636000.0,2026-08-18T11:48:58.767047
33407daa-2701-464d-a0ac-e869568c7d3a,2b8173e1-d2bf-407d-ba5f-d0510a8a9602,2020,81582000.0,51908000.0,2026-08-18T11:48:58.767091
171252bc-2512-496e-936a-117595e022ae,2b8173e1-d2bf-407d-ba5f-d0510a8a9602,2021,96744000.0,65691000.0,2026-08-18T11:48:58.767094
859c6f6c-6904-4757-af6d-ff0c14ab21f9,2b8173e1-d2bf-407d-ba5f-d0510a8a9602,2022,106185000.0,67635000.0,2026-08-18T11:48:58.767098
caf92561-9ab2-449a-9d3c-0a3ea7aa06ce,2b8173e1-d2bf-407d-ba5f-d0510a8a9602,2023,120877000.0,85239000.0,2026-08-18T11:48:58.767101
85731b80-d8a4-4aad-a449-8b9cbe9c718e,2b8173e1-d2bf-407d-ba5f-d0510a8a9602,2024,139981000.0,85481000.0,2026-08-18T11:48:58.767104
8f1e3fb9-ffc3-4982-b4e6-54390cff536f,2b8173e1-d2bf-407d-ba5f-d0510a8a9602,2025,158210000.0,109672000.0,2026-08-18T11:48:58.767107
f6d3124f-e622-46a8-8ba6-3b4085d42aab,6fd32d0c-2f9d-4dd2-9f3c-d506d061e806,2020,124788000.0,76508000.0,2026-08-18T11:48:58.767142
5d4938ca-8c9c-4e11-85ef-2c3d9944045a,6fd32d0c-2f9d-4dd2-9f3c-d506d061e806,2021,135690000.0,82714000.0,2026-08-18T11:48:58.767145
532ab368-6900-4c48-978a-60600969cfcb,6fd32d0c-2f9d-4dd2-9f3c-d506d061e806,2022,145057000.0,89205000.0,2026-08-18T11:48:58.767148
cbc0d66f-4a62-4d95-af72-bb0352415289,6fd32d0c-2f9d-4dd2-9f3c-d506d061e806,2023,160114000.0,96638000.0,2026-08-18T11:48:58.767152
d20621ad-9ded-4932-98bc-f73c5a9e8f5e,6fd32d0c-2f9d-4dd2-9f3c-d506d061e806,2024,178826000.0,117707000.0,2026-08-18T11:48:58.767155
bbd880c4-a76f-4656-9a58-6199628666f9,6fd32d0c-2f9d-4dd2-9f3c-d506d061e806,2025,203985000.0,122624000.0,2026-08-18T11:48:58.767158
3aa9c885-49c3-4e71-ab80-8a26450cb653,64ff0cbc-74e9-467b-8c5e-fa64ae592de7,2020,17501000.0,12572000.0,2026-08-18T11:48:58.767208
f662bb44-06a6-46e6-bd25-750880825f82,64ff0cbc-74e9-467b-8c5e-fa64ae592de7,2021,20213000.0,14099000.0,2026-08-18T11:48:58.767212
9ea6ce01-66b2-4eff-bb22-e4565d27ee26,64ff0cbc-74e9-467b-8c5e-fa64ae592de7,2022,21071000.0,13553000.0,2026-08-18T11:48:58.767215
9707c421-ddfd-4c72-8bdd-e71081089fd8,64ff0cbc-74e9-467b-8c5e-fa64ae592de7,2023,23284000.0,16227000.0,2026-08-18T11:48:58.767218
16e0427f-9b2c-44a1-bca0-a1aa85d04103,64ff0cbc-74e9-467b-8c5e-fa64ae592de7,2024,26127000.0,17069000.0,2026-08-18T11:48:58.767221
017125f0-cfa3-4211-8f1e-87265851930b,64ff0cbc-74e9-467b-8c5e-fa64ae592de7,2025,29311000.0,18994000.0,2026-08-18T11:48:58.767224
fed1e9cb-d89c-4688-9299-5e886f6fd864,cd596c0d-07c8-47a3-aaf4-34ba7eb240f3,2020,22424000.0,14893000.0,2026-08-18T11:48:58.767269
f3dbd31c-93fb-48ad-87ca-f387255a4e1b,cd596c0d-07c8-47a3-aaf4-34ba7eb240f3,2021,25090000.0,15326000.0,2026-08-18T11:48:58.767273
185a0f39-56c2-411d-9f6e-b788ca6e8445,cd596c0d-07c8-47a3-aaf4-34ba7eb240f3,2022,27039000.0,19053000.0,2026-08-18T11:48:58.767276
3f2cab5f-81d4-4816-9ac9-7bb12d9d2f9b,cd596c0d-07c8-47a3-aaf4-34ba7eb240f3,2023,29614000.0,20492000.0,2026-08-18T11:48:58.767279
9e7c0c80-0f68-463b-96cf-abd6806ca3c5,cd596c0d-07c8-47a3-aaf4-34ba7eb240f3,2024,31359000.0,21239000.0,2026-08-18T11:48:58.767282
34b410f7-a00a-413c-b518-10c4b45f5bc6,cd596c0d-07c8-47a3-aaf4-34ba7eb240f3,2025,33412000.0,22924000.0,2026-08-18T11:48:58.767285
803fd946-ad19-4c36-ac60-bb05ba43bf8f,5eb65d32-e374-4110-9ea0-fe8fede545b8,2020,3862000.0,2384000.0,2026-08-18T11:48:58.767322
e74623df-47a8-408f-b115-0ce51da6efa3,5eb65d32-e374-4110-9ea0-fe8fede545b8,2021,4423000.0,3098000.0,2026-08-18T11:48:58.767325
59e2a1ef-ced4-475b-90ca-cd03f9ec953e,5eb65d32-e374-4110-9ea0-fe8fede545b8,2022,4796000.0,3140000.0,2026-08-18T11:48:58.767328
56d1f002-c4f1-4dcf-a1a0-19902b112104,5eb65d32-e374-4110-9ea0-fe8fede545b8,2023,5370000.0,3316000.0,2026-08-18T11:48:58.767332
5177982c-67fd-4ec4-9793-a77b9921d221,5eb65d32-e374-4110-9ea0-fe8fede545b8,2024,6000000.0,4177000.0,2026-08-18T11:48:58.767335
78c17426-d8b9-4ee9-8a5b-e91a858aa132,5eb65d32-e374-4110-9ea0-fe8fede545b8,2025,6694000.0,4497000.0,2026-08-18T11:48:58.767338
519fd27f-ce1e-4856-b99b-4e2b8d36cc91,e1caa4f5-a650-451d-901f-ee30d87eac2d,2020,20466000.0,14547000.0,2026-08-18T11:48:58.767375
db0ef7b7-135c-47fc-bf17-a807077cf343,e1caa4f5-a650-451d-901f-ee30d87eac2d,2021,23676000.0,15763000.0,2026-08-18T11:48:58.767379
75ad55eb-d711-40d8-8586-292a716a49ac,e1caa4f5-a650-451d-901f-ee30d87eac2d,2022,25754000.0,16452000.0,2026-08-18T11:48:58.767382
a57ea7d7-333c-4149-be99-073a243ed8b9,e1caa4f5-a650-451d-901f-ee30d87eac2d,2023,30294000.0,21324000.0,2026-08-18T11:48:58.767386
3473b1be-4539-42d0-9807-69654d2e2702,e1caa4f5-a650-451d-901f-ee30d87eac2d,2024,32690000.0,23280000.0,2026-08-18T11:48:58.767389
02574f6a-1868-45ed-92f7-5f3034a403ee,e1caa4f5-a650-451d-901f-ee30d87eac2d,2025,37448000.0,25411000.0,2026-08-18T11:48:58.767392
024da3e7-4d24-4b32-bb4e-25e4677e6911,fc4bf496-3211-40e8-b402-eee45a337aa9,2020,6708000.0,4793000.0,2026-08-18T11:48:58.767427
e2c2234b-a534-41ed-92d9-45d461507bf6,fc4bf496-3211-40e8-b402-eee45a337aa9,2021,7425000.0,4789000.0,2026-08-18T11:48:58.767430
77758f16-9bcf-4e53-9268-dd587579e08b,fc4bf496-3211-40e8-b402-eee45a337aa9,2022,8254000.0,5740000.0,2026-08-18T11:48:58.767435
d6c90b96-3143-4359-868b-24816357cf5b,fc4bf496-3211-40e8-b402-eee45a337aa9,2023,9136000.0,6334000.0,2026-08-18T11:48:58.767438
5e1e519e-5788-452d-a15b-8b2e8c679ab1,fc4bf496-3211-40e8-b402-eee45a337aa9,2024,10257000.0,6955000.0,2026-08-18T11:48:58.767441
4a0864f3-880f-49e6-979b-e3bee2a60969,fc4bf496-3211-40e8-b402-eee45a337aa9,2025,10982000.0,7450000.0,2026-08-18T11:48:58.767444
7bc24221-5887-44e9-b41f-c5eee09c178a,393fecbe-dcd2-4367-86ad-8fff7363db64,2020,1982000.0,1190000.0,2026-08-18T11:48:58.767488
82227f39-fb27-4d94-a5ba-989e0b7454b9,393fecbe-dcd2-4367-86ad-8fff7363db64,2021,2224000.0,1418000.0,2026-08-18T11:48:58.767492
7b736c1b-e22c-45b3-a923-0eaf6f011fb4,393fecbe-dcd2-4367-86ad-8fff7363db64,2022,2471000.0,1653000.0,2026-08-18T11:48:58.767496
038a9195-83b3-459d-965f-11033d148e8f,393fecbe-dcd2-4367-86ad-8fff7363db64,2023,2921000.0,1783000.0,2026-08-18T11:48:58.767499
e6e08d45-c2e3-4902-ad48-50afb9ab8287,393fecbe-dcd2-4367-86ad-8fff7363db64,2024,3249000.0,2243000.0,2026-08-18T11:48:58.767502
a5931c54-9c33-4953-b6a7-9d5054ff88f8,393fecbe-dcd2-4367-86ad-8fff7363db64,2025,3661000.0,2251000.0,2026-08-18T11:48:58.767505
94f93090-085a-4243-ae52-473b2c2fd6b2,8feeddba-0931-47da-8a96-3a78e33bdddc,2020,5229000.0,3404000.0,2026-08-18T11:48:58.767547
0c841f19-f97d-418e-bfde-437300be78cb,8feeddba-0931-47da-8a96-3a78e33bdddc,2021,5781000.0,3840000.0,2026-08-18T11:48:58.767550
17acdceb-d043-4f9d-b3ab-83eb5be32854,8feeddba-0931-47da-8a96-3a78e33bdddc,2022,5993000.0,4123000.0,2026-08-18T11:48:58.767553
f1140d01-012d-43db-b6ba-75eae6eb7d10,8feeddba-0931-47da-8a96-3a78e33bdddc,2023,6820000.0,4662000.0,2026-08-18T11:48:58.767556
6c2baa46-941f-46c9-a4a6-32ac10a21839,8feeddba-0931-47da-8a96-3a78e33bdddc,2024,7000000.0,4513000.0,2026-08-18T11:48:58.767560
3371a9ef-7ff2-4cfb-93d4-3e624fd4a1c0,8feeddba-0931-47da-8a96-3a78e33bdddc,2025,7750000.0,5413000.0,2026-08-18T11:48:58.767563
8b773680-4e83-4717-9f53-8bde1ea63857,e82e8df2-b32e-46e1-84f6-020a5d9b6cd7,2020,16914000.0,11905000.0,2026-08-18T11:48:58.767602
e7b80bef-58c6-4638-9679-0cd58ec83bcc,e82e8df2-b32e-46e1-84f6-020a5d9b6cd7,2021,18647000.0,12547000.0,2026-08-18T11:48:58.767605
21b7ed08-dca9-4527-9bf8-6a7a5ba17fb5,e82e8df2-b32e-46e1-84f6-020a5d9b6cd7,2022,21170000.0,13136000.0,2026-08-18T11:48:58.767609
5f476923-a680-49b4-b6bd-605b43532b15,e82e8df2-b32e-46e1-84f6-020a5d9b6cd7,2023,23616000.0,15274000.0,2026-08-18T11:48:58.767613
5785fe03-57f2-4c1a-ba4e-45ce3c5e42ab,e82e8df2-b32e-46e1-84f6-020a5d9b6cd7,2024,25346000.0,17462000.0,2026-08-18T11:48:58.767616
9b693bd0-968e-4408-b93c-e0fcfd956e96,e82e8df2-b32e-46e1-84f6-020a5d9b6cd7,2025,29256000.0,19420000.0,2026-08-18T11:48:58.767619
5b52bcc7-6bd3-44b3-8e20-6a1a5fc8088a,f93cde85-c0ef-4f83-bc02-7068fa1bd0b1,2020,5337000.0,3356000.0,2026-08-18T11:48:58.767653
2dca5ede-cf24-4ba5-a8b6-64682a28abdb,f93cde85-c0ef-4f83-bc02-7068fa1bd0b1,2021,5988000.0,4006000.0,2026-08-18T11:48:58.767656
d527f8a7-3a8f-4c90-a9fc-a108c9d4d637,f93cde85-c0ef-4f83-bc02-7068fa1bd0b1,2022,6708000.0,4255000.0,2026-08-18T11:48:58.767659
1ffd066f-a3d8-481f-ac82-deda981f225e,f93cde85-c0ef-4f83-bc02-7068fa1bd0b1,2023,7909000.0,5513000.0,2026-08-18T11:48:58.767663
daa91b5d-40f6-4767-aef8-a3d6745bbe9f,f93cde85-c0ef-4f83-bc02-7068fa1bd0b1,2024,8388000.0,5987000.0,2026-08-18T11:48:58.767666
adf36dad-b387-40eb-aac3-ea235f554b1e,f93cde85-c0ef-4f83-bc02-7068fa1bd0b1,2025,9788000.0,6968000.0,2026-08-18T11:48:58.767671
42cacef4-1ad4-48bd-b74e-f67d3b6a6d65,9dec123e-8881-46aa-9803-5dfd3a9780f4,2020,3987000.0,2393000.0,2026-08-18T11:48:58.767716
026905f5-a5e6-49dd-8323-78dba875c3e4,9dec123e-8881-46aa-9803-5dfd3a9780f4,2021,4519000.0,2925000.0,2026-08-18T11:48:58.767719
391db4f9-d38a-4a2f-8bf1-de88bab911d4,9dec123e-8881-46aa-9803-5dfd3a9780f4,2022,5097000.0,3626000.0,2026-08-18T11:48:58.767723
02183fe9-6925-4e56-85d7-00b25e651c51,9dec123e-8881-46aa-9803-5dfd3a9780f4,2023,5663000.0,3748000.0,2026-08-18T11:48:58.767726
947c8a71-1168-4b12-ae10-da14856f8496,9dec123e-8881-46aa-9803-5dfd3a9780f4,2024,6254000.0,4454000.0,2026-08-18T11:48:58.767729
40d81241-7296-4437-8a6b-f6e30e6369bf,9dec123e-8881-46aa-9803-5dfd3a9780f4,2025,6934000.0,4866000.0,2026-08-18T11:48:58.767732
711d4d08-aa07-44ff-a346-26c17ba2f46f,c3805089-5c76-4547-bcc0-6f8c23e1a5f7,2020,4787000.0,3075000.0,2026-08-18T11:48:58.767766
0d18cfe8-3d93-4eb0-ad09-f4b7db8d49e5,c3805089-5c76-4547-bcc0-6f8c23e1a5f7,2021,5534000.0,3559000.0,2026-08-18T11:48:58.767770
2d34c70a-250f-4da5-be6f-18fd332c46d3,c3805089-5c76-4547-bcc0-6f8c23e1a5f7,2022,6458000.0,4029000.0,2026-08-18T11:48:58.767773
14f9f4ad-c068-49f9-a7c3-1d0cd0730bc4,c3805089-5c76-4547-bcc0-6f8c23e1a5f7,2023,7050000.0,4264000.0,2026-08-18T11:48:58.767776
147ac913-08d3-4db7-9e3f-b70dccd08f48,c3805089-5c76-4547-bcc0-6f8c23e1a5f7,2024,8118000.0,5596000.0,2026-08-18T11:48:58.767781
6960e72f-f648-4d4a-a3b5-dd00b765b616,c3805089-5c76-4547-bcc0-6f8c23e1a5f7,2025,9514000.0,5891000.0,2026-08-18T11:48:58.767785
af4b00bf-4a54-4fb1-b4eb-d9c9ebff8548,efa5f59a-015c-46b2-a292-88c4b1805b65,2020,10166000.0,7154000.0,2026-08-18T11:48:58.767821
3d83f181-aeab-4eef-9611-725de2c1dde7,efa5f59a-015c-46b2-a292-88c4b1805b65,2021,11230000.0,7071000.0,2026-08-18T11:48:58.767824
1a1113d3-9a7b-4c13-a77c-a4f524ed4f88,efa5f59a-015c-46b2-a292-88c4b1805b65,2022,12116000.0,7558000.0,2026-08-18T11:48:58.767827
28b2c1c7-6e84-4b2e-97dd-094801d14ca5,efa5f59a-015c-46b2-a292-88c4b1805b65,2023,13118000.0,9146000.0,2026-08-18T11:48:58.767830
ef2a7914-be17-4782-90be-371da25de0f1,efa5f59a-015c-46b2-a292-88c4b1805b65,2024,14293000.0,9437000.0,2026-08-18T11:48:58.767834
7144d984-282b-49c2-ba9f-98328c98ee2b,efa5f59a-015c-46b2-a292-88c4b1805b65,2025,15099000.0,10858000.0,2026-08-18T11:48:58.767838
37b2194b-1bcd-4b63-be10-8716947b4935,53158995-579c-4fcc-90bc-ac2679b7091e,2020,2344000.0,1492000.0,2026-08-18T11:48:58.767879
c1e5d937-168d-441e-a7a0-b56d9f8b7f3c,53158995-579c-4fcc-90bc-ac2679b7091e,2021,2643000.0,1590000.0,2026-08-18T11:48:58.767883
1788ec70-df30-47eb-8496-27994e188a41,53158995-579c-4fcc-90bc-ac2679b7091e,2022,3113000.0,2190000.0,2026-08-18T11:48:58.767886
96cec60c-28b8-409a-9209-0640480fd7e5,53158995-579c-4fcc-90bc-ac2679b7091e,2023,3520000.0,2425000.0,2026-08-18T11:48:58.767889
ccd2062f-acb4-43bc-b3b5-e38d84d27608,53158995-579c-4fcc-90bc-ac2679b7091e,2024,4041000.0,2802000.0,2026-08-18T11:48:58.767892
4ad160fd-967c-4771-80ec-8081d26ea682,53158995-579c-4fcc-90bc-ac2679b7091e,2025,4677000.0,3015000.0,2026-08-18T11:48:58.767895
e5c0bf16-44eb-4b37-b317-fe45301dfc95,26e7780f-4164-4cea-91f4-8a3aa8051c08,2020,2856000.0,1813000.0,2026-08-18T11:48:58.767938
2d17a852-fe35-474d-a2c5-62afacf1ec30,26e7780f-4164-4cea-91f4-8a3aa8051c08,2021,3116000.0,1892000.0,2026-08-18T11:48:58.767941
8a60ce8e-2aa2-4c92-9f4b-117f165a3dfe,26e7780f-4164-4cea-91f4-8a3aa8051c08,2022,3406000.0,2121000.0,2026-08-18T11:48:58.767944
d59f5a4c-605f-4178-9b80-593b2df14bd6,26e7780f-4164-4cea-91f4-8a3aa8051c08,2023,3685000.0,2430000.0,2026-08-18T11:48:58.767947
85063c8a-eef6-4023-aeda-07ee32e0bbff,26e7780f-4164-4cea-91f4-8a3aa8051c08,2024,3957000.0,2618000.0,2026-08-18T11:48:58.767950
3322e568-3320-4c7d-8fd4-01c9996cf788,26e7780f-4164-4cea-91f4-8a3aa8051c08,2025,4202000.0,2742000.0,2026-08-18T11:48:58.767953
98b76a89-dd56-46fe-b99e-7973265a6ce9,0a595b1c-03f9-44ae-ac49-8399b8db174b,2020,9490000.0,5944000.0,2026-08-18T11:48:58.767996
b1cc306f-03ef-4897-9485-01356581b522,0a595b1c-03f9-44ae-ac49-8399b8db174b,2021,10864000.0,6749000.0,2026-08-18T11:48:58.767999
b7d84c12-6259-4441-9b96-fa204ec0c30f,0a595b1c-03f9-44ae-ac49-8399b8db174b,2022,12338000.0,8198000.0,2026-08-18T11:48:58.768002
d91fe138-0893-4c00-94eb-fd0f1053b814,0a595b1c-03f9-44ae-ac49-8399b8db174b,2023,14013000.0,9716000.0,2026-08-18T11:48:58.768007
618ec292-178b-4956-9cae-08d1fa31a1f4,0a595b1c-03f9-44ae-ac49-8399b8db174b,2024,15724000.0,9635000.0,2026-08-18T11:48:58.768011
c6368ef3-ba6a-4cf6-a8f0-d3ee93dc6bd9,0a595b1c-03f9-44ae-ac49-8399b8db174b,2025,17815000.0,11506000.0,2026-08-18T11:48:58.768015
747fa241-c5be-4079-add7-af7609fe73c6,bcecfd38-1b05-4e97-b9cd-a3031f4d8849,2020,11002000.0,7122000.0,2026-08-18T11:48:58.768042
4810081a-cacc-42ad-8fc9-b260415432b5,bcecfd38-1b05-4e97-b9cd-a3031f4d8849,2021,12229000.0,7439000.0,2026-08-18T11:48:58.768045
fc4e1263-3443-4eb2-b504-f7a109b2729f,bcecfd38-1b05-4e97-b9cd-a3031f4d8849,2022,12821000.0,8070000.0,2026-08-18T11:48:58.768048
db67a8b4-5c22-42c0-b338-6fd69bd913e8,bcecfd38-1b05-4e97-b9cd-a3031f4d8849,2023,14602000.0,10462000.0,2026-08-18T11:48:58.768051
c4097683-6fd3-4251-9983-5e32e3f7ef01,bcecfd38-1b05-4e97-b9cd-a3031f4d8849,2024,15065000.0,9991000.0,2026-08-18T11:48:58.768054
5bc28e24-d5ac-47e3-8acf-a5abad78b8c8,bcecfd38-1b05-4e97-b9cd-a3031f4d8849,2025,16944000.0,11809000.0,2026-08-18T11:48:58.768058
204ea45b-11e6-45f0-bf2f-344f3f6de66f,ace00b8f-447b-49af-9e0a-bba5afb57814,2020,21945000.0,14598000.0,2026-08-18T11:48:58.768087
f9433bf2-6548-4a85-a15b-0806e598df1d,ace00b8f-447b-49af-9e0a-bba5afb57814,2021,24357000.0,16203000.0,2026-08-18T11:48:58.768090
c6b5e483-e063-4086-b99e-e4d99af86301,ace00b8f-447b-49af-9e0a-bba5afb57814,2022,26591000.0,16097000.0,2026-08-18T11:48:58.768093
4c09dcf1-95e0-441b-b125-9148c3683a81,ace00b8f-447b-49af-9e0a-bba5afb57814,2023,30424000.0,18629000.0,2026-08-18T11:48:58.768097
1f6ba656-a25e-474a-9a6b-135aa2e51262,ace00b8f-447b-49af-9e0a-bba5afb57814,2024,34409000.0,22360000.0,2026-08-18T11:48:58.768100
b2d27f9a-d95b-4c93-a56d-7951374cf665,ace00b8f-447b-49af-9e0a-bba5afb57814,2025,36157000.0,22667000.0,2026-08-18T11:48:58.768103
621ca0d7-7c2b-451c-af66-0307471d3c4c,1c983769-56e5-41dc-ad84-57023cabe90c,2020,41039000.0,26441000.0,2026-08-18T11:48:58.768137
4513cc67-5dc1-4322-8fa2-73954f270a38,1c983769-56e5-41dc-ad84-57023cabe90c,2021,44173000.0,31312000.0,2026-08-18T11:48:58.768140
9eb72e00-a648-4111-9867-c76eaedc160e,1c983769-56e5-41dc-ad84-57023cabe90c,2022,49788000.0,34586000.0,2026-08-18T11:48:58.768148
b134d796-140e-4967-9fe0-89100be44c71,1c983769-56e5-41dc-ad84-57023cabe90c,2023,54555000.0,39136000.0,2026-08-18T11:48:58.768151
3106c442-cdc4-4a4d-bea3-5942933fff8d,1c983769-56e5-41dc-ad84-57023cabe90c,2024,59263000.0,36600000.0,2026-08-18T11:48:58.768156
921718dd-308f-414b-bdc1-1791ac12ab6d,1c983769-56e5-41dc-ad84-57023cabe90c,2025,62291000.0,40714000.0,2026-08-18T11:48:58.768159
edad935d-bb3b-4056-9d48-b66e8f9bdc6d,1c43f7e8-dfaa-40d2-b719-4d7b7ea1d8a8,2020,14602000.0,9435000.0,2026-08-18T11:48:58.768184
47c6b91e-469c-44d9-abda-36ec895d8eef,1c43f7e8-dfaa-40d2-b719-4d7b7ea1d8a8,2021,16017000.0,10421000.0,2026-08-18T11:48:58.768188
6b8fbc00-3b75-4344-843d-3d2827328679,1c43f7e8-dfaa-40d2-b719-4d7b7ea1d8a8,2022,17817000.0,12173000.0,2026-08-18T11:48:58.768191
e5187fe8-5c18-4a8e-b81d-bf71be35292b,1c43f7e8-dfaa-40d2-b719-4d7b7ea1d8a8,2023,20025000.0,13705000.0,2026-08-18T11:48:58.768194
756f68e6-3f87-4044-b6ae-9551da7e1989,1c43f7e8-dfaa-40d2-b719-4d7b7ea1d8a8,2024,21603000.0,12969000.0,2026-08-18T11:48:58.768197
07fb23de-9a50-4d76-bab6-d0752866b47c,1c43f7e8-dfaa-40d2-b719-4d7b7ea1d8a8,2025,25148000.0,15141000.0,2026-08-18T11:48:58.768200
bd665c70-29b4-4333-9d33-e5894d9b160f,ed988495-3510-4a2f-81a9-a6a6f7aa3512,2020,109359000.0,73085000.0,2026-08-18T11:48:58.768237
8d4cf9ba-4be3-41b5-b6bc-d04349c8debf,ed988495-3510-4a2f-81a9-a6a6f7aa3512,2021,123043000.0,76036000.0,2026-08-18T11:48:58.768240
7124f513-04db-4e81-905a-b0de1290f824,ed988495-3510-4a2f-81a9-a6a6f7aa3512,2022,127510000.0,87883000.0,2026-08-18T11:48:58.768243
954e31e4-93df-4ef3-87d8-f3c934f1621a,ed988495-3510-4a2f-81a9-a6a6f7aa3512,2023,141990000.0,97097000.0,2026-08-18T11:48:58.768247
386c5843-27d2-4da8-82b9-8c42b94031f8,ed988495-3510-4a2f-81a9-a6a6f7aa3512,2024,148774000.0,96611000.0,2026-08-18T11:48:58.768250
449d4551-b395-4ec6-98c2-e927eda0d4d6,ed988495-3510-4a2f-81a9-a6a6f7aa3512,2025,160496000.0,111347000.0,2026-08-18T11:48:58.768253
7df69d0c-60de-4783-ab10-861226eaebe8,6b90190b-54d5-42e0-9ff6-cceded8107d3,2020,4286000.0,2666000.0,2026-08-18T11:48:58.768280
a93008e5-176d-4810-a915-a865da5a7c92,6b90190b-54d5-42e0-9ff6-cceded8107d3,2021,4952000.0,3304000.0,2026-08-18T11:48:58.768283
5f2bb89a-9664-4cab-841f-8e288162f72f,6b90190b-54d5-42e0-9ff6-cceded8107d3,2022,5575000.0,3891000.0,2026-08-18T11:48:58.768287
18e4be3c-483e-4d9b-9e65-80ef3e73f219,6b90190b-54d5-42e0-9ff6-cceded8107d3,2023,6105000.0,3892000.0,2026-08-18T11:48:58.768291
b356f042-dbca-4dca-ad51-28c44142317c,6b90190b-54d5-42e0-9ff6-cceded8107d3,2024,6906000.0,4829000.0,2026-08-18T11:48:58.768294
f73058bb-bf38-4288-bbbe-d1dcd95aa06b,6b90190b-54d5-42e0-9ff6-cceded8107d3,2025,7512000.0,5231000.0,2026-08-18T11:48:58.768299
d6a77b61-32a4-4c13-825b-a56626cc91b2,2bff7d00-c973-487e-9f91-170c7332e384,2020,8556000.0,6133000.0,2026-08-18T11:48:58.768336
6133131f-6a0b-4b4d-809e-6b2fd727609c,2bff7d00-c973-487e-9f91-170c7332e384,2021,9656000.0,5906000.0,2026-08-18T11:48:58.768340
d69d048c-3a21-4058-9aee-b5204698c6b6,2bff7d00-c973-487e-9f91-170c7332e384,2022,10722000.0,7387000.0,2026-08-18T11:48:58.768343
5c6a06de-0c85-4778-a574-e6222a727e90,2bff7d00-c973-487e-9f91-170c7332e384,2023,11893000.0,8288000.0,2026-08-18T11:48:58.768346
db2864c2-5fc9-4e50-8a53-e35a0ed15d3d,2bff7d00-c973-487e-9f91-170c7332e384,2024,13482000.0,9039000.0,2026-08-18T11:48:58.768349
d01d9b13-7989-4e8e-a5c0-4570b0efcab1,2bff7d00-c973-487e-9f91-170c7332e384,2025,15453000.0,10359000.0,2026-08-18T11:48:58.768352
466517e0-ebb2-418d-8b11-b799ea66d957,2b0a1a7d-8113-4f82-b4d7-5e2f638738ae,2020,99065000.0,60331000.0,2026-08-18T11:48:58.768381
68c1e3ff-5cce-4a6f-8f4b-519dd56ca571,2b0a1a7d-8113-4f82-b4d7-5e2f638738ae,2021,104715000.0,70718000.0,2026-08-18T11:48:58.768384
3ab6400e-4def-4f77-883a-02a00aba70f0,2b0a1a7d-8113-4f82-b4d7-5e2f638738ae,2022,116201000.0,80942000.0,2026-08-18T11:48:58.768388
8f798064-42f1-4424-9f37-60a5a764c874,2b0a1a7d-8113-4f82-b4d7-5e2f638738ae,2023,123587000.0,87061000.0,2026-08-18T11:48:58.768391
72fec90b-2cc5-4f1c-adb0-d359e9145ccb,2b0a1a7d-8113-4f82-b4d7-5e2f638738ae,2024,137634000.0,98584000.0,2026-08-18T11:48:58.768394
544c857c-8a8d-4a0b-9f80-ef6a90009a0c,2b0a1a7d-8113-4f82-b4d7-5e2f638738ae,2025,151665000.0,92585000.0,2026-08-18T11:48:58.768397
ea8c5316-f502-40b0-a494-3b16ecc71dc3,a98f6b34-a7e0-424b-ab48-dacf6b52b9e5,2020,47607000.0,30699000.0,2026-08-18T11:48:58.768424
cb405e2e-41a2-4272-bdc2-4855c70cdb68,a98f6b34-a7e0-424b-ab48-dacf6b52b9e5,2021,53304000.0,35219000.0,2026-08-18T11:48:58.768427
dd8704ca-4a89-4845-8434-b1e7469f4302,a98f6b34-a7e0-424b-ab48-dacf6b52b9e5,2022,59129000.0,41690000.0,2026-08-18T11:48:58.768431
b07bcfcb-238e-4aa5-ac94-422ed327eb88,a98f6b34-a7e0-424b-ab48-dacf6b52b9e5,2023,68982000.0,46527000.0,2026-08-18T11:48:58.768434
4019de25-e004-4fb4-8206-a26a300248d1,a98f6b34-a7e0-424b-ab48-dacf6b52b9e5,2024,78293000.0,53938000.0,2026-08-18T11:48:58.768437
85ebcdf4-498e-4895-8707-5837d678b722,a98f6b34-a7e0-424b-ab48-dacf6b52b9e5,2025,86951000.0,60739000.0,2026-08-18T11:48:58.768442
7962bbe4-5d89-4ed0-b4ed-bdd25dd82512,6bd7ca37-2ced-4991-aef7-7b1b15c232f6,2020,14142000.0,9215000.0,2026-08-18T11:48:58.768487
ca58bfb7-3c82-404e-ab3e-8889e4f5a283,6bd7ca37-2ced-4991-aef7-7b1b15c232f6,2021,16301000.0,9886000.0,2026-08-18T11:48:58.768490
88a5149a-c9f5-488a-95b6-6531e8155a71,6bd7ca37-2ced-4991-aef7-7b1b15c232f6,2022,19106000.0,13648000.0,2026-08-18T11:48:58.768493
d4a774c5-3409-4561-9cd4-9806afdeaba5,6bd7ca37-2ced-4991-aef7-7b1b15c232f6,2023,21637000.0,13683000.0,2026-08-18T11:48:58.768496
bda0b600-49ff-4546-90dc-cbaf0ac9750b,6bd7ca37-2ced-4991-aef7-7b1b15c232f6,2024,24703000.0,15070000.0,2026-08-18T11:48:58.768500
c140c206-e185-4e6b-b5e8-81cfd04bac25,6bd7ca37-2ced-4991-aef7-7b1b15c232f6,2025,27329000.0,17726000.0,2026-08-18T11:48:58.768503
55b1a7b6-2f2f-4d3d-9379-14f14e2441c2,58f1c593-c3b3-4e80-bb18-5d89904d234f,2020,53500000.0,34131000.0,2026-08-18T11:48:58.768539
d7f643a0-5c7c-4c5a-be55-3462c73908cb,58f1c593-c3b3-4e80-bb18-5d89904d234f,2021,62317000.0,42430000.0,2026-08-18T11:48:58.768542
c757cad6-71a2-4666-b061-a57e6ed61f73,58f1c593-c3b3-4e80-bb18-5d89904d234f,2022,69109000.0,47455000.0,2026-08-18T11:48:58.768545
8984f76b-3282-4a53-a0f2-fa83da2e51bf,58f1c593-c3b3-4e80-bb18-5d89904d234f,2023,82602000.0,58912000.0,2026-08-18T11:48:58.768548
60913691-5dee-4c12-b4ef-6ea69abd6877,58f1c593-c3b3-4e80-bb18-5d89904d234f,2024,93833000.0,63442000.0,2026-08-18T11:48:58.768551
e1a364b8-e91d-40eb-bf5f-87ab0965fd4e,58f1c593-c3b3-4e80-bb18-5d89904d234f,2025,106033000.0,70979000.0,2026-08-18T11:48:58.768554
f3b61d96-3270-43e1-be46-18dfdf6c7244,f60ac9a5-4f07-4c74-a6d3-48987cb6452c,2020,27304000.0,18889000.0,2026-08-18T11:48:58.768587
effc1c6c-e7fe-4a69-85c6-65c346dbf686,f60ac9a5-4f07-4c74-a6d3-48987cb6452c,2021,29654000.0,18418000.0,2026-08-18T11:48:58.768591
0dc40267-44f6-4d1d-ad46-60e6962e656b,f60ac9a5-4f07-4c74-a6d3-48987cb6452c,2022,33656000.0,20908000.0,2026-08-18T11:48:58.768594
6e271a75-e69a-4a71-873c-e991c3ac0a60,f60ac9a5-4f07-4c74-a6d3-48987cb6452c,2023,37848000.0,25174000.0,2026-08-18T11:48:58.768599
9c1f8458-0274-47e2-961e-9e46172fab1d,f60ac9a5-4f07-4c74-a6d3-48987cb6452c,2024,41604000.0,29182000.0,2026-08-18T11:48:58.768604
c6f53296-74b8-4974-b6a9-648ab0f4b570,f60ac9a5-4f07-4c74-a6d3-48987cb6452c,2025,47181000.0,30786000.0,2026-08-18T11:48:58.768607
15b2d585-3134-49a9-b937-3d2101e72a9e,c9ec89b5-da4e-4c15-9cac-d721df553cfa,2020,95639000.0,62708000.0,2026-08-18T11:48:58.768637
fcd78c4f-f6e5-490c-8526-6f4151c7f4bd,c9ec89b5-da4e-4c15-9cac-d721df553cfa,2021,105724000.0,71616000.0,2026-08-18T11:48:58.768640
48036b1d-3356-4fae-bb9e-3360aa21b5ac,c9ec89b5-da4e-4c15-9cac-d721df553cfa,2022,115252000.0,74625000.0,2026-08-18T11:48:58.768644
38dad9dd-7b52-4ac7-969d-7da65ad5efd6,c9ec89b5-da4e-4c15-9cac-d721df553cfa,2023,127709000.0,88613000.0,2026-08-18T11:48:58.768651
e56628c5-ff0c-412f-b49e-ac87fc12f50f,c9ec89b5-da4e-4c15-9cac-d721df553cfa,2024,136689000.0,86403000.0,2026-08-18T11:48:58.768654
9e582c33-4995-418b-ae93-7719dba239e1,c9ec89b5-da4e-4c15-9cac-d721df553cfa,2025,151451000.0,96457000.0,2026-08-18T11:48:58.768658
be61e97b-bc0e-4047-9d9e-ac2ff17255d7,a85be164-2e61-41e6-8264-a1103c54b8d0,2020,30667000.0,20010000.0,2026-08-18T11:48:58.768697
b53cb94e-ff6e-4336-b318-0a809ad4d8db,a85be164-2e61-41e6-8264-a1103c54b8d0,2021,34411000.0,23096000.0,2026-08-18T11:48:58.768701
e38fbe70-7345-45b1-a7b9-5cc7da326333,a85be164-2e61-41e6-8264-a1103c54b8d0,2022,36043000.0,24686000.0,2026-08-18T11:48:58.768704
3b34b76b-b736-4d54-9899-bc834f684c7c,a85be164-2e61-41e6-8264-a1103c54b8d0,2023,41312000.0,25178000.0,2026-08-18T11:48:58.768707
d36c84a0-2bb4-41d1-b0af-6742ee09f83d,a85be164-2e61-41e6-8264-a1103c54b8d0,2024,43464000.0,29950000.0,2026-08-18T11:48:58.768710
d30c820c-1d2c-4508-a706-b49296c1d4f1,a85be164-2e61-41e6-8264-a1103c54b8d0,2025,46496000.0,30429000.0,2026-08-18T11:48:58.768713
ccc7dd1c-d598-4b58-8bc9-a0e16414a96d,8cfeac80-3f3d-415d-a575-7053ea9617b6,2020,30525000.0,20833000.0,2026-08-18T11:48:58.768750
6bc55a77-3663-4578-93ec-428ae679e26b,8cfeac80-3f3d-415d-a575-7053ea9617b6,2021,35648000.0,22730000.0,2026-08-18T11:48:58.768753
382b4984-7fb6-444e-9b4f-999d0a7894c2,8cfeac80-3f3d-415d-a575-7053ea9617b6,2022,42196000.0,29412000.0,2026-08-18T11:48:58.768757
4f852761-6567-4639-ad8b-4330a3fa3c18,8cfeac80-3f3d-415d-a575-7053ea9617b6,2023,46324000.0,27851000.0,2026-08-18T11:48:58.768760
c401429a-5fa4-4c1e-b904-364fcff67c6c,8cfeac80-3f3d-415d-a575-7053ea9617b6,2024,53117000.0,35486000.0,2026-08-18T11:48:58.768763
adbd3182-ba36-4bfa-8250-427883241fa6,8cfeac80-3f3d-415d-a575-7053ea9617b6,2025,62506000.0,37740000.0,2026-08-18T11:48:58.768766
b77ec5c1-86ee-4a79-abdc-a8ccce2ff9ef,15c87c70-d10a-4e65-8efa-be8fdbf429bf,2020,28567000.0,19568000.0,2026-08-18T11:48:58.768796
62c930a7-65cc-4dcb-863a-8715639d976b,15c87c70-d10a-4e65-8efa-be8fdbf429bf,2021,32091000.0,21053000.0,2026-08-18T11:48:58.768800
ae267871-99f9-46f5-a9eb-e96994c0520f,15c87c70-d10a-4e65-8efa-be8fdbf429bf,2022,35174000.0,22945000.0,2026-08-18T11:48:58.768804
c57d30e7-549f-4a27-ab7c-53ddcef714a5,15c87c70-d10a-4e65-8efa-be8fdbf429bf,2023,38506000.0,27366000.0,2026-08-18T11:48:58.768807
2c0a6ee5-79f9-4060-89b7-bea47bbf6abd,15c87c70-d10a-4e65-8efa-be8fdbf429bf,2024,40114000.0,25021000.0,2026-08-18T11:48:58.768810
d350643d-7434-457d-b22d-1553654fda32,15c87c70-d10a-4e65-8efa-be8fdbf429bf,2025,45142000.0,30971000.0,2026-08-18T11:48:58.768813
9c553869-4884-4fae-a97a-a6faf805b86e,9457a094-814a-4f99-bedd-0255a1d68098,2020,27576000.0,17775000.0,2026-08-18T11:48:58.768849
47e53329-69fc-4053-aad9-a92d664a67e1,9457a094-814a-4f99-bedd-0255a1d68098,2021,29918000.0,19080000.0,2026-08-18T11:48:58.768852
00a8e993-4396-47a9-ae8b-82e0c6b42917,9457a094-814a-4f99-bedd-0255a1d68098,2022,32329000.0,22068000.0,2026-08-18T11:48:58.768855
553703f3-6246-4a6d-af50-eb98aa569a80,9457a094-814a-4f99-bedd-0255a1d68098,2023,36767000.0,23003000.0,2026-08-18T11:48:58.768858
9accbb6a-3b76-4855-be17-9d683fc6c4f0,9457a094-814a-4f99-bedd-0255a1d68098,2024,39708000.0,25357000.0,2026-08-18T11:48:58.768861
1f56d78a-2c42-46a6-816f-8e97fa39a63e,9457a094-814a-4f99-bedd-0255a1d68098,2025,42401000.0,25778000.0,2026-08-18T11:48:58.768865
357d5ba2-e96c-4e91-afae-be8ec7d683d8,a83baa5a-6d61-44be-9515-72cd3a7223ec,2020,41447000.0,28465000.0,2026-08-18T11:48:58.768910
16f7af9e-1a87-4b00-a564-45c95426e284,a83baa5a-6d61-44be-9515-72cd3a7223ec,2021,43274000.0,29878000.0,2026-08-18T11:48:58.768914
1238d7d1-2f47-459a-b158-02526cac6894,a83baa5a-6d61-44be-9515-72cd3a7223ec,2022,46989000.0,31331000.0,2026-08-18T11:48:58.768917
6ebfa36d-dffe-4c3f-8ebf-125648c3129c,a83baa5a-6d61-44be-9515-72cd3a7223ec,2023,50369000.0,33922000.0,2026-08-18T11:48:58.768920
8eb9ecb8-8235-483b-b064-30c1a2016d2d,a83baa5a-6d61-44be-9515-72cd3a7223ec,2024,54542000.0,37284000.0,2026-08-18T11:48:58.768923
196c4863-6f49-4bd2-b6e7-2b972ca04946,a83baa5a-6d61-44be-9515-72cd3a7223ec,2025,58993000.0,41404000.0,2026-08-18T11:48:58.768926
e199c0ab-f514-4dd1-ac30-91bbf39695af,a70dc26b-3aeb-45c5-8b6a-8c67ca4cf554,2020,5301000.0,3802000.0,2026-08-18T11:48:58.768970
34fe2eaa-76c4-43eb-a9c7-dd76f29d2df7,a70dc26b-3aeb-45c5-8b6a-8c67ca4cf554,2021,5798000.0,3987000.0,2026-08-18T11:48:58.768973
49583930-4756-41ea-a675-2a7f43eeabe7,a70dc26b-3aeb-45c5-8b6a-8c67ca4cf554,2022,6434000.0,4064000.0,2026-08-18T11:48:58.768977
1a0a19d4-d002-4611-871d-b94470da0ccb,a70dc26b-3aeb-45c5-8b6a-8c67ca4cf554,2023,7213000.0,4399000.0,2026-08-18T11:48:58.768983
2740b035-9f51-494f-8cfd-82f5bf996b35,a70dc26b-3aeb-45c5-8b6a-8c67ca4cf554,2024,8179000.0,5764000.0,2026-08-18T11:48:58.768989
dd90c3de-6956-4f59-a585-320cc9ba87fc,a70dc26b-3aeb-45c5-8b6a-8c67ca4cf554,2025,9185000.0,6321000.0,2026-08-18T11:48:58.768994
4d0172e1-49ef-4269-97e9-d6446e64830a,21ca2d48-e50a-4a1d-9f04-2256ce8b8386,2020,31413000.0,21788000.0,2026-08-18T11:48:58.769046
d8cc9c20-ab4f-4c05-9e20-3267e868f81d,21ca2d48-e50a-4a1d-9f04-2256ce8b8386,2021,35094000.0,22226000.0,2026-08-18T11:48:58.769050
b72858fa-db57-451f-b384-3411267f6c9b,21ca2d48-e50a-4a1d-9f04-2256ce8b8386,2022,39929000.0,25429000.0,2026-08-18T11:48:58.769053
4c2a4c67-c228-4ab5-a19d-691e93a8bddd,21ca2d48-e50a-4a1d-9f04-2256ce8b8386,2023,47463000.0,32171000.0,2026-08-18T11:48:58.769056
aee3593f-1032-402b-a437-550349ab332a,21ca2d48-e50a-4a1d-9f04-2256ce8b8386,2024,51787000.0,36517000.0,2026-08-18T11:48:58.769060
54f2970e-6908-4c98-a3d7-c707b07ed9c9,21ca2d48-e50a-4a1d-9f04-2256ce8b8386,2025,61169000.0,38467000.0,2026-08-18T11:48:58.769063
f7438864-2f40-45e3-a434-64048ebc17ce,3a6e3e6e-a9bb-4bb1-adf3-d9be44366743,2020,12862000.0,9197000.0,2026-08-18T11:48:58.769100
23394a29-3453-4c78-9b2c-58e5e8c43479,3a6e3e6e-a9bb-4bb1-adf3-d9be44366743,2021,14097000.0,8548000.0,2026-08-18T11:48:58.769104
8388929f-3ed0-4db8-b217-b3900e715a58,3a6e3e6e-a9bb-4bb1-adf3-d9be44366743,2022,15674000.0,9905000.0,2026-08-18T11:48:58.769107
3ae90540-6daf-4968-b05f-ca543d3ad43c,3a6e3e6e-a9bb-4bb1-adf3-d9be44366743,2023,17658000.0,10809000.0,2026-08-18T11:48:58.769110
b0cb65c4-9f0d-4230-aabc-2b7c8bdc056e,3a6e3e6e-a9bb-4bb1-adf3-d9be44366743,2024,20052000.0,13524000.0,2026-08-18T11:48:58.769113
ccf87014-464e-4adb-9fab-61de8b89c36d,3a6e3e6e-a9bb-4bb1-adf3-d9be44366743,2025,23222000.0,15025000.0,2026-08-18T11:48:58.769116
196a6c53-a748-4a36-b058-81789387fbc6,36074b45-a8cf-427e-a568-876b154385d3,2020,11825000.0,7419000.0,2026-08-18T11:48:58.769164
d1c7911c-e57c-4b13-9fa2-f3d409a9c4d5,36074b45-a8cf-427e-a568-876b154385d3,2021,13468000.0,9301000.0,2026-08-18T11:48:58.769167
cb98530c-ee7c-4914-9da9-230f2f060fac,36074b45-a8cf-427e-a568-876b154385d3,2022,15390000.0,9419000.0,2026-08-18T11:48:58.769171
b39f49a8-152e-4af5-b35d-e0faae98616d,36074b45-a8cf-427e-a568-876b154385d3,2023,17334000.0,11099000.0,2026-08-18T11:48:58.769174
23324ede-43dd-458f-b810-b671e7f86941,36074b45-a8cf-427e-a568-876b154385d3,2024,19131000.0,12284000.0,2026-08-18T11:48:58.769177
ca905cb4-c3fa-47a5-ac6a-9c9c313cd7f2,36074b45-a8cf-427e-a568-876b154385d3,2025,21582000.0,14667000.0,2026-08-18T11:48:58.769183
d2f7aaf6-932e-41db-8adc-a242ef84d2aa,71ee3aa7-b4bb-4ad8-8310-2824677a859e,2020,67835000.0,45804000.0,2026-08-18T11:48:58.769218
3b4a4d7f-01b7-4d10-91de-49cac1fd56e2,71ee3aa7-b4bb-4ad8-8310-2824677a859e,2021,74376000.0,52769000.0,2026-08-18T11:48:58.769222
294078f6-e8e6-4237-bcb2-644a27755973,71ee3aa7-b4bb-4ad8-8310-2824677a859e,2022,82348000.0,58066000.0,2026-08-18T11:48:58.769225
6e7723dd-fdc5-44b1-adf8-99e0e2cf66a6,71ee3aa7-b4bb-4ad8-8310-2824677a859e,2023,84617000.0,60014000.0,2026-08-18T11:48:58.769228
0db94963-1aa8-450a-bf14-5e85d1ef82d1,71ee3aa7-b4bb-4ad8-8310-2824677a859e,2024,92242000.0,59011000.0,2026-08-18T11:48:58.769232
e6ffea78-520c-4f98-aaea-c91003fcfd87,71ee3aa7-b4bb-4ad8-8310-2824677a859e,2025,100943000.0,72016000.0,2026-08-18T11:48:58.769236
34d281b9-49ae-4c95-896e-e7b5b1ebe0a1,38dde238-2eac-4f00-a3cc-6581bd1d24b3,2020,14502000.0,9575000.0,2026-08-18T11:48:58.769277
50ee16cf-cb1f-4e91-bb1d-d0c63d8e7867,38dde238-2eac-4f00-a3cc-6581bd1d24b3,2021,16705000.0,11147000.0,2026-08-18T11:48:58.769280
86d1d315-c7f3-4af9-8fa1-761abd1d7143,38dde238-2eac-4f00-a3cc-6581bd1d24b3,2022,19044000.0,13056000.0,2026-08-18T11:48:58.769284
cb604b40-4f19-4a1e-b554-fc4b03522514,38dde238-2eac-4f00-a3cc-6581bd1d24b3,2023,20687000.0,14232000.0,2026-08-18T11:48:58.769287
9e1c2582-749c-4ff0-8879-c1d04373be53,38dde238-2eac-4f00-a3cc-6581bd1d24b3,2024,24008000.0,17050000.0,2026-08-18T11:48:58.769291
e4cedb84-375c-4a62-aef4-a86328bff814,38dde238-2eac-4f00-a3cc-6581bd1d24b3,2025,27143000.0,16390000.0,2026-08-18T11:48:58.769295
d3eb1f25-9149-41ac-ac8d-6d628fc8dc16,ceb32b1a-221e-4735-9a31-464ed7e54e8c,2020,49003000.0,29967000.0,2026-08-18T11:48:58.769321
cb15540a-089d-4866-9c7f-dab117d7b07f,ceb32b1a-221e-4735-9a31-464ed7e54e8c,2021,54497000.0,37238000.0,2026-08-18T11:48:58.769325
455e279b-3063-4999-bfa4-ca4e14713d3e,ceb32b1a-221e-4735-9a31-464ed7e54e8c,2022,61639000.0,42051000.0,2026-08-18T11:48:58.769328
95569991-0b87-4e22-939a-cd2fd8607cbf,ceb32b1a-221e-4735-9a31-464ed7e54e8c,2023,69200000.0,44461000.0,2026-08-18T11:48:58.769331
0119d011-7fe7-4d90-9921-05ac16ecb031,ceb32b1a-221e-4735-9a31-464ed7e54e8c,2024,78892000.0,56437000.0,2026-08-18T11:48:58.769335
c962c0e8-2f87-421f-9c77-80eec7b21707,ceb32b1a-221e-4735-9a31-464ed7e54e8c,2025,89324000.0,63376000.0,2026-08-18T11:48:58.769338
cd079f31-8b0f-4ba5-9ebc-a1e6ccae25ea,f9d1c00a-2c0a-492f-b89f-854a2257c012,2020,35408000.0,23291000.0,2026-08-18T11:48:58.769369
25da55d0-74d6-435f-9fc1-a93d69efafef,f9d1c00a-2c0a-492f-b89f-854a2257c012,2021,38256000.0,23233000.0,2026-08-18T11:48:58.769372
c763b19e-875c-49be-aa90-80406a5e01b4,f9d1c00a-2c0a-492f-b89f-854a2257c012,2022,42255000.0,28773000.0,2026-08-18T11:48:58.769379
56ca9995-d6ad-4d4b-bd43-c740a4ed4595,f9d1c00a-2c0a-492f-b89f-854a2257c012,2023,45539000.0,27613000.0,2026-08-18T11:48:58.769382
cd5150d5-3ee5-4ab1-a108-241f3d9a0aa9,f9d1c00a-2c0a-492f-b89f-854a2257c012,2024,47531000.0,29341000.0,2026-08-18T11:48:58.769385
1c4fee20-9d02-4e85-94c8-79163e329fdc,f9d1c00a-2c0a-492f-b89f-854a2257c012,2025,52903000.0,34886000.0,2026-08-18T11:48:58.769388
992824c5-c3ae-43a8-b653-58c7b20eefb3,5000e182-d3f6-418a-9900-450c4bfce5cc,2020,62286000.0,41458000.0,2026-08-18T11:48:58.769417
a8915588-9ff2-4e84-9d6c-98a3f0456730,5000e182-d3f6-418a-9900-450c4bfce5cc,2021,70650000.0,48166000.0,2026-08-18T11:48:58.769420
929f88b6-ee5b-405c-a097-3745b48aabce,5000e182-d3f6-418a-9900-450c4bfce5cc,2022,80409000.0,54200000.0,2026-08-18T11:48:58.769424
590701ff-33da-4e2b-aa66-e0beef9fafda,5000e182-d3f6-418a-9900-450c4bfce5cc,2023,89024000.0,60211000.0,2026-08-18T11:48:58.769427
9dd794cb-6d01-4118-be8b-22231187f9e9,5000e182-d3f6-418a-9900-450c4bfce5cc,2024,99590000.0,69536000.0,2026-08-18T11:48:58.769430
3922b45c-52b1-49eb-90f6-2789a31dd3eb,5000e182-d3f6-418a-9900-450c4bfce5cc,2025,116366000.0,72204000.0,2026-08-18T11:48:58.769433
9be64b69-87e2-4754-918d-1a85310dca80,93329a1e-71fb-435a-bcda-cd127839fcf7,2020,20697000.0,13388000.0,2026-08-18T11:48:58.769471
a316ffaa-14af-4d8e-bf97-1cb91340e21a,93329a1e-71fb-435a-bcda-cd127839fcf7,2021,21857000.0,14835000.0,2026-08-18T11:48:58.769475
f7b4aa53-e4f2-4b02-9e29-8a6beee458cb,93329a1e-71fb-435a-bcda-cd127839fcf7,2022,24425000.0,16763000.0,2026-08-18T11:48:58.769478
5e2fbc79-1986-484c-a79d-fb177f749c33,93329a1e-71fb-435a-bcda-cd127839fcf7,2023,26796000.0,18377000.0,2026-08-18T11:48:58.769481
b082c597-5f0d-49f7-8048-efc2b8e92399,93329a1e-71fb-435a-bcda-cd127839fcf7,2024,30217000.0,19139000.0,2026-08-18T11:48:58.769485
c57a0a40-e224-4ae6-a766-28cf03460dcb,93329a1e-71fb-435a-bcda-cd127839fcf7,2025,33128000.0,21081000.0,2026-08-18T11:48:58.769488
4a57ae75-e237-4c79-9a78-5fbe478677d5,809ff23d-7ba1-4709-8f94-15572c6ff003,2020,83272000.0,58043000.0,2026-08-18T11:48:58.769515
9c69dd1c-4cd7-4d22-afec-ecaab60b10d3,809ff23d-7ba1-4709-8f94-15572c6ff003,2021,92797000.0,58313000.0,2026-08-18T11:48:58.769519
85fd65d4-4a0d-4b62-b905-a2879372f297,809ff23d-7ba1-4709-8f94-15572c6ff003,2022,105973000.0,65796000.0,2026-08-18T11:48:58.769523
0414089c-d9b8-44de-b22a-d7ccef6582cf,809ff23d-7ba1-4709-8f94-15572c6ff003,2023,119782000.0,82733000.0,2026-08-18T11:48:58.769526
a3c8cde0-82b8-447f-a1d4-520c5157bdac,809ff23d-7ba1-4709-8f94-15572c6ff003,2024,131697000.0,80035000.0,2026-08-18T11:48:58.769530
8d48d28c-3058-4d60-bb1a-3ac5e6f0b4b7,809ff23d-7ba1-4709-8f94-15572c6ff003,2025,150645000.0,92456000.0,2026-08-18T11:48:58.769534
480878ef-9096-49af-b1fc-56aee4d280f8,fff005cb-2a99-4872-bbf8-77a789203bdf,2020,17555000.0,12551000.0,2026-08-18T11:48:58.769606
11c26eda-820f-46ac-8352-1d70529303c0,fff005cb-2a99-4872-bbf8-77a789203bdf,2021,19315000.0,12813000.0,2026-08-18T11:48:58.769610
89c9a664-948b-42e6-b5ee-e7ea926c7757,fff005cb-2a99-4872-bbf8-77a789203bdf,2022,20519000.0,12822000.0,2026-08-18T11:48:58.769613
9661f1c6-3104-49b0-87bc-169b4289e20b,fff005cb-2a99-4872-bbf8-77a789203bdf,2023,23392000.0,15441000.0,2026-08-18T11:48:58.769616
5d5d7600-df25-4743-918c-9acab8a22ce0,fff005cb-2a99-4872-bbf8-77a789203bdf,2024,24955000.0,17667000.0,2026-08-18T11:48:58.769619
8fd8b6e5-93f2-4956-94dc-a9318dbf97a9,fff005cb-2a99-4872-bbf8-77a789203bdf,2025,28206000.0,19637000.0,2026-08-18T11:48:58.769622
f70ea78e-b456-4fc6-bee1-ec0a84f94e8a,7c11237c-b72c-4454-8e3a-23655f74b158,2020,25051000.0,17127000.0,2026-08-18T11:48:58.769652
e35544d8-585a-4d99-b847-d85b40bfa60e,7c11237c-b72c-4454-8e3a-23655f74b158,2021,27696000.0,18183000.0,2026-08-18T11:48:58.769656
234d27f7-d492-4532-890e-98eafe06b3eb,7c11237c-b72c-4454-8e3a-23655f74b158,2022,32032000.0,20230000.0,2026-08-18T11:48:58.769659
34f71294-1831-47f3-b6f6-54f651c562f5,7c11237c-b72c-4454-8e3a-23655f74b158,2023,33464000.0,21436000.0,2026-08-18T11:48:58.769662
d904c571-1b55-4866-b308-38c01fe968fa,7c11237c-b72c-4454-8e3a-23655f74b158,2024,37401000.0,23942000.0,2026-08-18T11:48:58.769666
f597f54f-7e42-4258-87d8-ec62506fa466,7c11237c-b72c-4454-8e3a-23655f74b158,2025,42477000.0,26196000.0,2026-08-18T11:48:58.769669
729808f9-5dfc-4292-ba9a-59933553dd98,d3b51586-e0cc-4129-8579-94a917f565bb,2020,75385000.0,48643000.0,2026-08-18T11:48:58.769707
fe662e3c-226a-45b4-bdb2-894aa1717128,d3b51586-e0cc-4129-8579-94a917f565bb,2021,82248000.0,56271000.0,2026-08-18T11:48:58.769711
48b20959-c99b-476e-b2fe-8051ee73ea27,d3b51586-e0cc-4129-8579-94a917f565bb,2022,93552000.0,57429000.0,2026-08-18T11:48:58.769714
e84fc2ce-e82d-4e1c-b156-5cd264886bb4,d3b51586-e0cc-4129-8579-94a917f565bb,2023,101032000.0,68083000.0,2026-08-18T11:48:58.769720
3759f4a6-0bb9-409d-b3fc-99416007789f,d3b51586-e0cc-4129-8579-94a917f565bb,2024,117405000.0,75399000.0,2026-08-18T11:48:58.769724
53f06cf5-8266-4b64-899a-49219d5e5f1f,d3b51586-e0cc-4129-8579-94a917f565bb,2025,125879000.0,89395000.0,2026-08-18T11:48:58.769727
132691ef-7f80-4cfe-b1d5-f53f84a942ab,f629ab95-ab96-4bfe-a320-aad56eb72d0b,2020,22042000.0,13427000.0,2026-08-18T11:48:58.769755
1c8a54c5-23fb-4143-9cd2-82365165ea21,f629ab95-ab96-4bfe-a320-aad56eb72d0b,2021,25158000.0,15716000.0,2026-08-18T11:48:58.769759
e085e4c4-f61e-4139-aa8d-b76ea08d7eec,f629ab95-ab96-4bfe-a320-aad56eb72d0b,2022,27858000.0,19434000.0,2026-08-18T11:48:58.769762
a752eaac-36d5-414c-802a-280cf3fb8d5c,f629ab95-ab96-4bfe-a320-aad56eb72d0b,2023,31630000.0,22238000.0,2026-08-18T11:48:58.769765
6376d723-b6fd-465d-948a-2b565de3ef54,f629ab95-ab96-4bfe-a320-aad56eb72d0b,2024,34563000.0,21993000.0,2026-08-18T11:48:58.769768
709f2b7b-0b8d-4b28-9eae-e218fccab05d,f629ab95-ab96-4bfe-a320-aad56eb72d0b,2025,38622000.0,25729000.0,2026-08-18T11:48:58.769773
ec94ecae-1fe1-424d-9e02-fd579d425d40,a6f7446c-d3ed-40eb-8b2e-8f01b6a65a5d,2020,122351000.0,73687000.0,2026-08-18T11:48:58.769812
f1f9be48-6a08-4e4a-8c34-b69f319e6835,a6f7446c-d3ed-40eb-8b2e-8f01b6a65a5d,2021,139269000.0,90982000.0,2026-08-18T11:48:58.769815
83c30021-8f4a-4645-b857-30ac3aa445eb,a6f7446c-d3ed-40eb-8b2e-8f01b6a65a5d,2022,157025000.0,101363000.0,2026-08-18T11:48:58.769818
8f99c23b-0151-4b70-9796-9fa27704a14e,a6f7446c-d3ed-40eb-8b2e-8f01b6a65a5d,2023,183500000.0,121825000.0,2026-08-18T11:48:58.769822
6bda0bc5-5230-4e2d-afb2-7c0f9514f033,a6f7446c-d3ed-40eb-8b2e-8f01b6a65a5d,2024,208897000.0,126123000.0,2026-08-18T11:48:58.769825
29b0ef37-d218-45f9-bb89-da1fd607b68d,a6f7446c-d3ed-40eb-8b2e-8f01b6a65a5d,2025,239251000.0,170458000.0,2026-08-18T11:48:58.769829
47c719ee-c99e-409f-bf6c-325399862ef6,2fd1db08-449b-486d-a417-b73dd9c7bfbf,2020,41785000.0,29321000.0,2026-08-18T11:48:58.769875
e3f731f7-79fe-464e-af19-cac0cd1e1b9a,2fd1db08-449b-486d-a417-b73dd9c7bfbf,2021,45837000.0,27597000.0,2026-08-18T11:48:58.769879
0d27caf0-46e3-4d41-92ba-34735fe673b9,2fd1db08-449b-486d-a417-b73dd9c7bfbf,2022,50121000.0,30295000.0,2026-08-18T11:48:58.769882
1bc29418-060f-4533-a041-8f46396be75e,2fd1db08-449b-486d-a417-b73dd9c7bfbf,2023,57496000.0,38898000.0,2026-08-18T11:48:58.769885
bf47c387-d167-493d-827c-f498a1ebca95,2fd1db08-449b-486d-a417-b73dd9c7bfbf,2024,65333000.0,42403000.0,2026-08-18T11:48:58.769888
6624e01a-c1f9-4545-a5ac-5d05bc657ec0,2fd1db08-449b-486d-a417-b73dd9c7bfbf,2025,73461000.0,44778000.0,2026-08-18T11:48:58.769892
4cc68ed9-3c56-41f8-bc4d-577099260f3c,5be9c2d7-334d-4623-b4f8-499d0de679bb,2020,38894000.0,24004000.0,2026-08-18T11:48:58.769937
597933b7-b209-4f7b-8a02-8392fa3b8103,5be9c2d7-334d-4623-b4f8-499d0de679bb,2021,42208000.0,29317000.0,2026-08-18T11:48:58.769940
a5d08553-bab9-4b65-afa2-ef3e5b384cfc,5be9c2d7-334d-4623-b4f8-499d0de679bb,2022,47354000.0,30732000.0,2026-08-18T11:48:58.769943
3c8c013f-9673-479c-860c-39db225a7e42,5be9c2d7-334d-4623-b4f8-499d0de679bb,2023,54121000.0,35529000.0,2026-08-18T11:48:58.769947
074fb2b8-f039-4710-aeb7-820c3df54fe4,5be9c2d7-334d-4623-b4f8-499d0de679bb,2024,61849000.0,41725000.0,2026-08-18T11:48:58.769950
c9b595b5-4a5d-4d5f-ab9b-7a2f4df774a6,5be9c2d7-334d-4623-b4f8-499d0de679bb,2025,66064000.0,39992000.0,2026-08-18T11:48:58.769953
d0ad71ec-56c7-485f-8f29-571b28843294,81ba4bf1-8f35-4df2-af19-6eed7d8cc358,2020,34201000.0,22331000.0,2026-08-18T11:48:58.769981
eca6fb88-5abc-4046-a0ce-b6b78b48b2e6,81ba4bf1-8f35-4df2-af19-6eed7d8cc358,2021,37308000.0,26128000.0,2026-08-18T11:48:58.769984
c65303b8-6858-452b-aaa5-92c8632f4cb0,81ba4bf1-8f35-4df2-af19-6eed7d8cc358,2022,41390000.0,26046000.0,2026-08-18T11:48:58.769988
aec0f7a5-0549-4686-820a-5e92962b0a51,81ba4bf1-8f35-4df2-af19-6eed7d8cc358,2023,45711000.0,31637000.0,2026-08-18T11:48:58.769991
aec0332e-37c0-430a-990c-e83b9bc218cc,81ba4bf1-8f35-4df2-af19-6eed7d8cc358,2024,51005000.0,33393000.0,2026-08-18T11:48:58.769994
e1095160-9750-4d72-ac5e-e104eea744c7,81ba4bf1-8f35-4df2-af19-6eed7d8cc358,2025,57823000.0,35495000.0,2026-08-18T11:48:58.769998
7dc8e699-d8cb-4046-bb4a-e89d783cefbe,1183d95b-eb1f-4bfb-a3d9-f46986b132ac,2020,14970000.0,9282000.0,2026-08-18T11:48:58.770044
6f469bb6-5ec7-4629-b3c6-7dba0d64ad11,1183d95b-eb1f-4bfb-a3d9-f46986b132ac,2021,17068000.0,11295000.0,2026-08-18T11:48:58.770047
4e389d1a-d338-4964-8757-4703e218476a,1183d95b-eb1f-4bfb-a3d9-f46986b132ac,2022,19947000.0,12897000.0,2026-08-18T11:48:58.770051
2798bde0-8b5c-47f5-b3a4-275725f0e729,1183d95b-eb1f-4bfb-a3d9-f46986b132ac,2023,22528000.0,13861000.0,2026-08-18T11:48:58.770054
9710e707-b277-4b2b-8567-3166691353a4,1183d95b-eb1f-4bfb-a3d9-f46986b132ac,2024,26032000.0,16373000.0,2026-08-18T11:48:58.770057
d654be83-c8d7-4470-815f-d26e0dd6a4ea,1183d95b-eb1f-4bfb-a3d9-f46986b132ac,2025,28882000.0,18497000.0,2026-08-18T11:48:58.770062
4c712b97-75a1-4e5b-b98c-e2c5539944a9,08e671d6-59e9-48cf-ba57-78b57d6311e2,2020,42230000.0,27913000.0,2026-08-18T11:48:58.770102
679423e1-b239-46f3-acab-bc0505b19c10,08e671d6-59e9-48cf-ba57-78b57d6311e2,2021,48068000.0,30486000.0,2026-08-18T11:48:58.770105
463f36b7-7cf5-40d7-8950-ab85ef22e13e,08e671d6-59e9-48cf-ba57-78b57d6311e2,2022,51723000.0,35734000.0,2026-08-18T11:48:58.770109
c44d452f-ae5e-4834-936d-2e3f5dd12111,08e671d6-59e9-48cf-ba57-78b57d6311e2,2023,59463000.0,35977000.0,2026-08-18T11:48:58.770112
5ff40c5d-17f3-4de6-b814-6387558e4298,08e671d6-59e9-48cf-ba57-78b57d6311e2,2024,66056000.0,46628000.0,2026-08-18T11:48:58.770115
07095c1a-ffff-4798-8d0f-58b4c8d71f3e,08e671d6-59e9-48cf-ba57-78b57d6311e2,2025,72497000.0,47244000.0,2026-08-18T11:48:58.770119
c76ac22d-647f-4a67-a24b-e5c05bee2a54,3b15d949-dee2-45f7-b1ba-fb5fa23902ea,2020,17174000.0,11999000.0,2026-08-18T11:48:58.770150
9288370d-7222-4ff9-8a0b-71251c85312c,3b15d949-dee2-45f7-b1ba-fb5fa23902ea,2021,18512000.0,11733000.0,2026-08-18T11:48:58.770154
e04266fe-0d64-4ef7-9f95-f30d39d6ae6a,3b15d949-dee2-45f7-b1ba-fb5fa23902ea,2022,20799000.0,13544000.0,2026-08-18T11:48:58.770158
efe0c980-364f-4d0b-aab0-9ec91cce305c,3b15d949-dee2-45f7-b1ba-fb5fa23902ea,2023,21916000.0,13481000.0,2026-08-18T11:48:58.770162
9927a860-1535-436c-903b-a5549b550e27,3b15d949-dee2-45f7-b1ba-fb5fa23902ea,2024,23805000.0,16905000.0,2026-08-18T11:48:58.770165
37042f2f-742f-459d-a235-a264fcccd42e,3b15d949-dee2-45f7-b1ba-fb5fa23902ea,2025,26251000.0,18646000.0,2026-08-18T11:48:58.770168
85ab8804-457c-404c-960c-8b47a68186d1,916098b4-1b54-458f-937a-e3e05fa60905,2020,60388000.0,41112000.0,2026-08-18T11:48:58.770209
c61a6244-b8e8-40db-89e2-7bacdb668391,916098b4-1b54-458f-937a-e3e05fa60905,2021,63801000.0,39440000.0,2026-08-18T11:48:58.770213
55e3c8a5-4067-4743-8d30-884c7767cac3,916098b4-1b54-458f-937a-e3e05fa60905,2022,72530000.0,49903000.0,2026-08-18T11:48:58.770216
2232d20f-e9fb-494c-a494-884f2b3357f2,916098b4-1b54-458f-937a-e3e05fa60905,2023,77294000.0,48218000.0,2026-08-18T11:48:58.770219
eb0af49f-036c-45df-bd82-4f4af48f9663,916098b4-1b54-458f-937a-e3e05fa60905,2024,88097000.0,62910000.0,2026-08-18T11:48:58.770223
ef04013c-9d75-4bc6-835d-e6c1f0233d85,916098b4-1b54-458f-937a-e3e05fa60905,2025,96809000.0,66792000.0,2026-08-18T11:48:58.770227
9aa16027-9936-46c9-bf13-218d337f2464,f748c71f-3dce-4d36-bd71-d65547568e44,2020,71418000.0,50051000.0,2026-08-18T11:48:58.770278
76ed8abf-919c-4112-b128-9ed9eac29c82,f748c71f-3dce-4d36-bd71-d65547568e44,2021,77066000.0,51798000.0,2026-08-18T11:48:58.770281
39e79dfc-2415-44a6-9b95-b5dedb32e9b6,f748c71f-3dce-4d36-bd71-d65547568e44,2022,82386000.0,49718000.0,2026-08-18T11:48:58.770287
cb482e65-65c4-424f-8b1c-3e1bfac630fe,f748c71f-3dce-4d36-bd71-d65547568e44,2023,86783000.0,54310000.0,2026-08-18T11:48:58.770290
02a51346-0537-45e6-9b3d-a369ee78a726,f748c71f-3dce-4d36-bd71-d65547568e44,2024,97073000.0,63008000.0,2026-08-18T11:48:58.770294
4bfdeaef-23fc-45da-ba3f-60e206a205a7,f748c71f-3dce-4d36-bd71-d65547568e44,2025,103084000.0,65848000.0,2026-08-18T11:48:58.770297
7868e763-391c-4ff7-975f-6fa3490dc8ea,f49a586d-9795-4947-995a-16f94c8e5734,2020,56700000.0,39723000.0,2026-08-18T11:48:58.770333
4f5c18f4-efff-477d-9441-99949db68488,f49a586d-9795-4947-995a-16f94c8e5734,2021,60928000.0,41805000.0,2026-08-18T11:48:58.770336
953dd257-be13-417f-9846-31ad8a9f76b2,f49a586d-9795-4947-995a-16f94c8e5734,2022,67372000.0,41728000.0,2026-08-18T11:48:58.770340
b8ce6bec-16cd-4fe5-8855-83e8bed4d508,f49a586d-9795-4947-995a-16f94c8e5734,2023,75355000.0,48951000.0,2026-08-18T11:48:58.770343
2e2ad2e9-c2c7-42fc-a222-f7d988ec23c7,f49a586d-9795-4947-995a-16f94c8e5734,2024,84766000.0,53389000.0,2026-08-18T11:48:58.770346
46394fd4-d885-45a4-9aa9-9981cb959cbd,f49a586d-9795-4947-995a-16f94c8e5734,2025,91288000.0,64035000.0,2026-08-18T11:48:58.770349
a1d1f288-5203-4160-a667-4ed56816f310,8fd8a55e-d00d-42f6-941a-415461bad281,2020,20597000.0,14298000.0,2026-08-18T11:48:58.770380
ceb913bc-621d-4c1d-9af7-b138396f36be,8fd8a55e-d00d-42f6-941a-415461bad281,2021,22812000.0,15722000.0,2026-08-18T11:48:58.770383
408b4155-2e44-4637-8813-3def2eb9db5c,8fd8a55e-d00d-42f6-941a-415461bad281,2022,25734000.0,16858000.0,2026-08-18T11:48:58.770386
a4ddca95-b934-42e2-ba5d-10593e9209c1,8fd8a55e-d00d-42f6-941a-415461bad281,2023,28888000.0,20693000.0,2026-08-18T11:48:58.770389
cf6ae705-35ed-418b-8e42-d908e1c85818,8fd8a55e-d00d-42f6-941a-415461bad281,2024,33793000.0,21803000.0,2026-08-18T11:48:58.770392
8276b8c4-8648-4408-bdd8-2eaf708a4503,8fd8a55e-d00d-42f6-941a-415461bad281,2025,38070000.0,23857000.0,2026-08-18T11:48:58.770395
e355eb59-5897-45f7-9014-1b2ac48381a3,92a71ea2-970d-4c59-b433-1aa6a25940e0,2020,36318000.0,25427000.0,2026-08-18T11:48:58.770438
c3bcbba8-f8b6-4a6a-957e-d43642ebbb17,92a71ea2-970d-4c59-b433-1aa6a25940e0,2021,38389000.0,26207000.0,2026-08-18T11:48:58.770441
1db9af41-cb70-404e-8a41-78755edce568,92a71ea2-970d-4c59-b433-1aa6a25940e0,2022,43810000.0,30867000.0,2026-08-18T11:48:58.770444
6eab7aa7-600a-4f0f-bf69-0fa5944dfde1,92a71ea2-970d-4c59-b433-1aa6a25940e0,2023,47367000.0,29609000.0,2026-08-18T11:48:58.770448
facecfb3-7ca6-410d-a3ae-3f512b37d930,92a71ea2-970d-4c59-b433-1aa6a25940e0,2024,53179000.0,35026000.0,2026-08-18T11:48:58.770452
3f363039-9afa-4f66-9c12-65ba104aa590,92a71ea2-970d-4c59-b433-1aa6a25940e0,2025,58434000.0,41788000.0,2026-08-18T11:48:58.770455
e2f2fe95-ae93-4885-b99b-dd1c89b0058d,41c8bb7c-1c19-4c46-bf85-604c2a96b254,2020,7998000.0,5340000.0,2026-08-18T11:48:58.770496
0b2587a5-0371-4ade-af33-b69a386060c2,41c8bb7c-1c19-4c46-bf85-604c2a96b254,2021,8392000.0,5327000.0,2026-08-18T11:48:58.770500
8a87c051-86a2-48e6-8e34-86fb534da14a,41c8bb7c-1c19-4c46-bf85-604c2a96b254,2022,9488000.0,6607000.0,2026-08-18T11:48:58.770503
f6fed7e2-429a-4b8f-9859-dd44488f63cd,41c8bb7c-1c19-4c46-bf85-604c2a96b254,2023,10562000.0,6808000.0,2026-08-18T11:48:58.770506
b638fb0e-d735-425d-8d16-86d63400507f,41c8bb7c-1c19-4c46-bf85-604c2a96b254,2024,11338000.0,7445000.0,2026-08-18T11:48:58.770509
90609664-4982-4b43-b196-21ed0b616291,41c8bb7c-1c19-4c46-bf85-604c2a96b254,2025,12133000.0,7761000.0,2026-08-18T11:48:58.770512
7c570cd0-6912-4177-a43e-b62d88f98f43,42770265-b25b-4a3f-b304-4acbf08d2210,2020,4918000.0,3070000.0,2026-08-18T11:48:58.770675
4a16736c-af14-4099-bcfa-08c82507f67f,42770265-b25b-4a3f-b304-4acbf08d2210,2021,5467000.0,3348000.0,2026-08-18T11:48:58.770680
b13a2639-5fc9-4c7c-bdfe-feb4c429cfbd,42770265-b25b-4a3f-b304-4acbf08d2210,2022,5958000.0,3702000.0,2026-08-18T11:48:58.770683
4451cae6-6633-4f13-9be9-062effa32448,42770265-b25b-4a3f-b304-4acbf08d2210,2023,6784000.0,4174000.0,2026-08-18T11:48:58.770687
51d22891-bdb1-4d4c-887e-812249d34d37,42770265-b25b-4a3f-b304-4acbf08d2210,2024,7544000.0,5110000.0,2026-08-18T11:48:58.770690
2d542439-8384-4fd0-93b2-0e62acabb357,42770265-b25b-4a3f-b304-4acbf08d2210,2025,8341000.0,5581000.0,2026-08-18T11:48:58.770693
eb85da57-6386-4c7d-b7d7-871b9b956f95,0030b78a-be06-4043-8083-7a6d2054b652,2020,6466000.0,4122000.0,2026-08-18T11:48:58.770742
1c18ac00-fe3f-4a7a-bd47-f4f5ad8a303b,0030b78a-be06-4043-8083-7a6d2054b652,2021,7139000.0,4738000.0,2026-08-18T11:48:58.770748
6b711ba8-2ace-47d1-a1c2-78f72ae0ebdd,0030b78a-be06-4043-8083-7a6d2054b652,2022,8029000.0,5629000.0,2026-08-18T11:48:58.770754
33b0da19-971f-44c8-a38a-a7ccba7d31f5,0030b78a-be06-4043-8083-7a6d2054b652,2023,8876000.0,6333000.0,2026-08-18T11:48:58.770761
9bde0cde-7d5c-4456-b577-ad1aabdbfdf0,0030b78a-be06-4043-8083-7a6d2054b652,2024,9701000.0,6649000.0,2026-08-18T11:48:58.770775
18bb1746-24d2-41e2-acf1-2355c6e022d0,0030b78a-be06-4043-8083-7a6d2054b652,2025,10684000.0,7129000.0,2026-08-18T11:48:58.770792
59ec37b4-e8d5-481d-81f2-381b6b89cdca,dd02a105-b365-4a5a-8f1c-6563e9553943,2020,64522000.0,45895000.0,2026-08-18T11:48:58.770919
7561a1db-a121-4fab-8959-4f08ac49bba4,dd02a105-b365-4a5a-8f1c-6563e9553943,2021,73865000.0,49923000.0,2026-08-18T11:48:58.770926
884d7735-6e4c-48df-8df0-6353a430a32a,dd02a105-b365-4a5a-8f1c-6563e9553943,2022,81423000.0,53480000.0,2026-08-18T11:48:58.770932
1dab093b-aaaf-42b4-94cb-d5f6791f1c23,dd02a105-b365-4a5a-8f1c-6563e9553943,2023,94622000.0,65296000.0,2026-08-18T11:48:58.770939
782dfd9f-e51e-45b2-aa70-ac269420168a,dd02a105-b365-4a5a-8f1c-6563e9553943,2024,107052000.0,64722000.0,2026-08-18T11:48:58.770945
9c618b84-5946-48a6-808f-6adb97710fd9,dd02a105-b365-4a5a-8f1c-6563e9553943,2025,116019000.0,82062000.0,2026-08-18T11:48:58.770951
2af18a36-9dd1-4f32-ad15-52e4dde43500,b6818a03-0d49-49ac-9b32-ca97b53ab103,2020,32401000.0,22118000.0,2026-08-18T11:48:58.771297
ed06b152-83fc-493f-9a92-cd557e474f14,b6818a03-0d49-49ac-9b32-ca97b53ab103,2021,34371000.0,23243000.0,2026-08-18T11:48:58.771311
7c7899af-3f02-497a-ba16-542e063aee54,b6818a03-0d49-49ac-9b32-ca97b53ab103,2022,37863000.0,26994000.0,2026-08-18T11:48:58.771319
388162af-3020-47ed-9221-41cf9d6c264d,b6818a03-0d49-49ac-9b32-ca97b53ab103,2023,39379000.0,26276000.0,2026-08-18T11:48:58.771325
36b1aa38-a4b2-4f9b-b074-5d1e0590848f,b6818a03-0d49-49ac-9b32-ca97b53ab103,2024,41780000.0,27406000.0,2026-08-18T11:48:58.771331
06444d5f-8866-486d-894e-662a374eb82c,b6818a03-0d49-49ac-9b32-ca97b53ab103,2025,46832000.0,28583000.0,2026-08-18T11:48:58.771337
3ccd7938-20de-4acb-87a5-8c42fd9cff9c,2866b69d-fa54-4c4b-bc42-8e36192f3498,2020,14095000.0,9870000.0,2026-08-18T11:48:58.771419
18dc0cb3-cda0-4975-82ed-165174843658,2866b69d-fa54-4c4b-bc42-8e36192f3498,2021,15585000.0,9724000.0,2026-08-18T11:48:58.771426
84f91d62-9e30-4468-a79f-f226a9dbba09,2866b69d-fa54-4c4b-bc42-8e36192f3498,2022,18127000.0,11440000.0,2026-08-18T11:48:58.771431
f0d48105-ad5f-451a-a536-b96d277560a1,2866b69d-fa54-4c4b-bc42-8e36192f3498,2023,19579000.0,11965000.0,2026-08-18T11:48:58.771436
57a37350-d9fb-48c3-ab67-6d6d46f247c1,2866b69d-fa54-4c4b-bc42-8e36192f3498,2024,21724000.0,13982000.0,2026-08-18T11:48:58.771442
131ecee2-5ed6-4c06-bf68-15a7932f854b,2866b69d-fa54-4c4b-bc42-8e36192f3498,2025,24838000.0,16462000.0,2026-08-18T11:48:58.771447
a211eb85-4c45-498b-83f0-3003e591af69,a8f9dec0-e069-472c-9e26-a3cc48b42fb5,2020,10166000.0,6903000.0,2026-08-18T11:48:58.771518
d46459cf-b05b-4c3f-ad11-ecbaf81a0181,a8f9dec0-e069-472c-9e26-a3cc48b42fb5,2021,11365000.0,7259000.0,2026-08-18T11:48:58.771524
4ba911e2-8238-4c02-9675-819900c12f4d,a8f9dec0-e069-472c-9e26-a3cc48b42fb5,2022,11873000.0,7635000.0,2026-08-18T11:48:58.771528
f44ad65a-410e-427d-b140-2e2eba885a25,a8f9dec0-e069-472c-9e26-a3cc48b42fb5,2023,13648000.0,8449000.0,2026-08-18T11:48:58.771532
255bd840-b91e-4d0a-8025-883a8e48b86e,a8f9dec0-e069-472c-9e26-a3cc48b42fb5,2024,14583000.0,9339000.0,2026-08-18T11:48:58.771535
f421d048-031f-4518-b798-19b4d5ad89e5,a8f9dec0-e069-472c-9e26-a3cc48b42fb5,2025,16391000.0,10203000.0,2026-08-18T11:48:58.771539
fc0616fc-021f-4dbd-bbc2-fd15993c9292,cc03e24a-2a33-468e-9896-00d9f922c03b,2020,34555000.0,22643000.0,2026-08-18T11:48:58.771598
36ac3476-18a5-4881-9258-eaaf06b236d2,cc03e24a-2a33-468e-9896-00d9f922c03b,2021,38532000.0,24046000.0,2026-08-18T11:48:58.771604
79946023-1420-41fe-b662-b66b977d18ac,cc03e24a-2a33-468e-9896-00d9f922c03b,2022,41073000.0,26160000.0,2026-08-18T11:48:58.771607
925b98fa-3710-4d2d-9747-8e4dd4a63b9c,cc03e24a-2a33-468e-9896-00d9f922c03b,2023,45120000.0,31716000.0,2026-08-18T11:48:58.771611
7518db46-2a6f-4433-a4be-68944900b64a,cc03e24a-2a33-468e-9896-00d9f922c03b,2024,50291000.0,34545000.0,2026-08-18T11:48:58.771614
5fca5d88-22d0-4377-9876-427c6fb49069,cc03e24a-2a33-468e-9896-00d9f922c03b,2025,54265000.0,36175000.0,2026-08-18T11:48:58.771618
26c972d2-d846-4658-b8ed-62f6b7079620,c713ad02-7811-41c2-9ceb-08c530c8ac36,2020,28155000.0,18364000.0,2026-08-18T11:48:58.771677
9c0373b2-2fb7-4d32-ace3-c3895bcd0cfb,c713ad02-7811-41c2-9ceb-08c530c8ac36,2021,30789000.0,20890000.0,2026-08-18T11:48:58.771682
aa5f60c4-5445-4e64-8671-71b3bb8b78f8,c713ad02-7811-41c2-9ceb-08c530c8ac36,2022,33582000.0,21298000.0,2026-08-18T11:48:58.771687
be90a55b-ec2e-446a-b167-eccf4af2d717,c713ad02-7811-41c2-9ceb-08c530c8ac36,2023,36352000.0,25394000.0,2026-08-18T11:48:58.771690
1b86ff98-5e3e-45c2-9854-fbe2da125c50,c713ad02-7811-41c2-9ceb-08c530c8ac36,2024,38605000.0,27603000.0,2026-08-18T11:48:58.771693
ce957aa9-eb46-4cae-99a1-898a74f5a264,c713ad02-7811-41c2-9ceb-08c530c8ac36,2025,42888000.0,26574000.0,2026-08-18T11:48:58.771697
2c7a9c82-0bff-4e22-ab37-15a949a6011e,f8a40842-bfa2-457a-b1fc-b55f98063e8a,2020,47335000.0,33196000.0,2026-08-18T11:48:58.771731
abcab9df-0eff-451c-9f91-1f953b9dbd96,f8a40842-bfa2-457a-b1fc-b55f98063e8a,2021,54431000.0,33388000.0,2026-08-18T11:48:58.771735
5bd66da0-b835-40d8-9a88-089b0daae152,f8a40842-bfa2-457a-b1fc-b55f98063e8a,2022,58790000.0,38266000.0,2026-08-18T11:48:58.771740
a496f378-0c45-4bfc-b3d8-01ca8a694197,f8a40842-bfa2-457a-b1fc-b55f98063e8a,2023,68944000.0,48567000.0,2026-08-18T11:48:58.771743
30678786-f607-4d59-99a0-014a1347e885,f8a40842-bfa2-457a-b1fc-b55f98063e8a,2024,74943000.0,45028000.0,2026-08-18T11:48:58.771747
52d16af4-10a1-4429-a286-fdeec8bc0be5,f8a40842-bfa2-457a-b1fc-b55f98063e8a,2025,89406000.0,61235000.0,2026-08-18T11:48:58.771750
e33f5420-e162-460e-9ca9-a3b939d360a8,d41da634-2822-4272-97a9-8d6975ca219f,2020,21532000.0,13293000.0,2026-08-18T11:48:58.771790
bdbc8bf7-44af-4b48-ada7-6edf423b0365,d41da634-2822-4272-97a9-8d6975ca219f,2021,24501000.0,17325000.0,2026-08-18T11:48:58.771793
3827dc1e-8432-4c34-a0c7-4c1066a1bceb,d41da634-2822-4272-97a9-8d6975ca219f,2022,27023000.0,17699000.0,2026-08-18T11:48:58.771797
967b75af-c0f7-466c-adeb-4f03a621cdb4,d41da634-2822-4272-97a9-8d6975ca219f,2023,30566000.0,21710000.0,2026-08-18T11:48:58.771800
952fadcf-8d6d-4178-84ec-f64b2518e2cd,d41da634-2822-4272-97a9-8d6975ca219f,2024,34594000.0,24626000.0,2026-08-18T11:48:58.771803
1f9914f3-1389-4e7e-b57a-0eaad6b38f22,d41da634-2822-4272-97a9-8d6975ca219f,2025,38309000.0,25601000.0,2026-08-18T11:48:58.771807
cb56ee67-ac11-4639-8034-b9605a89bbd3,8dcc16e1-2fe8-4777-8130-4708fbdced32,2020,7480000.0,5158000.0,2026-08-18T11:48:58.771853
2d7527bf-0758-45ec-8f7a-d314a137dd48,8dcc16e1-2fe8-4777-8130-4708fbdced32,2021,8633000.0,5467000.0,2026-08-18T11:48:58.771857
7a27483c-cdc3-4d3f-a4f1-f723dc4ea8f4,8dcc16e1-2fe8-4777-8130-4708fbdced32,2022,9701000.0,6524000.0,2026-08-18T11:48:58.771860
145dc211-e438-4450-b05d-2d10ff256dfd,8dcc16e1-2fe8-4777-8130-4708fbdced32,2023,11125000.0,7580000.0,2026-08-18T11:48:58.771863
ae49b763-9cca-410a-b581-71741ead86b2,8dcc16e1-2fe8-4777-8130-4708fbdced32,2024,12112000.0,7859000.0,2026-08-18T11:48:58.771867
75bf4877-19bb-44ac-ba96-d081d4d3894e,8dcc16e1-2fe8-4777-8130-4708fbdced32,2025,13485000.0,8761000.0,2026-08-18T11:48:58.771870
19f526c0-9371-4d2f-a4a8-2d6e18b38e58,42697d23-73cd-4664-a1c6-1150daa7aedc,2020,16886000.0,11046000.0,2026-08-18T11:48:58.771923
a831aea0-2a82-4136-8a4c-dccef63f54e1,42697d23-73cd-4664-a1c6-1150daa7aedc,2021,18169000.0,11241000.0,2026-08-18T11:48:58.771927
2401328b-2319-4cbc-a791-a59ccf18a0d9,42697d23-73cd-4664-a1c6-1150daa7aedc,2022,20024000.0,13514000.0,2026-08-18T11:48:58.771931
7e426b95-2d54-4a77-bd42-8f848a9d4079,42697d23-73cd-4664-a1c6-1150daa7aedc,2023,21886000.0,14223000.0,2026-08-18T11:48:58.771941
8d9be619-7452-4bab-8db9-42c30e11f4b0,42697d23-73cd-4664-a1c6-1150daa7aedc,2024,24237000.0,16728000.0,2026-08-18T11:48:58.771945
3d69825b-7500-473f-a7e5-bb0150d62f16,42697d23-73cd-4664-a1c6-1150daa7aedc,2025,25769000.0,17762000.0,2026-08-18T11:48:58.771949
a0236ef4-0bec-4528-9d2b-ba1fda388cf5,c1a218e8-f91f-40c9-8709-6ed64fe66e67,2020,14889000.0,10294000.0,2026-08-18T11:48:58.771984
1672a14e-6a64-4200-b4db-c81b6aee69e3,c1a218e8-f91f-40c9-8709-6ed64fe66e67,2021,16348000.0,10860000.0,2026-08-18T11:48:58.771991
6fcc0dcf-5d2c-4343-a44a-3edca76e89ea,c1a218e8-f91f-40c9-8709-6ed64fe66e67,2022,18734000.0,13172000.0,2026-08-18T11:48:58.771997
edec5747-bbe8-47f8-9a93-0a30b201f0b0,c1a218e8-f91f-40c9-8709-6ed64fe66e67,2023,21504000.0,14100000.0,2026-08-18T11:48:58.772003
c817f43b-66d2-41a6-a623-2eb585976a92,c1a218e8-f91f-40c9-8709-6ed64fe66e67,2024,25019000.0,16361000.0,2026-08-18T11:48:58.772008
5f2b696f-b580-45fc-a1b1-7db90627a4c7,c1a218e8-f91f-40c9-8709-6ed64fe66e67,2025,28705000.0,17835000.0,2026-08-18T11:48:58.772011
4c0c2ea5-a5b5-4038-ae0c-9c9474e92a17,b3ede6bf-3d7f-4f83-8522-210e2a268bb0,2020,9782000.0,6969000.0,2026-08-18T11:48:58.772053
46d513ed-423f-4dec-8b39-43cdbb0e71ef,b3ede6bf-3d7f-4f83-8522-210e2a268bb0,2021,11660000.0,7448000.0,2026-08-18T11:48:58.772057
e3b2464f-2829-40db-9c3f-e73385a625b5,b3ede6bf-3d7f-4f83-8522-210e2a268bb0,2022,12803000.0,9056000.0,2026-08-18T11:48:58.772060
7836bfca-320a-489b-965a-ae93bf8fc172,b3ede6bf-3d7f-4f83-8522-210e2a268bb0,2023,14519000.0,9515000.0,2026-08-18T11:48:58.772063
4b2249a2-82f7-4b88-a1cb-49a3a54db3fb,b3ede6bf-3d7f-4f83-8522-210e2a268bb0,2024,16590000.0,11155000.0,2026-08-18T11:48:58.772066
23a4219b-18b8-4c40-887f-09f6acc3fbbb,b3ede6bf-3d7f-4f83-8522-210e2a268bb0,2025,19770000.0,13752000.0,2026-08-18T11:48:58.772070
468cd50e-51e1-4d58-b7d0-a4db6a774f35,51912a7d-dacf-466c-9cb9-20bec1bad07d,2020,101273000.0,65180000.0,2026-08-18T11:48:58.772106
6ead9eb7-f31e-48dc-a963-b35d5cf441b4,51912a7d-dacf-466c-9cb9-20bec1bad07d,2021,114670000.0,75841000.0,2026-08-18T11:48:58.772109
bbde5c65-9006-49e9-8d14-39a35d69da64,51912a7d-dacf-466c-9cb9-20bec1bad07d,2022,129723000.0,84506000.0,2026-08-18T11:48:58.772112
0f5bb26a-8219-4f78-b9de-822be43116e6,51912a7d-dacf-466c-9cb9-20bec1bad07d,2023,142733000.0,88140000.0,2026-08-18T11:48:58.772116
8b1309cd-b594-4348-8fec-43301f93219b,51912a7d-dacf-466c-9cb9-20bec1bad07d,2024,163492000.0,114285000.0,2026-08-18T11:48:58.772119
cee22ab7-5c02-4541-a76f-fac5ce3cd030,51912a7d-dacf-466c-9cb9-20bec1bad07d,2025,191242000.0,117311000.0,2026-08-18T11:48:58.772128
eaa489ea-6d30-42d1-ba5f-fc795c27071d,eb430112-0430-4082-9f18-01e8fe363842,2020,31582000.0,21362000.0,2026-08-18T11:48:58.772177
0f0ccad3-842e-4cf0-9b78-c2008473560c,eb430112-0430-4082-9f18-01e8fe363842,2021,33788000.0,21131000.0,2026-08-18T11:48:58.772181
2d58d2c9-1496-4f2f-98ae-36315c7e859a,eb430112-0430-4082-9f18-01e8fe363842,2022,37571000.0,25177000.0,2026-08-18T11:48:58.772185
fff9144b-5b93-4e8e-8b5c-0501c5af51c4,eb430112-0430-4082-9f18-01e8fe363842,2023,40971000.0,28128000.0,2026-08-18T11:48:58.772190
bd9f3442-b7a1-4371-87df-5c7d552e16aa,eb430112-0430-4082-9f18-01e8fe363842,2024,46123000.0,33187000.0,2026-08-18T11:48:58.772196
a075a2ee-643d-40bf-a738-8864f0480772,eb430112-0430-4082-9f18-01e8fe363842,2025,49417000.0,33318000.0,2026-08-18T11:48:58.772201
d531223b-a171-4b04-b9f2-46b52907f7fc,89827b37-bf61-4b0d-bb62-255b3c16220a,2020,285314000.0,189599000.0,2026-08-18T11:48:58.772254
f3a5f759-fb09-487a-b06d-7a08c7480247,89827b37-bf61-4b0d-bb62-255b3c16220a,2021,312480000.0,217408000.0,2026-08-18T11:48:58.772258
21ffc257-9dcc-4a2f-8f2b-46b22a9a6e59,89827b37-bf61-4b0d-bb62-255b3c16220a,2022,366494000.0,242895000.0,2026-08-18T11:48:58.772261
9fab3fff-8c3a-4074-924d-f2b241f47bd5,89827b37-bf61-4b0d-bb62-255b3c16220a,2023,415234000.0,288867000.0,2026-08-18T11:48:58.772264
5fbc924f-fef4-4a67-bf02-81f804443c9e,89827b37-bf61-4b0d-bb62-255b3c16220a,2024,474446000.0,337976000.0,2026-08-18T11:48:58.772267
3befe958-4f12-4345-9bfa-242f218b317d,89827b37-bf61-4b0d-bb62-255b3c16220a,2025,566618000.0,355497000.0,2026-08-18T11:48:58.772271
e9f13406-261f-49e2-8f7a-9251d15a60b0,fc510908-6c52-4db4-8771-a6a1697f9626,2020,104573000.0,70140000.0,2026-08-18T11:48:58.772304
979981c6-06c6-4404-a0c3-65e617048e56,fc510908-6c52-4db4-8771-a6a1697f9626,2021,119427000.0,75955000.0,2026-08-18T11:48:58.772308
438fc710-27d3-4fcb-afae-7bcbf25c371e,fc510908-6c52-4db4-8771-a6a1697f9626,2022,127688000.0,83198000.0,2026-08-18T11:48:58.772312
c9b925f9-32c4-40ca-840c-e78ebf43269e,fc510908-6c52-4db4-8771-a6a1697f9626,2023,149320000.0,102493000.0,2026-08-18T11:48:58.772315
af766cd9-b55a-4576-b514-7e6f63f03a81,fc510908-6c52-4db4-8771-a6a1697f9626,2024,160978000.0,109001000.0,2026-08-18T11:48:58.772321
0de7353a-a0c6-4cda-bc4b-117c17edec9a,fc510908-6c52-4db4-8771-a6a1697f9626,2025,179948000.0,121679000.0,2026-08-18T11:48:58.772328
f2c8c6ce-78b0-463e-8e79-a43d4d42626e,25ffd3a1-b4ad-4f9e-ae64-63c795018a70,2020,160082000.0,98026000.0,2026-08-18T11:48:58.772402
ac036a0b-d9c1-447a-aa83-1b69c4c76f2d,25ffd3a1-b4ad-4f9e-ae64-63c795018a70,2021,172967000.0,116432000.0,2026-08-18T11:48:58.772408
53af7739-f116-4713-b96c-a674b05ecc86,25ffd3a1-b4ad-4f9e-ae64-63c795018a70,2022,192621000.0,119146000.0,2026-08-18T11:48:58.772412
18b83810-7217-4c58-8c06-667f300a8e6a,25ffd3a1-b4ad-4f9e-ae64-63c795018a70,2023,205808000.0,142412000.0,2026-08-18T11:48:58.772417
9ba33c0b-ee47-4bcf-8c9e-b8b4881f0733,25ffd3a1-b4ad-4f9e-ae64-63c795018a70,2024,234178000.0,164459000.0,2026-08-18T11:48:58.772423
7d9031ca-3ee0-4c34-83ba-a7ac206014e8,25ffd3a1-b4ad-4f9e-ae64-63c795018a70,2025,253907000.0,157132000.0,2026-08-18T11:48:58.772428
d6bfebaa-a295-47b5-821c-38326ba9db00,3ff06e34-5553-4afb-8f61-f5ac290af3a0,2020,157999000.0,100974000.0,2026-08-18T11:48:58.772474
17ab5047-49cf-4482-9fca-d79bfc2c8e6f,3ff06e34-5553-4afb-8f61-f5ac290af3a0,2021,170769000.0,106549000.0,2026-08-18T11:48:58.772477
555f45ae-6eb2-4438-ba3f-de24f53bad8e,3ff06e34-5553-4afb-8f61-f5ac290af3a0,2022,183261000.0,121017000.0,2026-08-18T11:48:58.772481
49a51247-cc17-4509-8716-8a3306aeceea,3ff06e34-5553-4afb-8f61-f5ac290af3a0,2023,208670000.0,127877000.0,2026-08-18T11:48:58.772484
8c72891b-afc7-4510-b09c-abc151896010,3ff06e34-5553-4afb-8f61-f5ac290af3a0,2024,220413000.0,140857000.0,2026-08-18T11:48:58.772487
e5302145-be44-4f2e-89f9-39f344e14070,3ff06e34-5553-4afb-8f61-f5ac290af3a0,2025,244998000.0,168204000.0,2026-08-18T11:48:58.772490
b7e4cf9a-7ec7-47f8-9a04-01f301c50d00,5f269622-2227-4075-bf79-482a981976d9,2020,19062000.0,11892000.0,2026-08-18T11:48:58.772540
11c1630d-d2f9-45c4-ba80-6565bf135a6b,5f269622-2227-4075-bf79-482a981976d9,2021,21509000.0,13574000.0,2026-08-18T11:48:58.772543
d1579601-0d1a-4619-abf8-26036545a87b,5f269622-2227-4075-bf79-482a981976d9,2022,22904000.0,16306000.0,2026-08-18T11:48:58.772547
4a091e53-4768-4b34-9b80-cff87ab76381,5f269622-2227-4075-bf79-482a981976d9,2023,24235000.0,16409000.0,2026-08-18T11:48:58.772552
f442c73c-9411-47fe-843e-6e7215e858b6,5f269622-2227-4075-bf79-482a981976d9,2024,26838000.0,18699000.0,2026-08-18T11:48:58.772555
f110082c-bc6e-4ef7-9e73-1f5ef638e870,5f269622-2227-4075-bf79-482a981976d9,2025,29858000.0,20895000.0,2026-08-18T11:48:58.772559
411bac90-02fd-4285-b8d5-ae69a314f0f0,5281d756-e691-46d9-bbc3-3c73fded4767,2020,250221000.0,161841000.0,2026-08-18T11:48:58.772630
d010a99d-b6a7-4d25-8bc8-a9860dd56d9f,5281d756-e691-46d9-bbc3-3c73fded4767,2021,263593000.0,168353000.0,2026-08-18T11:48:58.772634
75de32b2-374d-46cf-a526-f23af027392d,5281d756-e691-46d9-bbc3-3c73fded4767,2022,290770000.0,204315000.0,2026-08-18T11:48:58.772639
4e8c13a3-e2c4-40db-93dd-4c57bf8ff9bf,5281d756-e691-46d9-bbc3-3c73fded4767,2023,326413000.0,225921000.0,2026-08-18T11:48:58.772642
5488af0a-8202-4554-a2dc-0c6b81835228,5281d756-e691-46d9-bbc3-3c73fded4767,2024,355827000.0,241405000.0,2026-08-18T11:48:58.772646
8e111b83-a35b-4d31-92cb-b41d70651bc4,5281d756-e691-46d9-bbc3-3c73fded4767,2025,381362000.0,266413000.0,2026-08-18T11:48:58.772650
4e2d185e-94ea-4abc-9c31-699c24147a27,8a606eac-04e3-4b5f-8655-d9513ea281dc,2020,86837000.0,52367000.0,2026-08-18T11:48:58.772682
49559edd-8ec7-4830-91e6-91265add86fb,8a606eac-04e3-4b5f-8655-d9513ea281dc,2021,93330000.0,65565000.0,2026-08-18T11:48:58.772686
6d25e62a-81ae-4a1c-97d4-d3e63b121046,8a606eac-04e3-4b5f-8655-d9513ea281dc,2022,96883000.0,58702000.0,2026-08-18T11:48:58.772689
96718b80-755e-47e8-8142-cce55bf0a0c4,8a606eac-04e3-4b5f-8655-d9513ea281dc,2023,106089000.0,66182000.0,2026-08-18T11:48:58.772692
3709e1d1-fcba-4b50-a529-2caeba03e899,8a606eac-04e3-4b5f-8655-d9513ea281dc,2024,116853000.0,78388000.0,2026-08-18T11:48:58.772695
572e2876-9f43-4501-8ec8-f5fed520d0ac,8a606eac-04e3-4b5f-8655-d9513ea281dc,2025,121369000.0,86938000.0,2026-08-18T11:48:58.772698
afc10fb8-05ad-42d7-bd42-d05f6064e7c5,65135f95-b263-4ace-b17c-91a6d07b48d8,2020,492466000.0,334010000.0,2026-08-18T11:48:58.772739
9b3e6364-d672-43fc-96a3-3e88ed2d3800,65135f95-b263-4ace-b17c-91a6d07b48d8,2021,507338000.0,347093000.0,2026-08-18T11:48:58.772745
088c5eab-cf74-47b3-9e21-2639d4772a0c,65135f95-b263-4ace-b17c-91a6d07b48d8,2022,559512000.0,390103000.0,2026-08-18T11:48:58.772750
d4bf0ff6-fc40-43cf-a3e2-3c9e2b8460df,65135f95-b263-4ace-b17c-91a6d07b48d8,2023,609668000.0,366960000.0,2026-08-18T11:48:58.772754
3334eb76-99f1-4aad-a134-b6c64f7a171c,65135f95-b263-4ace-b17c-91a6d07b48d8,2024,658926000.0,453048000.0,2026-08-18T11:48:58.772757
784d7137-3aff-4859-ba07-c53baf437e84,65135f95-b263-4ace-b17c-91a6d07b48d8,2025,705727000.0,427278000.0,2026-08-18T11:48:58.772760
54efcea3-d110-4626-a396-f8ad805328e7,fd4e6c76-5efe-4b86-ab1c-590e5bc85182,2020,61399000.0,38090000.0,2026-08-18T11:48:58.772808
7b7c9c6d-a0b4-4cad-be18-78b2466bfd56,fd4e6c76-5efe-4b86-ab1c-590e5bc85182,2021,66884000.0,42929000.0,2026-08-18T11:48:58.772812
904c79a7-a26f-42bc-87ea-64ae28319ea8,fd4e6c76-5efe-4b86-ab1c-590e5bc85182,2022,76216000.0,49570000.0,2026-08-18T11:48:58.772816
0a4be3e3-c40c-41cc-87a4-f72749f006ca,fd4e6c76-5efe-4b86-ab1c-590e5bc85182,2023,85377000.0,61151000.0,2026-08-18T11:48:58.772821
eed28cec-594e-4cb0-9bea-c4a8a973a5bd,fd4e6c76-5efe-4b86-ab1c-590e5bc85182,2024,98930000.0,64286000.0,2026-08-18T11:48:58.772825
75aa7f81-5aca-4056-8bf0-7df7104ab1dc,fd4e6c76-5efe-4b86-ab1c-590e5bc85182,2025,114808000.0,74952000.0,2026-08-18T11:48:58.772828
1aac38c2-7db9-4ccc-8c7b-c7dd61b0156b,3d73aad2-3a91-456c-b0ed-f75cb5c98b63,2020,194940000.0,125731000.0,2026-08-18T11:48:58.772864
0651ea09-34e0-4238-a69c-8a6ddb4f1b96,3d73aad2-3a91-456c-b0ed-f75cb5c98b63,2021,220149000.0,151544000.0,2026-08-18T11:48:58.772867
6138cc35-c882-4543-8566-fa4b7e9f16c8,3d73aad2-3a91-456c-b0ed-f75cb5c98b63,2022,262275000.0,180905000.0,2026-08-18T11:48:58.772871
a0200bb2-64a8-409c-97d4-10ea98c474e5,3d73aad2-3a91-456c-b0ed-f75cb5c98b63,2023,298611000.0,201809000.0,2026-08-18T11:48:58.772874
df867e64-e372-4780-b5ea-27b5811febe2,3d73aad2-3a91-456c-b0ed-f75cb5c98b63,2024,340891000.0,244604000.0,2026-08-18T11:48:58.772877
7bf22cfa-4d91-443c-8838-3fe44cf431ee,3d73aad2-3a91-456c-b0ed-f75cb5c98b63,2025,371385000.0,251114000.0,2026-08-18T11:48:58.772880
16351ddf-babf-4d8c-957c-d54e854851aa,668d7405-bfae-4961-8490-af92937e054d,2020,11877000.0,8309000.0,2026-08-18T11:48:58.772919
89a82fa0-6afb-4420-9d3c-ff4f12ccc7f4,668d7405-bfae-4961-8490-af92937e054d,2021,12160000.0,8336000.0,2026-08-18T11:48:58.772923
7aacec9c-7f91-42e9-b0a2-aed6bfcc5280,668d7405-bfae-4961-8490-af92937e054d,2022,13108000.0,8412000.0,2026-08-18T11:48:58.772926
249091c5-2ad7-4575-aeed-a80a624c423f,668d7405-bfae-4961-8490-af92937e054d,2023,14407000.0,9601000.0,2026-08-18T11:48:58.772929
47741412-052c-41a2-a5fe-7c6ab6d8da49,668d7405-bfae-4961-8490-af92937e054d,2024,15980000.0,11441000.0,2026-08-18T11:48:58.772933
9fd5905e-573d-4448-b104-b51a3d724cac,668d7405-bfae-4961-8490-af92937e054d,2025,17252000.0,10729000.0,2026-08-18T11:48:58.772936
feb1eb8a-8a96-4bae-b962-96c776258dcb,79c7eaf6-b7e2-4272-bc11-be1825d2c37b,2020,90286000.0,54813000.0,2026-08-18T11:48:58.772981
c79d55bc-0c2b-4d43-a65e-0b3ad08a78d6,79c7eaf6-b7e2-4272-bc11-be1825d2c37b,2021,97796000.0,60365000.0,2026-08-18T11:48:58.772985
4712b0ba-8cfd-486b-a147-9a8dcb8e33c5,79c7eaf6-b7e2-4272-bc11-be1825d2c37b,2022,112159000.0,77586000.0,2026-08-18T11:48:58.772988
e53a8a3b-f07e-48c3-b1d6-bc0cc8bce491,79c7eaf6-b7e2-4272-bc11-be1825d2c37b,2023,125397000.0,89547000.0,2026-08-18T11:48:58.772991
36361de3-2060-4bcd-9a4f-2c2c2f7053ca,79c7eaf6-b7e2-4272-bc11-be1825d2c37b,2024,135658000.0,94195000.0,2026-08-18T11:48:58.772994
5235664d-299d-496c-8632-b0561fe7f3cb,79c7eaf6-b7e2-4272-bc11-be1825d2c37b,2025,155542000.0,100623000.0,2026-08-18T11:48:58.772999
58d454b6-4267-4eab-bb7a-79eb0b7ee8e3,daceefc1-4097-4fbc-a211-826111612166,2020,67350000.0,47769000.0,2026-08-18T11:48:58.773029
8c89b337-a21a-4ce1-877c-ef40a35e68b1,daceefc1-4097-4fbc-a211-826111612166,2021,69750000.0,44128000.0,2026-08-18T11:48:58.773032
1ad5c3e0-5f92-4025-b1de-22afd1bddc7b,daceefc1-4097-4fbc-a211-826111612166,2022,77964000.0,50348000.0,2026-08-18T11:48:58.773035
27272e4b-f1a2-47da-9177-49c8417d295c,daceefc1-4097-4fbc-a211-826111612166,2023,83387000.0,51161000.0,2026-08-18T11:48:58.773038
3f030c0a-ada1-4202-9b6f-e005c1f0dbb1,daceefc1-4097-4fbc-a211-826111612166,2024,87461000.0,58616000.0,2026-08-18T11:48:58.773042
e348e141-bca9-40c7-9300-74d421b42162,daceefc1-4097-4fbc-a211-826111612166,2025,96393000.0,65834000.0,2026-08-18T11:48:58.773045
f02c6846-3a67-44f8-993a-ab03807cf3ce,f1d91dfe-878b-4aba-ada1-5d376e1e1286,2020,46617000.0,31247000.0,2026-08-18T11:48:58.773077
800bb925-3f7c-4ce8-813d-1afa45999f39,f1d91dfe-878b-4aba-ada1-5d376e1e1286,2021,51707000.0,33716000.0,2026-08-18T11:48:58.773080
6a36abe3-b3d5-4334-956a-ecf391695d57,f1d91dfe-878b-4aba-ada1-5d376e1e1286,2022,58434000.0,42054000.0,2026-08-18T11:48:58.773083
956a827d-2c5e-428b-8942-f469f187fa29,f1d91dfe-878b-4aba-ada1-5d376e1e1286,2023,68104000.0,44849000.0,2026-08-18T11:48:58.773086
91b12297-29d5-423f-adfa-301b827ce001,f1d91dfe-878b-4aba-ada1-5d376e1e1286,2024,75764000.0,50601000.0,2026-08-18T11:48:58.773089
b8e6b9fa-fd70-4148-b085-ea8a5f9d24ac,f1d91dfe-878b-4aba-ada1-5d376e1e1286,2025,85390000.0,60153000.0,2026-08-18T11:48:58.773092
3f2c403d-438b-4ae5-87e9-a875b2559ad2,a3e3bd9b-8501-4ff6-b486-3b95934f8083,2020,180382000.0,115350000.0,2026-08-18T11:48:58.773121
d4955c37-3fba-456a-9496-a6971c7322e6,a3e3bd9b-8501-4ff6-b486-3b95934f8083,2021,191677000.0,124486000.0,2026-08-18T11:48:58.773124
dd5f832b-6466-47e0-9d6d-d1d5ca16da13,a3e3bd9b-8501-4ff6-b486-3b95934f8083,2022,204533000.0,133927000.0,2026-08-18T11:48:58.773128
874cd952-2915-469a-979c-192a3bf2c902,a3e3bd9b-8501-4ff6-b486-3b95934f8083,2023,233622000.0,150226000.0,2026-08-18T11:48:58.773131
4f028ce8-3ab8-4eda-b702-930c8e60df3c,a3e3bd9b-8501-4ff6-b486-3b95934f8083,2024,250265000.0,160742000.0,2026-08-18T11:48:58.773134
223ee725-a084-4df9-8363-ecec2f289384,a3e3bd9b-8501-4ff6-b486-3b95934f8083,2025,275953000.0,174732000.0,2026-08-18T11:48:58.773137
bbcda5e7-c993-48d6-b333-b5f6ed71f278,ec5709d4-fcc3-4037-bc58-fec1e03744c3,2020,285979000.0,195617000.0,2026-08-18T11:48:58.773182
f3ddf63a-92cc-4f99-a607-5fc791f0cf02,ec5709d4-fcc3-4037-bc58-fec1e03744c3,2021,312795000.0,216083000.0,2026-08-18T11:48:58.773185
c04cdc82-c04e-461b-a6a5-0e6eac5873e0,ec5709d4-fcc3-4037-bc58-fec1e03744c3,2022,348787000.0,225929000.0,2026-08-18T11:48:58.773189
a19d1911-8ca0-4cdb-bb5d-5bb6690ac897,ec5709d4-fcc3-4037-bc58-fec1e03744c3,2023,393106000.0,245233000.0,2026-08-18T11:48:58.773192
ff9cd22c-8edd-4c9c-ae2d-6cf399d30489,ec5709d4-fcc3-4037-bc58-fec1e03744c3,2024,423171000.0,284268000.0,2026-08-18T11:48:58.773195
6c640765-d5ee-48f3-a3f7-9a3d12e99dbd,ec5709d4-fcc3-4037-bc58-fec1e03744c3,2025,495346000.0,321260000.0,2026-08-18T11:48:58.773198
8ed19ead-64df-4abb-b174-d41ab8e9c5f3,41137302-f2e2-4de4-a8ab-51d57dc4127f,2020,145823000.0,103043000.0,2026-08-18T11:48:58.773246
b917cb09-3769-4e46-8e51-f91af0ac68b5,41137302-f2e2-4de4-a8ab-51d57dc4127f,2021,166219000.0,114627000.0,2026-08-18T11:48:58.773250
1bc5e92b-83ba-4e12-b8f1-3042d2ae0bee,41137302-f2e2-4de4-a8ab-51d57dc4127f,2022,182630000.0,131097000.0,2026-08-18T11:48:58.773253
5cbb5e97-90b3-42d0-82ee-8c59c7ba89ef,41137302-f2e2-4de4-a8ab-51d57dc4127f,2023,205070000.0,129528000.0,2026-08-18T11:48:58.773256
e836d23e-adce-4672-b8ab-74fbfeffe5bb,41137302-f2e2-4de4-a8ab-51d57dc4127f,2024,223110000.0,157963000.0,2026-08-18T11:48:58.773259
26901269-0d5b-44f9-8832-e3ac3d1bc31e,41137302-f2e2-4de4-a8ab-51d57dc4127f,2025,257632000.0,164477000.0,2026-08-18T11:48:58.773262
483c3099-387e-4994-b180-62de2ffc7073,4a2d94b5-783f-44fc-9cea-f356022eccef,2020,204290000.0,123985000.0,2026-08-18T11:48:58.773290
89aa9d0c-128a-45e0-9be1-5dc770055b68,4a2d94b5-783f-44fc-9cea-f356022eccef,2021,224864000.0,158329000.0,2026-08-18T11:48:58.773295
5a350ae2-dfe1-483a-92d6-52baf306ae57,4a2d94b5-783f-44fc-9cea-f356022eccef,2022,247646000.0,168855000.0,2026-08-18T11:48:58.773298
2753f424-653b-4986-8d11-053789a6fabd,4a2d94b5-783f-44fc-9cea-f356022eccef,2023,274679000.0,188502000.0,2026-08-18T11:48:58.773301
a4b59c56-7ab4-4876-bbb8-b2efd8c55ea9,4a2d94b5-783f-44fc-9cea-f356022eccef,2024,315726000.0,225328000.0,2026-08-18T11:48:58.773304
749e1e4f-4d7a-417f-8eea-ccfc95c079ac,4a2d94b5-783f-44fc-9cea-f356022eccef,2025,355293000.0,243601000.0,2026-08-18T11:48:58.773308
ad99d7a8-4e1a-4276-a5a8-d07913b36684,55b59d55-3332-4844-9cb2-c26dd2c955d7,2020,94841000.0,68055000.0,2026-08-18T11:48:58.773335
65b90723-209c-4005-95f4-d25dcbdf3f0a,55b59d55-3332-4844-9cb2-c26dd2c955d7,2021,106339000.0,76431000.0,2026-08-18T11:48:58.773338
10335151-d1de-4527-9aa5-87655387f714,55b59d55-3332-4844-9cb2-c26dd2c955d7,2022,115575000.0,69754000.0,2026-08-18T11:48:58.773343
243b9248-abbb-4cbb-bf03-ef4f599bcde7,55b59d55-3332-4844-9cb2-c26dd2c955d7,2023,125841000.0,86508000.0,2026-08-18T11:48:58.773346
ba46770d-08ef-4883-8da7-f28a9c0d21d8,55b59d55-3332-4844-9cb2-c26dd2c955d7,2024,131514000.0,80394000.0,2026-08-18T11:48:58.773349
b4a76148-22aa-4012-9db0-9c81ab5c4522,55b59d55-3332-4844-9cb2-c26dd2c955d7,2025,143035000.0,97852000.0,2026-08-18T11:48:58.773353
d1a7cf06-d5c2-4d94-aa3f-a261745fb432,00dba1f8-c36b-4918-9ba7-0760b1edac0c,2020,45870000.0,30623000.0,2026-08-18T11:48:58.773390
9117292a-18c0-455b-93f0-aac0ba74149c,00dba1f8-c36b-4918-9ba7-0760b1edac0c,2021,49050000.0,35055000.0,2026-08-18T11:48:58.773393
907ce166-d570-4e06-8a20-a0ebd29bee84,00dba1f8-c36b-4918-9ba7-0760b1edac0c,2022,50520000.0,34076000.0,2026-08-18T11:48:58.773396
e31d751e-48c4-44df-b808-7902d3698e17,00dba1f8-c36b-4918-9ba7-0760b1edac0c,2023,54146000.0,33906000.0,2026-08-18T11:48:58.773400
5c2df181-b971-494c-bae0-500b58550a7e,00dba1f8-c36b-4918-9ba7-0760b1edac0c,2024,58636000.0,41318000.0,2026-08-18T11:48:58.773403
b058231e-9fb7-4113-85c5-32dc489a0e4f,00dba1f8-c36b-4918-9ba7-0760b1edac0c,2025,65031000.0,43699000.0,2026-08-18T11:48:58.773406
8b028817-32c1-402e-b9aa-c399eb205a89,13e290c1-9af7-49ac-951c-a3e5024d182e,2020,11062000.0,7854000.0,2026-08-18T11:48:58.773442
5e9f7e9d-0f07-476e-855c-094fee7135d2,13e290c1-9af7-49ac-951c-a3e5024d182e,2021,12609000.0,8792000.0,2026-08-18T11:48:58.773446
ea6f7764-006f-48d5-88af-48ee4455c293,13e290c1-9af7-49ac-951c-a3e5024d182e,2022,13890000.0,9513000.0,2026-08-18T11:48:58.773449
c65626e0-0720-4255-a841-60627422af50,13e290c1-9af7-49ac-951c-a3e5024d182e,2023,15249000.0,9330000.0,2026-08-18T11:48:58.773452
47cd08c3-92ba-449f-b737-b2111ac1728b,13e290c1-9af7-49ac-951c-a3e5024d182e,2024,16494000.0,11210000.0,2026-08-18T11:48:58.773455
61882c58-feb9-45b5-ad11-690a72fcfacc,13e290c1-9af7-49ac-951c-a3e5024d182e,2025,17964000.0,11915000.0,2026-08-18T11:48:58.773458
27416ede-e5be-4bc6-b7e7-a12025715669,f12693ad-4f42-41af-8735-5a479d3b7e4a,2020,183618000.0,129422000.0,2026-08-18T11:48:58.773494
8b1bf4c9-150e-4a69-a735-85f31cc76311,f12693ad-4f42-41af-8735-5a479d3b7e4a,2021,196234000.0,130079000.0,2026-08-18T11:48:58.773497
9405dd9d-f28a-4ca5-91da-b1afd224c973,f12693ad-4f42-41af-8735-5a479d3b7e4a,2022,203807000.0,131353000.0,2026-08-18T11:48:58.773502
14d50282-68b0-4a13-a875-f2028e005a1a,f12693ad-4f42-41af-8735-5a479d3b7e4a,2023,225906000.0,160230000.0,2026-08-18T11:48:58.773508
37eb94d9-4cca-4ba1-9914-5fe5b6199b9a,f12693ad-4f42-41af-8735-5a479d3b7e4a,2024,234026000.0,167094000.0,2026-08-18T11:48:58.773512
135d19bf-1ae9-46f2-9571-3a5fa4c62533,f12693ad-4f42-41af-8735-5a479d3b7e4a,2025,263657000.0,180734000.0,2026-08-18T11:48:58.773515
c03a6c7a-06e8-4f6b-a208-058a2fe851b5,b7096a47-5ea6-488e-80a0-59c5ec5b794a,2020,97327000.0,58518000.0,2026-08-18T11:48:58.773551
6166c053-04b0-45ce-a16f-2f41c49dead4,b7096a47-5ea6-488e-80a0-59c5ec5b794a,2021,113154000.0,68460000.0,2026-08-18T11:48:58.773555
f93f4c69-96e5-4db7-96fd-82acd000e1e6,b7096a47-5ea6-488e-80a0-59c5ec5b794a,2022,128696000.0,79208000.0,2026-08-18T11:48:58.773558
2e67c9d6-b09d-49af-9638-67988e29e4a2,b7096a47-5ea6-488e-80a0-59c5ec5b794a,2023,145059000.0,88263000.0,2026-08-18T11:48:58.773561
69e42128-4755-482d-9fd8-2368f3ac109d,b7096a47-5ea6-488e-80a0-59c5ec5b794a,2024,158651000.0,98216000.0,2026-08-18T11:48:58.773565
c1d333e9-878a-4d39-8662-6264df434ada,b7096a47-5ea6-488e-80a0-59c5ec5b794a,2025,187115000.0,113762000.0,2026-08-18T11:48:58.773568
0c34b8e5-e910-49fe-af07-9dfc6bffc81c,20092629-f9c0-4c7b-b29e-cd06d381f9dd,2020,40823000.0,25420000.0,2026-08-18T11:48:58.773602
62c4c1f9-f3b3-4195-a420-c54795bc7903,20092629-f9c0-4c7b-b29e-cd06d381f9dd,2021,45195000.0,28841000.0,2026-08-18T11:48:58.773606
bcad994f-dafd-4117-afc9-0d6874b84fc1,20092629-f9c0-4c7b-b29e-cd06d381f9dd,2022,52866000.0,37737000.0,2026-08-18T11:48:58.773609
1cdc6d41-a26e-434e-9d8b-b5f8b2ef13b1,20092629-f9c0-4c7b-b29e-cd06d381f9dd,2023,59693000.0,42624000.0,2026-08-18T11:48:58.773612
170dc623-b6c7-442b-87b2-f03d2c2cf4fa,20092629-f9c0-4c7b-b29e-cd06d381f9dd,2024,70732000.0,45411000.0,2026-08-18T11:48:58.773615
87d28bed-31b0-4f06-8bee-b3a4075d9645,20092629-f9c0-4c7b-b29e-cd06d381f9dd,2025,77550000.0,52524000.0,2026-08-18T11:48:58.773618
7ec87823-b83f-4c2d-81ab-cb56249e1f97,47171aca-d95d-4b1d-9ea9-8c5eb430863e,2020,75717000.0,46734000.0,2026-08-18T11:48:58.773646
17c85956-bc22-46b4-a09f-ff533375d6c2,47171aca-d95d-4b1d-9ea9-8c5eb430863e,2021,85270000.0,53553000.0,2026-08-18T11:48:58.773649
91af4cda-1a8b-41eb-a9d9-f5ef3f85fc6e,47171aca-d95d-4b1d-9ea9-8c5eb430863e,2022,99266000.0,66263000.0,2026-08-18T11:48:58.773654
b17c7477-c879-4e80-b3a1-7d4df04ed2bd,47171aca-d95d-4b1d-9ea9-8c5eb430863e,2023,116592000.0,80710000.0,2026-08-18T11:48:58.773657
2d1f3091-069a-47ed-9a12-1cf8e89eada0,47171aca-d95d-4b1d-9ea9-8c5eb430863e,2024,128000000.0,80249000.0,2026-08-18T11:48:58.773661
1742661f-3e9a-4ac1-bd10-76c2b93e4ff5,47171aca-d95d-4b1d-9ea9-8c5eb430863e,2025,151087000.0,100871000.0,2026-08-18T11:48:58.773665
290f50b2-f3fd-46a5-a629-a8dff5c5d328,b15fecb2-0da6-41bf-b048-b179c021bbd7,2020,120719000.0,78984000.0,2026-08-18T11:48:58.773708
401ac935-4eca-4c56-9697-d06d1dbdc47b,b15fecb2-0da6-41bf-b048-b179c021bbd7,2021,141775000.0,92951000.0,2026-08-18T11:48:58.773712
bd065be9-e4c8-436f-8e3b-910accac2876,b15fecb2-0da6-41bf-b048-b179c021bbd7,2022,155916000.0,105999000.0,2026-08-18T11:48:58.773715
affd2464-b940-45f5-8867-7b96341a35de,b15fecb2-0da6-41bf-b048-b179c021bbd7,2023,175646000.0,116557000.0,2026-08-18T11:48:58.773718
40e363c6-cec4-413e-88f8-665ab30a6365,b15fecb2-0da6-41bf-b048-b179c021bbd7,2024,201745000.0,138298000.0,2026-08-18T11:48:58.773721
f43f0334-f63f-4448-9715-79724aab675e,b15fecb2-0da6-41bf-b048-b179c021bbd7,2025,234649000.0,167483000.0,2026-08-18T11:48:58.773724
46932065-b951-4112-8453-81be2aa4e6bd,b4276b45-d83e-4b3d-b97b-58cdaca56ea6,2020,103080000.0,71281000.0,2026-08-18T11:48:58.773760
cdfa6787-10bb-4a0e-8410-ec56aa12c4e8,b4276b45-d83e-4b3d-b97b-58cdaca56ea6,2021,110649000.0,74494000.0,2026-08-18T11:48:58.773763
d80cffbc-e569-4db2-90ee-aa88ee8855f0,b4276b45-d83e-4b3d-b97b-58cdaca56ea6,2022,122572000.0,81347000.0,2026-08-18T11:48:58.773766
d8fee7da-4c21-4b12-9086-03dda3d5a627,b4276b45-d83e-4b3d-b97b-58cdaca56ea6,2023,132494000.0,80058000.0,2026-08-18T11:48:58.773769
3ba4b4e8-7405-4ddf-b0d7-9b66fbfeb1cb,b4276b45-d83e-4b3d-b97b-58cdaca56ea6,2024,139808000.0,84981000.0,2026-08-18T11:48:58.773772
d4e43c34-85aa-4526-9ff7-d99d65c56097,b4276b45-d83e-4b3d-b97b-58cdaca56ea6,2025,151635000.0,107725000.0,2026-08-18T11:48:58.773776
0177d758-d692-4e00-baaf-f82aec63d139,daab69c2-1c9b-4fda-8504-596fcec68e1a,2020,367114000.0,263587000.0,2026-08-18T11:48:58.773804
0df70ac3-7785-46f9-b432-fd38e8000fff,daab69c2-1c9b-4fda-8504-596fcec68e1a,2021,414452000.0,293614000.0,2026-08-18T11:48:58.773808
a29ae077-e5d1-47f1-ad9d-c6b6eae30bc5,daab69c2-1c9b-4fda-8504-596fcec68e1a,2022,469615000.0,319181000.0,2026-08-18T11:48:58.773811
d68aba14-97b3-4fc3-9125-44bf91a4abcc,daab69c2-1c9b-4fda-8504-596fcec68e1a,2023,497921000.0,325336000.0,2026-08-18T11:48:58.773814
7c4575e7-c9e4-4d7f-a7f0-f8bd18bf36f9,daab69c2-1c9b-4fda-8504-596fcec68e1a,2024,575488000.0,354657000.0,2026-08-18T11:48:58.773817
845bc9f1-f900-46cc-b0d6-217fe92ee89d,daab69c2-1c9b-4fda-8504-596fcec68e1a,2025,627002000.0,404745000.0,2026-08-18T11:48:58.773820
db02233b-7ae3-45cb-ba81-82b281dfa926,25d0ccf9-951c-4f7d-ba65-f1ce61dc86f1,2020,490415000.0,310305000.0,2026-08-18T11:48:58.773866
a1a331a5-6295-4846-a886-3297ece54ac3,25d0ccf9-951c-4f7d-ba65-f1ce61dc86f1,2021,586291000.0,397976000.0,2026-08-18T11:48:58.773870
7c8ede64-61db-4089-aa5f-4ad66ccd2cd2,25d0ccf9-951c-4f7d-ba65-f1ce61dc86f1,2022,660870000.0,422924000.0,2026-08-18T11:48:58.773873
0760303d-fa8e-4f79-b48c-3cc7f18aa76c,25d0ccf9-951c-4f7d-ba65-f1ce61dc86f1,2023,731437000.0,515403000.0,2026-08-18T11:48:58.773876
d0a6bc51-4add-4a4a-9ee4-27d23720f906,25d0ccf9-951c-4f7d-ba65-f1ce61dc86f1,2024,887401000.0,533578000.0,2026-08-18T11:48:58.773879
5970521b-702f-4daa-bc41-b20a07f222f1,25d0ccf9-951c-4f7d-ba65-f1ce61dc86f1,2025,999175000.0,635800000.0,2026-08-18T11:48:58.773882
73a49272-c8d1-4124-97e6-acb997105a29,e7810a86-4679-47db-8d5b-ff16267fb2f5,2020,40223000.0,24556000.0,2026-08-18T11:48:58.773917
7f783401-34d7-44f9-b213-72f10cd9c475,e7810a86-4679-47db-8d5b-ff16267fb2f5,2021,44437000.0,30518000.0,2026-08-18T11:48:58.773920
b77a1df5-c6bb-4626-b0bc-6369a3553e19,e7810a86-4679-47db-8d5b-ff16267fb2f5,2022,51599000.0,33072000.0,2026-08-18T11:48:58.773923
b9b1acba-c98e-406a-b9c9-340f575001f0,e7810a86-4679-47db-8d5b-ff16267fb2f5,2023,58159000.0,35387000.0,2026-08-18T11:48:58.773927
e070d70f-92da-4cbe-ad30-27e9fecf4605,e7810a86-4679-47db-8d5b-ff16267fb2f5,2024,63651000.0,45566000.0,2026-08-18T11:48:58.773930
c6b7886b-0165-4098-95f9-0d932eb8dfb0,e7810a86-4679-47db-8d5b-ff16267fb2f5,2025,72657000.0,49096000.0,2026-08-18T11:48:58.773933
c3916ff6-52f9-4635-8821-8701e32fafdb,a74c0f51-2711-43a6-ae4e-d02cfa97a296,2020,104382000.0,73413000.0,2026-08-18T11:48:58.773961
c576772d-698d-4510-83f9-0f78cef5553a,a74c0f51-2711-43a6-ae4e-d02cfa97a296,2021,116748000.0,77160000.0,2026-08-18T11:48:58.773964
83cacc02-7f79-4ad9-98cb-c90e30203289,a74c0f51-2711-43a6-ae4e-d02cfa97a296,2022,128874000.0,92390000.0,2026-08-18T11:48:58.773968
40769206-5da8-47bb-b883-cca7fe7e6123,a74c0f51-2711-43a6-ae4e-d02cfa97a296,2023,147082000.0,103749000.0,2026-08-18T11:48:58.773971
2c760119-f883-4eb7-898d-aeb38511a17d,a74c0f51-2711-43a6-ae4e-d02cfa97a296,2024,169139000.0,105326000.0,2026-08-18T11:48:58.773974
e1934579-42cf-448e-91d5-faf3076235f8,a74c0f51-2711-43a6-ae4e-d02cfa97a296,2025,185731000.0,128414000.0,2026-08-18T11:48:58.773977
dfab8687-6d2d-4588-8678-a4c9767edbc8,d0f17087-6782-48e9-93bb-c841e3ea5a64,2020,108408000.0,65201000.0,2026-08-18T11:48:58.774005
bbc2c823-4a79-4078-a84a-78588de97d00,d0f17087-6782-48e9-93bb-c841e3ea5a64,2021,122830000.0,74998000.0,2026-08-18T11:48:58.774009
ebd8924e-762a-41f6-a164-4b5ccb149d92,d0f17087-6782-48e9-93bb-c841e3ea5a64,2022,137657000.0,97731000.0,2026-08-18T11:48:58.774013
0c1d8b31-5d79-4a9b-a92d-7351c12afa7d,d0f17087-6782-48e9-93bb-c841e3ea5a64,2023,153605000.0,104717000.0,2026-08-18T11:48:58.774016
1a85d381-8367-4d66-8c2c-d19e265c81f6,d0f17087-6782-48e9-93bb-c841e3ea5a64,2024,177081000.0,107649000.0,2026-08-18T11:48:58.774020
8edaf84b-f8f7-4b1a-87cd-4969ae47d0f5,d0f17087-6782-48e9-93bb-c841e3ea5a64,2025,195362000.0,136903000.0,2026-08-18T11:48:58.774023
1226364d-000f-484f-8a82-75694d1f87b5,84b6400e-abc4-4c31-a1c5-45969cba03ff,2020,430545000.0,290990000.0,2026-08-18T11:48:58.774052
c53864c0-4ba2-485a-a86d-2b27c51e35d2,84b6400e-abc4-4c31-a1c5-45969cba03ff,2021,455365000.0,273981000.0,2026-08-18T11:48:58.774055
546bff57-2ef0-4be9-8b1f-45f074105443,84b6400e-abc4-4c31-a1c5-45969cba03ff,2022,510580000.0,346895000.0,2026-08-18T11:48:58.774058
e021f037-646f-4b75-a22c-50071eafe2be,84b6400e-abc4-4c31-a1c5-45969cba03ff,2023,538857000.0,361655000.0,2026-08-18T11:48:58.774061
ea9859c7-3c4c-42be-a965-18d1bd076bd3,84b6400e-abc4-4c31-a1c5-45969cba03ff,2024,590633000.0,361102000.0,2026-08-18T11:48:58.774065
87d23e5f-c86c-4933-89d3-042f2cc4670a,84b6400e-abc4-4c31-a1c5-45969cba03ff,2025,655148000.0,404874000.0,2026-08-18T11:48:58.774068
4dc2665d-f7cd-4766-88cb-c3055177798f,60d5eafe-b467-4a92-8134-e2c0e9a40efe,2020,169950000.0,102234000.0,2026-08-18T11:48:58.774094
27bf3f48-97b8-443d-ba34-466699723504,60d5eafe-b467-4a92-8134-e2c0e9a40efe,2021,191514000.0,118553000.0,2026-08-18T11:48:58.774100
4ef0c52d-80d1-4fef-b201-b51c0f2c5e8a,60d5eafe-b467-4a92-8134-e2c0e9a40efe,2022,221484000.0,151071000.0,2026-08-18T11:48:58.774103
4a0a3b10-4614-466e-883b-0ca3451c0ec2,60d5eafe-b467-4a92-8134-e2c0e9a40efe,2023,248213000.0,152557000.0,2026-08-18T11:48:58.774106
5998a808-693d-40bd-9e56-2dd9e29b562f,60d5eafe-b467-4a92-8134-e2c0e9a40efe,2024,276464000.0,175231000.0,2026-08-18T11:48:58.774109
90b10dc1-f730-405f-bad6-c9fccddb3b8b,60d5eafe-b467-4a92-8134-e2c0e9a40efe,2025,325046000.0,226510000.0,2026-08-18T11:48:58.774112
cebbeea1-8c48-4823-a71a-d58b12cf1f49,a4bb2559-0e40-4558-a4a8-fcdab63184f6,2020,38985000.0,26353000.0,2026-08-18T11:48:58.774156
c7f04a11-dbeb-4891-ae37-ad5b5c4bb84d,a4bb2559-0e40-4558-a4a8-fcdab63184f6,2021,42104000.0,29430000.0,2026-08-18T11:48:58.774160
44bf4148-5c2f-4dbe-a649-b42aab502b1c,a4bb2559-0e40-4558-a4a8-fcdab63184f6,2022,45676000.0,28207000.0,2026-08-18T11:48:58.774164
bb1e5d71-c9f7-45b4-98c7-edd2fac5ba39,a4bb2559-0e40-4558-a4a8-fcdab63184f6,2023,48471000.0,30944000.0,2026-08-18T11:48:58.774168
7b64959e-cb6b-4b3d-8ac6-fd1f115929a1,a4bb2559-0e40-4558-a4a8-fcdab63184f6,2024,54350000.0,36554000.0,2026-08-18T11:48:58.774171
d8f59f3c-0967-4fef-9ea7-1c4e24585282,a4bb2559-0e40-4558-a4a8-fcdab63184f6,2025,56883000.0,39755000.0,2026-08-18T11:48:58.774174
18c3e844-a4af-4b22-b9e2-3a24a24134d9,d2930542-a0a7-43fb-8c0d-efd5712da211,2020,199022000.0,142248000.0,2026-08-18T11:48:58.774209
666cb116-39f3-487b-b0e9-7655463431ef,d2930542-a0a7-43fb-8c0d-efd5712da211,2021,215486000.0,151730000.0,2026-08-18T11:48:58.774212
a727f726-acbd-4bd6-88b9-81f4804fa1cc,d2930542-a0a7-43fb-8c0d-efd5712da211,2022,239519000.0,154312000.0,2026-08-18T11:48:58.774215
be24b816-8c33-41ec-9158-e332cf97319a,d2930542-a0a7-43fb-8c0d-efd5712da211,2023,255725000.0,175545000.0,2026-08-18T11:48:58.774218
7e0c0c1b-a4b7-49ff-bc0a-dffdee004bad,d2930542-a0a7-43fb-8c0d-efd5712da211,2024,280905000.0,189742000.0,2026-08-18T11:48:58.774221
49886389-1d74-485f-96ea-194b59d9950a,d2930542-a0a7-43fb-8c0d-efd5712da211,2025,305980000.0,198111000.0,2026-08-18T11:48:58.774224
bac287c0-ea50-4567-b9c2-f3ce33d575d3,7b0c658f-91be-4686-8406-d56ce1fe8bdd,2020,59594000.0,41211000.0,2026-08-18T11:48:58.774259
8a84544b-de6b-45ab-8bde-30b43ef9a1fb,7b0c658f-91be-4686-8406-d56ce1fe8bdd,2021,67568000.0,42385000.0,2026-08-18T11:48:58.774263
7d9740c4-8906-4135-8c89-a4e387aff76c,7b0c658f-91be-4686-8406-d56ce1fe8bdd,2022,69918000.0,47686000.0,2026-08-18T11:48:58.774266
ba2a0c03-846c-433f-91df-2ddb641a469c,7b0c658f-91be-4686-8406-d56ce1fe8bdd,2023,75820000.0,51341000.0,2026-08-18T11:48:58.774269
338d28af-7ed6-42b2-8a7c-836cd293c91a,7b0c658f-91be-4686-8406-d56ce1fe8bdd,2024,85809000.0,56415000.0,2026-08-18T11:48:58.774272
49220ae3-2fb6-4561-9ed7-f931eb3821ea,7b0c658f-91be-4686-8406-d56ce1fe8bdd,2025,89617000.0,61927000.0,2026-08-18T11:48:58.774275
79257aef-c8ad-4a16-abb0-bc9c4e53603e,71d78824-38f2-4d50-b1e8-fe37e19d43dd,2020,29281000.0,19704000.0,2026-08-18T11:48:58.774309
55b86c1d-9820-4ec6-81a8-454e9f277ef5,71d78824-38f2-4d50-b1e8-fe37e19d43dd,2021,31962000.0,20432000.0,2026-08-18T11:48:58.774314
37b5dab3-d4b8-426d-b3fe-887935a03188,71d78824-38f2-4d50-b1e8-fe37e19d43dd,2022,34453000.0,21164000.0,2026-08-18T11:48:58.774317
83aaa5ee-1ea3-472b-8c55-91f42eeddbf1,71d78824-38f2-4d50-b1e8-fe37e19d43dd,2023,37362000.0,22546000.0,2026-08-18T11:48:58.774320
37a36213-1fc5-4388-8a9f-8ecada529a98,71d78824-38f2-4d50-b1e8-fe37e19d43dd,2024,41237000.0,27966000.0,2026-08-18T11:48:58.774323
679b3f77-15f8-4827-9e0f-0dbc70473257,71d78824-38f2-4d50-b1e8-fe37e19d43dd,2025,44407000.0,28806000.0,2026-08-18T11:48:58.774328
41834ce0-21bf-4113-8857-9f34e1014e61,02edf01d-1874-44cc-8767-2089b50be363,2020,146908000.0,104836000.0,2026-08-18T11:48:58.774371
57cdbbdf-ee7d-4c73-a11c-cd8cd422b025,02edf01d-1874-44cc-8767-2089b50be363,2021,165175000.0,105120000.0,2026-08-18T11:48:58.774374
9dcc2e02-78ab-4c06-8d26-3f829338bc67,02edf01d-1874-44cc-8767-2089b50be363,2022,178985000.0,119593000.0,2026-08-18T11:48:58.774377
03bf43e6-0931-48f5-a91e-da9cc857ddb3,02edf01d-1874-44cc-8767-2089b50be363,2023,197693000.0,119886000.0,2026-08-18T11:48:58.774382
37b3a8ff-f445-4bf2-a416-c59cb51ef3bd,02edf01d-1874-44cc-8767-2089b50be363,2024,222083000.0,138334000.0,2026-08-18T11:48:58.774385
e1494549-bbb5-41c2-acc9-1004af0230ec,02edf01d-1874-44cc-8767-2089b50be363,2025,251786000.0,177553000.0,2026-08-18T11:48:58.774388
78bc762e-8309-4516-99b0-352484e0ed48,1e17611e-3f7a-4c26-8042-5bee7f161904,2020,56182000.0,36625000.0,2026-08-18T11:48:58.774417
df642b85-b896-42a8-bd3a-6870bd84ba65,1e17611e-3f7a-4c26-8042-5bee7f161904,2021,63446000.0,39400000.0,2026-08-18T11:48:58.774420
3e8a7788-0dee-470e-b36a-c2ed332628d6,1e17611e-3f7a-4c26-8042-5bee7f161904,2022,67904000.0,48055000.0,2026-08-18T11:48:58.774424
be5e4c9a-af58-4b1a-9ed5-d4f4058b18b7,1e17611e-3f7a-4c26-8042-5bee7f161904,2023,77678000.0,55550000.0,2026-08-18T11:48:58.774427
a2eacfdf-2607-47da-b7f3-edce7d8728c5,1e17611e-3f7a-4c26-8042-5bee7f161904,2024,86577000.0,59322000.0,2026-08-18T11:48:58.774430
bc3652eb-3efd-442a-a902-d100323e88f7,1e17611e-3f7a-4c26-8042-5bee7f161904,2025,94371000.0,58918000.0,2026-08-18T11:48:58.774433
9b0fe63b-3bbb-437f-b476-67146fe31c84,38d79479-3ff1-4b7b-8e18-8c806288b29e,2020,178141000.0,109827000.0,2026-08-18T11:48:58.775423
3f0ba6b8-07a2-4b95-9cfa-6c7e93cbf3b7,38d79479-3ff1-4b7b-8e18-8c806288b29e,2021,199688000.0,135280000.0,2026-08-18T11:48:58.775428
d8549b15-3425-4cfe-b0ae-d7b8fb3962fb,38d79479-3ff1-4b7b-8e18-8c806288b29e,2022,209084000.0,138979000.0,2026-08-18T11:48:58.775431
2e019aa5-47f2-4ed0-8c6e-bbaa43a882d7,38d79479-3ff1-4b7b-8e18-8c806288b29e,2023,228276000.0,161338000.0,2026-08-18T11:48:58.775435
12365331-01cc-452d-8fe3-b70fbfead9c6,38d79479-3ff1-4b7b-8e18-8c806288b29e,2024,240919000.0,171100000.0,2026-08-18T11:48:58.775438
bbf8c43a-7654-4b22-b7c2-4c269c8c6eae,38d79479-3ff1-4b7b-8e18-8c806288b29e,2025,269495000.0,166388000.0,2026-08-18T11:48:58.775441
b2d746cc-2500-4725-bf09-24a45329d63f,a0c70116-9598-445b-92d4-f6a70355e41c,2020,114805000.0,78443000.0,2026-08-18T11:48:58.775485
e8c46164-e921-4148-be1c-c26e66dfa4e4,a0c70116-9598-445b-92d4-f6a70355e41c,2021,133469000.0,91552000.0,2026-08-18T11:48:58.775492
e90ab4f4-5111-4af2-aef6-399426921e55,a0c70116-9598-445b-92d4-f6a70355e41c,2022,150924000.0,108109000.0,2026-08-18T11:48:58.775495
88f0683e-d63c-4c11-bad4-cf82d156febc,a0c70116-9598-445b-92d4-f6a70355e41c,2023,168338000.0,111006000.0,2026-08-18T11:48:58.775498
1e11ba0b-eb69-40fe-89f0-76b03af0ae3f,a0c70116-9598-445b-92d4-f6a70355e41c,2024,190083000.0,129901000.0,2026-08-18T11:48:58.775501
fa5b7394-6b4d-493c-9c3e-409d5dbde7ad,a0c70116-9598-445b-92d4-f6a70355e41c,2025,205577000.0,141991000.0,2026-08-18T11:48:58.775504
f95691b1-9f7a-4e68-954e-e376e36ecca6,c53ccb0f-4a53-4acb-a3e8-307e0fefe4da,2020,216908000.0,142934000.0,2026-08-18T11:48:58.775536
108dfbc4-1e93-4f7f-a9f6-631b30d48c6b,c53ccb0f-4a53-4acb-a3e8-307e0fefe4da,2021,242605000.0,154868000.0,2026-08-18T11:48:58.775539
5199e2a8-c487-4649-88ae-a805f6883469,c53ccb0f-4a53-4acb-a3e8-307e0fefe4da,2022,271511000.0,185734000.0,2026-08-18T11:48:58.775542
f7976e18-e5be-4d86-96c2-c5782fdb4f2b,c53ccb0f-4a53-4acb-a3e8-307e0fefe4da,2023,319445000.0,206378000.0,2026-08-18T11:48:58.775545
c14b84f0-2977-44a0-94d7-145421b3f8cb,c53ccb0f-4a53-4acb-a3e8-307e0fefe4da,2024,350754000.0,214578000.0,2026-08-18T11:48:58.775548
20967ca3-49c4-4c5d-92b4-20daea8b00ee,c53ccb0f-4a53-4acb-a3e8-307e0fefe4da,2025,396073000.0,267123000.0,2026-08-18T11:48:58.775551
9d3167cc-11af-4315-a68f-dc3a4d244fc4,b83d6b36-caf2-44c0-a9f7-506b3ec4e0b1,2020,589000.0,385000.0,2026-08-18T11:48:58.775594
dad7149f-3d23-45fd-9a4a-14387474ae6e,b83d6b36-caf2-44c0-a9f7-506b3ec4e0b1,2021,682000.0,412000.0,2026-08-18T11:48:58.775599
e8d9a9d6-2c42-4679-a2fd-be84f4adadf2,b83d6b36-caf2-44c0-a9f7-506b3ec4e0b1,2022,746000.0,486000.0,2026-08-18T11:48:58.775602
fa4cc8bd-0edf-49f4-81d0-23b08dca536a,b83d6b36-caf2-44c0-a9f7-506b3ec4e0b1,2023,833000.0,597000.0,2026-08-18T11:48:58.775605
def2bf3b-41c2-44b1-b710-53d77b877bcb,b83d6b36-caf2-44c0-a9f7-506b3ec4e0b1,2024,893000.0,587000.0,2026-08-18T11:48:58.775608
3e17edde-1904-4c60-8cc0-fecfff262d3f,b83d6b36-caf2-44c0-a9f7-506b3ec4e0b1,2025,1003000.0,648000.0,2026-08-18T11:48:58.775611
dc312440-fc15-4f3a-b98e-0b144c04df6a,7b698920-0b36-4f45-9d73-6e959c5cdaad,2020,1739000.0,1160000.0,2026-08-18T11:48:58.775639
5839edf2-5d0c-4fe6-8e80-7ce30d4eacf5,7b698920-0b36-4f45-9d73-6e959c5cdaad,2021,1943000.0,1181000.0,2026-08-18T11:48:58.775643
cdf11a43-dbfb-4844-9020-e6aceef9430a,7b698920-0b36-4f45-9d73-6e959c5cdaad,2022,2132000.0,1522000.0,2026-08-18T11:48:58.775652
3352ea2c-bc8a-4ba4-8a55-b53c105dae11,7b698920-0b36-4f45-9d73-6e959c5cdaad,2023,2376000.0,1540000.0,2026-08-18T11:48:58.775656
07c14e35-d248-420f-9520-4da0d82124e2,7b698920-0b36-4f45-9d73-6e959c5cdaad,2024,2721000.0,1929000.0,2026-08-18T11:48:58.775659
060d6a17-56bb-4006-b0a3-181a2b042a04,7b698920-0b36-4f45-9d73-6e959c5cdaad,2025,3007000.0,1848000.0,2026-08-18T11:48:58.775662
2750d868-d3d3-4e28-857c-999e6184fdcf,fbeafd2d-ca8b-4967-8a3e-ae419fe30184,2020,2799000.0,1968000.0,2026-08-18T11:48:58.775695
8e068285-7e2b-41ae-af21-f42c7c4bc5b8,fbeafd2d-ca8b-4967-8a3e-ae419fe30184,2021,3004000.0,1870000.0,2026-08-18T11:48:58.775698
b563adc2-25be-4a72-a9cd-904458c51260,fbeafd2d-ca8b-4967-8a3e-ae419fe30184,2022,3185000.0,2094000.0,2026-08-18T11:48:58.775701
bb3d9a30-f7ef-4c10-9f4b-e9dfda67b3b2,fbeafd2d-ca8b-4967-8a3e-ae419fe30184,2023,3365000.0,2176000.0,2026-08-18T11:48:58.775704
c3675dba-23f8-4c5c-9d91-6435e3cf0bf9,fbeafd2d-ca8b-4967-8a3e-ae419fe30184,2024,3757000.0,2498000.0,2026-08-18T11:48:58.775708
c92e1e75-0017-48de-9019-a94daecd1846,fbeafd2d-ca8b-4967-8a3e-ae419fe30184,2025,4102000.0,2533000.0,2026-08-18T11:48:58.775711
ce1e69ff-04e2-49b6-81df-9d307e3be46e,fd60a5c1-33e1-4368-926a-7bcdaee81674,2020,1209000.0,747000.0,2026-08-18T11:48:58.775752
a73c101e-348d-4774-96cf-071053f45d6f,fd60a5c1-33e1-4368-926a-7bcdaee81674,2021,1283000.0,827000.0,2026-08-18T11:48:58.775756
860df2e8-9d02-4630-b27a-0866af22c552,fd60a5c1-33e1-4368-926a-7bcdaee81674,2022,1361000.0,892000.0,2026-08-18T11:48:58.775759
7e94d1f9-183f-43bc-933a-4789c60d8ec3,fd60a5c1-33e1-4368-926a-7bcdaee81674,2023,1502000.0,1067000.0,2026-08-18T11:48:58.775765
7629e55d-ba8b-4a83-9a81-54d92f057aaf,fd60a5c1-33e1-4368-926a-7bcdaee81674,2024,1569000.0,1042000.0,2026-08-18T11:48:58.775768
88216e0d-6a47-40ec-8262-3389d837d177,fd60a5c1-33e1-4368-926a-7bcdaee81674,2025,1692000.0,1078000.0,2026-08-18T11:48:58.775771
8c133cdb-c30c-4faa-b920-4623ffed1254,6d220f93-857c-4671-b702-8833a96e0a6b,2020,3875000.0,2682000.0,2026-08-18T11:48:58.775809
ef9e55a3-30a0-41f8-9257-3fb0d65c449c,6d220f93-857c-4671-b702-8833a96e0a6b,2021,4337000.0,2675000.0,2026-08-18T11:48:58.775812
76f190a0-ee82-405d-8106-7edabc27d5fd,6d220f93-857c-4671-b702-8833a96e0a6b,2022,4754000.0,3021000.0,2026-08-18T11:48:58.775815
9fb63abc-f80e-4489-b033-c25ad6555084,6d220f93-857c-4671-b702-8833a96e0a6b,2023,5222000.0,3360000.0,2026-08-18T11:48:58.775819
bc025f7a-0bdc-457b-8d6b-890bb0af760d,6d220f93-857c-4671-b702-8833a96e0a6b,2024,5715000.0,3649000.0,2026-08-18T11:48:58.775822
1a7bfd51-6d79-4357-812a-79807747098b,6d220f93-857c-4671-b702-8833a96e0a6b,2025,6406000.0,4291000.0,2026-08-18T11:48:58.775826
b985fa20-4153-4c9d-962b-cb3e911f9a1b,34e2becc-8793-44bc-9f87-c78e86c951b8,2020,670000.0,453000.0,2026-08-18T11:48:58.775859
aa859c6e-2b4c-4a12-9257-1023d637c95c,34e2becc-8793-44bc-9f87-c78e86c951b8,2021,710000.0,435000.0,2026-08-18T11:48:58.775862
39468cf6-53b0-4487-bb2b-6053dc85ed36,34e2becc-8793-44bc-9f87-c78e86c951b8,2022,773000.0,493000.0,2026-08-18T11:48:58.775865
86b567f1-c4f5-4cdb-bd9c-9d1a0e056b38,34e2becc-8793-44bc-9f87-c78e86c951b8,2023,828000.0,509000.0,2026-08-18T11:48:58.775868
033daee9-cc69-4f58-8e18-cded8f4d0b0c,34e2becc-8793-44bc-9f87-c78e86c951b8,2024,938000.0,675000.0,2026-08-18T11:48:58.775871
f420d3de-97c7-4e16-b5a1-6f4eca972dc5,34e2becc-8793-44bc-9f87-c78e86c951b8,2025,980000.0,596000.0,2026-08-18T11:48:58.775876
bd4a2c5d-6c63-4f6a-9dbf-39faafa36141,c3688043-5e1b-4b86-875b-5c05f12c5e2b,2020,715000.0,444000.0,2026-08-18T11:48:58.775920
54d726ec-4c89-4528-a54f-8f4740b709af,c3688043-5e1b-4b86-875b-5c05f12c5e2b,2021,794000.0,487000.0,2026-08-18T11:48:58.775923
13d6408a-8f7c-49ee-af32-714f5ea88ffb,c3688043-5e1b-4b86-875b-5c05f12c5e2b,2022,880000.0,561000.0,2026-08-18T11:48:58.775926
63ba2a87-2fa4-49b2-89cc-f67db79342f2,c3688043-5e1b-4b86-875b-5c05f12c5e2b,2023,994000.0,668000.0,2026-08-18T11:48:58.775930
86920083-1d95-4734-bcd7-8d95b45fe8f4,c3688043-5e1b-4b86-875b-5c05f12c5e2b,2024,1088000.0,681000.0,2026-08-18T11:48:58.775933
a3f2df70-4e75-44b7-bc62-1e9093aa96f8,c3688043-5e1b-4b86-875b-5c05f12c5e2b,2025,1183000.0,721000.0,2026-08-18T11:48:58.775936
d37195b8-7482-4f2f-9a2b-728280aad40a,08405571-b89f-49f5-840d-0e17e45e5a7c,2020,4842000.0,3106000.0,2026-08-18T11:48:58.775975
7314e790-42db-4b19-a52f-dfc9168add34,08405571-b89f-49f5-840d-0e17e45e5a7c,2021,5488000.0,3616000.0,2026-08-18T11:48:58.775978
47ad3cd7-f8e3-474b-b04a-f12f9bc88aae,08405571-b89f-49f5-840d-0e17e45e5a7c,2022,6353000.0,4505000.0,2026-08-18T11:48:58.775981
000c3ec2-5970-4263-b192-fbd76bb122e1,08405571-b89f-49f5-840d-0e17e45e5a7c,2023,6933000.0,4372000.0,2026-08-18T11:48:58.775984
adc76995-9da9-47c6-98d5-a606f3e0c296,08405571-b89f-49f5-840d-0e17e45e5a7c,2024,7930000.0,5107000.0,2026-08-18T11:48:58.775987
eb42da5e-b588-4b26-a04d-7e18403b1d94,08405571-b89f-49f5-840d-0e17e45e5a7c,2025,9414000.0,6189000.0,2026-08-18T11:48:58.775992
8451c597-27ee-479a-990e-a35cc6f688b3,78a4e7a8-004a-4085-8b9d-3170ced5b1a4,2020,5244000.0,3292000.0,2026-08-18T11:48:58.776020
47b2b3e7-08c3-4fd6-bae2-220ba2ad2348,78a4e7a8-004a-4085-8b9d-3170ced5b1a4,2021,5594000.0,3391000.0,2026-08-18T11:48:58.776023
7b767a57-2ae3-48ce-9e4f-270d54d542e2,78a4e7a8-004a-4085-8b9d-3170ced5b1a4,2022,6337000.0,4399000.0,2026-08-18T11:48:58.776026
789871fa-25c5-443a-ac1e-c1a16d477208,78a4e7a8-004a-4085-8b9d-3170ced5b1a4,2023,7062000.0,5035000.0,2026-08-18T11:48:58.776029
8f738964-b02d-4864-92d3-358779fe9977,78a4e7a8-004a-4085-8b9d-3170ced5b1a4,2024,7381000.0,4914000.0,2026-08-18T11:48:58.776032
15e26cb4-286c-4c66-b0b5-30c65e81e3e6,78a4e7a8-004a-4085-8b9d-3170ced5b1a4,2025,8461000.0,5985000.0,2026-08-18T11:48:58.776035
3b480079-145c-4e43-ad80-a097eb72aac6,2e11c2c4-6dcc-442c-9ee4-36754871d6e6,2020,4601000.0,3303000.0,2026-08-18T11:48:58.776077
644125d8-9852-4496-925d-89aa35db7a51,2e11c2c4-6dcc-442c-9ee4-36754871d6e6,2021,5176000.0,3284000.0,2026-08-18T11:48:58.776081
b20324b0-9556-4394-ba31-14e70666a6c9,2e11c2c4-6dcc-442c-9ee4-36754871d6e6,2022,5929000.0,3906000.0,2026-08-18T11:48:58.776084
e4cd2ff0-c43e-4ce9-91c0-d09eb0403ecb,2e11c2c4-6dcc-442c-9ee4-36754871d6e6,2023,6721000.0,4476000.0,2026-08-18T11:48:58.776087
0066478e-fae3-4d9f-bbd7-70d0cbf6eef8,2e11c2c4-6dcc-442c-9ee4-36754871d6e6,2024,7505000.0,5303000.0,2026-08-18T11:48:58.776090
684e382f-f6d8-4e0d-81c4-eaa000f5594d,2e11c2c4-6dcc-442c-9ee4-36754871d6e6,2025,8265000.0,5601000.0,2026-08-18T11:48:58.776094
171425a4-9ac2-49c0-a18e-ffe2b4425cec,b2b41034-366b-4605-b718-81017bc8991c,2020,3997000.0,2704000.0,2026-08-18T11:48:58.776119
5a409f77-aa4b-4ff0-8557-2b794e26c3d7,b2b41034-366b-4605-b718-81017bc8991c,2021,4207000.0,2961000.0,2026-08-18T11:48:58.776122
31d6fad2-1052-4954-b7f9-b6f185d90716,b2b41034-366b-4605-b718-81017bc8991c,2022,4685000.0,3232000.0,2026-08-18T11:48:58.776125
49f8c3fc-b24a-4a5b-8917-03e4b48301b5,b2b41034-366b-4605-b718-81017bc8991c,2023,4977000.0,3167000.0,2026-08-18T11:48:58.776128
6a972e44-b58d-4adf-98ef-77a940515f69,b2b41034-366b-4605-b718-81017bc8991c,2024,5203000.0,3132000.0,2026-08-18T11:48:58.776131
defc8994-6cfe-4445-83e3-ecc10b6f1a17,b2b41034-366b-4605-b718-81017bc8991c,2025,5568000.0,3634000.0,2026-08-18T11:48:58.776134
a0ad4939-9104-497e-819c-9bff1854d213,ad218987-b078-40a1-9b43-8c2feee8a6cd,2020,3332000.0,2202000.0,2026-08-18T11:48:58.776167
3db6cdaa-5c25-4fe5-9f73-da994aca2b64,ad218987-b078-40a1-9b43-8c2feee8a6cd,2021,3588000.0,2196000.0,2026-08-18T11:48:58.776170
02b00601-6d58-491d-94f9-f78c6f1cffd4,ad218987-b078-40a1-9b43-8c2feee8a6cd,2022,4112000.0,2744000.0,2026-08-18T11:48:58.776173
061e3a56-ad44-4333-8196-340f19c3b4a7,ad218987-b078-40a1-9b43-8c2feee8a6cd,2023,4326000.0,2860000.0,2026-08-18T11:48:58.776176
a86afe7f-2712-468b-b198-6d753f52d22d,ad218987-b078-40a1-9b43-8c2feee8a6cd,2024,4911000.0,3165000.0,2026-08-18T11:48:58.776180
f43ad445-291b-4d97-a9d9-e2772968c3a2,ad218987-b078-40a1-9b43-8c2feee8a6cd,2025,5326000.0,3409000.0,2026-08-18T11:48:58.776183
88913cfa-b2dd-48ac-81ef-b9140f55ce57,d131b7d9-7505-4054-ad24-069aad961c28,2020,686000.0,423000.0,2026-08-18T11:48:58.776217
dc536783-b3c2-4cc5-b68f-622c2f6385cb,d131b7d9-7505-4054-ad24-069aad961c28,2021,755000.0,471000.0,2026-08-18T11:48:58.776220
e12c8ecd-da1e-4bcb-a43d-32cf93018082,d131b7d9-7505-4054-ad24-069aad961c28,2022,829000.0,585000.0,2026-08-18T11:48:58.776224
ec9b55a6-2b67-4296-899e-78c31d330e06,d131b7d9-7505-4054-ad24-069aad961c28,2023,871000.0,582000.0,2026-08-18T11:48:58.776227
d8258453-cc12-44c9-9c32-d3481b852142,d131b7d9-7505-4054-ad24-069aad961c28,2024,967000.0,605000.0,2026-08-18T11:48:58.776230
6f5bbae2-0c42-4890-be5f-199bd2e20a1c,d131b7d9-7505-4054-ad24-069aad961c28,2025,1038000.0,643000.0,2026-08-18T11:48:58.776233
3375bcbd-c5dd-437b-b609-4f41a496b990,36df7968-9d36-4103-add7-4f81fcc5f176,2020,1540000.0,1018000.0,2026-08-18T11:48:58.776259
e44548b0-108f-4a39-b85e-bc54df625e76,36df7968-9d36-4103-add7-4f81fcc5f176,2021,1725000.0,1185000.0,2026-08-18T11:48:58.776262
620ca261-d2b5-4295-8ece-938ae4abfa17,36df7968-9d36-4103-add7-4f81fcc5f176,2022,1902000.0,1359000.0,2026-08-18T11:48:58.776265
f4768076-4438-47cf-be75-64ede3f18071,36df7968-9d36-4103-add7-4f81fcc5f176,2023,2096000.0,1475000.0,2026-08-18T11:48:58.776268
8af6c5ca-a279-4a2e-a96f-45e278c045ad,36df7968-9d36-4103-add7-4f81fcc5f176,2024,2296000.0,1418000.0,2026-08-18T11:48:58.776271
414455aa-e38b-40b2-8853-dc50f56e3833,36df7968-9d36-4103-add7-4f81fcc5f176,2025,2564000.0,1779000.0,2026-08-18T11:48:58.776274
0f755084-ee16-4831-8956-bf59606e6763,312444b7-03d8-4e54-a70c-ea86683559c0,2020,2893000.0,1793000.0,2026-08-18T11:48:58.776307
662c060c-555b-4e9f-b400-130c2e9ce46f,312444b7-03d8-4e54-a70c-ea86683559c0,2021,3076000.0,1966000.0,2026-08-18T11:48:58.776311
32450b46-1309-48ac-baa2-3dcf82d8c48f,312444b7-03d8-4e54-a70c-ea86683559c0,2022,3407000.0,2078000.0,2026-08-18T11:48:58.776315
b866ad5a-391f-4a1e-9b6f-f4b22c47b272,312444b7-03d8-4e54-a70c-ea86683559c0,2023,3657000.0,2544000.0,2026-08-18T11:48:58.776319
e36a5a88-a226-49d5-9061-83530b6d8fc9,312444b7-03d8-4e54-a70c-ea86683559c0,2024,3979000.0,2645000.0,2026-08-18T11:48:58.776322
0d53b45a-f5d4-4288-9493-ab22ca4c76dd,312444b7-03d8-4e54-a70c-ea86683559c0,2025,4479000.0,2737000.0,2026-08-18T11:48:58.776325
7e44e3c1-69da-444b-acf2-ae48df93e05c,e4d28703-62e8-4c12-bf43-8c71c728cd83,2020,3920000.0,2733000.0,2026-08-18T11:48:58.776367
455c7228-1397-416e-b4f6-24608d1897f2,e4d28703-62e8-4c12-bf43-8c71c728cd83,2021,4315000.0,2852000.0,2026-08-18T11:48:58.776370
8d51b08c-b637-4dc2-98a8-1a70cff93d37,e4d28703-62e8-4c12-bf43-8c71c728cd83,2022,4827000.0,3305000.0,2026-08-18T11:48:58.776373
3f84a325-2c98-459c-9ac7-94e6608707f7,e4d28703-62e8-4c12-bf43-8c71c728cd83,2023,5457000.0,3803000.0,2026-08-18T11:48:58.776376
4a0e4c9d-8ea4-41c8-b40d-79c6e21da670,e4d28703-62e8-4c12-bf43-8c71c728cd83,2024,6068000.0,4358000.0,2026-08-18T11:48:58.776379
31278f60-07f0-41ff-b280-baccf7786167,e4d28703-62e8-4c12-bf43-8c71c728cd83,2025,6847000.0,4377000.0,2026-08-18T11:48:58.776382
4d5adeb6-62db-4b6f-b47c-2d29a3ba3b38,7ee98d4d-36f3-45e5-a6c5-bbdfda3fb690,2020,1114000.0,673000.0,2026-08-18T11:48:58.776408
15fd6621-b411-4121-8f70-d6654091767c,7ee98d4d-36f3-45e5-a6c5-bbdfda3fb690,2021,1267000.0,799000.0,2026-08-18T11:48:58.776411
8d8bf2e4-6db2-49c4-b386-3edb86370241,7ee98d4d-36f3-45e5-a6c5-bbdfda3fb690,2022,1322000.0,872000.0,2026-08-18T11:48:58.776418
b89f193b-4cca-4827-9411-c576a467d491,7ee98d4d-36f3-45e5-a6c5-bbdfda3fb690,2023,1476000.0,956000.0,2026-08-18T11:48:58.776421
88d9f7b3-1f6f-46b2-a4fd-267391cb76c6,7ee98d4d-36f3-45e5-a6c5-bbdfda3fb690,2024,1607000.0,1027000.0,2026-08-18T11:48:58.776424
2625a5a8-695d-4f3a-9e1a-e6b06ddb0398,7ee98d4d-36f3-45e5-a6c5-bbdfda3fb690,2025,1684000.0,1076000.0,2026-08-18T11:48:58.776427
30bd8108-7cd5-4495-8032-b6d9ad883cb8,60b73370-04cc-4ff2-8af6-6d19f9db82eb,2020,8178000.0,5637000.0,2026-08-18T11:48:58.776459
ea8812d8-fd26-41e3-82b5-dbaaae360fda,60b73370-04cc-4ff2-8af6-6d19f9db82eb,2021,8880000.0,5744000.0,2026-08-18T11:48:58.776464
2883685c-6c4b-41a7-b94b-1e54feffd4eb,60b73370-04cc-4ff2-8af6-6d19f9db82eb,2022,10139000.0,6802000.0,2026-08-18T11:48:58.776467
6355484c-941d-4019-9204-ec52cb76e943,60b73370-04cc-4ff2-8af6-6d19f9db82eb,2023,11673000.0,7279000.0,2026-08-18T11:48:58.776472
00a0fc0d-1145-46e2-b584-d3fefb345078,60b73370-04cc-4ff2-8af6-6d19f9db82eb,2024,13005000.0,8944000.0,2026-08-18T11:48:58.776475
f9546bf5-4791-4209-a68a-ce20afcfd2b5,60b73370-04cc-4ff2-8af6-6d19f9db82eb,2025,13992000.0,10014000.0,2026-08-18T11:48:58.776478
f9280f40-bed6-4868-81d9-a4f2decb44d4,1768e1b9-4ffb-4897-a26f-7f16ef5c326b,2020,14836000.0,10332000.0,2026-08-18T11:48:58.776510
062cf264-9ebd-4ff3-859d-c04e16e1c4f8,1768e1b9-4ffb-4897-a26f-7f16ef5c326b,2021,16381000.0,11597000.0,2026-08-18T11:48:58.776515
1a6c4006-0bf0-493d-ad88-fecf0b88c362,1768e1b9-4ffb-4897-a26f-7f16ef5c326b,2022,18017000.0,10846000.0,2026-08-18T11:48:58.776518
6848bcdd-3689-4b96-ad51-06827927de02,1768e1b9-4ffb-4897-a26f-7f16ef5c326b,2023,19266000.0,13254000.0,2026-08-18T11:48:58.776521
082e5e32-6aba-4e1e-851d-fd52972d3cc0,1768e1b9-4ffb-4897-a26f-7f16ef5c326b,2024,20565000.0,14284000.0,2026-08-18T11:48:58.776524
6decfe17-4b49-4172-857e-6b3226045765,1768e1b9-4ffb-4897-a26f-7f16ef5c326b,2025,22086000.0,15010000.0,2026-08-18T11:48:58.776528
5091d4d7-4d9b-4d62-9e2e-efb7c4e4666c,9f5f93e9-adac-4a70-8196-04d8c4f2bce2,2020,7179000.0,4514000.0,2026-08-18T11:48:58.776568
0ae1bb00-b835-4233-955b-0954f90b0ce3,9f5f93e9-adac-4a70-8196-04d8c4f2bce2,2021,8563000.0,5954000.0,2026-08-18T11:48:58.776571
13337327-6552-489c-9759-affbf84ecfb0,9f5f93e9-adac-4a70-8196-04d8c4f2bce2,2022,9843000.0,7046000.0,2026-08-18T11:48:58.776575
00ca6283-43fa-4b76-a632-268effa83fe4,9f5f93e9-adac-4a70-8196-04d8c4f2bce2,2023,10659000.0,6973000.0,2026-08-18T11:48:58.776578
f5a86d5f-d28d-41d6-ba3b-9824d89c9e2c,9f5f93e9-adac-4a70-8196-04d8c4f2bce2,2024,12139000.0,8399000.0,2026-08-18T11:48:58.776581
831e4657-3065-4922-b286-279fcc69d774,9f5f93e9-adac-4a70-8196-04d8c4f2bce2,2025,14375000.0,9428000.0,2026-08-18T11:48:58.776584
d8c2afe3-d826-461f-b5d2-1d612f1f7612,28874eb2-fdbb-44d5-b165-932c9cfaaecf,2020,9169000.0,5520000.0,2026-08-18T11:48:58.776632
0aad2d0a-b136-46ca-8649-9fd0b6c5d4f4,28874eb2-fdbb-44d5-b165-932c9cfaaecf,2021,10004000.0,6450000.0,2026-08-18T11:48:58.776635
65c3fc80-8749-4555-8bd0-974777746348,28874eb2-fdbb-44d5-b165-932c9cfaaecf,2022,10645000.0,7345000.0,2026-08-18T11:48:58.776638
7987819d-05a8-47af-b613-6c7a3df6355b,28874eb2-fdbb-44d5-b165-932c9cfaaecf,2023,11318000.0,7219000.0,2026-08-18T11:48:58.776641
b92016e7-2732-4172-95f2-938c3494511d,28874eb2-fdbb-44d5-b165-932c9cfaaecf,2024,12627000.0,7779000.0,2026-08-18T11:48:58.776644
57def9d7-d463-474c-a021-a74e3d40dc01,28874eb2-fdbb-44d5-b165-932c9cfaaecf,2025,13398000.0,8876000.0,2026-08-18T11:48:58.776655
4cee68d3-939a-45f1-a542-c30b4f351d88,86ecf2ce-3ad3-4304-87e9-06891b54e138,2020,9759000.0,6246000.0,2026-08-18T11:48:58.776697
b56d8efa-89b7-4f9c-ba87-cfcc9e782584,86ecf2ce-3ad3-4304-87e9-06891b54e138,2021,10916000.0,6789000.0,2026-08-18T11:48:58.776700
96298ca6-760a-438b-9709-5071f0eeb457,86ecf2ce-3ad3-4304-87e9-06891b54e138,2022,11297000.0,7863000.0,2026-08-18T11:48:58.776705
6b0ef191-5463-4d71-b6e6-53549d29e350,86ecf2ce-3ad3-4304-87e9-06891b54e138,2023,12188000.0,7717000.0,2026-08-18T11:48:58.776708
0a7a3e71-7e67-46df-9950-be9380d340ca,86ecf2ce-3ad3-4304-87e9-06891b54e138,2024,13622000.0,9073000.0,2026-08-18T11:48:58.776711
6b2e1080-0ab4-4bb4-b004-5ed146e1ef09,86ecf2ce-3ad3-4304-87e9-06891b54e138,2025,14421000.0,10140000.0,2026-08-18T11:48:58.776714
b58bfba5-6319-4daf-91c1-757162f730c0,5869b1c9-78fe-4c2c-a9d3-0d1279e02241,2020,37371000.0,24974000.0,2026-08-18T11:48:58.776740
badbb1ec-19b9-438a-9a1d-4e174bb43cc4,5869b1c9-78fe-4c2c-a9d3-0d1279e02241,2021,41016000.0,27715000.0,2026-08-18T11:48:58.776743
76577536-df6b-4afa-836e-564e1ab189c6,5869b1c9-78fe-4c2c-a9d3-0d1279e02241,2022,42223000.0,26440000.0,2026-08-18T11:48:58.776747
e4aa2ab4-430d-42c5-b2ac-c0c9b4b742be,5869b1c9-78fe-4c2c-a9d3-0d1279e02241,2023,47701000.0,29590000.0,2026-08-18T11:48:58.776750
b2ebddcc-8898-40b9-a00c-647d8b522d56,5869b1c9-78fe-4c2c-a9d3-0d1279e02241,2024,52446000.0,36904000.0,2026-08-18T11:48:58.776753
e18a6973-a80a-4c05-a2d0-3dadf9dcce4a,5869b1c9-78fe-4c2c-a9d3-0d1279e02241,2025,55338000.0,39775000.0,2026-08-18T11:48:58.776756
098bcc4f-572e-4a64-9599-d0dc95926491,51179cfb-69c5-4855-8c1c-eefa51c00c32,2020,10935000.0,6812000.0,2026-08-18T11:48:58.776782
12757dd8-ccc8-41a0-9abf-143fddea5664,51179cfb-69c5-4855-8c1c-eefa51c00c32,2021,12440000.0,7655000.0,2026-08-18T11:48:58.776785
1f68fae8-c607-41da-8e71-3c691f2a340b,51179cfb-69c5-4855-8c1c-eefa51c00c32,2022,14224000.0,9628000.0,2026-08-18T11:48:58.776788
40d49727-fcab-43a5-8609-dac64f92f0f8,51179cfb-69c5-4855-8c1c-eefa51c00c32,2023,16268000.0,11071000.0,2026-08-18T11:48:58.776791
8cafc68e-6706-49f1-8282-0900070bd6be,51179cfb-69c5-4855-8c1c-eefa51c00c32,2024,18694000.0,11307000.0,2026-08-18T11:48:58.776794
3fbaf5e6-f0e9-405c-9636-3f341b03aa37,51179cfb-69c5-4855-8c1c-eefa51c00c32,2025,22605000.0,15584000.0,2026-08-18T11:48:58.776797
578bf6be-f59e-4f1d-87ff-205e6ded2efb,9a851dc2-e78a-41df-b738-ff48415359a6,2020,3296000.0,2159000.0,2026-08-18T11:48:58.776843
ff849ec7-e08f-42c0-b11e-186fc3f7afa4,9a851dc2-e78a-41df-b738-ff48415359a6,2021,3815000.0,2478000.0,2026-08-18T11:48:58.776846
c66d161b-f96e-46b3-abfb-e27bcd1463aa,9a851dc2-e78a-41df-b738-ff48415359a6,2022,4510000.0,2782000.0,2026-08-18T11:48:58.776849
5e561439-922b-455c-a0e3-06c5ca0fc748,9a851dc2-e78a-41df-b738-ff48415359a6,2023,4964000.0,3232000.0,2026-08-18T11:48:58.776853
ed85277b-6f33-4cd2-8481-01f1a254ac4f,9a851dc2-e78a-41df-b738-ff48415359a6,2024,5573000.0,3869000.0,2026-08-18T11:48:58.776857
56f397ec-3ce4-40e7-a549-9599ed23dfac,9a851dc2-e78a-41df-b738-ff48415359a6,2025,6563000.0,4400000.0,2026-08-18T11:48:58.776860
b88783f2-1f91-433e-848f-192c7e7c16a2,05559220-a041-41b8-b067-378e6adf9512,2020,8801000.0,5608000.0,2026-08-18T11:48:58.776884
c706368c-f6c7-439b-80fa-7ce4a17be540,05559220-a041-41b8-b067-378e6adf9512,2021,9956000.0,6049000.0,2026-08-18T11:48:58.776888
a31fc043-2a50-47a4-95c2-beba252cf436,05559220-a041-41b8-b067-378e6adf9512,2022,11719000.0,7182000.0,2026-08-18T11:48:58.776892
b18040b9-b8c7-477b-813e-7c279e09c492,05559220-a041-41b8-b067-378e6adf9512,2023,13302000.0,8384000.0,2026-08-18T11:48:58.776896
a1a95c6d-8dd3-49bd-8407-d6bacc1cd555,05559220-a041-41b8-b067-378e6adf9512,2024,14569000.0,10416000.0,2026-08-18T11:48:58.776899
051a6dda-95d8-41cf-9e20-1391e16dcfb4,05559220-a041-41b8-b067-378e6adf9512,2025,17288000.0,12148000.0,2026-08-18T11:48:58.776902
54f6dac4-7486-416c-9b59-a3d1f4287548,9b863600-d5bc-4b33-a16e-7ea875b06107,2020,2027000.0,1427000.0,2026-08-18T11:48:58.776943
3b6ecd1e-ecc0-4ff6-9abd-31480b82652b,9b863600-d5bc-4b33-a16e-7ea875b06107,2021,2310000.0,1500000.0,2026-08-18T11:48:58.776946
ba20d751-ef64-4420-a4b3-efc548844985,9b863600-d5bc-4b33-a16e-7ea875b06107,2022,2765000.0,1683000.0,2026-08-18T11:48:58.776949
79de325e-e2ff-4b53-a5c6-c0df3171efcc,9b863600-d5bc-4b33-a16e-7ea875b06107,2023,3098000.0,2222000.0,2026-08-18T11:48:58.776952
8c5b32b5-b1ce-41f2-a2cf-3a915ba88577,9b863600-d5bc-4b33-a16e-7ea875b06107,2024,3487000.0,2149000.0,2026-08-18T11:48:58.776955
82a0a1eb-bd8b-499d-b5e2-baa83c7570e2,9b863600-d5bc-4b33-a16e-7ea875b06107,2025,4052000.0,2537000.0,2026-08-18T11:48:58.776960
cb6e1b06-14da-44f2-a6b9-987da806e544,c96a517d-f37b-4654-bd68-f9df36f37be2,2020,25102000.0,15328000.0,2026-08-18T11:48:58.776985
dfbb69ad-968d-4789-8b3c-05389fc39df5,c96a517d-f37b-4654-bd68-f9df36f37be2,2021,28109000.0,19985000.0,2026-08-18T11:48:58.776989
32f910d0-ad82-4e6d-8e0a-63d2a4488dfc,c96a517d-f37b-4654-bd68-f9df36f37be2,2022,30438000.0,19823000.0,2026-08-18T11:48:58.776995
0d3e5e26-9cb0-4419-bc42-90923906e99c,c96a517d-f37b-4654-bd68-f9df36f37be2,2023,33717000.0,21674000.0,2026-08-18T11:48:58.776998
3d340bec-8e8a-4a63-907e-0265f7954539,c96a517d-f37b-4654-bd68-f9df36f37be2,2024,37420000.0,25577000.0,2026-08-18T11:48:58.777001
76bfe449-a88f-4a5b-8482-c190e7c09459,c96a517d-f37b-4654-bd68-f9df36f37be2,2025,40216000.0,24600000.0,2026-08-18T11:48:58.777004
f4a649b3-0afc-40b4-8088-f7d67a29bb86,c6ec5439-ff7c-4ded-bd51-ee94a855db51,2020,6179000.0,3713000.0,2026-08-18T11:48:58.777029
94ca355d-a719-4163-a236-70325a33bfe5,c6ec5439-ff7c-4ded-bd51-ee94a855db51,2021,7015000.0,4658000.0,2026-08-18T11:48:58.777032
68e65e6d-3ae4-4231-8946-f4b0a1415555,c6ec5439-ff7c-4ded-bd51-ee94a855db51,2022,8162000.0,5772000.0,2026-08-18T11:48:58.777039
3cf649c8-546f-4090-8b82-8081f6381234,c6ec5439-ff7c-4ded-bd51-ee94a855db51,2023,9003000.0,6228000.0,2026-08-18T11:48:58.777042
04fe62cc-20cc-4f65-843c-bbb9b8a47970,c6ec5439-ff7c-4ded-bd51-ee94a855db51,2024,10348000.0,6400000.0,2026-08-18T11:48:58.777046
035f634d-b4a7-4251-a3cd-6600f6c8cce9,c6ec5439-ff7c-4ded-bd51-ee94a855db51,2025,11743000.0,7369000.0,2026-08-18T11:48:58.777049
867203e8-ebba-4f2e-b713-9e42b212c677,06bd4839-a926-496f-a086-7191782c416f,2020,20345000.0,14300000.0,2026-08-18T11:48:58.777083
e4ac566c-c78d-41f9-a4ee-e7f33c97d8c7,06bd4839-a926-496f-a086-7191782c416f,2021,23005000.0,14892000.0,2026-08-18T11:48:58.777087
f7a469c8-70f6-4d4c-be15-138d0045f199,06bd4839-a926-496f-a086-7191782c416f,2022,26111000.0,17899000.0,2026-08-18T11:48:58.777090
334c62f2-aa1e-4ee2-bdac-fe1d5fb1c6f4,06bd4839-a926-496f-a086-7191782c416f,2023,29771000.0,18051000.0,2026-08-18T11:48:58.777093
d9ea7dea-c369-4f54-8e29-2c9e2e6f3069,06bd4839-a926-496f-a086-7191782c416f,2024,32350000.0,22810000.0,2026-08-18T11:48:58.777097
5e9935ca-e128-4031-8a75-6b1846c97ae8,06bd4839-a926-496f-a086-7191782c416f,2025,37905000.0,23837000.0,2026-08-18T11:48:58.777100
b08dc6da-ce79-4bcb-8efe-3cedee5b8a2d,cdd1bdbd-9a9d-4bed-89ef-25dc15e656e6,2020,15636000.0,9433000.0,2026-08-18T11:48:58.777132
3a42ec13-0390-4fce-92a1-d9aea809db54,cdd1bdbd-9a9d-4bed-89ef-25dc15e656e6,2021,17449000.0,10520000.0,2026-08-18T11:48:58.777137
43272d36-1d5f-4146-abea-cfcb79084894,cdd1bdbd-9a9d-4bed-89ef-25dc15e656e6,2022,18877000.0,11395000.0,2026-08-18T11:48:58.777140
9a674747-71c3-4ea6-9238-95b3ca417c11,cdd1bdbd-9a9d-4bed-89ef-25dc15e656e6,2023,19668000.0,13589000.0,2026-08-18T11:48:58.777144
f85214ee-9c8d-4dd4-83b7-9f5ba1cd2234,cdd1bdbd-9a9d-4bed-89ef-25dc15e656e6,2024,21718000.0,14558000.0,2026-08-18T11:48:58.777148
a7de5354-3cf1-42b6-a24d-a1ffb2b0f2fd,cdd1bdbd-9a9d-4bed-89ef-25dc15e656e6,2025,22300000.0,13890000.0,2026-08-18T11:48:58.777151
d5bc4664-63fb-4375-aeef-ea6531f178b3,0b5bbcc7-fada-410a-b0b6-ae160c0ac273,2020,822000.0,496000.0,2026-08-18T11:48:58.777185
27c85cef-949f-4084-85aa-ce5caa70bcab,0b5bbcc7-fada-410a-b0b6-ae160c0ac273,2021,891000.0,535000.0,2026-08-18T11:48:58.777189
3537018a-5e58-49a0-8b30-8e8884ba3b69,0b5bbcc7-fada-410a-b0b6-ae160c0ac273,2022,937000.0,590000.0,2026-08-18T11:48:58.777192
3bb373d4-b7ca-4cd6-86ab-8fe179b27458,0b5bbcc7-fada-410a-b0b6-ae160c0ac273,2023,1011000.0,648000.0,2026-08-18T11:48:58.777195
e44288e0-75f2-42aa-a86a-a864fda02e77,0b5bbcc7-fada-410a-b0b6-ae160c0ac273,2024,1086000.0,719000.0,2026-08-18T11:48:58.777198
96c8efc4-fd24-4544-89d0-4c6df2ac974b,0b5bbcc7-fada-410a-b0b6-ae160c0ac273,2025,1177000.0,763000.0,2026-08-18T11:48:58.777201
b01e3a0d-9812-4ab8-a583-e3d7880c2d94,b7458759-ebf0-4ab5-92a2-157e73b1f8ad,2020,14499000.0,10248000.0,2026-08-18T11:48:58.777237
84c6a63d-784b-4e25-9f9d-55fa060b2727,b7458759-ebf0-4ab5-92a2-157e73b1f8ad,2021,16174000.0,11138000.0,2026-08-18T11:48:58.777240
c8b03ffd-cf5e-44d9-bc69-a50246204212,b7458759-ebf0-4ab5-92a2-157e73b1f8ad,2022,16958000.0,11667000.0,2026-08-18T11:48:58.777243
ec49a13e-d1ec-4ba8-bc22-cce2ebf7fc5d,b7458759-ebf0-4ab5-92a2-157e73b1f8ad,2023,19277000.0,13055000.0,2026-08-18T11:48:58.777246
d2810586-8f7a-423b-b734-af46822b8c7c,b7458759-ebf0-4ab5-92a2-157e73b1f8ad,2024,20507000.0,13470000.0,2026-08-18T11:48:58.777249
047b7c53-c81b-4e84-9801-bdc8341a01fc,b7458759-ebf0-4ab5-92a2-157e73b1f8ad,2025,22803000.0,14363000.0,2026-08-18T11:48:58.777252
52261d2a-5d19-47d3-9078-f939dd882394,2190e380-bbb6-4c24-bd90-fe73cdc77410,2020,16465000.0,10608000.0,2026-08-18T11:48:58.777295
70910ed4-2a1b-4bfe-97cc-42d55066a872,2190e380-bbb6-4c24-bd90-fe73cdc77410,2021,18460000.0,11490000.0,2026-08-18T11:48:58.777298
a7ba1d14-f333-4880-b0d0-9d2b662049ac,2190e380-bbb6-4c24-bd90-fe73cdc77410,2022,20477000.0,14413000.0,2026-08-18T11:48:58.777301
a38f5af0-16c3-410c-8b75-a8b5db54e650,2190e380-bbb6-4c24-bd90-fe73cdc77410,2023,23965000.0,16302000.0,2026-08-18T11:48:58.777305
fd9c122d-c2da-43d8-88e2-0bdea83068fb,2190e380-bbb6-4c24-bd90-fe73cdc77410,2024,26737000.0,17030000.0,2026-08-18T11:48:58.777308
0d571953-0bb8-4e74-a151-887d6e7e4665,2190e380-bbb6-4c24-bd90-fe73cdc77410,2025,30883000.0,21728000.0,2026-08-18T11:48:58.777312
aed76db0-5217-4ae2-bae1-abea16fff65b,17c1bb65-80ed-4198-9741-61fcc20814d4,2020,4676000.0,2859000.0,2026-08-18T11:48:58.777347
c8c9ef32-dd69-4c48-90e4-11eabf6c9d39,17c1bb65-80ed-4198-9741-61fcc20814d4,2021,5211000.0,3456000.0,2026-08-18T11:48:58.777351
388b1d30-644e-487d-986a-8d3de296bef3,17c1bb65-80ed-4198-9741-61fcc20814d4,2022,5676000.0,3942000.0,2026-08-18T11:48:58.777354
fd722675-8cd1-48bf-b04f-eefe8c14a9b4,17c1bb65-80ed-4198-9741-61fcc20814d4,2023,6073000.0,4086000.0,2026-08-18T11:48:58.777357
bcb224c6-eaf9-435b-9ad9-b003ef860242,17c1bb65-80ed-4198-9741-61fcc20814d4,2024,6431000.0,4316000.0,2026-08-18T11:48:58.777360
4ce2ae77-9cdd-428a-9fe1-5a274d4b526c,17c1bb65-80ed-4198-9741-61fcc20814d4,2025,7138000.0,4452000.0,2026-08-18T11:48:58.777364
b6b847e9-b86c-4ccf-b208-133ef246e023,f249081e-4d23-48ff-b3ab-baff02550075,2020,5758000.0,3532000.0,2026-08-18T11:48:58.777390
66060846-5634-4b2a-9302-498808fb779a,f249081e-4d23-48ff-b3ab-baff02550075,2021,5972000.0,4011000.0,2026-08-18T11:48:58.777393
055cc5fb-ae60-4cbd-9d18-fee200033db4,f249081e-4d23-48ff-b3ab-baff02550075,2022,6755000.0,4251000.0,2026-08-18T11:48:58.777396
91753616-2080-4ed6-b033-b86c5fb099a3,f249081e-4d23-48ff-b3ab-baff02550075,2023,7053000.0,4632000.0,2026-08-18T11:48:58.777399
4792cb81-3be2-4b24-9469-0a36e1119632,f249081e-4d23-48ff-b3ab-baff02550075,2024,7756000.0,4899000.0,2026-08-18T11:48:58.777402
e263f39e-6ac3-407c-bcd9-71841e2887a1,f249081e-4d23-48ff-b3ab-baff02550075,2025,8158000.0,5853000.0,2026-08-18T11:48:58.777405
25f4a228-04b6-48e4-909e-242556619041,ed20ace4-f41f-462e-8745-f1dcc37f4b68,2020,17853000.0,12458000.0,2026-08-18T11:48:58.777432
0d51de64-3170-4a8c-8452-b8c032459f80,ed20ace4-f41f-462e-8745-f1dcc37f4b68,2021,20480000.0,12818000.0,2026-08-18T11:48:58.777437
b913e0d0-797d-4d09-9093-e99275293709,ed20ace4-f41f-462e-8745-f1dcc37f4b68,2022,24188000.0,14942000.0,2026-08-18T11:48:58.777440
fa4375e9-e9b8-491a-9172-0e33719e0e37,ed20ace4-f41f-462e-8745-f1dcc37f4b68,2023,27210000.0,17224000.0,2026-08-18T11:48:58.777443
c29c31cc-1463-4f9e-b8b0-e9b45c050b3f,ed20ace4-f41f-462e-8745-f1dcc37f4b68,2024,31471000.0,19172000.0,2026-08-18T11:48:58.777446
2a21c742-031d-4528-a677-9abaf6d05812,ed20ace4-f41f-462e-8745-f1dcc37f4b68,2025,36003000.0,21759000.0,2026-08-18T11:48:58.777449
e82b11bd-6d53-46de-aa6e-fd6a3aab74a0,c7351920-f230-4c88-9816-c1e9e089ea23,2020,10071000.0,6523000.0,2026-08-18T11:48:58.777482
6450ff9a-f306-4720-87ae-8d53a3f9dadc,c7351920-f230-4c88-9816-c1e9e089ea23,2021,11660000.0,8141000.0,2026-08-18T11:48:58.777486
ef0308ac-3a16-4f12-a4a7-c44a84d6c312,c7351920-f230-4c88-9816-c1e9e089ea23,2022,13425000.0,8677000.0,2026-08-18T11:48:58.777489
af38bcdc-b76a-4ef9-9588-1e10f26a6269,c7351920-f230-4c88-9816-c1e9e089ea23,2023,15245000.0,9280000.0,2026-08-18T11:48:58.777492
160325d5-75a6-41c0-8fe5-27d31cee9ee6,c7351920-f230-4c88-9816-c1e9e089ea23,2024,17655000.0,11044000.0,2026-08-18T11:48:58.777497
f7bd412c-f0d3-4390-8583-bb9650e16263,c7351920-f230-4c88-9816-c1e9e089ea23,2025,20155000.0,13950000.0,2026-08-18T11:48:58.777501
9249aabf-ffaf-4699-a9b5-9000fdc4155f,d971c0d9-1ac0-44f7-995d-20444e70b443,2020,20354000.0,12256000.0,2026-08-18T11:48:58.777546
0acb78b7-62c1-43d0-92b8-05894a3049d0,d971c0d9-1ac0-44f7-995d-20444e70b443,2021,22556000.0,14907000.0,2026-08-18T11:48:58.777550
b6af2a9a-03c3-4053-be56-919722b58db8,d971c0d9-1ac0-44f7-995d-20444e70b443,2022,25053000.0,16778000.0,2026-08-18T11:48:58.777553
5ae7deb0-0c77-431e-900c-2bcdc314b378,d971c0d9-1ac0-44f7-995d-20444e70b443,2023,26059000.0,16540000.0,2026-08-18T11:48:58.777557
dee1f96c-cb26-418e-b758-db6c8a285050,d971c0d9-1ac0-44f7-995d-20444e70b443,2024,29555000.0,21049000.0,2026-08-18T11:48:58.777560
d14aef55-b5c5-4a38-a3d6-87c1ebce0707,d971c0d9-1ac0-44f7-995d-20444e70b443,2025,32773000.0,21446000.0,2026-08-18T11:48:58.777563
997877fb-2e14-4fea-958b-e8d6dd08c790,ddbfb11b-d057-4c51-beb0-681e6d9bb390,2020,19432000.0,11934000.0,2026-08-18T11:48:58.777611
471d9b1c-eb05-4023-bbd3-bddbc09c52b8,ddbfb11b-d057-4c51-beb0-681e6d9bb390,2021,22003000.0,15769000.0,2026-08-18T11:48:58.777619
f9030173-0a69-4578-8872-d34566292936,ddbfb11b-d057-4c51-beb0-681e6d9bb390,2022,23320000.0,15229000.0,2026-08-18T11:48:58.777622
6a031a3b-e773-41a4-990a-e229813e25db,ddbfb11b-d057-4c51-beb0-681e6d9bb390,2023,26981000.0,17191000.0,2026-08-18T11:48:58.777627
f17414ce-02fe-45de-a72b-9e4f074f8144,ddbfb11b-d057-4c51-beb0-681e6d9bb390,2024,30233000.0,20768000.0,2026-08-18T11:48:58.777631
507486db-ff8e-45d4-bd09-f00cfad63ab2,ddbfb11b-d057-4c51-beb0-681e6d9bb390,2025,32665000.0,20463000.0,2026-08-18T11:48:58.777634
8e1a32f0-dd32-40eb-84a4-ad4d5e97a909,bf0a37fe-8ec9-46fc-b31b-6613bbd00305,2020,7928000.0,5121000.0,2026-08-18T11:48:58.777662
84800e2d-26ee-44e6-8a4e-56aedc2dc270,bf0a37fe-8ec9-46fc-b31b-6613bbd00305,2021,8445000.0,5479000.0,2026-08-18T11:48:58.777665
845a9c68-54a3-4cf8-9a13-8b2f1fdad017,bf0a37fe-8ec9-46fc-b31b-6613bbd00305,2022,9046000.0,6328000.0,2026-08-18T11:48:58.777672
6e703898-0917-47c9-ac71-68c94b673c0b,bf0a37fe-8ec9-46fc-b31b-6613bbd00305,2023,9836000.0,6470000.0,2026-08-18T11:48:58.777675
1ef5cc6f-a87d-4087-9df4-d587cb7f17ae,bf0a37fe-8ec9-46fc-b31b-6613bbd00305,2024,11007000.0,7492000.0,2026-08-18T11:48:58.777678
7e46e9b6-cf08-4b33-b286-5b011b142c24,bf0a37fe-8ec9-46fc-b31b-6613bbd00305,2025,12199000.0,7533000.0,2026-08-18T11:48:58.777681
ef0a8f90-6180-483a-95c0-c8baa9fe7146,a466c065-2075-441a-865b-6803565fe1ec,2020,8861000.0,6182000.0,2026-08-18T11:48:58.777716
84c972ac-1c4d-4ae2-8e29-7271e783025d,a466c065-2075-441a-865b-6803565fe1ec,2021,9346000.0,6695000.0,2026-08-18T11:48:58.777719
005cd128-fc50-4548-9caa-f9a4e566a915,a466c065-2075-441a-865b-6803565fe1ec,2022,10373000.0,6283000.0,2026-08-18T11:48:58.777722
0e677623-d9a0-4123-88ab-dea0e599220f,a466c065-2075-441a-865b-6803565fe1ec,2023,10644000.0,7061000.0,2026-08-18T11:48:58.777726
20ec6edf-2284-4b11-9c21-e2801fddcbab,a466c065-2075-441a-865b-6803565fe1ec,2024,11838000.0,7499000.0,2026-08-18T11:48:58.777729
635775e9-160d-4f0d-9962-08d611452de7,a466c065-2075-441a-865b-6803565fe1ec,2025,12496000.0,8407000.0,2026-08-18T11:48:58.777732
6892eabb-8dfe-4173-88cd-9a81303cfd7b,d174403b-9276-4e3d-90eb-cfbb27889782,2020,22786000.0,14390000.0,2026-08-18T11:48:58.777776
175cece0-33d8-401d-831e-6e67e9244466,d174403b-9276-4e3d-90eb-cfbb27889782,2021,26546000.0,16560000.0,2026-08-18T11:48:58.777780
df19113f-fc05-4b1e-a33e-c0fea4b7a189,d174403b-9276-4e3d-90eb-cfbb27889782,2022,29478000.0,18002000.0,2026-08-18T11:48:58.777784
f59a6213-6c4b-47bc-836a-aa80bf79b0aa,d174403b-9276-4e3d-90eb-cfbb27889782,2023,33098000.0,23558000.0,2026-08-18T11:48:58.777787
e5f0867b-79c5-4a6f-bf1a-1d422d8f3cc7,d174403b-9276-4e3d-90eb-cfbb27889782,2024,38418000.0,27341000.0,2026-08-18T11:48:58.777790
7c8761cc-33a8-4003-b309-48ab2873418c,d174403b-9276-4e3d-90eb-cfbb27889782,2025,43572000.0,30932000.0,2026-08-18T11:48:58.777794
05206201-f301-48d6-b00e-43a05812937c,5d5720d5-fd14-4225-9d70-0f67ca2ca186,2020,36498000.0,25479000.0,2026-08-18T11:48:58.777834
782e6309-1826-4be3-b09d-73fafc6dc8e0,5d5720d5-fd14-4225-9d70-0f67ca2ca186,2021,40867000.0,25917000.0,2026-08-18T11:48:58.777838
b3cdd38c-8e4f-42e0-be22-6a92ee4e141e,5d5720d5-fd14-4225-9d70-0f67ca2ca186,2022,43670000.0,28569000.0,2026-08-18T11:48:58.777841
f08eac1d-59b9-4577-8436-ebba0491296d,5d5720d5-fd14-4225-9d70-0f67ca2ca186,2023,49607000.0,34717000.0,2026-08-18T11:48:58.777847
27797dad-66b8-4600-8b4f-eb356eb8b663,5d5720d5-fd14-4225-9d70-0f67ca2ca186,2024,53332000.0,35418000.0,2026-08-18T11:48:58.777851
89953e6e-8006-46df-9452-0eeabd2db198,5d5720d5-fd14-4225-9d70-0f67ca2ca186,2025,60184000.0,42647000.0,2026-08-18T11:48:58.777854
3db9c066-dc61-43d5-b33d-583d60a281a4,8e65824c-0250-4bcc-9062-6379f853ba84,2020,21734000.0,14701000.0,2026-08-18T11:48:58.777896
d5858b0b-2acf-4ed6-8612-15dd9546e821,8e65824c-0250-4bcc-9062-6379f853ba84,2021,24270000.0,17262000.0,2026-08-18T11:48:58.777899
019f42c9-b36b-4db1-a86e-6cd60d82e168,8e65824c-0250-4bcc-9062-6379f853ba84,2022,26865000.0,17661000.0,2026-08-18T11:48:58.777902
4f155647-c578-483f-ba85-b293f900951f,8e65824c-0250-4bcc-9062-6379f853ba84,2023,30148000.0,21203000.0,2026-08-18T11:48:58.777905
e50418a0-3a9e-4e16-b14f-781f56d131c8,8e65824c-0250-4bcc-9062-6379f853ba84,2024,34865000.0,24686000.0,2026-08-18T11:48:58.777910
79eaafff-6923-4e05-98b2-c53719e27d22,8e65824c-0250-4bcc-9062-6379f853ba84,2025,39317000.0,27401000.0,2026-08-18T11:48:58.777913
23213b72-c382-4961-b879-dd7d2d58cadd,176ade0c-d172-4c76-b621-28dd0c006ab8,2020,10143000.0,6437000.0,2026-08-18T11:48:58.777948
3a1b2270-8f5f-45ed-b7b3-273cc86bd434,176ade0c-d172-4c76-b621-28dd0c006ab8,2021,11161000.0,6718000.0,2026-08-18T11:48:58.777951
47937d50-684b-4837-a857-3a717c7b554c,176ade0c-d172-4c76-b621-28dd0c006ab8,2022,12040000.0,8513000.0,2026-08-18T11:48:58.777955
2899a806-15ec-42f6-bd9f-0fb22e0c28c2,176ade0c-d172-4c76-b621-28dd0c006ab8,2023,13198000.0,8443000.0,2026-08-18T11:48:58.777958
7626141b-7f2b-4c31-99a6-1b74dfeca0c5,176ade0c-d172-4c76-b621-28dd0c006ab8,2024,14573000.0,9802000.0,2026-08-18T11:48:58.777961
0966a128-adc7-4ae6-8547-75d471159f0a,176ade0c-d172-4c76-b621-28dd0c006ab8,2025,16785000.0,11405000.0,2026-08-18T11:48:58.777964
e3e88a6e-ec0d-4969-a848-fa8cac8c7a81,1050af8c-130e-4b09-9b99-2360870c5236,2020,32536000.0,21956000.0,2026-08-18T11:48:58.778006
df3b3383-0058-4349-83b5-865c549e6970,1050af8c-130e-4b09-9b99-2360870c5236,2021,37494000.0,24772000.0,2026-08-18T11:48:58.778009
382c1ead-2111-443f-8994-069e25377384,1050af8c-130e-4b09-9b99-2360870c5236,2022,40796000.0,25231000.0,2026-08-18T11:48:58.778012
c7ea1fbb-86f3-4497-8de0-7c1c3199d295,1050af8c-130e-4b09-9b99-2360870c5236,2023,45214000.0,28865000.0,2026-08-18T11:48:58.778015
bba09e12-4588-44f6-8ddf-6a11ca27cfd7,1050af8c-130e-4b09-9b99-2360870c5236,2024,49017000.0,32315000.0,2026-08-18T11:48:58.778018
f4d0ed25-abb0-4fc0-95d5-bbf42dd6e9e1,1050af8c-130e-4b09-9b99-2360870c5236,2025,54513000.0,37879000.0,2026-08-18T11:48:58.778023
351abd9f-7a6b-4b49-83b4-2d929ad85429,5461b2ef-f3c4-43ab-b66d-057ceed3001a,2020,9900000.0,6969000.0,2026-08-18T11:48:58.778065
d2aeb449-dee7-4489-b7ff-065dd35a223f,5461b2ef-f3c4-43ab-b66d-057ceed3001a,2021,10473000.0,7491000.0,2026-08-18T11:48:58.778068
a3b33e7c-38a5-4e84-b319-5280c9b36dc2,5461b2ef-f3c4-43ab-b66d-057ceed3001a,2022,12049000.0,8581000.0,2026-08-18T11:48:58.778071
0c6e1757-c409-444f-82e1-ab0318e97d49,5461b2ef-f3c4-43ab-b66d-057ceed3001a,2023,12816000.0,7942000.0,2026-08-18T11:48:58.778075
60683514-6ef4-4824-a64d-240b16f97f83,5461b2ef-f3c4-43ab-b66d-057ceed3001a,2024,13892000.0,9470000.0,2026-08-18T11:48:58.778078
4ac77083-6619-460e-8e88-8ada63e81dbb,5461b2ef-f3c4-43ab-b66d-057ceed3001a,2025,15533000.0,10313000.0,2026-08-18T11:48:58.778081
e80a3b6e-fab8-4bf6-8e56-72de05c7bfc5,8c0051a7-7929-47c1-ace3-71973fddcf5e,2020,41211000.0,27121000.0,2026-08-18T11:48:58.778126
d158b6ea-3971-4ee0-a5de-3d201eded5a6,8c0051a7-7929-47c1-ace3-71973fddcf5e,2021,43309000.0,28696000.0,2026-08-18T11:48:58.778129
e0a313e0-caa0-47d9-a2c6-74612a586f8c,8c0051a7-7929-47c1-ace3-71973fddcf5e,2022,48628000.0,32573000.0,2026-08-18T11:48:58.778132
d6cb7fba-e1fa-47b7-b84f-0186f43d73eb,8c0051a7-7929-47c1-ace3-71973fddcf5e,2023,51118000.0,30902000.0,2026-08-18T11:48:58.778135
8847bb78-9b2d-472a-b09b-473e1d7f3447,8c0051a7-7929-47c1-ace3-71973fddcf5e,2024,57070000.0,35681000.0,2026-08-18T11:48:58.778139
152b09c7-64ff-439f-b6d0-49c5206384a3,8c0051a7-7929-47c1-ace3-71973fddcf5e,2025,59659000.0,38124000.0,2026-08-18T11:48:58.778142
9f7dc843-8582-40f2-a0c5-a3ed3e09e0bd,7d75618b-c9c3-48f3-adf8-fb5ba596d629,2020,14846000.0,9142000.0,2026-08-18T11:48:58.778175
856524d1-4907-4356-a259-89995990a854,7d75618b-c9c3-48f3-adf8-fb5ba596d629,2021,15716000.0,9942000.0,2026-08-18T11:48:58.778181
652644ba-fcd4-4342-86b1-fa2d66fead73,7d75618b-c9c3-48f3-adf8-fb5ba596d629,2022,16538000.0,11599000.0,2026-08-18T11:48:58.778184
9cd2e727-2406-48df-b34a-ab3bf171449f,7d75618b-c9c3-48f3-adf8-fb5ba596d629,2023,18208000.0,12796000.0,2026-08-18T11:48:58.778188
57cb0c88-3b8a-4a91-a049-b389bff4960c,7d75618b-c9c3-48f3-adf8-fb5ba596d629,2024,19361000.0,11995000.0,2026-08-18T11:48:58.778191
26ef513e-81f9-42bd-a5d0-a961184044f6,7d75618b-c9c3-48f3-adf8-fb5ba596d629,2025,20543000.0,13142000.0,2026-08-18T11:48:58.778194
1a5f716b-4acf-4dcb-a974-06729ae59287,087fa65c-e240-4182-a4e4-6b2079883720,2020,52519000.0,31551000.0,2026-08-18T11:48:58.778229
e7045ca7-8182-4c54-8252-99cdaace0b0c,087fa65c-e240-4182-a4e4-6b2079883720,2021,53361000.0,33015000.0,2026-08-18T11:48:58.778233
a90fc250-2c3c-44e0-9b29-fd18e55db18d,087fa65c-e240-4182-a4e4-6b2079883720,2022,58149000.0,39349000.0,2026-08-18T11:48:58.778236
13edaaaa-a6fe-4222-819a-d31b2a82353c,087fa65c-e240-4182-a4e4-6b2079883720,2023,63395000.0,44719000.0,2026-08-18T11:48:58.778239
0caed515-4848-47e1-9381-e9939f0cf2e3,087fa65c-e240-4182-a4e4-6b2079883720,2024,65878000.0,41396000.0,2026-08-18T11:48:58.778242
18554a46-a621-4e24-97e2-d36a9ad9ef74,087fa65c-e240-4182-a4e4-6b2079883720,2025,73101000.0,51105000.0,2026-08-18T11:48:58.778246
c71eaf43-a74d-4b74-96c3-dfbee86f0431,800f09dd-dffa-4ed3-92ad-4c5a4ac312e2,2020,1256000.0,787000.0,2026-08-18T11:48:58.778287
44aed1b0-9c54-40e2-b34a-410ef046b802,800f09dd-dffa-4ed3-92ad-4c5a4ac312e2,2021,1505000.0,1031000.0,2026-08-18T11:48:58.778291
0ab64b67-0ca4-44d9-bc2c-4c8b67c5c36c,800f09dd-dffa-4ed3-92ad-4c5a4ac312e2,2022,1724000.0,1056000.0,2026-08-18T11:48:58.778294
9211d9ae-b103-47e4-97f3-ff3932d6e6a9,800f09dd-dffa-4ed3-92ad-4c5a4ac312e2,2023,1898000.0,1329000.0,2026-08-18T11:48:58.778297
e533d54e-c463-4365-add0-0ba8f861deb5,800f09dd-dffa-4ed3-92ad-4c5a4ac312e2,2024,2174000.0,1463000.0,2026-08-18T11:48:58.778300
170cd6eb-b672-4200-9924-1bc89a6dc7e5,800f09dd-dffa-4ed3-92ad-4c5a4ac312e2,2025,2606000.0,1765000.0,2026-08-18T11:48:58.778303
e4471012-e466-4a0b-90b0-8e70580ab5b7,eb6507de-4fc3-419b-97d4-8d8d6d3e08e1,2020,10811000.0,7596000.0,2026-08-18T11:48:58.778339
f79bca10-b0dc-482d-9555-49eb72363900,eb6507de-4fc3-419b-97d4-8d8d6d3e08e1,2021,11595000.0,7489000.0,2026-08-18T11:48:58.778343
f8e7ad4c-abdf-4418-bfc3-863a5e36c042,eb6507de-4fc3-419b-97d4-8d8d6d3e08e1,2022,12428000.0,7816000.0,2026-08-18T11:48:58.778346
c3c7f0b5-a802-4370-9df0-44b487665624,eb6507de-4fc3-419b-97d4-8d8d6d3e08e1,2023,12945000.0,7849000.0,2026-08-18T11:48:58.778349
82b30260-0d42-42c3-8324-ddbc4b8aa140,eb6507de-4fc3-419b-97d4-8d8d6d3e08e1,2024,14602000.0,10020000.0,2026-08-18T11:48:58.778352
6ea5b37c-9338-4585-985c-f9ba4fb5fa50,eb6507de-4fc3-419b-97d4-8d8d6d3e08e1,2025,15814000.0,10713000.0,2026-08-18T11:48:58.778355
2bfbfb9d-cf73-4910-a845-a1702e03bf80,116588ce-6f0b-4fbc-8459-1202b9333a09,2020,15016000.0,9665000.0,2026-08-18T11:48:58.778382
110822de-1bb3-48df-8ea1-45eee9b0e773,116588ce-6f0b-4fbc-8459-1202b9333a09,2021,17808000.0,12372000.0,2026-08-18T11:48:58.778385
7f5b3b30-9114-4e09-9cfb-55ea01fbd10d,116588ce-6f0b-4fbc-8459-1202b9333a09,2022,20203000.0,13431000.0,2026-08-18T11:48:58.778390
d9c6c33a-ed10-40fc-ad3c-58a97f3b2a73,116588ce-6f0b-4fbc-8459-1202b9333a09,2023,22341000.0,15924000.0,2026-08-18T11:48:58.778393
8105f6c9-c6af-4d60-8ccc-58a6168875b7,116588ce-6f0b-4fbc-8459-1202b9333a09,2024,25425000.0,15628000.0,2026-08-18T11:48:58.778396
6daad4cc-e7e6-4a05-8836-6fd54ca8161c,116588ce-6f0b-4fbc-8459-1202b9333a09,2025,29838000.0,19561000.0,2026-08-18T11:48:58.778399
fc64ac0a-9f0e-48f8-8129-f23e8bbf7ef8,6f031c29-305f-4fee-8e62-f4a9e7c18a49,2020,7220000.0,4417000.0,2026-08-18T11:48:58.778441
77b5a296-bef8-40fa-8dc8-962251511b4c,6f031c29-305f-4fee-8e62-f4a9e7c18a49,2021,8215000.0,5320000.0,2026-08-18T11:48:58.778444
fcba1718-6b17-4a6a-a9f3-20bde728d856,6f031c29-305f-4fee-8e62-f4a9e7c18a49,2022,9322000.0,6559000.0,2026-08-18T11:48:58.778447
d35f7e1a-2225-4b0b-9fdc-84924bd1cd26,6f031c29-305f-4fee-8e62-f4a9e7c18a49,2023,10429000.0,6474000.0,2026-08-18T11:48:58.778451
4f164c7c-fee6-45f8-9222-936fb4ab47e4,6f031c29-305f-4fee-8e62-f4a9e7c18a49,2024,12074000.0,7629000.0,2026-08-18T11:48:58.778454
5be6aedb-2ad9-4934-9d60-fa7f18598cc1,6f031c29-305f-4fee-8e62-f4a9e7c18a49,2025,13440000.0,9042000.0,2026-08-18T11:48:58.778457
ee10b38f-cc93-4741-b1e8-4c70b017c867,355454f7-beee-4eca-8c2f-e21df321605d,2020,44023000.0,30998000.0,2026-08-18T11:48:58.778513
291c74bb-5511-4f7b-ba1c-aae5a2bed22f,355454f7-beee-4eca-8c2f-e21df321605d,2021,48486000.0,29421000.0,2026-08-18T11:48:58.778516
35710e0e-1f5c-4e36-9e8e-69cc58d3d20d,355454f7-beee-4eca-8c2f-e21df321605d,2022,53636000.0,38049000.0,2026-08-18T11:48:58.778520
6a47d07b-7ca0-41f5-8a9e-2cf6d4578643,355454f7-beee-4eca-8c2f-e21df321605d,2023,57398000.0,41273000.0,2026-08-18T11:48:58.778523
8e7e5687-3bea-4d32-b70e-5c01825cce85,355454f7-beee-4eca-8c2f-e21df321605d,2024,60490000.0,41279000.0,2026-08-18T11:48:58.778526
98440116-fad7-4383-ac00-679432478497,355454f7-beee-4eca-8c2f-e21df321605d,2025,67373000.0,45345000.0,2026-08-18T11:48:58.778529
b3680c59-4b26-4190-8be5-a87d623e69fa,7ad206c8-9cb4-45a5-b6d7-384178c2b22f,2020,9976000.0,6389000.0,2026-08-18T11:48:58.778565
e946d489-cb69-4e97-be21-f22116bdd3f2,7ad206c8-9cb4-45a5-b6d7-384178c2b22f,2021,11201000.0,7608000.0,2026-08-18T11:48:58.778568
a63b39b7-1a59-4206-bf73-3af03a6cc625,7ad206c8-9cb4-45a5-b6d7-384178c2b22f,2022,12437000.0,8771000.0,2026-08-18T11:48:58.778572
a3f5dbd4-6132-45e8-b2c8-0aed9f3fb18f,7ad206c8-9cb4-45a5-b6d7-384178c2b22f,2023,14174000.0,9825000.0,2026-08-18T11:48:58.778577
aba6628b-5675-4a10-a481-2c30f96c8294,7ad206c8-9cb4-45a5-b6d7-384178c2b22f,2024,15156000.0,10484000.0,2026-08-18T11:48:58.778580
b6613809-281a-4209-9c9d-c8f799254c33,7ad206c8-9cb4-45a5-b6d7-384178c2b22f,2025,17095000.0,10463000.0,2026-08-18T11:48:58.778583
d7571036-0935-4dc3-87be-aaa6a38fd913,3bc0a575-ae9b-4f4d-864b-2dcd120ee9d2,2020,4135000.0,2890000.0,2026-08-18T11:48:58.778622
4ccc8d43-4d91-43ef-8a4d-48a766dd66f8,3bc0a575-ae9b-4f4d-864b-2dcd120ee9d2,2021,4737000.0,2972000.0,2026-08-18T11:48:58.778626
da18ea16-9af4-4040-af8b-48c5f6c137f1,3bc0a575-ae9b-4f4d-864b-2dcd120ee9d2,2022,5261000.0,3246000.0,2026-08-18T11:48:58.778629
326a9edc-afd8-4973-a139-9fad5cfa4cb0,3bc0a575-ae9b-4f4d-864b-2dcd120ee9d2,2023,5863000.0,4176000.0,2026-08-18T11:48:58.778632
08c791cc-f019-4a18-be40-92f51becf5f7,3bc0a575-ae9b-4f4d-864b-2dcd120ee9d2,2024,6785000.0,4510000.0,2026-08-18T11:48:58.778635
0330f035-736c-458e-bbe5-a4abf0c864b6,3bc0a575-ae9b-4f4d-864b-2dcd120ee9d2,2025,7608000.0,5261000.0,2026-08-18T11:48:58.778639
8a6179c2-4c00-4266-b244-292581fdd8d6,cdeb28a7-e00f-4151-b828-7b49b10e9f61,2020,7898000.0,5005000.0,2026-08-18T11:48:58.778666
e27a1e0e-0cdb-4309-a409-dc2f32304b86,cdeb28a7-e00f-4151-b828-7b49b10e9f61,2021,8871000.0,6282000.0,2026-08-18T11:48:58.778669
e821b84c-e8e3-4c36-904f-1282328d94e7,cdeb28a7-e00f-4151-b828-7b49b10e9f61,2022,9477000.0,5983000.0,2026-08-18T11:48:58.778674
c5aa3c12-acd8-4df4-aa2d-71b8dd0f73b3,cdeb28a7-e00f-4151-b828-7b49b10e9f61,2023,10639000.0,7440000.0,2026-08-18T11:48:58.778677
ff57d335-ef67-41ec-b3ad-5b1e6365d500,cdeb28a7-e00f-4151-b828-7b49b10e9f61,2024,11456000.0,7756000.0,2026-08-18T11:48:58.778681
362e8b60-d26d-4c34-920a-d4aa37949eba,cdeb28a7-e00f-4151-b828-7b49b10e9f61,2025,12125000.0,8309000.0,2026-08-18T11:48:58.778684
63c91f16-6cbb-4d36-92ce-70ae7d85f16a,38f15865-7a63-4b60-a2d6-d49d19815fbc,2020,5989000.0,3991000.0,2026-08-18T11:48:58.778725
fcd57ca8-a3ca-41f9-81cb-a5ab1580ccaf,38f15865-7a63-4b60-a2d6-d49d19815fbc,2021,6565000.0,4253000.0,2026-08-18T11:48:58.778728
7f8ae344-47d5-4130-a1d0-f86c54db9cbf,38f15865-7a63-4b60-a2d6-d49d19815fbc,2022,7810000.0,4770000.0,2026-08-18T11:48:58.778732
f23edfcf-3cae-41b7-979c-56e92a2f20de,38f15865-7a63-4b60-a2d6-d49d19815fbc,2023,8609000.0,5699000.0,2026-08-18T11:48:58.778735
a0b11560-56a6-4c3e-828d-79aa8d605c2c,38f15865-7a63-4b60-a2d6-d49d19815fbc,2024,10069000.0,6666000.0,2026-08-18T11:48:58.778738
95815ebd-41fb-4870-a35d-7fb6285be67a,38f15865-7a63-4b60-a2d6-d49d19815fbc,2025,11693000.0,7956000.0,2026-08-18T11:48:58.778743
e8d7e5af-2d6c-416e-9f23-ab1b36c7be88,8cf61991-690c-4429-8f7d-8495fd8e6abf,2020,2279000.0,1421000.0,2026-08-18T11:48:58.778773
5fdeb465-c0fa-4dfd-8975-3cb4063e498c,8cf61991-690c-4429-8f7d-8495fd8e6abf,2021,2496000.0,1628000.0,2026-08-18T11:48:58.778777
00a5ca8c-a1ec-44d8-9ab5-49378205988e,8cf61991-690c-4429-8f7d-8495fd8e6abf,2022,2807000.0,1974000.0,2026-08-18T11:48:58.778781
94b1b0a4-58d6-4eba-b7d5-556e696391ad,8cf61991-690c-4429-8f7d-8495fd8e6abf,2023,3155000.0,2062000.0,2026-08-18T11:48:58.778784
caecc257-c685-4107-97c9-374b21725d21,8cf61991-690c-4429-8f7d-8495fd8e6abf,2024,3483000.0,2339000.0,2026-08-18T11:48:58.778787
53e5cbce-1a2c-495c-9d75-41f4017bbfbf,8cf61991-690c-4429-8f7d-8495fd8e6abf,2025,3791000.0,2368000.0,2026-08-18T11:48:58.778790
8bb9b017-53b6-4f80-a09b-367419784902,c9f6a89a-e919-41a9-9f2b-1090ee13625c,2020,18709000.0,13277000.0,2026-08-18T11:48:58.778824
20cde595-f1c8-494d-9fe4-3014b6ab58fc,c9f6a89a-e919-41a9-9f2b-1090ee13625c,2021,20209000.0,13942000.0,2026-08-18T11:48:58.778828
ffc436ad-a3de-4015-bfae-7ea39dc43d35,c9f6a89a-e919-41a9-9f2b-1090ee13625c,2022,22721000.0,14276000.0,2026-08-18T11:48:58.778831
2610603d-1c48-4335-9738-5993ebdfac41,c9f6a89a-e919-41a9-9f2b-1090ee13625c,2023,25969000.0,17302000.0,2026-08-18T11:48:58.778834
5bb3e4a2-8b7a-4037-a5f1-9226a9d3cbaf,c9f6a89a-e919-41a9-9f2b-1090ee13625c,2024,28885000.0,19282000.0,2026-08-18T11:48:58.778838
fbae1e93-33fd-4aa9-83fb-1c8c180b798f,c9f6a89a-e919-41a9-9f2b-1090ee13625c,2025,31802000.0,21781000.0,2026-08-18T11:48:58.778841
caea55f0-1c4c-4f5f-baae-bd57c56dce62,d074896a-f954-41ac-8fc3-d5804593d14e,2020,7825000.0,5146000.0,2026-08-18T11:48:58.778875
da6bb059-0bf2-4873-bfda-539160a076bf,d074896a-f954-41ac-8fc3-d5804593d14e,2021,8667000.0,5443000.0,2026-08-18T11:48:58.778879
fb8e8bd9-9a29-4962-871e-afcf31342c45,d074896a-f954-41ac-8fc3-d5804593d14e,2022,9419000.0,6016000.0,2026-08-18T11:48:58.778882
4b3751ab-a19d-4f68-8b1e-c8aa466f7e4e,d074896a-f954-41ac-8fc3-d5804593d14e,2023,10300000.0,7091000.0,2026-08-18T11:48:58.778885
5f550b56-7de4-4e12-84d8-aa9d6e1181d8,d074896a-f954-41ac-8fc3-d5804593d14e,2024,11797000.0,8026000.0,2026-08-18T11:48:58.778888
caf1792c-2a73-4f83-a8b0-b6d9b6d4b3b1,d074896a-f954-41ac-8fc3-d5804593d14e,2025,12614000.0,8451000.0,2026-08-18T11:48:58.778891
6f2aef8c-ca03-4b37-8cb2-41fc1bb685f1,8ab481c3-6a5f-47a2-93e7-78c6e1d4d3f1,2020,4395000.0,3007000.0,2026-08-18T11:48:58.778926
0f1980b6-c8eb-4720-8941-699e24839bb1,8ab481c3-6a5f-47a2-93e7-78c6e1d4d3f1,2021,4802000.0,3177000.0,2026-08-18T11:48:58.778929
94c94a2f-51dc-48ef-9bb5-ab0372fcea93,8ab481c3-6a5f-47a2-93e7-78c6e1d4d3f1,2022,5136000.0,3694000.0,2026-08-18T11:48:58.778932
b534a928-5096-4b56-9476-95771ff3c355,8ab481c3-6a5f-47a2-93e7-78c6e1d4d3f1,2023,5557000.0,3935000.0,2026-08-18T11:48:58.778936
b5b7fa5b-2187-4c2a-9a48-a8493f49e7e0,8ab481c3-6a5f-47a2-93e7-78c6e1d4d3f1,2024,6094000.0,3717000.0,2026-08-18T11:48:58.778940
3cf5ce11-e7b4-494f-802d-b9e46aed4b19,8ab481c3-6a5f-47a2-93e7-78c6e1d4d3f1,2025,6388000.0,3850000.0,2026-08-18T11:48:58.778944
5da71a6b-f70c-4829-9af4-3d841bf73d3d,3a1faa32-bf8b-4e94-a26d-20c76fe6fa1f,2020,21573000.0,13928000.0,2026-08-18T11:48:58.778977
19315eb2-f271-4850-9658-909d7effc58c,3a1faa32-bf8b-4e94-a26d-20c76fe6fa1f,2021,23445000.0,15743000.0,2026-08-18T11:48:58.778980
64c1416f-d315-4ec4-9c5d-a6cded37d756,3a1faa32-bf8b-4e94-a26d-20c76fe6fa1f,2022,26677000.0,18080000.0,2026-08-18T11:48:58.778984
81a10ce4-4990-4235-a80f-57d3d0dfa2e5,3a1faa32-bf8b-4e94-a26d-20c76fe6fa1f,2023,30328000.0,18771000.0,2026-08-18T11:48:58.778987
e0ec8f68-1fa6-4246-8058-f74ca54536a4,3a1faa32-bf8b-4e94-a26d-20c76fe6fa1f,2024,36209000.0,24655000.0,2026-08-18T11:48:58.778990
a093912c-2708-4032-9580-8ce01fc8ac6c,3a1faa32-bf8b-4e94-a26d-20c76fe6fa1f,2025,40458000.0,28117000.0,2026-08-18T11:48:58.778993
edaada88-396e-42e3-b292-a91318325f2d,ccd4652f-15a5-4dce-baf1-f16f0060069a,2020,16739000.0,11272000.0,2026-08-18T11:48:58.779037
663b7a43-8901-4197-bdfb-3d8a2ab7d15b,ccd4652f-15a5-4dce-baf1-f16f0060069a,2021,17978000.0,11764000.0,2026-08-18T11:48:58.779040
a6bc5112-f94b-45cc-98ef-75ab9e9fc335,ccd4652f-15a5-4dce-baf1-f16f0060069a,2022,19941000.0,12120000.0,2026-08-18T11:48:58.779043
abda4253-3155-4f7c-9828-8e381c4a5640,ccd4652f-15a5-4dce-baf1-f16f0060069a,2023,21337000.0,14238000.0,2026-08-18T11:48:58.779046
2386510e-5798-4ac0-87a4-9c0288fe146d,ccd4652f-15a5-4dce-baf1-f16f0060069a,2024,23385000.0,14430000.0,2026-08-18T11:48:58.779049
895e2d36-e247-451e-8df4-4d9acab930d2,ccd4652f-15a5-4dce-baf1-f16f0060069a,2025,26864000.0,17265000.0,2026-08-18T11:48:58.779052
482ad3bb-0bea-41ca-b308-090e27725bfc,21d92b93-b989-4934-a00e-669a4e300658,2020,9560000.0,5860000.0,2026-08-18T11:48:58.779089
14eb768e-86cd-4443-80e7-b5acacc9f96c,21d92b93-b989-4934-a00e-669a4e300658,2021,10573000.0,7257000.0,2026-08-18T11:48:58.779093
edc03049-66c5-4cad-9760-75de9c54c480,21d92b93-b989-4934-a00e-669a4e300658,2022,12553000.0,8047000.0,2026-08-18T11:48:58.779097
a8370b2d-8ee9-4068-a39b-636c6f13d801,21d92b93-b989-4934-a00e-669a4e300658,2023,14381000.0,8704000.0,2026-08-18T11:48:58.779100
59c344bf-eb79-40ec-8589-c4bab9c0dad2,21d92b93-b989-4934-a00e-669a4e300658,2024,15698000.0,10467000.0,2026-08-18T11:48:58.779104
f98819f6-68bc-4eb5-95d7-39419661a1f6,21d92b93-b989-4934-a00e-669a4e300658,2025,17719000.0,11338000.0,2026-08-18T11:48:58.779108
720f2baa-5ceb-45a8-9c1d-1842c481c22f,7ec83c69-2f7d-4421-b5e5-7e8aab2d2b49,2020,14824000.0,9036000.0,2026-08-18T11:48:58.779141
3776f9c3-23fc-4880-b6d9-e50383b49eff,7ec83c69-2f7d-4421-b5e5-7e8aab2d2b49,2021,16692000.0,11051000.0,2026-08-18T11:48:58.779144
bb75591f-094c-4d76-9c9c-5ff6a21c18b7,7ec83c69-2f7d-4421-b5e5-7e8aab2d2b49,2022,19416000.0,13484000.0,2026-08-18T11:48:58.779147
33403e83-43eb-45e3-8a6d-f66492b0c0c1,7ec83c69-2f7d-4421-b5e5-7e8aab2d2b49,2023,21435000.0,14462000.0,2026-08-18T11:48:58.779150
0dfe5ba0-ffc2-4436-ba55-e6fd4bff21e6,7ec83c69-2f7d-4421-b5e5-7e8aab2d2b49,2024,23992000.0,16199000.0,2026-08-18T11:48:58.779153
d0b0827f-4f29-4324-bbca-f3dbe4e322b7,7ec83c69-2f7d-4421-b5e5-7e8aab2d2b49,2025,26774000.0,17818000.0,2026-08-18T11:48:58.779157
197df149-29a5-43c5-8fe0-62b480fbd30a,bf50cb2a-9de4-4887-8fe7-31899fba841b,2020,12745000.0,7839000.0,2026-08-18T11:48:58.779199
bc3aff36-89b3-4e83-b6fe-cca6c2af4212,bf50cb2a-9de4-4887-8fe7-31899fba841b,2021,13894000.0,8770000.0,2026-08-18T11:48:58.779203
44f7c14d-851e-48a2-9bd7-9b0802bb1911,bf50cb2a-9de4-4887-8fe7-31899fba841b,2022,15193000.0,9218000.0,2026-08-18T11:48:58.779206
6236dcde-36db-4dbc-a2b3-c50c76e4e41d,bf50cb2a-9de4-4887-8fe7-31899fba841b,2023,16870000.0,10222000.0,2026-08-18T11:48:58.779209
3bade4ed-2ba0-4687-85f3-8f5e0f75c52e,bf50cb2a-9de4-4887-8fe7-31899fba841b,2024,18727000.0,12700000.0,2026-08-18T11:48:58.779212
74cb5e0d-cbe3-468b-8f8f-b0b7d3794bc6,bf50cb2a-9de4-4887-8fe7-31899fba841b,2025,20292000.0,12506000.0,2026-08-18T11:48:58.779217
4b42f179-3edb-4606-a3cb-a2e74cea4711,cdf24583-c516-48b5-a12a-ff7f3babf173,2020,8169000.0,5685000.0,2026-08-18T11:48:58.779251
1728bc90-ff2e-48a6-a7b4-44c485c5c784,cdf24583-c516-48b5-a12a-ff7f3babf173,2021,9586000.0,6653000.0,2026-08-18T11:48:58.779254
216c10bf-eafd-429e-8baf-6aef3b62e0b4,cdf24583-c516-48b5-a12a-ff7f3babf173,2022,10900000.0,6781000.0,2026-08-18T11:48:58.779257
28920554-ac0b-406d-b2a4-cb12181d9967,cdf24583-c516-48b5-a12a-ff7f3babf173,2023,12093000.0,8272000.0,2026-08-18T11:48:58.779262
ccd9e8f4-9bca-41dc-b77c-790d9c416809,cdf24583-c516-48b5-a12a-ff7f3babf173,2024,13466000.0,8720000.0,2026-08-18T11:48:58.779265
5c62e1e9-f9ed-4295-8547-41cc0570edc3,cdf24583-c516-48b5-a12a-ff7f3babf173,2025,15596000.0,10496000.0,2026-08-18T11:48:58.779269
20714244-9ed2-4072-a6a2-c2aa535c31f4,bb985660-c07b-407c-bfe2-732ef41936e4,2020,2790000.0,2003000.0,2026-08-18T11:48:58.779304
0fd5b4a5-a68d-4248-9db4-dd5b5c0980a3,bb985660-c07b-407c-bfe2-732ef41936e4,2021,2990000.0,1971000.0,2026-08-18T11:48:58.779307
e227833f-03b0-41b4-bd5f-b5a74f1ca12e,bb985660-c07b-407c-bfe2-732ef41936e4,2022,3240000.0,2020000.0,2026-08-18T11:48:58.779310
29b2d895-66de-429c-bb35-e07521cfd20f,bb985660-c07b-407c-bfe2-732ef41936e4,2023,3395000.0,2272000.0,2026-08-18T11:48:58.779314
1d69e0d0-6fcd-4f6b-be4c-ef8128f696d4,bb985660-c07b-407c-bfe2-732ef41936e4,2024,3843000.0,2471000.0,2026-08-18T11:48:58.779317
7bf292be-2992-447f-8f81-dfaef48e7cbf,bb985660-c07b-407c-bfe2-732ef41936e4,2025,4157000.0,2942000.0,2026-08-18T11:48:58.779320
4e4f5dfe-689b-4784-8af4-f2ee202a2183,47243b69-148a-495e-8125-452bc865ad33,2020,12534000.0,8949000.0,2026-08-18T11:48:58.779361
7ee06ece-2789-4260-a31b-0c021f1e836a,47243b69-148a-495e-8125-452bc865ad33,2021,13201000.0,8991000.0,2026-08-18T11:48:58.779364
67259c97-5f84-4684-ab5e-b20c757f400d,47243b69-148a-495e-8125-452bc865ad33,2022,14849000.0,9454000.0,2026-08-18T11:48:58.779367
5ffbdf1d-14e6-4cb7-9653-f7af881bec81,47243b69-148a-495e-8125-452bc865ad33,2023,16258000.0,11027000.0,2026-08-18T11:48:58.779370
7e730900-2fdc-4c54-9a5d-34bb4cfc4093,47243b69-148a-495e-8125-452bc865ad33,2024,17835000.0,11013000.0,2026-08-18T11:48:58.779373
5cf45484-b158-4997-b0a5-82557e4ae81a,47243b69-148a-495e-8125-452bc865ad33,2025,19432000.0,13711000.0,2026-08-18T11:48:58.779377
b410ce8a-328e-4793-bc48-6f645c7740b7,7b80bb87-9af4-4682-89dd-76954ecff527,2020,16229000.0,10184000.0,2026-08-18T11:48:58.779422
96f8b14d-6851-4845-b4a1-5e28aeefbf8d,7b80bb87-9af4-4682-89dd-76954ecff527,2021,18077000.0,11937000.0,2026-08-18T11:48:58.779425
43640ab3-e69b-4e6c-a475-18f91bd644f1,7b80bb87-9af4-4682-89dd-76954ecff527,2022,19535000.0,13184000.0,2026-08-18T11:48:58.779428
ef6ca799-d7bb-4676-a76c-68bf08cb3483,7b80bb87-9af4-4682-89dd-76954ecff527,2023,21967000.0,15415000.0,2026-08-18T11:48:58.779431
975e6083-0715-4fc1-9c7e-40c331026119,7b80bb87-9af4-4682-89dd-76954ecff527,2024,25552000.0,15367000.0,2026-08-18T11:48:58.779434
c01dff96-29aa-4a0a-907d-217a32912de9,7b80bb87-9af4-4682-89dd-76954ecff527,2025,28546000.0,20085000.0,2026-08-18T11:48:58.779439
fd1b462f-d968-4f1d-9b91-63d415ad6dd7,c9697d75-81c6-4ffa-9ebe-898777a6b856,2020,2049000.0,1355000.0,2026-08-18T11:48:58.779474
a84f660c-be0a-4098-a09a-cda6a3a5f345,c9697d75-81c6-4ffa-9ebe-898777a6b856,2021,2186000.0,1453000.0,2026-08-18T11:48:58.779478
4cc2b223-242a-4e0b-bc4b-35fd6575f026,c9697d75-81c6-4ffa-9ebe-898777a6b856,2022,2452000.0,1654000.0,2026-08-18T11:48:58.779481
23083920-c97c-46c5-bbc9-12d8e69f5a03,c9697d75-81c6-4ffa-9ebe-898777a6b856,2023,2761000.0,1984000.0,2026-08-18T11:48:58.779484
042a122b-2a04-4b4c-b402-5633985ba6e5,c9697d75-81c6-4ffa-9ebe-898777a6b856,2024,3064000.0,2124000.0,2026-08-18T11:48:58.779487
51a02766-7ac3-44ac-bd67-fd4fdc2567bf,c9697d75-81c6-4ffa-9ebe-898777a6b856,2025,3483000.0,2409000.0,2026-08-18T11:48:58.779490
0543b40d-532f-422d-b3ec-fe8386f53bfc,3b4890be-bb7a-4d97-bbba-74258afa8498,2020,6177000.0,3831000.0,2026-08-18T11:48:58.779532
7312a821-a302-4132-98b1-cb118967570f,3b4890be-bb7a-4d97-bbba-74258afa8498,2021,6571000.0,4586000.0,2026-08-18T11:48:58.779535
ee1207ec-054d-4341-8b4c-8078f8225d47,3b4890be-bb7a-4d97-bbba-74258afa8498,2022,7287000.0,4573000.0,2026-08-18T11:48:58.779538
c51b0dca-e654-4506-8de0-31f14a5b273c,3b4890be-bb7a-4d97-bbba-74258afa8498,2023,8573000.0,5161000.0,2026-08-18T11:48:58.779542
5903ee05-1362-428f-9f9f-9733fc88f865,3b4890be-bb7a-4d97-bbba-74258afa8498,2024,9459000.0,6113000.0,2026-08-18T11:48:58.779545
47ac3a83-10f6-4457-9b3c-a419143d18d3,3b4890be-bb7a-4d97-bbba-74258afa8498,2025,10398000.0,6382000.0,2026-08-18T11:48:58.779549
8ed7cca4-b8d3-4e4a-9ea0-494814c30bf8,4e453022-0bf0-470f-b78e-2312bccede92,2020,29446000.0,17727000.0,2026-08-18T11:48:58.779619
ac0d3ec8-8a76-4120-849b-abcb2a0ce51c,4e453022-0bf0-470f-b78e-2312bccede92,2021,32093000.0,20813000.0,2026-08-18T11:48:58.779622
7ad0208f-9ff0-4181-9a9d-453c6bb21b77,4e453022-0bf0-470f-b78e-2312bccede92,2022,33511000.0,21595000.0,2026-08-18T11:48:58.779625
1b220e39-079c-49dc-89a8-4f7f805cf2f2,4e453022-0bf0-470f-b78e-2312bccede92,2023,37798000.0,26958000.0,2026-08-18T11:48:58.779628
b166313c-b93f-4da2-a69e-489498a35a69,4e453022-0bf0-470f-b78e-2312bccede92,2024,41375000.0,27746000.0,2026-08-18T11:48:58.779632
5f2f3d6a-cf9d-423e-a38b-87742df17db6,4e453022-0bf0-470f-b78e-2312bccede92,2025,43577000.0,26536000.0,2026-08-18T11:48:58.779635
4cdf9340-4084-4154-b308-b2a1ce57efb9,71c26177-aa3b-4742-b143-880eb6ed19b8,2020,22333000.0,14905000.0,2026-08-18T11:48:58.779666
16e82422-aa79-4859-8020-778c1b8a942d,71c26177-aa3b-4742-b143-880eb6ed19b8,2021,24735000.0,16087000.0,2026-08-18T11:48:58.779669
ae4a9b8a-126a-4e24-b281-f6db252c7f68,71c26177-aa3b-4742-b143-880eb6ed19b8,2022,27697000.0,18459000.0,2026-08-18T11:48:58.779672
e6c1975c-a38d-485d-88fd-679da32c23d0,71c26177-aa3b-4742-b143-880eb6ed19b8,2023,31331000.0,21527000.0,2026-08-18T11:48:58.779675
376eec0d-0742-4122-91d1-8cd1c670afe2,71c26177-aa3b-4742-b143-880eb6ed19b8,2024,35462000.0,23002000.0,2026-08-18T11:48:58.779679
4933ee6c-71ae-4838-b41d-04f2216c32ce,71c26177-aa3b-4742-b143-880eb6ed19b8,2025,39271000.0,25726000.0,2026-08-18T11:48:58.779682
74d0e5c8-f95d-4729-b570-f2ba0827e61d,a62c42e5-5cc1-4af2-8175-12bc4b62911f,2020,43814000.0,27941000.0,2026-08-18T11:48:58.779724
a6b3070c-bc91-45cc-b9aa-75977931a653,a62c42e5-5cc1-4af2-8175-12bc4b62911f,2021,50324000.0,32976000.0,2026-08-18T11:48:58.779728
0d924594-a6bc-4402-8462-444f3ea75343,a62c42e5-5cc1-4af2-8175-12bc4b62911f,2022,54075000.0,37027000.0,2026-08-18T11:48:58.779731
b0497248-e7f7-4777-a2bd-60655987acfd,a62c42e5-5cc1-4af2-8175-12bc4b62911f,2023,60625000.0,37379000.0,2026-08-18T11:48:58.779735
42553617-d800-47d7-b28f-dcddcb70e440,a62c42e5-5cc1-4af2-8175-12bc4b62911f,2024,65613000.0,44109000.0,2026-08-18T11:48:58.779738
497fd0d3-8518-48e6-b295-4bf9dcfddf5e,a62c42e5-5cc1-4af2-8175-12bc4b62911f,2025,74775000.0,45732000.0,2026-08-18T11:48:58.779742
66bc47c8-91cc-403e-909b-42cf690b5fec,d889f0e0-4136-45eb-ae41-d0fd716aa9b2,2020,30861000.0,20128000.0,2026-08-18T11:48:58.779768
1c296966-5d48-4116-8f55-b8073eec777c,d889f0e0-4136-45eb-ae41-d0fd716aa9b2,2021,36075000.0,21657000.0,2026-08-18T11:48:58.779772
83a6e1ed-fea7-4f12-90be-7e91a236af9b,d889f0e0-4136-45eb-ae41-d0fd716aa9b2,2022,41183000.0,25334000.0,2026-08-18T11:48:58.779775
7998821e-4288-4c76-a29a-8c0987419309,d889f0e0-4136-45eb-ae41-d0fd716aa9b2,2023,47628000.0,31417000.0,2026-08-18T11:48:58.779778
09ad25b5-6dde-4842-b28b-407302104732,d889f0e0-4136-45eb-ae41-d0fd716aa9b2,2024,51374000.0,34366000.0,2026-08-18T11:48:58.779781
265726bb-8d3f-4f54-8570-618a412adf9f,d889f0e0-4136-45eb-ae41-d0fd716aa9b2,2025,61783000.0,37439000.0,2026-08-18T11:48:58.779787
f44fbfa1-d142-42a4-bd47-b6806fcf5bc2,68329b9b-2b4f-407d-a6fb-7db557db4468,2020,37385000.0,22727000.0,2026-08-18T11:48:58.779824
26a4f387-8959-44fb-be42-d2388861c60e,68329b9b-2b4f-407d-a6fb-7db557db4468,2021,44353000.0,31631000.0,2026-08-18T11:48:58.779827
a799a157-9dd2-44f0-9a17-0d219ba49505,68329b9b-2b4f-407d-a6fb-7db557db4468,2022,49769000.0,34359000.0,2026-08-18T11:48:58.779832
4c8d4f83-4e04-49e3-936e-00c8987640c6,68329b9b-2b4f-407d-a6fb-7db557db4468,2023,54376000.0,33384000.0,2026-08-18T11:48:58.779835
be890fb2-d001-4e55-8737-32d8e9f1a843,68329b9b-2b4f-407d-a6fb-7db557db4468,2024,62729000.0,37645000.0,2026-08-18T11:48:58.779838
c98f7b11-2a1d-4262-acab-ffc90c5a1afb,68329b9b-2b4f-407d-a6fb-7db557db4468,2025,70165000.0,46004000.0,2026-08-18T11:48:58.779841
4646ad1d-fc31-49cd-8e4f-226be1171151,df304fbc-2915-4324-9c0f-6834be806d8a,2020,28186000.0,19812000.0,2026-08-18T11:48:58.779876
7117e41d-e31e-469b-b687-af713896e303,df304fbc-2915-4324-9c0f-6834be806d8a,2021,31663000.0,21259000.0,2026-08-18T11:48:58.779880
04621da0-880d-482e-8c49-52904050da1a,df304fbc-2915-4324-9c0f-6834be806d8a,2022,35145000.0,23079000.0,2026-08-18T11:48:58.779883
3c10ac16-3739-4953-aa49-80ccf796888d,df304fbc-2915-4324-9c0f-6834be806d8a,2023,38778000.0,27159000.0,2026-08-18T11:48:58.779886
447bea94-5672-4aa0-80df-342a4b6955b9,df304fbc-2915-4324-9c0f-6834be806d8a,2024,43142000.0,29118000.0,2026-08-18T11:48:58.779889
e132f329-4fc9-4298-869c-6533429e81e1,df304fbc-2915-4324-9c0f-6834be806d8a,2025,49951000.0,35519000.0,2026-08-18T11:48:58.779894
cbbe653d-bdd6-4dbe-9f3c-e4b300f65fe4,7a33ef19-db0a-498a-bed8-c0514d178da7,2020,3653000.0,2626000.0,2026-08-18T11:48:58.779928
9074ab40-cdbf-4e7d-b398-4f57baff7bf2,7a33ef19-db0a-498a-bed8-c0514d178da7,2021,4071000.0,2878000.0,2026-08-18T11:48:58.779931
b1fc7871-d64a-4b77-9ee8-0fd2c96d2bf2,7a33ef19-db0a-498a-bed8-c0514d178da7,2022,4402000.0,2907000.0,2026-08-18T11:48:58.779935
64689f1a-2051-4e64-accf-c71ab5f26f90,7a33ef19-db0a-498a-bed8-c0514d178da7,2023,4672000.0,3346000.0,2026-08-18T11:48:58.779938
2d12347c-7a2b-4a09-b5ba-8787e0d38275,7a33ef19-db0a-498a-bed8-c0514d178da7,2024,5001000.0,3137000.0,2026-08-18T11:48:58.779943
b6377a95-b7c8-4b58-b5b4-799c8cb73d98,7a33ef19-db0a-498a-bed8-c0514d178da7,2025,5628000.0,3916000.0,2026-08-18T11:48:58.779946
287d723c-c96f-464d-a98a-061092a7d63b,eb498daa-de9f-4a1b-82b1-d198940b2231,2020,9609000.0,6852000.0,2026-08-18T11:48:58.779989
a08cf0ba-31ef-4f81-881b-ea6f0c5a9bf3,eb498daa-de9f-4a1b-82b1-d198940b2231,2021,10782000.0,6539000.0,2026-08-18T11:48:58.779992
e09c5ad7-99b2-490b-9090-ecf19a54d6ff,eb498daa-de9f-4a1b-82b1-d198940b2231,2022,11834000.0,7339000.0,2026-08-18T11:48:58.779996
7661a3b4-a141-439b-8606-84117ad595c8,eb498daa-de9f-4a1b-82b1-d198940b2231,2023,12452000.0,8543000.0,2026-08-18T11:48:58.780001
2695dca7-0850-4cb7-b7a0-e8e1e3652066,eb498daa-de9f-4a1b-82b1-d198940b2231,2024,13943000.0,8757000.0,2026-08-18T11:48:58.780004
9edfea8f-24d5-4152-8ca2-fb78beaa16b5,eb498daa-de9f-4a1b-82b1-d198940b2231,2025,15699000.0,11175000.0,2026-08-18T11:48:58.780007
ecbecfb2-54a1-450c-9d0e-4bde89769e4d,cd8e7b76-2578-4eb2-80e0-781b07081c69,2020,150106000.0,91863000.0,2026-08-18T11:48:58.780034
635c72b7-2b70-452d-a07f-9427dca0fb67,cd8e7b76-2578-4eb2-80e0-781b07081c69,2021,157426000.0,98069000.0,2026-08-18T11:48:58.780038
3ee262a4-1235-4a4f-a2e9-736f3d6a6afb,cd8e7b76-2578-4eb2-80e0-781b07081c69,2022,165805000.0,111321000.0,2026-08-18T11:48:58.780041
1b6c5471-a3fe-481c-861c-672fea5a1f2c,cd8e7b76-2578-4eb2-80e0-781b07081c69,2023,177123000.0,113795000.0,2026-08-18T11:48:58.780044
8efc8e58-b2f3-4724-b6d8-5107f7ee6eb9,cd8e7b76-2578-4eb2-80e0-781b07081c69,2024,198276000.0,135004000.0,2026-08-18T11:48:58.780047
4115ae94-889d-4152-b6e0-46e5f1119272,cd8e7b76-2578-4eb2-80e0-781b07081c69,2025,211601000.0,150155000.0,2026-08-18T11:48:58.780052
22a3b6dd-ed40-42df-89a8-3bd743c2a63d,a784e210-5429-4e9b-8606-92be8fce261a,2020,17430000.0,11599000.0,2026-08-18T11:48:58.780080
12e1f6ca-787c-4b54-a829-1ba5d254c522,a784e210-5429-4e9b-8606-92be8fce261a,2021,19715000.0,13603000.0,2026-08-18T11:48:58.780084
6d011ab8-c8f4-420d-8339-b62f92d3343f,a784e210-5429-4e9b-8606-92be8fce261a,2022,22820000.0,15571000.0,2026-08-18T11:48:58.780090
17ba6733-6d90-438f-a3cd-6d041b86b87e,a784e210-5429-4e9b-8606-92be8fce261a,2023,24692000.0,14951000.0,2026-08-18T11:48:58.780093
232bc513-212e-4404-b45d-31cfade87fb8,a784e210-5429-4e9b-8606-92be8fce261a,2024,27718000.0,16741000.0,2026-08-18T11:48:58.780096
7c87d1cb-3add-4e98-8661-00f4f1ef2aee,a784e210-5429-4e9b-8606-92be8fce261a,2025,31063000.0,20453000.0,2026-08-18T11:48:58.780100
ee50b4fc-0cfa-4b83-bd34-a850b2c5a4fd,40210151-bf6b-489f-85a5-e51f27b1dfe5,2020,44414000.0,27341000.0,2026-08-18T11:48:58.780145
67e30fa3-6e2f-4d21-afb7-0ee34daf8693,40210151-bf6b-489f-85a5-e51f27b1dfe5,2021,51266000.0,32518000.0,2026-08-18T11:48:58.780148
7a76df7c-5bb9-4312-be18-1b6b8de41cba,40210151-bf6b-489f-85a5-e51f27b1dfe5,2022,59139000.0,37291000.0,2026-08-18T11:48:58.780152
26dc3853-5f19-4c2b-a579-aed90e6218c8,40210151-bf6b-489f-85a5-e51f27b1dfe5,2023,68442000.0,46221000.0,2026-08-18T11:48:58.780155
b46fdd8f-938e-499a-8090-647595d1811b,40210151-bf6b-489f-85a5-e51f27b1dfe5,2024,79000000.0,52829000.0,2026-08-18T11:48:58.780158
cfa7ed8b-7efa-4dda-ad5a-8bc96feee17e,40210151-bf6b-489f-85a5-e51f27b1dfe5,2025,91392000.0,57235000.0,2026-08-18T11:48:58.780163
17d1e5eb-dbb0-4c4c-914c-3241f7ee64d0,d9d4a87f-dd66-4591-9bb2-5aafeb426cf4,2020,3167000.0,1992000.0,2026-08-18T11:48:58.780204
cc0a1108-578d-4af9-9224-38a007c622c0,d9d4a87f-dd66-4591-9bb2-5aafeb426cf4,2021,3345000.0,2361000.0,2026-08-18T11:48:58.780208
f1a74451-8d93-4136-82d6-d48ac18878ab,d9d4a87f-dd66-4591-9bb2-5aafeb426cf4,2022,3618000.0,2555000.0,2026-08-18T11:48:58.780211
d5a336f9-8008-4293-afc4-73a2efeefbfb,d9d4a87f-dd66-4591-9bb2-5aafeb426cf4,2023,3734000.0,2406000.0,2026-08-18T11:48:58.780214
b40d1864-c6ca-4257-9ffd-8be87d642f2b,d9d4a87f-dd66-4591-9bb2-5aafeb426cf4,2024,4103000.0,2500000.0,2026-08-18T11:48:58.780217
bebbf3cb-b4b1-4354-b8c8-99eeec9d48c1,d9d4a87f-dd66-4591-9bb2-5aafeb426cf4,2025,4390000.0,2878000.0,2026-08-18T11:48:58.780222
9518f68c-018a-4b21-9808-317e5abbc43c,fd66ba6d-2e70-47cc-8b51-db92940cf530,2020,5397000.0,3311000.0,2026-08-18T11:48:58.780251
57d71281-de42-47c3-ac46-e983b98af3ba,fd66ba6d-2e70-47cc-8b51-db92940cf530,2021,5933000.0,3941000.0,2026-08-18T11:48:58.780254
6bd96b5f-e5d1-4550-b8e9-d8f2fd5ef024,fd66ba6d-2e70-47cc-8b51-db92940cf530,2022,6353000.0,4232000.0,2026-08-18T11:48:58.780257
2f3e3a88-a5a0-45dd-8b92-b9d1aff07c16,fd66ba6d-2e70-47cc-8b51-db92940cf530,2023,7011000.0,4948000.0,2026-08-18T11:48:58.780260
a7ef7b36-ef6c-4426-9bfe-ca1a565772f9,fd66ba6d-2e70-47cc-8b51-db92940cf530,2024,7483000.0,4906000.0,2026-08-18T11:48:58.780263
9b4291ff-bbb4-40e2-92fd-93c94ff0bf3b,fd66ba6d-2e70-47cc-8b51-db92940cf530,2025,8258000.0,5121000.0,2026-08-18T11:48:58.780267
7b72fedb-0c3b-4fd5-9b18-c0caa3db6897,195f17a8-a994-4b8c-afac-c702e7e0cb26,2020,7448000.0,5297000.0,2026-08-18T11:48:58.780299
4fb43cf9-2c0e-4cd7-9350-dc9eb9824b2a,195f17a8-a994-4b8c-afac-c702e7e0cb26,2021,8571000.0,5282000.0,2026-08-18T11:48:58.780302
8a1c6407-aca7-4361-8d80-0782f0f26a12,195f17a8-a994-4b8c-afac-c702e7e0cb26,2022,9354000.0,5679000.0,2026-08-18T11:48:58.780306
72b9e67b-5f3f-4470-8849-c72923d5ec62,195f17a8-a994-4b8c-afac-c702e7e0cb26,2023,9717000.0,6155000.0,2026-08-18T11:48:58.780309
4e02e033-3f96-448c-98cf-8a57501e00a0,195f17a8-a994-4b8c-afac-c702e7e0cb26,2024,11214000.0,7610000.0,2026-08-18T11:48:58.780312
181a718e-cad0-4025-9a4d-d8c2c3fe0ba0,195f17a8-a994-4b8c-afac-c702e7e0cb26,2025,12080000.0,8588000.0,2026-08-18T11:48:58.780315
8bcd8ee8-484a-4268-bcdd-a39f52505c94,7e492bf9-19eb-49b6-bc28-f4e4b29ed6d7,2020,74320000.0,51364000.0,2026-08-18T11:48:58.780342
1a9a9a77-4589-4538-be19-12d58827804d,7e492bf9-19eb-49b6-bc28-f4e4b29ed6d7,2021,78807000.0,51236000.0,2026-08-18T11:48:58.780345
bf1a81d9-1c3f-42d5-b2b1-8dcc4a6c86bd,7e492bf9-19eb-49b6-bc28-f4e4b29ed6d7,2022,87512000.0,56783000.0,2026-08-18T11:48:58.780348
31570508-0c37-4a16-893c-f93527a90493,7e492bf9-19eb-49b6-bc28-f4e4b29ed6d7,2023,92264000.0,55390000.0,2026-08-18T11:48:58.780351
73c89c3e-c29e-4676-bca7-8a403e0a3dd6,7e492bf9-19eb-49b6-bc28-f4e4b29ed6d7,2024,103712000.0,62942000.0,2026-08-18T11:48:58.780354
d52e1a34-9496-4929-a0f9-234b5c07aedc,7e492bf9-19eb-49b6-bc28-f4e4b29ed6d7,2025,110815000.0,74399000.0,2026-08-18T11:48:58.780357
fb0cf89c-a17b-4cfd-8c04-79e27bb705b8,68395329-f367-41d3-9489-783bbd2f0680,2020,21664000.0,14054000.0,2026-08-18T11:48:58.780403
a6cd56a6-ba48-45cb-8afc-d3592388927f,68395329-f367-41d3-9489-783bbd2f0680,2021,24390000.0,17470000.0,2026-08-18T11:48:58.780406
7dc2993d-9b92-4ce1-a24c-5187559e4d07,68395329-f367-41d3-9489-783bbd2f0680,2022,25409000.0,18202000.0,2026-08-18T11:48:58.780409
27544a79-fac8-4f25-82bf-91a6512ae50a,68395329-f367-41d3-9489-783bbd2f0680,2023,27176000.0,19417000.0,2026-08-18T11:48:58.780413
65e0b975-32ce-4cb1-8747-68bfc4df6749,68395329-f367-41d3-9489-783bbd2f0680,2024,29959000.0,18121000.0,2026-08-18T11:48:58.780416
b4d10c75-4dff-4fe8-a013-9b4bdd3becae,68395329-f367-41d3-9489-783bbd2f0680,2025,30879000.0,19987000.0,2026-08-18T11:48:58.780419
0b98f50f-c977-427d-98f9-80f903933791,46064074-9010-4cee-90fc-2c546fb16c0c,2020,61103000.0,42424000.0,2026-08-18T11:48:58.780451
d7dce132-1c8e-440c-9311-df3c8795593d,46064074-9010-4cee-90fc-2c546fb16c0c,2021,71865000.0,51050000.0,2026-08-18T11:48:58.780454
481af475-6714-4b4b-95d6-9faa8581fdbc,46064074-9010-4cee-90fc-2c546fb16c0c,2022,82823000.0,59045000.0,2026-08-18T11:48:58.780458
482b5dce-ab46-44ee-8997-98890b38549f,46064074-9010-4cee-90fc-2c546fb16c0c,2023,94005000.0,60019000.0,2026-08-18T11:48:58.780461
0a4c7310-259c-44a9-aa19-db044f5ec747,46064074-9010-4cee-90fc-2c546fb16c0c,2024,108635000.0,66503000.0,2026-08-18T11:48:58.780464
82452767-c114-4207-880d-fcc5bf03267a,46064074-9010-4cee-90fc-2c546fb16c0c,2025,123483000.0,81695000.0,2026-08-18T11:48:58.780467
8c3aa071-81fd-4f0a-a7c7-900d2d81dec7,758114d5-e547-4c00-b7ec-dc6794c2cce0,2020,158906000.0,100436000.0,2026-08-18T11:48:58.780511
3c4a5bc0-548a-4737-b01e-a10c2ee80da2,758114d5-e547-4c00-b7ec-dc6794c2cce0,2021,169227000.0,117343000.0,2026-08-18T11:48:58.780514
824d2110-e9f0-4148-bfb5-469a8d691fc0,758114d5-e547-4c00-b7ec-dc6794c2cce0,2022,176410000.0,120449000.0,2026-08-18T11:48:58.780519
2581b1c2-0114-40d1-8f3d-1cfd72ae022a,758114d5-e547-4c00-b7ec-dc6794c2cce0,2023,192407000.0,126974000.0,2026-08-18T11:48:58.780522
07eb29ab-1ef7-4d5f-8aa8-f4ef3dbe209a,758114d5-e547-4c00-b7ec-dc6794c2cce0,2024,207787000.0,134680000.0,2026-08-18T11:48:58.780525
6beb5b2f-6d91-49ab-ac95-9198dae7574b,758114d5-e547-4c00-b7ec-dc6794c2cce0,2025,221695000.0,152186000.0,2026-08-18T11:48:58.780530
62d034cb-7a97-46ac-b1bb-d56164a20856,23cf7f7c-66f1-4ddd-894f-26d8f0039872,2020,27056000.0,17523000.0,2026-08-18T11:48:58.780564
0707e2cb-79e6-4891-bd45-3acbb3045606,23cf7f7c-66f1-4ddd-894f-26d8f0039872,2021,31481000.0,19575000.0,2026-08-18T11:48:58.780567
57057353-35e6-468a-8e3c-ade9344d7bd5,23cf7f7c-66f1-4ddd-894f-26d8f0039872,2022,36072000.0,22680000.0,2026-08-18T11:48:58.780570
6b292071-e46e-47b5-896b-e283adf6041b,23cf7f7c-66f1-4ddd-894f-26d8f0039872,2023,40338000.0,28951000.0,2026-08-18T11:48:58.780574
226e20d9-af2e-4255-a142-44df274907ef,23cf7f7c-66f1-4ddd-894f-26d8f0039872,2024,45315000.0,29190000.0,2026-08-18T11:48:58.780577
f6809fd2-b544-4ae9-a714-72e1fafca1b4,23cf7f7c-66f1-4ddd-894f-26d8f0039872,2025,53743000.0,38613000.0,2026-08-18T11:48:58.780580
b8797a1a-b98d-435d-ade5-f62660c597c7,44c62508-68fa-48b5-9974-f0fffb02c4f7,2020,110124000.0,74606000.0,2026-08-18T11:48:58.780611
b8581c37-8a1a-4070-a916-55e2ca3b338a,44c62508-68fa-48b5-9974-f0fffb02c4f7,2021,131237000.0,86548000.0,2026-08-18T11:48:58.780615
2adaf77b-c716-4acb-a6eb-d9564cd6d1dc,44c62508-68fa-48b5-9974-f0fffb02c4f7,2022,148136000.0,95215000.0,2026-08-18T11:48:58.780618
25d1eee8-856f-4971-bdb5-a2dc5b672c52,44c62508-68fa-48b5-9974-f0fffb02c4f7,2023,165528000.0,117828000.0,2026-08-18T11:48:58.780621
b08bd90c-2e3c-436e-a0c4-1710ab8e4cfe,44c62508-68fa-48b5-9974-f0fffb02c4f7,2024,188067000.0,129312000.0,2026-08-18T11:48:58.780624
ffabf350-7b5b-417b-8492-ac6c0d33fe93,44c62508-68fa-48b5-9974-f0fffb02c4f7,2025,219684000.0,155962000.0,2026-08-18T11:48:58.780628
5ba62c9f-b5e3-4982-8cfa-9f0083d4c839,babe76be-df99-4282-93e7-524f6f96e361,2020,51161000.0,34560000.0,2026-08-18T11:48:58.780670
b3e9bd39-1501-445f-ad8e-3a8d18ca9e09,babe76be-df99-4282-93e7-524f6f96e361,2021,56198000.0,34747000.0,2026-08-18T11:48:58.780673
bcc20bc3-5f04-40b6-ab2c-e3c0aa2cb768,babe76be-df99-4282-93e7-524f6f96e361,2022,64169000.0,42637000.0,2026-08-18T11:48:58.780676
d972a2ac-2935-4a6a-b9da-951647e55e48,babe76be-df99-4282-93e7-524f6f96e361,2023,71088000.0,50638000.0,2026-08-18T11:48:58.780680
9f76c1a7-e7dd-4fb4-bfac-6bb5bf37ff66,babe76be-df99-4282-93e7-524f6f96e361,2024,82270000.0,54487000.0,2026-08-18T11:48:58.780683
c370b343-29f4-47fe-878c-6c3fc066e6f3,babe76be-df99-4282-93e7-524f6f96e361,2025,97208000.0,58749000.0,2026-08-18T11:48:58.780688
9f1a1e44-e5d5-484b-b4b3-a7cff7ef9cc9,f9a4f65f-4cdd-481c-a47e-70dda9a134b8,2020,21273000.0,14086000.0,2026-08-18T11:48:58.780713
862ca3eb-6663-46c1-a657-2eff58e24943,f9a4f65f-4cdd-481c-a47e-70dda9a134b8,2021,22910000.0,16238000.0,2026-08-18T11:48:58.780716
920ceab1-1634-4603-aa58-dfa150f486e2,f9a4f65f-4cdd-481c-a47e-70dda9a134b8,2022,24595000.0,16660000.0,2026-08-18T11:48:58.780719
d2c7231d-af4a-4721-865c-f1cc7a8446fc,f9a4f65f-4cdd-481c-a47e-70dda9a134b8,2023,27912000.0,18861000.0,2026-08-18T11:48:58.780723
ad6f64c7-11f6-4563-91e1-a83b152e275f,f9a4f65f-4cdd-481c-a47e-70dda9a134b8,2024,30472000.0,19183000.0,2026-08-18T11:48:58.780726
019ef70f-2a5f-41aa-a1bd-e217824c6555,f9a4f65f-4cdd-481c-a47e-70dda9a134b8,2025,32731000.0,21106000.0,2026-08-18T11:48:58.780729
4653a0f5-121e-4e51-bcc8-bc080d58ae40,9049d4d8-143e-4e91-9e11-98cc76337b56,2020,32510000.0,20114000.0,2026-08-18T11:48:58.780771
f262e257-e5b7-4087-b14a-6b55afdbf576,9049d4d8-143e-4e91-9e11-98cc76337b56,2021,34219000.0,23179000.0,2026-08-18T11:48:58.780774
13d95d08-bd73-4a53-bab6-205238fa69a4,9049d4d8-143e-4e91-9e11-98cc76337b56,2022,38817000.0,27857000.0,2026-08-18T11:48:58.780777
dfbe7d73-ae89-4f32-9b33-30e103dd7656,9049d4d8-143e-4e91-9e11-98cc76337b56,2023,40057000.0,28662000.0,2026-08-18T11:48:58.780780
d54dee2d-1954-460d-8c86-02a8dcff45e6,9049d4d8-143e-4e91-9e11-98cc76337b56,2024,44377000.0,29992000.0,2026-08-18T11:48:58.780784
4bc808c6-d4b5-49dc-ac5a-c55620dd8b95,9049d4d8-143e-4e91-9e11-98cc76337b56,2025,46428000.0,28356000.0,2026-08-18T11:48:58.780787
12285eee-58ad-4d13-a373-c824ce011aa4,33c39715-3a62-4c18-9de4-b7bc3d969193,2020,25465000.0,17825000.0,2026-08-18T11:48:58.780822
a7546a73-2bb0-499b-8a46-91bcd9a14003,33c39715-3a62-4c18-9de4-b7bc3d969193,2021,27754000.0,19057000.0,2026-08-18T11:48:58.780825
f2d7f92c-a2f7-4191-822d-6236a16f09ef,33c39715-3a62-4c18-9de4-b7bc3d969193,2022,30213000.0,19015000.0,2026-08-18T11:48:58.780828
6ed2a528-5be4-4777-b4bb-3964f8c2d27b,33c39715-3a62-4c18-9de4-b7bc3d969193,2023,32429000.0,19904000.0,2026-08-18T11:48:58.780832
38e6be2e-e2c6-4a05-95a9-65994335aea0,33c39715-3a62-4c18-9de4-b7bc3d969193,2024,33191000.0,21495000.0,2026-08-18T11:48:58.780835
f4977105-b7c3-44e7-8b3c-aaaabbb116b7,33c39715-3a62-4c18-9de4-b7bc3d969193,2025,37266000.0,23593000.0,2026-08-18T11:48:58.780840
1c3fa81d-1809-4c9d-a712-45c9df2444b8,af449bfb-2e67-414b-be3c-eacda77a4222,2020,7701000.0,4662000.0,2026-08-18T11:48:58.780867
d03a315f-ed77-4c39-b54f-ce7294ad760d,af449bfb-2e67-414b-be3c-eacda77a4222,2021,8448000.0,5645000.0,2026-08-18T11:48:58.780870
ba66874d-7490-4c75-96b8-3d62cf585d0e,af449bfb-2e67-414b-be3c-eacda77a4222,2022,9812000.0,6990000.0,2026-08-18T11:48:58.780873
129a9d31-b271-4902-85e2-046defb64fd2,af449bfb-2e67-414b-be3c-eacda77a4222,2023,10981000.0,7074000.0,2026-08-18T11:48:58.780876
76c56d3b-c61e-4dd7-a389-b89864a24e86,af449bfb-2e67-414b-be3c-eacda77a4222,2024,12221000.0,8389000.0,2026-08-18T11:48:58.780879
de485e00-6900-40c9-bc0e-f5e574160183,af449bfb-2e67-414b-be3c-eacda77a4222,2025,13494000.0,9013000.0,2026-08-18T11:48:58.780883
27fd0f14-a3b9-4f63-8f56-e428fe063152,7985323a-cfa7-4705-a2bd-ac4fee893837,2020,10556000.0,6428000.0,2026-08-18T11:48:58.780926
0c22e79d-3be2-4416-bee2-e845817e3026,7985323a-cfa7-4705-a2bd-ac4fee893837,2021,12066000.0,8533000.0,2026-08-18T11:48:58.780929
b9667178-2c12-4af6-bf80-17169e308daf,7985323a-cfa7-4705-a2bd-ac4fee893837,2022,13670000.0,9511000.0,2026-08-18T11:48:58.780932
12f0a3fd-d1ad-4498-97a9-3600a96393e3,7985323a-cfa7-4705-a2bd-ac4fee893837,2023,16392000.0,10200000.0,2026-08-18T11:48:58.780935
49f9dfc7-1446-47c4-8c4b-da3a3613f868,7985323a-cfa7-4705-a2bd-ac4fee893837,2024,18192000.0,11765000.0,2026-08-18T11:48:58.780938
78d3d08f-ae41-44ef-a6b6-db38b1044e9a,7985323a-cfa7-4705-a2bd-ac4fee893837,2025,21265000.0,13934000.0,2026-08-18T11:48:58.780942
737a3683-18bb-4a42-ba3a-3f4cb2107c8b,41be9e38-8e5d-43bc-9c01-1d93643db5db,2020,30313000.0,19719000.0,2026-08-18T11:48:58.780984
d4b17355-00e7-46e0-998c-17ba0478e12f,41be9e38-8e5d-43bc-9c01-1d93643db5db,2021,35343000.0,22884000.0,2026-08-18T11:48:58.780987
8cbbeb63-9c50-4c75-a1a7-bfa55c654e89,41be9e38-8e5d-43bc-9c01-1d93643db5db,2022,39227000.0,26668000.0,2026-08-18T11:48:58.780990
9157995e-0cb9-4c72-b05b-9efddd11bbc1,41be9e38-8e5d-43bc-9c01-1d93643db5db,2023,44542000.0,28868000.0,2026-08-18T11:48:58.780994
62739953-0ed1-455b-b90a-709bf7fe3550,41be9e38-8e5d-43bc-9c01-1d93643db5db,2024,50608000.0,33967000.0,2026-08-18T11:48:58.780997
0dbf76bd-08b2-4fc5-8e29-8a1bf43ed5a8,41be9e38-8e5d-43bc-9c01-1d93643db5db,2025,58224000.0,41116000.0,2026-08-18T11:48:58.781001
d104a44f-d228-4f54-bbea-0c37286c2033,00f5bf81-2fc8-43b4-9452-f60a97178b53,2020,47232000.0,32024000.0,2026-08-18T11:48:58.781032
2d057f0a-3b3e-4627-a176-2cc17704d6b2,00f5bf81-2fc8-43b4-9452-f60a97178b53,2021,49445000.0,33796000.0,2026-08-18T11:48:58.781038
045c26d3-5b8c-4071-91fe-37b5639c45d5,00f5bf81-2fc8-43b4-9452-f60a97178b53,2022,53620000.0,33497000.0,2026-08-18T11:48:58.781042
d6ed3211-70ca-4404-a78f-c95014b448f9,00f5bf81-2fc8-43b4-9452-f60a97178b53,2023,59510000.0,39945000.0,2026-08-18T11:48:58.781045
a303c069-dd8c-4984-8644-64abc0b419aa,00f5bf81-2fc8-43b4-9452-f60a97178b53,2024,64292000.0,39958000.0,2026-08-18T11:48:58.781048
515a7d1b-71b6-466c-be16-a0a5cbea19b7,00f5bf81-2fc8-43b4-9452-f60a97178b53,2025,67841000.0,42019000.0,2026-08-18T11:48:58.781052
f562c3e0-5aa0-4861-8e85-9be50cee6f59,d973f072-d806-4124-9c64-5ff03ae53721,2020,23759000.0,16250000.0,2026-08-18T11:48:58.781095
3a41c151-193e-4724-a316-9b1692d3c953,d973f072-d806-4124-9c64-5ff03ae53721,2021,25814000.0,16184000.0,2026-08-18T11:48:58.781098
0dea31e1-cbde-4afa-9e0c-7acc49de15df,d973f072-d806-4124-9c64-5ff03ae53721,2022,29942000.0,19764000.0,2026-08-18T11:48:58.781101
844ca411-815d-4f16-b0ed-0641b88483a1,d973f072-d806-4124-9c64-5ff03ae53721,2023,32917000.0,22606000.0,2026-08-18T11:48:58.781104
8081e720-5f71-4d87-9e4a-8d749c52238e,d973f072-d806-4124-9c64-5ff03ae53721,2024,38580000.0,24160000.0,2026-08-18T11:48:58.781107
e89d197a-1548-434b-a54b-0415548e1315,d973f072-d806-4124-9c64-5ff03ae53721,2025,43241000.0,30187000.0,2026-08-18T11:48:58.781110
95facf28-e495-407e-b1dd-eac19346e066,53b6d418-3e8c-4914-98b0-87cc7804d2da,2020,20001000.0,13361000.0,2026-08-18T11:48:58.781139
9c9e9a46-4746-4950-b12d-255dba12dd7f,53b6d418-3e8c-4914-98b0-87cc7804d2da,2021,22128000.0,14290000.0,2026-08-18T11:48:58.781142
aa44db27-7706-4092-9144-2e453273ad88,53b6d418-3e8c-4914-98b0-87cc7804d2da,2022,22603000.0,15524000.0,2026-08-18T11:48:58.781145
c8a97f5e-26da-46f6-83be-087f88a6bcaa,53b6d418-3e8c-4914-98b0-87cc7804d2da,2023,24441000.0,14825000.0,2026-08-18T11:48:58.781149
14e7e17e-0067-4712-9d4e-274a40a527fc,53b6d418-3e8c-4914-98b0-87cc7804d2da,2024,25859000.0,18300000.0,2026-08-18T11:48:58.781152
bd19cf43-48e6-4338-989c-40c637d36587,53b6d418-3e8c-4914-98b0-87cc7804d2da,2025,29139000.0,17856000.0,2026-08-18T11:48:58.781156
e0f73836-e0d6-4673-9550-fa35b59e28e4,d3e8cdd5-6611-439f-b709-89802ea0bc29,2020,116065000.0,78981000.0,2026-08-18T11:48:58.781189
7b163929-3c79-47bf-92a6-137c3ce426b4,d3e8cdd5-6611-439f-b709-89802ea0bc29,2021,131709000.0,92586000.0,2026-08-18T11:48:58.781193
e5246dfb-2e72-4dad-af01-450394414bd7,d3e8cdd5-6611-439f-b709-89802ea0bc29,2022,150204000.0,98369000.0,2026-08-18T11:48:58.781198
eecf5fea-db97-42e0-96bd-42a109675d30,d3e8cdd5-6611-439f-b709-89802ea0bc29,2023,170555000.0,110654000.0,2026-08-18T11:48:58.781201
3da24648-f031-445b-baed-e94cf2cbfce1,d3e8cdd5-6611-439f-b709-89802ea0bc29,2024,199408000.0,120093000.0,2026-08-18T11:48:58.781204
dce923d0-82be-49fd-935f-bccf1c7fce35,d3e8cdd5-6611-439f-b709-89802ea0bc29,2025,220877000.0,144474000.0,2026-08-18T11:48:58.781207
e402fd04-239d-456b-a20f-cfad35b2d954,eca1c6f0-e111-4c87-88e4-ef85fd65b256,2020,229491000.0,141917000.0,2026-08-18T11:48:58.781250
c22cdf16-a0a3-42d4-9ef7-f399cdba2592,eca1c6f0-e111-4c87-88e4-ef85fd65b256,2021,253323000.0,152277000.0,2026-08-18T11:48:58.781253
bbfa830c-844b-4dbb-bc45-0d528cbf20cf,eca1c6f0-e111-4c87-88e4-ef85fd65b256,2022,262525000.0,167917000.0,2026-08-18T11:48:58.781258
478ce8cd-6888-42fc-bb05-0fc4d00177af,eca1c6f0-e111-4c87-88e4-ef85fd65b256,2023,294945000.0,180783000.0,2026-08-18T11:48:58.781261
6abbcdf1-3f76-47cd-afdb-3edfbb6a1e92,eca1c6f0-e111-4c87-88e4-ef85fd65b256,2024,313270000.0,188336000.0,2026-08-18T11:48:58.781264
0e740ca4-01e2-4e57-b234-4da514288c6d,eca1c6f0-e111-4c87-88e4-ef85fd65b256,2025,336445000.0,209831000.0,2026-08-18T11:48:58.781267
a1defabf-292b-4f82-b60c-4e8110f8a4d3,2d121700-1edd-4b0d-969e-91b7f8a11501,2020,137854000.0,86986000.0,2026-08-18T11:48:58.781293
f050bd64-d388-441e-a32e-4afbe1670a51,2d121700-1edd-4b0d-969e-91b7f8a11501,2021,154969000.0,97351000.0,2026-08-18T11:48:58.781296
aaf20970-7344-48a1-ac94-3d7c8765d570,2d121700-1edd-4b0d-969e-91b7f8a11501,2022,172081000.0,118049000.0,2026-08-18T11:48:58.781300
464d687e-2adc-46d4-82b2-f725e4114a2a,2d121700-1edd-4b0d-969e-91b7f8a11501,2023,202943000.0,124976000.0,2026-08-18T11:48:58.781303
9e979dd2-5dbb-4134-8bb5-3f28394c009c,2d121700-1edd-4b0d-969e-91b7f8a11501,2024,218054000.0,138578000.0,2026-08-18T11:48:58.781306
ed9856f8-f06a-4470-aa78-5b26e3531fa8,2d121700-1edd-4b0d-969e-91b7f8a11501,2025,245244000.0,175758000.0,2026-08-18T11:48:58.781311
8e469767-ee47-4f71-9f3c-a14dbef206e3,a8a80b9d-4182-4172-99d1-50ec7e4235f0,2020,29646000.0,19697000.0,2026-08-18T11:48:58.781338
73d9be40-a79b-407a-946e-24f8f2f77682,a8a80b9d-4182-4172-99d1-50ec7e4235f0,2021,33313000.0,20604000.0,2026-08-18T11:48:58.781341
25382f0a-8638-4301-bf8c-76be03465145,a8a80b9d-4182-4172-99d1-50ec7e4235f0,2022,36084000.0,24374000.0,2026-08-18T11:48:58.781345
b19991eb-8d5c-4973-985c-7af8af99c410,a8a80b9d-4182-4172-99d1-50ec7e4235f0,2023,38852000.0,27378000.0,2026-08-18T11:48:58.781349
390ebbc0-d001-40a6-b203-a052c6f336ab,a8a80b9d-4182-4172-99d1-50ec7e4235f0,2024,41978000.0,25970000.0,2026-08-18T11:48:58.781352
37ccce9d-a0dc-4752-a3bf-b25d344f6634,a8a80b9d-4182-4172-99d1-50ec7e4235f0,2025,47644000.0,33175000.0,2026-08-18T11:48:58.781355
5c102459-c7f1-4a56-a9be-0dcd9063e575,6ef20d0c-973a-43db-84ba-ae970daefe6a,2020,60228000.0,41150000.0,2026-08-18T11:48:58.781391
dced759d-0c05-467f-aba2-2f3907c50385,6ef20d0c-973a-43db-84ba-ae970daefe6a,2021,69893000.0,49757000.0,2026-08-18T11:48:58.781394
97d26985-e824-4103-a8d5-747902762c50,6ef20d0c-973a-43db-84ba-ae970daefe6a,2022,78673000.0,50532000.0,2026-08-18T11:48:58.781397
51e2de33-992f-4800-9bba-71823adb603c,6ef20d0c-973a-43db-84ba-ae970daefe6a,2023,89555000.0,60390000.0,2026-08-18T11:48:58.781400
3d1d8ad4-f96f-4c22-bf19-e59c95a95067,6ef20d0c-973a-43db-84ba-ae970daefe6a,2024,99962000.0,64235000.0,2026-08-18T11:48:58.781403
c0eb5f02-30dc-4ea9-a9b2-7a7fb7cb1ca6,6ef20d0c-973a-43db-84ba-ae970daefe6a,2025,116262000.0,80015000.0,2026-08-18T11:48:58.781407
b32d02a4-b5d6-4b30-aa1b-9aac688ffdf8,d759cffb-2fad-4bad-bffd-71bdffcf6272,2020,46357000.0,30816000.0,2026-08-18T11:48:58.781432
bd379e84-90c9-427b-bdfa-c42109e7ea20,d759cffb-2fad-4bad-bffd-71bdffcf6272,2021,52975000.0,37990000.0,2026-08-18T11:48:58.781435
c4cf2376-99e4-4f6f-9c2e-6313d5d86dc1,d759cffb-2fad-4bad-bffd-71bdffcf6272,2022,60181000.0,39307000.0,2026-08-18T11:48:58.781438
cbf536e5-1aa3-498b-9312-06b537a3b93a,d759cffb-2fad-4bad-bffd-71bdffcf6272,2023,70476000.0,42442000.0,2026-08-18T11:48:58.781442
8ccbfc84-82f0-41e1-975b-97dfa54525d7,d759cffb-2fad-4bad-bffd-71bdffcf6272,2024,77705000.0,51458000.0,2026-08-18T11:48:58.781446
e455b8f1-1192-497e-9391-ed4e4d4b9d5b,d759cffb-2fad-4bad-bffd-71bdffcf6272,2025,87778000.0,58777000.0,2026-08-18T11:48:58.781450
91e070f4-2734-472d-971f-bbdafd815d2c,03240b65-85e6-4391-938f-20c6c10dc326,2020,19682000.0,13354000.0,2026-08-18T11:48:58.781491
3d07af07-006c-49d3-bd14-596ca699fb8f,03240b65-85e6-4391-938f-20c6c10dc326,2021,22936000.0,16314000.0,2026-08-18T11:48:58.781494
fde6c14a-6495-441e-bc52-dd3ac0293b88,03240b65-85e6-4391-938f-20c6c10dc326,2022,25371000.0,16093000.0,2026-08-18T11:48:58.781497
21a8f17a-9262-4e10-9757-3e277b220b85,03240b65-85e6-4391-938f-20c6c10dc326,2023,28650000.0,20367000.0,2026-08-18T11:48:58.781500
3206bed6-a875-4dc9-9bf2-df49cbc60bc8,03240b65-85e6-4391-938f-20c6c10dc326,2024,34280000.0,23730000.0,2026-08-18T11:48:58.781503
b1eeb59f-bb40-4fbb-892a-e4f4f4632c66,03240b65-85e6-4391-938f-20c6c10dc326,2025,37226000.0,23013000.0,2026-08-18T11:48:58.781508
d656522b-5bb3-426e-81a9-882f018b2586,f8146ff3-8a9a-4c06-a84f-ded8273bee08,2020,56786000.0,37982000.0,2026-08-18T11:48:58.781538
b98a1349-70f8-42ab-9727-bac9ba9ef362,f8146ff3-8a9a-4c06-a84f-ded8273bee08,2021,67850000.0,42537000.0,2026-08-18T11:48:58.781541
118c05da-f0a3-4da6-bfc4-ccc9e7b1cfc2,f8146ff3-8a9a-4c06-a84f-ded8273bee08,2022,77238000.0,46938000.0,2026-08-18T11:48:58.781544
1dd42bf9-0827-452d-89f9-a5fc5ee67d2b,f8146ff3-8a9a-4c06-a84f-ded8273bee08,2023,86804000.0,53924000.0,2026-08-18T11:48:58.781547
51205402-ad8a-4494-9002-4839acc6f3d8,f8146ff3-8a9a-4c06-a84f-ded8273bee08,2024,95909000.0,68476000.0,2026-08-18T11:48:58.781550
bdf43b7a-5807-4fd3-8454-fd658c1fe814,f8146ff3-8a9a-4c06-a84f-ded8273bee08,2025,109296000.0,66578000.0,2026-08-18T11:48:58.781553
3521e773-3d35-4c75-864e-1754b807d632,7ab25f83-586b-4638-8fe7-a68a98d3442a,2020,76989000.0,52086000.0,2026-08-18T11:48:58.781595
c145b2f5-c00f-474d-ad00-de8cf11f85dc,7ab25f83-586b-4638-8fe7-a68a98d3442a,2021,83707000.0,58965000.0,2026-08-18T11:48:58.781598
1e5267b8-d09a-4e68-9a76-78a8fc51c5d0,7ab25f83-586b-4638-8fe7-a68a98d3442a,2022,97454000.0,67536000.0,2026-08-18T11:48:58.781602
49c0578b-d393-453c-94e2-50401c20a986,7ab25f83-586b-4638-8fe7-a68a98d3442a,2023,106216000.0,69278000.0,2026-08-18T11:48:58.781605
3866cf2d-2957-467f-a9b8-dee38352e35a,7ab25f83-586b-4638-8fe7-a68a98d3442a,2024,120322000.0,76470000.0,2026-08-18T11:48:58.781608
a4ee42b0-d483-4b1a-a1bc-9e724399d760,7ab25f83-586b-4638-8fe7-a68a98d3442a,2025,136640000.0,91994000.0,2026-08-18T11:48:58.781611
7af5be26-e85d-493b-a501-b7011ead6992,e3ea88fb-2448-4cef-b9d7-95760633d11a,2020,6983000.0,4283000.0,2026-08-18T11:48:58.781640
76747048-28ba-4887-b970-5ff634bbb39f,e3ea88fb-2448-4cef-b9d7-95760633d11a,2021,7495000.0,4548000.0,2026-08-18T11:48:58.781643
a2f0bd58-9bb8-48c2-86e5-84148ae876f3,e3ea88fb-2448-4cef-b9d7-95760633d11a,2022,8274000.0,5384000.0,2026-08-18T11:48:58.781646
74c9db86-fc2d-4db5-9558-01fd01524096,e3ea88fb-2448-4cef-b9d7-95760633d11a,2023,8511000.0,5809000.0,2026-08-18T11:48:58.781649
0143222a-c63d-454f-826b-e983e78d81f2,e3ea88fb-2448-4cef-b9d7-95760633d11a,2024,9300000.0,5582000.0,2026-08-18T11:48:58.781653
2d224e8a-3a03-4446-b045-4adbbd31f011,e3ea88fb-2448-4cef-b9d7-95760633d11a,2025,9970000.0,7102000.0,2026-08-18T11:48:58.781656
daf19300-a223-4798-b79f-b2465eb304c7,46461a40-3289-4ff1-a919-ef7e8fbbc5f0,2020,44757000.0,31538000.0,2026-08-18T11:48:58.781695
aef804af-544a-4381-8907-fb8c84d6aed8,46461a40-3289-4ff1-a919-ef7e8fbbc5f0,2021,52710000.0,34064000.0,2026-08-18T11:48:58.781699
f9f891f4-0fd2-4258-a8ca-24ca723ecdef,46461a40-3289-4ff1-a919-ef7e8fbbc5f0,2022,61238000.0,43795000.0,2026-08-18T11:48:58.781702
f17d9531-aa90-4ded-bf71-3b16cff707e6,46461a40-3289-4ff1-a919-ef7e8fbbc5f0,2023,68002000.0,44748000.0,2026-08-18T11:48:58.781705
b1a3efc1-088c-4dcd-ae4d-cd3c18316d22,46461a40-3289-4ff1-a919-ef7e8fbbc5f0,2024,81435000.0,49675000.0,2026-08-18T11:48:58.781708
a1dfc83d-8530-4a3e-83ad-9a6099fd7c4d,46461a40-3289-4ff1-a919-ef7e8fbbc5f0,2025,90512000.0,55546000.0,2026-08-18T11:48:58.781712
8f0e10c8-07f8-45ed-956e-e23424b2bf50,ace794b6-f6c2-4202-8085-01959d25baa2,2020,39403000.0,28091000.0,2026-08-18T11:48:58.781739
90cc4904-395f-46c5-a7a6-7e20a55c3d83,ace794b6-f6c2-4202-8085-01959d25baa2,2021,42442000.0,30317000.0,2026-08-18T11:48:58.781743
5fb2d46f-cc90-4f0f-8a69-8700f4c35b52,ace794b6-f6c2-4202-8085-01959d25baa2,2022,49184000.0,31786000.0,2026-08-18T11:48:58.781746
b739427e-cf7d-42bd-8715-b37094c6272c,ace794b6-f6c2-4202-8085-01959d25baa2,2023,55974000.0,36422000.0,2026-08-18T11:48:58.781749
bdaeb59d-7d1d-4081-a0ba-e389d95fd40c,ace794b6-f6c2-4202-8085-01959d25baa2,2024,62983000.0,40588000.0,2026-08-18T11:48:58.781752
9009394a-6e46-438b-999f-651554565730,ace794b6-f6c2-4202-8085-01959d25baa2,2025,70761000.0,42510000.0,2026-08-18T11:48:58.781755
9be08384-3a49-416b-9d7d-1d1dc4fc3bf2,3d1a5ecb-a478-45a3-9622-b328e9ff4e20,2020,101550000.0,65795000.0,2026-08-18T11:48:58.781783
76fc7755-7c9e-4bca-af76-83dfb10b2f3c,3d1a5ecb-a478-45a3-9622-b328e9ff4e20,2021,107944000.0,66979000.0,2026-08-18T11:48:58.781786
e645f654-dea2-4dd7-8e9c-2add2b4c9e9b,3d1a5ecb-a478-45a3-9622-b328e9ff4e20,2022,122164000.0,81724000.0,2026-08-18T11:48:58.781789
9df68297-df98-45bb-9a15-64ff9fc7083f,3d1a5ecb-a478-45a3-9622-b328e9ff4e20,2023,128202000.0,81901000.0,2026-08-18T11:48:58.781793
737e7db3-f7ed-4476-ba8b-0159b5040547,3d1a5ecb-a478-45a3-9622-b328e9ff4e20,2024,141910000.0,95649000.0,2026-08-18T11:48:58.781796
8c21b6c8-9749-4cb6-a638-17056aaa71a6,3d1a5ecb-a478-45a3-9622-b328e9ff4e20,2025,159737000.0,112923000.0,2026-08-18T11:48:58.781799
36a67697-bcc6-4383-850d-7c8e6d9d50d7,708c2a44-1dbf-4c99-97f3-137a12e5bc79,2020,12704000.0,8321000.0,2026-08-18T11:48:58.781843
516361ac-2ead-4500-ac82-60c31af67389,708c2a44-1dbf-4c99-97f3-137a12e5bc79,2021,14623000.0,9376000.0,2026-08-18T11:48:58.781846
ae30b5b8-61b3-4faa-9be1-3da84b2c817c,708c2a44-1dbf-4c99-97f3-137a12e5bc79,2022,15671000.0,10496000.0,2026-08-18T11:48:58.781851
8d5b52aa-cffc-44b6-8664-6b33e57cafd1,708c2a44-1dbf-4c99-97f3-137a12e5bc79,2023,17777000.0,10894000.0,2026-08-18T11:48:58.781854
c338ec7a-d244-4b44-9384-71cc5792d52c,708c2a44-1dbf-4c99-97f3-137a12e5bc79,2024,19182000.0,13296000.0,2026-08-18T11:48:58.781857
912e5f4a-4d0b-496d-857d-aaebdbebed13,708c2a44-1dbf-4c99-97f3-137a12e5bc79,2025,21430000.0,13540000.0,2026-08-18T11:48:58.781860
9a012e85-3f49-4669-b56e-c8e746a30ae7,e5c3ec9f-b77a-49bc-b47c-bc6bb87cb9f9,2020,13977000.0,8387000.0,2026-08-18T11:48:58.781886
edb2bb15-a1ec-4df9-85b8-d8234286c886,e5c3ec9f-b77a-49bc-b47c-bc6bb87cb9f9,2021,15635000.0,10456000.0,2026-08-18T11:48:58.781890
0d665a3a-f846-41a2-b55b-bdd7b00e5272,e5c3ec9f-b77a-49bc-b47c-bc6bb87cb9f9,2022,16680000.0,11341000.0,2026-08-18T11:48:58.781893
f39f5bfe-bbba-45a5-8af8-f2af614b22e9,e5c3ec9f-b77a-49bc-b47c-bc6bb87cb9f9,2023,18372000.0,12087000.0,2026-08-18T11:48:58.781896
ddbc63a5-1bca-4aec-abb3-ad96bff11a57,e5c3ec9f-b77a-49bc-b47c-bc6bb87cb9f9,2024,21211000.0,14103000.0,2026-08-18T11:48:58.781899
673f6efd-6b1e-4896-b7a7-946e8ac7cd72,e5c3ec9f-b77a-49bc-b47c-bc6bb87cb9f9,2025,22977000.0,15427000.0,2026-08-18T11:48:58.781902
a9a10939-6302-464e-ab0b-e76b6dbc0d02,e2eb9059-2275-4469-aa8f-ccbe58b8a350,2020,2306000.0,1637000.0,2026-08-18T11:48:58.781939
bf3bacf8-58a9-43a5-b2fc-a11510615b86,e2eb9059-2275-4469-aa8f-ccbe58b8a350,2021,2499000.0,1695000.0,2026-08-18T11:48:58.781942
c3757c26-065c-489e-867b-d8e3501a2600,e2eb9059-2275-4469-aa8f-ccbe58b8a350,2022,2625000.0,1626000.0,2026-08-18T11:48:58.781946
bc6e8acf-c5dd-49a4-9ff9-85a392c16d37,e2eb9059-2275-4469-aa8f-ccbe58b8a350,2023,2878000.0,2004000.0,2026-08-18T11:48:58.781949
70645d35-2bcb-4954-9350-25b7adc5ffff,e2eb9059-2275-4469-aa8f-ccbe58b8a350,2024,2938000.0,1985000.0,2026-08-18T11:48:58.781952
fbc35473-a667-46b0-9da8-3130dcb5fce2,e2eb9059-2275-4469-aa8f-ccbe58b8a350,2025,3189000.0,2056000.0,2026-08-18T11:48:58.781955
5a28dcc7-782a-4a8b-8632-7fd40ae79e8a,6306e111-d2a9-4a0f-b531-08f6a446e387,2020,4856000.0,3457000.0,2026-08-18T11:48:58.781991
21ef9d31-11e3-4b84-8970-08d7436a8049,6306e111-d2a9-4a0f-b531-08f6a446e387,2021,5329000.0,3386000.0,2026-08-18T11:48:58.781994
42309932-6d69-4692-82ff-7f538bd4252f,6306e111-d2a9-4a0f-b531-08f6a446e387,2022,5755000.0,3632000.0,2026-08-18T11:48:58.781997
c22023d7-2c29-4ba0-aaaf-c01c5cf53413,6306e111-d2a9-4a0f-b531-08f6a446e387,2023,5985000.0,4238000.0,2026-08-18T11:48:58.782002
b039e15a-57d2-4f48-9e03-bbdc0fd4ee0f,6306e111-d2a9-4a0f-b531-08f6a446e387,2024,6407000.0,4066000.0,2026-08-18T11:48:58.782005
e3a0a30c-216f-4a71-9d60-581ffbea3e61,6306e111-d2a9-4a0f-b531-08f6a446e387,2025,7060000.0,4551000.0,2026-08-18T11:48:58.782008
4defb5bf-86c0-4ba4-bcab-a7e5dec3cbec,5463a35a-a7b7-4d98-a535-7ffb3004494b,2020,2626000.0,1650000.0,2026-08-18T11:48:58.782034
b71afdd7-6f4e-4276-af6f-f9717e54a272,5463a35a-a7b7-4d98-a535-7ffb3004494b,2021,3005000.0,1855000.0,2026-08-18T11:48:58.782037
1e5c26db-fc83-4035-a662-377a0bec9500,5463a35a-a7b7-4d98-a535-7ffb3004494b,2022,3477000.0,2293000.0,2026-08-18T11:48:58.782041
d5bbb00b-f0dc-464b-84d6-dda2428fbe68,5463a35a-a7b7-4d98-a535-7ffb3004494b,2023,3853000.0,2437000.0,2026-08-18T11:48:58.782044
b8599209-59e3-4ee2-84fa-0155db8022b9,5463a35a-a7b7-4d98-a535-7ffb3004494b,2024,4467000.0,3072000.0,2026-08-18T11:48:58.782047
1753266b-f005-4ef5-998e-4807d772d9bc,5463a35a-a7b7-4d98-a535-7ffb3004494b,2025,5104000.0,3403000.0,2026-08-18T11:48:58.782050
c94cd200-a856-422a-aa51-39bb6c0aac65,03596f67-1e15-4cae-816b-f8c14307f1df,2020,4179000.0,2564000.0,2026-08-18T11:48:58.782093
9847d2a5-9dad-4c48-9267-7021cf3178c4,03596f67-1e15-4cae-816b-f8c14307f1df,2021,4735000.0,3103000.0,2026-08-18T11:48:58.782096
bb08256e-c0b5-4daa-8ed4-1f822c67355b,03596f67-1e15-4cae-816b-f8c14307f1df,2022,5212000.0,3315000.0,2026-08-18T11:48:58.782100
b9ad2781-0602-4123-ac04-7a77a8489ef8,03596f67-1e15-4cae-816b-f8c14307f1df,2023,6047000.0,4043000.0,2026-08-18T11:48:58.782103
c90178c4-bd17-43e7-9880-520f3e3a2107,03596f67-1e15-4cae-816b-f8c14307f1df,2024,6586000.0,4180000.0,2026-08-18T11:48:58.782106
3454578f-5db5-4f9f-b786-20840c472735,03596f67-1e15-4cae-816b-f8c14307f1df,2025,7757000.0,4843000.0,2026-08-18T11:48:58.782109
1c4cc2c2-74b3-4c2b-9921-b8709d4834ae,ec891e24-8238-4a24-b37e-80a9fcb9b026,2020,3452000.0,2189000.0,2026-08-18T11:48:58.782137
9d6fb586-08e1-41a1-acbe-45c71a61abb0,ec891e24-8238-4a24-b37e-80a9fcb9b026,2021,3928000.0,2444000.0,2026-08-18T11:48:58.782140
51ad9d98-c69f-4964-a0ab-4c82cd448bda,ec891e24-8238-4a24-b37e-80a9fcb9b026,2022,4408000.0,2811000.0,2026-08-18T11:48:58.782143
6d9a713d-ef3c-41fd-8cce-63ec0fea2c33,ec891e24-8238-4a24-b37e-80a9fcb9b026,2023,4744000.0,3240000.0,2026-08-18T11:48:58.782147
be28c2ac-ad22-4b01-9a79-bc5ca5f5f927,ec891e24-8238-4a24-b37e-80a9fcb9b026,2024,5375000.0,3761000.0,2026-08-18T11:48:58.782150
27fb30df-4247-49b4-a67b-ed3cef5a0881,ec891e24-8238-4a24-b37e-80a9fcb9b026,2025,5914000.0,3781000.0,2026-08-18T11:48:58.782154
cec617cc-d0eb-4266-bb26-2f0c5358b1fb,11f4435c-566d-400f-a8c7-7e7d3e6df1a4,2020,1620000.0,1148000.0,2026-08-18T11:48:58.782180
7be07dc8-2ef1-4bda-94aa-e469c7e8ff5a,11f4435c-566d-400f-a8c7-7e7d3e6df1a4,2021,1813000.0,1216000.0,2026-08-18T11:48:58.782183
39bac655-c422-474f-9c22-331e7f04d76a,11f4435c-566d-400f-a8c7-7e7d3e6df1a4,2022,2123000.0,1281000.0,2026-08-18T11:48:58.782187
d92316de-72f1-4c71-88d2-d78d94d82b2a,11f4435c-566d-400f-a8c7-7e7d3e6df1a4,2023,2328000.0,1410000.0,2026-08-18T11:48:58.782190
79f03e1d-5bf9-42e7-9a5a-7356f6bee58a,11f4435c-566d-400f-a8c7-7e7d3e6df1a4,2024,2729000.0,1749000.0,2026-08-18T11:48:58.782193
9cd781c4-0a11-4f62-b224-11b703c92eef,11f4435c-566d-400f-a8c7-7e7d3e6df1a4,2025,3026000.0,1822000.0,2026-08-18T11:48:58.782196
ec37a07f-45c4-4269-a7ed-0580487038ba,c9682393-21ba-4cd8-8edb-4e410e711637,2020,2552000.0,1755000.0,2026-08-18T11:48:58.782235
71d58780-9ce8-4edb-8da8-331307c92715,c9682393-21ba-4cd8-8edb-4e410e711637,2021,2825000.0,1999000.0,2026-08-18T11:48:58.782239
ac46e8b7-9c5a-4760-a49d-ad4077836c64,c9682393-21ba-4cd8-8edb-4e410e711637,2022,3167000.0,2219000.0,2026-08-18T11:48:58.782242
6c263886-ea9b-4cf4-9081-e1a00b97b0dd,c9682393-21ba-4cd8-8edb-4e410e711637,2023,3495000.0,2223000.0,2026-08-18T11:48:58.782245
a4391c59-dc65-4cb7-8a83-315a4cdf04fb,c9682393-21ba-4cd8-8edb-4e410e711637,2024,3799000.0,2571000.0,2026-08-18T11:48:58.782249
c5a8eedc-4923-4bc0-bbd4-cf37bc7e8ea1,c9682393-21ba-4cd8-8edb-4e410e711637,2025,4291000.0,2807000.0,2026-08-18T11:48:58.782260
933eee37-4dbd-48b0-9bd1-fa25dca37df6,9ef328df-b895-43df-acd9-27dafb3784f1,2020,5154000.0,3163000.0,2026-08-18T11:48:58.782287
02582130-7c2a-45e4-8cd3-1dcc65fc9039,9ef328df-b895-43df-acd9-27dafb3784f1,2021,5562000.0,3501000.0,2026-08-18T11:48:58.782290
7810f6fd-b672-411c-ba3d-a62949e504f6,9ef328df-b895-43df-acd9-27dafb3784f1,2022,6636000.0,4373000.0,2026-08-18T11:48:58.782294
8550355a-5263-4f19-b702-4e92b4526290,9ef328df-b895-43df-acd9-27dafb3784f1,2023,7304000.0,4624000.0,2026-08-18T11:48:58.782297
e2ea4775-b52b-4a99-9498-6a1337b20a88,9ef328df-b895-43df-acd9-27dafb3784f1,2024,8441000.0,5648000.0,2026-08-18T11:48:58.782300
63da6c72-c44b-42ba-b9b0-9a73acafbd1e,9ef328df-b895-43df-acd9-27dafb3784f1,2025,9523000.0,5740000.0,2026-08-18T11:48:58.782303
b0f90760-c62f-4c39-820f-149ae4c277b1,9d5fb41d-ae1b-480a-a3f9-30dac109f98d,2020,5758000.0,4044000.0,2026-08-18T11:48:58.782338
27cfea10-7fe0-4910-a20d-f896613825bc,9d5fb41d-ae1b-480a-a3f9-30dac109f98d,2021,6781000.0,4319000.0,2026-08-18T11:48:58.782341
87601f0f-b77b-4201-b2bd-293da8d8575b,9d5fb41d-ae1b-480a-a3f9-30dac109f98d,2022,7623000.0,4862000.0,2026-08-18T11:48:58.782344
54893860-676a-4b28-8f1c-3627140d1c7d,9d5fb41d-ae1b-480a-a3f9-30dac109f98d,2023,8468000.0,5816000.0,2026-08-18T11:48:58.782347
60fd3254-9a43-4fa8-8a3b-47a1bf5da6c1,9d5fb41d-ae1b-480a-a3f9-30dac109f98d,2024,9663000.0,5866000.0,2026-08-18T11:48:58.782351
e472cfdb-8aef-4708-bf85-bbb16940cec0,9d5fb41d-ae1b-480a-a3f9-30dac109f98d,2025,11414000.0,7980000.0,2026-08-18T11:48:58.782354
df16fd24-c682-4ca1-99e9-4a92c4f55f95,4b13ccf1-b2bc-48e7-88b4-4acadd31118a,2020,1164000.0,699000.0,2026-08-18T11:48:58.782381
13e82399-4eab-4a2c-af06-7ac0580f8868,4b13ccf1-b2bc-48e7-88b4-4acadd31118a,2021,1342000.0,857000.0,2026-08-18T11:48:58.782386
685b5f05-5815-4c6f-b93c-926d5c28a8ac,4b13ccf1-b2bc-48e7-88b4-4acadd31118a,2022,1571000.0,1084000.0,2026-08-18T11:48:58.782389
ddf872f9-5bea-45f1-b95e-ff3f66a539bb,4b13ccf1-b2bc-48e7-88b4-4acadd31118a,2023,1792000.0,1095000.0,2026-08-18T11:48:58.782392
94e8d902-f3b2-4526-930c-570445b7140a,4b13ccf1-b2bc-48e7-88b4-4acadd31118a,2024,1991000.0,1264000.0,2026-08-18T11:48:58.782395
8d30f326-5221-4c33-84c5-2a8ad55042f8,4b13ccf1-b2bc-48e7-88b4-4acadd31118a,2025,2262000.0,1381000.0,2026-08-18T11:48:58.782398
9df10a90-a858-4714-988b-8e5a1ffda357,325eb61d-3197-4d96-88b2-1271a0c682e8,2020,3260000.0,2071000.0,2026-08-18T11:48:58.782425
a4cef1a5-1e7f-4d47-977f-28b0cd3eb138,325eb61d-3197-4d96-88b2-1271a0c682e8,2021,3409000.0,2200000.0,2026-08-18T11:48:58.782428
95b26a8f-a4c6-42e5-88fd-96b3a341fd00,325eb61d-3197-4d96-88b2-1271a0c682e8,2022,3591000.0,2184000.0,2026-08-18T11:48:58.782431
b1c5faa4-dc9c-41d4-9195-46280b9e443c,325eb61d-3197-4d96-88b2-1271a0c682e8,2023,3949000.0,2565000.0,2026-08-18T11:48:58.782434
f4d0c6df-7e99-4824-83e2-178a1503245f,325eb61d-3197-4d96-88b2-1271a0c682e8,2024,4059000.0,2486000.0,2026-08-18T11:48:58.782438
4fd1b63d-c1c9-424e-918f-2a6d21f06ad2,325eb61d-3197-4d96-88b2-1271a0c682e8,2025,4603000.0,3017000.0,2026-08-18T11:48:58.782441
bf64039d-760c-438b-8d13-91b3d91067a7,ca4fb6db-bf65-48f9-9cf4-15f9e9a4cb0e,2020,6251000.0,3954000.0,2026-08-18T11:48:58.782466
313940b9-d793-4cfc-91b8-3c7f1337b011,ca4fb6db-bf65-48f9-9cf4-15f9e9a4cb0e,2021,6761000.0,4669000.0,2026-08-18T11:48:58.782470
5b19c65f-9b93-4cb2-b1f3-391c25020bf8,ca4fb6db-bf65-48f9-9cf4-15f9e9a4cb0e,2022,7428000.0,4739000.0,2026-08-18T11:48:58.782474
83f81545-89cc-4e3e-ae89-ec0b8709023f,ca4fb6db-bf65-48f9-9cf4-15f9e9a4cb0e,2023,8096000.0,4879000.0,2026-08-18T11:48:58.782477
9ad11141-431f-43f6-87e2-606e222a72f2,ca4fb6db-bf65-48f9-9cf4-15f9e9a4cb0e,2024,8941000.0,6220000.0,2026-08-18T11:48:58.782480
af9708aa-d19b-4e71-b5f7-44ab6e6cb731,ca4fb6db-bf65-48f9-9cf4-15f9e9a4cb0e,2025,9759000.0,6326000.0,2026-08-18T11:48:58.782483
a966004a-b8b2-4387-9100-700e9d508155,48e5bc29-2117-4158-88a7-eb8687e77597,2020,7675000.0,4665000.0,2026-08-18T11:48:58.782520
fbdbfd25-aee4-4e3d-b45e-770cc2e24fd6,48e5bc29-2117-4158-88a7-eb8687e77597,2021,8507000.0,5664000.0,2026-08-18T11:48:58.782523
b64fb585-c8d2-4e38-a642-d4d77e5978a0,48e5bc29-2117-4158-88a7-eb8687e77597,2022,9417000.0,6495000.0,2026-08-18T11:48:58.782527
188fc2a3-45c9-4f83-96cb-f53204d1473c,48e5bc29-2117-4158-88a7-eb8687e77597,2023,10782000.0,6757000.0,2026-08-18T11:48:58.782531
dee3f468-2ce9-498e-a195-1c40dd377c66,48e5bc29-2117-4158-88a7-eb8687e77597,2024,11463000.0,7434000.0,2026-08-18T11:48:58.782534
50bc4713-a627-49ac-9da7-c0bb5f936b66,48e5bc29-2117-4158-88a7-eb8687e77597,2025,13137000.0,8591000.0,2026-08-18T11:48:58.782537
c20d6567-788e-472e-97a0-1945180e51bd,996b0ab4-94c4-47ab-980c-202c225c79f4,2020,15104000.0,9498000.0,2026-08-18T11:48:58.782579
aebe62ab-6f7c-43e0-b07e-2ed981f41c71,996b0ab4-94c4-47ab-980c-202c225c79f4,2021,16059000.0,9780000.0,2026-08-18T11:48:58.782583
a770320b-7edc-4f52-8624-fa0ec42110aa,996b0ab4-94c4-47ab-980c-202c225c79f4,2022,17605000.0,12073000.0,2026-08-18T11:48:58.782586
2a22e666-afb8-4de6-8307-fa7f281fb725,996b0ab4-94c4-47ab-980c-202c225c79f4,2023,18862000.0,13478000.0,2026-08-18T11:48:58.782589
86a5c8d8-f1af-4e45-b28c-357185c4c090,996b0ab4-94c4-47ab-980c-202c225c79f4,2024,21358000.0,13184000.0,2026-08-18T11:48:58.782592
09a2c744-7b27-46da-9d1b-bca2d251c9e9,996b0ab4-94c4-47ab-980c-202c225c79f4,2025,22434000.0,16024000.0,2026-08-18T11:48:58.782595
a38666c6-388f-4ee4-8ad0-0c03f8deb6a3,63bf8a72-2e72-49ee-8c31-0619accba972,2020,4909000.0,3200000.0,2026-08-18T11:48:58.782631
c2fdfd2c-92e4-4006-ad4f-c898eb036677,63bf8a72-2e72-49ee-8c31-0619accba972,2021,5426000.0,3396000.0,2026-08-18T11:48:58.782634
7c633c49-8ebc-42b5-a436-a0c1ef033753,63bf8a72-2e72-49ee-8c31-0619accba972,2022,5815000.0,3593000.0,2026-08-18T11:48:58.782638
4f6a9bbe-74c1-4005-8b56-bd0ef7985e30,63bf8a72-2e72-49ee-8c31-0619accba972,2023,6283000.0,4293000.0,2026-08-18T11:48:58.782642
45d12dc7-8c1f-4261-bfdb-98771d7b5d9a,63bf8a72-2e72-49ee-8c31-0619accba972,2024,6725000.0,4789000.0,2026-08-18T11:48:58.782645
2147661e-5050-43c8-a71c-18a5b2f6ec87,63bf8a72-2e72-49ee-8c31-0619accba972,2025,7291000.0,4405000.0,2026-08-18T11:48:58.782648
0ae369db-31f7-490a-a7fa-d36f8b89811d,337f0492-145f-4ccb-853f-e8ffaf8ef3fc,2020,68567000.0,44272000.0,2026-08-18T11:48:58.782682
fcdb9d98-1ffd-4e37-b4f7-f5394036ffa7,337f0492-145f-4ccb-853f-e8ffaf8ef3fc,2021,71755000.0,47439000.0,2026-08-18T11:48:58.782686
aaa04aa5-3a65-4002-9ec5-94bbb78a2e08,337f0492-145f-4ccb-853f-e8ffaf8ef3fc,2022,81432000.0,55261000.0,2026-08-18T11:48:58.782690
5d0834b3-6617-46b6-820c-577b51ba547c,337f0492-145f-4ccb-853f-e8ffaf8ef3fc,2023,85839000.0,53416000.0,2026-08-18T11:48:58.782693
b004eb97-1dbf-4e33-aabe-0c96b5203b0e,337f0492-145f-4ccb-853f-e8ffaf8ef3fc,2024,89982000.0,62883000.0,2026-08-18T11:48:58.782697
f0f6395d-0683-4b6c-999d-53519ff55038,337f0492-145f-4ccb-853f-e8ffaf8ef3fc,2025,98812000.0,70220000.0,2026-08-18T11:48:58.782700
aaf5db43-e12f-402d-894b-cc09d7b14db7,4d289314-dad5-4fb9-9037-eabe5ad64500,2020,98717000.0,64514000.0,2026-08-18T11:48:58.782735
5a95222f-4c42-45b3-b2f0-14c2095dff9e,4d289314-dad5-4fb9-9037-eabe5ad64500,2021,108414000.0,76540000.0,2026-08-18T11:48:58.782739
1999f2e9-64f7-47f3-9499-982d0241deb5,4d289314-dad5-4fb9-9037-eabe5ad64500,2022,115111000.0,69379000.0,2026-08-18T11:48:58.782742
6651c82b-c06c-4a5d-b4c0-3c40c4cc1e16,4d289314-dad5-4fb9-9037-eabe5ad64500,2023,127938000.0,83221000.0,2026-08-18T11:48:58.782745
5425f7c4-e5fd-4132-997c-bd679c61ea8d,4d289314-dad5-4fb9-9037-eabe5ad64500,2024,139268000.0,88839000.0,2026-08-18T11:48:58.782748
3410a8d7-8d95-4217-b585-98b0a3f008f3,4d289314-dad5-4fb9-9037-eabe5ad64500,2025,148413000.0,91373000.0,2026-08-18T11:48:58.782751
b0b13d4e-1f02-416e-a3de-97468b470296,a2d6c409-7439-461d-b0c3-3c2e8860fa71,2020,97042000.0,58910000.0,2026-08-18T11:48:58.782789
bcf86ed4-3d53-405b-a335-ee048fb41a18,a2d6c409-7439-461d-b0c3-3c2e8860fa71,2021,103139000.0,68388000.0,2026-08-18T11:48:58.782792
5e73b942-90b3-4909-a2d4-fbf25c5ffca1,a2d6c409-7439-461d-b0c3-3c2e8860fa71,2022,114219000.0,72079000.0,2026-08-18T11:48:58.782795
d2bc2ee6-42b2-42dd-82ed-8fd0134dcd6b,a2d6c409-7439-461d-b0c3-3c2e8860fa71,2023,125669000.0,78881000.0,2026-08-18T11:48:58.782798
f9bda7df-0dbc-458a-9a6a-c140abc4dd18,a2d6c409-7439-461d-b0c3-3c2e8860fa71,2024,139153000.0,92801000.0,2026-08-18T11:48:58.782801
f0d65142-8455-4f8e-986e-726eec9b03dc,a2d6c409-7439-461d-b0c3-3c2e8860fa71,2025,144754000.0,96659000.0,2026-08-18T11:48:58.782806
359ae53e-c67e-4a9d-88ef-5182fcfe9fd9,90a00db0-e94f-4b13-ae08-6861eff4e0fc,2020,9416000.0,5666000.0,2026-08-18T11:48:58.782847
36a9783a-53ab-4f31-92c6-c61b7489a86c,90a00db0-e94f-4b13-ae08-6861eff4e0fc,2021,11281000.0,6771000.0,2026-08-18T11:48:58.782850
70986de2-9f9e-4056-a940-28fdb100cee5,90a00db0-e94f-4b13-ae08-6861eff4e0fc,2022,12392000.0,7759000.0,2026-08-18T11:48:58.782854
ecd5ffe1-c344-4eaa-8e07-27c485755ac7,90a00db0-e94f-4b13-ae08-6861eff4e0fc,2023,14063000.0,8468000.0,2026-08-18T11:48:58.782858
05cb8977-82dc-46d9-960d-a5a6a529f227,90a00db0-e94f-4b13-ae08-6861eff4e0fc,2024,16558000.0,10429000.0,2026-08-18T11:48:58.782862
03ace92d-63c9-4cfa-8c0c-66deafadbde2,90a00db0-e94f-4b13-ae08-6861eff4e0fc,2025,18702000.0,12824000.0,2026-08-18T11:48:58.782866
d8b21b58-5302-40f4-ae7e-1c7dfb5649cb,dd34dbd6-a023-48f5-b288-4aed346000a0,2020,14784000.0,9468000.0,2026-08-18T11:48:58.782895
c01038ca-f718-49ea-a32d-e9875fc6c166,dd34dbd6-a023-48f5-b288-4aed346000a0,2021,15594000.0,10933000.0,2026-08-18T11:48:58.782898
499197fe-a7f8-4677-9e21-ba5c896658ec,dd34dbd6-a023-48f5-b288-4aed346000a0,2022,16236000.0,11407000.0,2026-08-18T11:48:58.782901
7e350904-a792-4d77-9b2a-2153a37d40bb,dd34dbd6-a023-48f5-b288-4aed346000a0,2023,18269000.0,11894000.0,2026-08-18T11:48:58.782905
3ef012f4-8417-4c2b-bc65-d9c775a90d56,dd34dbd6-a023-48f5-b288-4aed346000a0,2024,19665000.0,12716000.0,2026-08-18T11:48:58.782908
6fe4c77f-c666-43e2-85b2-421b7f37cbc9,dd34dbd6-a023-48f5-b288-4aed346000a0,2025,19879000.0,11982000.0,2026-08-18T11:48:58.782911
65ad4a4c-6f75-41df-967d-2a78a5d5e738,2610aa5f-b093-4543-a9b1-e14d6c2250cb,2020,16549000.0,10404000.0,2026-08-18T11:48:58.782937
b148f658-b2a8-4319-ba3f-cb22299a2283,2610aa5f-b093-4543-a9b1-e14d6c2250cb,2021,18286000.0,11037000.0,2026-08-18T11:48:58.782941
6b0cd51a-54eb-45bf-ab49-03f4bc624f09,2610aa5f-b093-4543-a9b1-e14d6c2250cb,2022,19987000.0,14255000.0,2026-08-18T11:48:58.782944
18006446-43c0-4e7f-bd31-e6f4c7db5616,2610aa5f-b093-4543-a9b1-e14d6c2250cb,2023,22347000.0,14080000.0,2026-08-18T11:48:58.782947
ec6c2f7f-6f6c-465b-8a7f-56939aa0b2b2,2610aa5f-b093-4543-a9b1-e14d6c2250cb,2024,24523000.0,16786000.0,2026-08-18T11:48:58.782950
fe6f1eaa-1388-4e84-86f5-92fe931d238b,2610aa5f-b093-4543-a9b1-e14d6c2250cb,2025,27405000.0,17863000.0,2026-08-18T11:48:58.782953
42e912df-f59b-43b1-bba5-f49b5a0cf874,9e2665ae-560b-4f9b-8ca2-007b31a5034a,2020,11267000.0,6888000.0,2026-08-18T11:48:58.782995
3d8175c7-b4aa-4b0a-81d0-8b10c3b55833,9e2665ae-560b-4f9b-8ca2-007b31a5034a,2021,12783000.0,9128000.0,2026-08-18T11:48:58.783002
96d78a12-027a-4cee-8c5e-88c1b071b34f,9e2665ae-560b-4f9b-8ca2-007b31a5034a,2022,13798000.0,8829000.0,2026-08-18T11:48:58.783007
0eb65389-f182-48ae-8254-7e3b5b0a1101,9e2665ae-560b-4f9b-8ca2-007b31a5034a,2023,15086000.0,10295000.0,2026-08-18T11:48:58.783010
0f89c094-bdc2-4d00-aaf6-bca2dc72fb00,9e2665ae-560b-4f9b-8ca2-007b31a5034a,2024,16882000.0,11402000.0,2026-08-18T11:48:58.783013
aff7cfa2-f8cb-4673-9d9b-afaacdb6fac8,9e2665ae-560b-4f9b-8ca2-007b31a5034a,2025,18298000.0,13119000.0,2026-08-18T11:48:58.783016
4fdd8f29-ba9c-4e37-b667-8c4e4f1cf048,4044b859-9903-4702-b641-ab3d0dcdc212,2020,8345000.0,5884000.0,2026-08-18T11:48:58.783065
5c60425f-63c9-4f86-a618-3727ee89d561,4044b859-9903-4702-b641-ab3d0dcdc212,2021,9529000.0,6739000.0,2026-08-18T11:48:58.783068
8527f49d-4e9e-413f-96d6-816648e684b4,4044b859-9903-4702-b641-ab3d0dcdc212,2022,10688000.0,6950000.0,2026-08-18T11:48:58.783071
dd8bf101-0f11-4761-bd29-97a8b021fb19,4044b859-9903-4702-b641-ab3d0dcdc212,2023,11242000.0,7601000.0,2026-08-18T11:48:58.783075
a2f7753d-a682-4a05-b9d9-486a8fbe6b9c,4044b859-9903-4702-b641-ab3d0dcdc212,2024,12496000.0,8947000.0,2026-08-18T11:48:58.783078
bd558f34-d3e6-4594-9b29-c9485e1336d7,4044b859-9903-4702-b641-ab3d0dcdc212,2025,13523000.0,8257000.0,2026-08-18T11:48:58.783081
06e682e6-eb90-4a26-a056-7babb7af6f5b,2b49bfda-7ba2-4cfa-8a9b-db3d546595b6,2020,67666000.0,41221000.0,2026-08-18T11:48:58.783114
68e52ed0-f091-4b9b-b87d-b06f41449db4,2b49bfda-7ba2-4cfa-8a9b-db3d546595b6,2021,80084000.0,56501000.0,2026-08-18T11:48:58.783118
79d9581d-c147-401f-857d-2e6acee5cf24,2b49bfda-7ba2-4cfa-8a9b-db3d546595b6,2022,90945000.0,59028000.0,2026-08-18T11:48:58.783121
71767e98-bc5b-4869-8021-c71199142065,2b49bfda-7ba2-4cfa-8a9b-db3d546595b6,2023,101486000.0,67110000.0,2026-08-18T11:48:58.783124
d303f62f-9354-49f9-b471-dbedd75bf63e,2b49bfda-7ba2-4cfa-8a9b-db3d546595b6,2024,117603000.0,81712000.0,2026-08-18T11:48:58.783128
ac2d20a6-5d40-4bb6-bc22-3c0c4afe29b6,2b49bfda-7ba2-4cfa-8a9b-db3d546595b6,2025,129552000.0,84993000.0,2026-08-18T11:48:58.783131
eb8a209e-27e8-4463-9f6f-f214cab07644,533b9b78-eb8b-4d0f-842c-97e5c4f2d8ad,2020,6170000.0,3777000.0,2026-08-18T11:48:58.783174
8d8bec72-f415-4829-a9b1-c2a0e9276011,533b9b78-eb8b-4d0f-842c-97e5c4f2d8ad,2021,6983000.0,4603000.0,2026-08-18T11:48:58.783179
3d43bfe9-7e0c-4540-9709-6defccb736b8,533b9b78-eb8b-4d0f-842c-97e5c4f2d8ad,2022,7687000.0,5120000.0,2026-08-18T11:48:58.783184
31799b4f-c1ea-408b-b5ff-bd25e93044fa,533b9b78-eb8b-4d0f-842c-97e5c4f2d8ad,2023,8908000.0,5840000.0,2026-08-18T11:48:58.783187
66a1b57a-73b6-4f94-96ce-736b5d57249b,533b9b78-eb8b-4d0f-842c-97e5c4f2d8ad,2024,9794000.0,6662000.0,2026-08-18T11:48:58.783190
6e774273-d452-45b1-9276-ad9650480d9f,533b9b78-eb8b-4d0f-842c-97e5c4f2d8ad,2025,11280000.0,7073000.0,2026-08-18T11:48:58.783193
659697d4-c8fa-4504-a879-94d0f5fabbb9,55191cd6-94ac-4b5e-be14-fe03dcfd908c,2020,56768000.0,34745000.0,2026-08-18T11:48:58.783229
968eb5cf-c267-441d-aadd-e5224f35caa1,55191cd6-94ac-4b5e-be14-fe03dcfd908c,2021,65949000.0,46473000.0,2026-08-18T11:48:58.783232
1a2bb745-776c-4cc0-956c-9e8f9684b206,55191cd6-94ac-4b5e-be14-fe03dcfd908c,2022,74014000.0,53179000.0,2026-08-18T11:48:58.783235
52d23998-7b74-4e09-8ced-d20d70613e59,55191cd6-94ac-4b5e-be14-fe03dcfd908c,2023,83861000.0,50945000.0,2026-08-18T11:48:58.783238
77a2d553-d747-4a18-99c5-79d047f8562d,55191cd6-94ac-4b5e-be14-fe03dcfd908c,2024,98991000.0,60642000.0,2026-08-18T11:48:58.783242
73a72fe6-e488-4056-8a4a-1b87cd1e50d9,55191cd6-94ac-4b5e-be14-fe03dcfd908c,2025,111716000.0,78131000.0,2026-08-18T11:48:58.783245
53c13d6f-d897-4edb-9593-685d6685b9e7,d8c68160-a855-405e-a88b-6bd4af1f4274,2020,10608000.0,7610000.0,2026-08-18T11:48:58.783272
cf284fc5-c214-4c2f-bfc2-5860065065bf,d8c68160-a855-405e-a88b-6bd4af1f4274,2021,11975000.0,7938000.0,2026-08-18T11:48:58.783275
54372bcb-fb2e-4d9e-b988-498c63fc6975,d8c68160-a855-405e-a88b-6bd4af1f4274,2022,13693000.0,9730000.0,2026-08-18T11:48:58.783278
e35d36ed-592a-41d7-b430-55f7f757ce29,d8c68160-a855-405e-a88b-6bd4af1f4274,2023,15074000.0,9184000.0,2026-08-18T11:48:58.783281
39c67f04-8706-414a-8ad3-7b32a5e567f0,d8c68160-a855-405e-a88b-6bd4af1f4274,2024,17162000.0,10999000.0,2026-08-18T11:48:58.783284
0715f770-219d-43c4-a0f4-26fceeff6d3f,d8c68160-a855-405e-a88b-6bd4af1f4274,2025,18467000.0,11447000.0,2026-08-18T11:48:58.783287
a13d121f-5d65-4a78-b325-7b2bff42d0bf,328af94e-c6e2-40b5-b887-655b4b65f377,2020,31146000.0,21970000.0,2026-08-18T11:48:58.783326
3fb0608f-f999-491c-ab7b-ff8c752436f1,328af94e-c6e2-40b5-b887-655b4b65f377,2021,36548000.0,22394000.0,2026-08-18T11:48:58.783331
f25409c4-e0bb-499b-91c8-7289b78649f5,328af94e-c6e2-40b5-b887-655b4b65f377,2022,42408000.0,26371000.0,2026-08-18T11:48:58.783334
b9833226-c98a-472d-b954-875b00083d34,328af94e-c6e2-40b5-b887-655b4b65f377,2023,46477000.0,27969000.0,2026-08-18T11:48:58.783338
7ef1d2b5-9c7c-4ef6-a752-9dfa52d4c05f,328af94e-c6e2-40b5-b887-655b4b65f377,2024,54245000.0,36121000.0,2026-08-18T11:48:58.783341
ae9639c8-5635-4f4b-bdf3-ffbc6c3db303,328af94e-c6e2-40b5-b887-655b4b65f377,2025,61901000.0,40599000.0,2026-08-18T11:48:58.783344
40bab49e-790c-4f37-9296-1ae4554cd41a,67cd6fd2-8725-499b-8079-9e2199a2df72,2020,14222000.0,9983000.0,2026-08-18T11:48:58.783371
b923abe2-2001-44eb-8c4c-0213145c06b1,67cd6fd2-8725-499b-8079-9e2199a2df72,2021,16655000.0,10722000.0,2026-08-18T11:48:58.783375
6c81ce0e-a468-4900-a172-f27a74ca1a7b,67cd6fd2-8725-499b-8079-9e2199a2df72,2022,18558000.0,13089000.0,2026-08-18T11:48:58.783378
627fe9d2-ad62-4e91-8e2f-7465321503a3,67cd6fd2-8725-499b-8079-9e2199a2df72,2023,20133000.0,12857000.0,2026-08-18T11:48:58.783381
e8115a81-d138-4762-bdb9-4dfb10b5fe68,67cd6fd2-8725-499b-8079-9e2199a2df72,2024,23479000.0,16451000.0,2026-08-18T11:48:58.783384
6c5984e9-1592-4409-8789-a83a69585c0a,67cd6fd2-8725-499b-8079-9e2199a2df72,2025,26667000.0,18635000.0,2026-08-18T11:48:58.783388
249315c2-831c-40a0-8660-26ceb46bef39,6e97e205-0367-4027-a395-1eb3d07cf707,2020,86806000.0,52245000.0,2026-08-18T11:48:58.783414
fc1ed2e1-d790-462b-bc59-a5d5d83fb7ca,6e97e205-0367-4027-a395-1eb3d07cf707,2021,103255000.0,62534000.0,2026-08-18T11:48:58.783417
fccf5679-6490-42ee-9cfc-96fe009b5358,6e97e205-0367-4027-a395-1eb3d07cf707,2022,111957000.0,79421000.0,2026-08-18T11:48:58.783421
b7bcaa5e-c1ea-4969-8254-fde6d0ceb533,6e97e205-0367-4027-a395-1eb3d07cf707,2023,129200000.0,88678000.0,2026-08-18T11:48:58.783424
8d80d0de-bf27-4db4-b19d-cc1de5654fb0,6e97e205-0367-4027-a395-1eb3d07cf707,2024,150035000.0,102882000.0,2026-08-18T11:48:58.783427
15d518ee-bdec-47ec-ab40-61df7bbc5b21,6e97e205-0367-4027-a395-1eb3d07cf707,2025,172520000.0,117968000.0,2026-08-18T11:48:58.783430
8b774cc7-e8c1-430d-90fc-26c98b7f360e,f5436688-5e62-4421-aad4-8e4f51ac1b5a,2020,20096000.0,12326000.0,2026-08-18T11:48:58.783463
731417f1-5dc6-464a-9ded-218f83309ddd,f5436688-5e62-4421-aad4-8e4f51ac1b5a,2021,22210000.0,13530000.0,2026-08-18T11:48:58.783466
f0638b61-764a-4eb6-85c1-4a89a3db25b0,f5436688-5e62-4421-aad4-8e4f51ac1b5a,2022,24942000.0,16440000.0,2026-08-18T11:48:58.783469
c97160f0-f07c-477c-819c-0ab3ba484c88,f5436688-5e62-4421-aad4-8e4f51ac1b5a,2023,28781000.0,17731000.0,2026-08-18T11:48:58.783474
171571e2-da48-4ccc-96a7-bc5a81d535ec,f5436688-5e62-4421-aad4-8e4f51ac1b5a,2024,32098000.0,22206000.0,2026-08-18T11:48:58.783477
ad5416ce-d4e0-4fc9-a6d7-d4c0a6cf5b4e,f5436688-5e62-4421-aad4-8e4f51ac1b5a,2025,36052000.0,22057000.0,2026-08-18T11:48:58.783481
d457be27-904a-4a9e-af9b-6f02f87b065e,6e971bae-aafa-4431-b2a1-c7a62268efe2,2020,84758000.0,55573000.0,2026-08-18T11:48:58.783510
ad3aecd2-0fc7-4fc8-a7a1-12bae9df647c,6e971bae-aafa-4431-b2a1-c7a62268efe2,2021,89551000.0,62387000.0,2026-08-18T11:48:58.783513
dfa4abe3-3edd-455a-802b-21d4821f75a2,6e971bae-aafa-4431-b2a1-c7a62268efe2,2022,99591000.0,65499000.0,2026-08-18T11:48:58.783516
1628ae42-579e-4223-9706-d27f42c9fc8a,6e971bae-aafa-4431-b2a1-c7a62268efe2,2023,109720000.0,75742000.0,2026-08-18T11:48:58.783520
be824b7d-f5d7-4b37-9b96-3cbb783edc05,6e971bae-aafa-4431-b2a1-c7a62268efe2,2024,115619000.0,79398000.0,2026-08-18T11:48:58.783523
227010f9-305e-4b61-8854-cea1e09eaa43,6e971bae-aafa-4431-b2a1-c7a62268efe2,2025,123599000.0,81378000.0,2026-08-18T11:48:58.783527
aa17b045-1f56-4b01-80a2-3538b7421861,9d689933-050b-4e9a-a818-93cc07452a2c,2020,12446000.0,8002000.0,2026-08-18T11:48:58.783569
eed81f27-d960-4ddf-999c-69393d4cf407,9d689933-050b-4e9a-a818-93cc07452a2c,2021,13328000.0,9425000.0,2026-08-18T11:48:58.783572
c26ec77d-d687-4910-879a-4c8e62916aaf,9d689933-050b-4e9a-a818-93cc07452a2c,2022,15046000.0,9937000.0,2026-08-18T11:48:58.783576
b3933432-e470-41fc-9d35-c13c7b277d91,9d689933-050b-4e9a-a818-93cc07452a2c,2023,16716000.0,10134000.0,2026-08-18T11:48:58.783580
9f0544e8-a927-4d74-89ae-5ceeec8bbed2,9d689933-050b-4e9a-a818-93cc07452a2c,2024,18991000.0,12976000.0,2026-08-18T11:48:58.783584
91aaaf8d-0cca-402b-9666-1f242b2781f5,9d689933-050b-4e9a-a818-93cc07452a2c,2025,20922000.0,13851000.0,2026-08-18T11:48:58.783587
a8ebe6a6-5030-42c5-b0fb-2f60e29dc253,f229973e-8ece-45ec-a566-7f2f9c357fdd,2020,4668000.0,3195000.0,2026-08-18T11:48:58.783622
94e9d5f1-3f3e-4850-9604-f7f5a370e8d9,f229973e-8ece-45ec-a566-7f2f9c357fdd,2021,5142000.0,3598000.0,2026-08-18T11:48:58.783626
e703daf0-5140-4249-b5b3-c0afb9e81d7f,f229973e-8ece-45ec-a566-7f2f9c357fdd,2022,5856000.0,3617000.0,2026-08-18T11:48:58.783629
8a918a49-2182-4782-a99e-37f7549943c8,f229973e-8ece-45ec-a566-7f2f9c357fdd,2023,6337000.0,3962000.0,2026-08-18T11:48:58.783637
72e7f388-09ea-457b-9391-d003dc03710c,f229973e-8ece-45ec-a566-7f2f9c357fdd,2024,7096000.0,4971000.0,2026-08-18T11:48:58.783640
f23bccd2-50cb-40f2-9647-09f91556ca81,f229973e-8ece-45ec-a566-7f2f9c357fdd,2025,7866000.0,4914000.0,2026-08-18T11:48:58.783643
ce514ba0-5de0-4a14-b6ac-9450a20da085,9d5e233d-08d5-48ec-bc96-6033f4c4a8c6,2020,79458000.0,49652000.0,2026-08-18T11:48:58.783678
d8b54e79-796e-4712-b290-69181aa9883f,9d5e233d-08d5-48ec-bc96-6033f4c4a8c6,2021,89176000.0,55423000.0,2026-08-18T11:48:58.783681
7e91b9e4-abff-4cf8-afca-a3e5b829361a,9d5e233d-08d5-48ec-bc96-6033f4c4a8c6,2022,93667000.0,58225000.0,2026-08-18T11:48:58.783684
5227a3fb-14b8-4aae-baab-98bcbc0e6b05,9d5e233d-08d5-48ec-bc96-6033f4c4a8c6,2023,105857000.0,75723000.0,2026-08-18T11:48:58.783688
30251f2d-aee5-49cc-8573-218da09b240e,9d5e233d-08d5-48ec-bc96-6033f4c4a8c6,2024,117960000.0,78556000.0,2026-08-18T11:48:58.783691
89dcefb4-9610-428f-b274-d0baa5ef993f,9d5e233d-08d5-48ec-bc96-6033f4c4a8c6,2025,126546000.0,90799000.0,2026-08-18T11:48:58.783694
1401e120-5a42-4064-95a7-16f5104e1743,25e26489-a575-449a-a150-867293c4b057,2020,6147000.0,4364000.0,2026-08-18T11:48:58.783730
eb8c0e45-270a-450e-acc9-b89de01c3659,25e26489-a575-449a-a150-867293c4b057,2021,6410000.0,4017000.0,2026-08-18T11:48:58.783733
12200063-8ce9-4932-b5a7-6e355bf05687,25e26489-a575-449a-a150-867293c4b057,2022,7330000.0,5050000.0,2026-08-18T11:48:58.783736
d42f4347-76a4-4cd4-9e6d-eafcc5616aba,25e26489-a575-449a-a150-867293c4b057,2023,8197000.0,5238000.0,2026-08-18T11:48:58.783739
8d4e172f-347a-4793-9b99-f077827aa1e1,25e26489-a575-449a-a150-867293c4b057,2024,8689000.0,6132000.0,2026-08-18T11:48:58.783743
eb59d71b-4657-4229-bed1-45be75e6da1f,25e26489-a575-449a-a150-867293c4b057,2025,9935000.0,6692000.0,2026-08-18T11:48:58.783746
2e32aa0e-228f-4f41-b0d5-84c44e9d0b4a,96c9077c-a573-4b60-b328-004a9bcbd38f,2020,18652000.0,13123000.0,2026-08-18T11:48:58.783777
6432d351-566e-4054-9090-7dce8cc5e265,96c9077c-a573-4b60-b328-004a9bcbd38f,2021,20929000.0,13320000.0,2026-08-18T11:48:58.783781
42c100ce-e9e5-4eb1-a44a-e4d45c56a4fe,96c9077c-a573-4b60-b328-004a9bcbd38f,2022,23531000.0,15779000.0,2026-08-18T11:48:58.783784
bde7e0bc-7a85-4059-b4f6-6548ffddab17,96c9077c-a573-4b60-b328-004a9bcbd38f,2023,24729000.0,17060000.0,2026-08-18T11:48:58.783791
82a476d3-fca8-41a5-991c-495a12216851,96c9077c-a573-4b60-b328-004a9bcbd38f,2024,27646000.0,16665000.0,2026-08-18T11:48:58.783794
753400c8-bba6-4cd3-9918-9eeb29aecf8a,96c9077c-a573-4b60-b328-004a9bcbd38f,2025,30560000.0,20190000.0,2026-08-18T11:48:58.783797
7c396519-60ac-49e5-b542-5d9484af58d6,1327dcc4-e805-4403-a3d4-8c4414dbc3c8,2020,69618000.0,46656000.0,2026-08-18T11:48:58.783824
6481de53-9508-4ef6-87dc-c1c63fcafc9a,1327dcc4-e805-4403-a3d4-8c4414dbc3c8,2021,74151000.0,45887000.0,2026-08-18T11:48:58.783827
2505c795-6f4a-4fab-b233-f5a68f8fa506,1327dcc4-e805-4403-a3d4-8c4414dbc3c8,2022,86518000.0,54478000.0,2026-08-18T11:48:58.783831
b08627d9-5794-46bc-95c0-cdad4f543e39,1327dcc4-e805-4403-a3d4-8c4414dbc3c8,2023,91918000.0,65711000.0,2026-08-18T11:48:58.783835
6255ad93-5007-401e-9ffb-3e5773f928e8,1327dcc4-e805-4403-a3d4-8c4414dbc3c8,2024,102786000.0,62501000.0,2026-08-18T11:48:58.783838
fce6fdc6-e329-4511-9136-91ada23a7ab7,1327dcc4-e805-4403-a3d4-8c4414dbc3c8,2025,113807000.0,73395000.0,2026-08-18T11:48:58.783841
fd8db4ed-d909-4be6-a708-ad5058faaf32,e82115fa-8489-42d1-8f78-12921afbf632,2020,22001000.0,15344000.0,2026-08-18T11:48:58.783869
f8cbb53f-cc23-441d-82a5-b4f1b725a22d,e82115fa-8489-42d1-8f78-12921afbf632,2021,24424000.0,16308000.0,2026-08-18T11:48:58.783873
39b6a506-c83e-4b00-b6ef-2295797533c4,e82115fa-8489-42d1-8f78-12921afbf632,2022,28494000.0,20515000.0,2026-08-18T11:48:58.783876
6322ffd8-df82-4d8a-9614-09508b4901c8,e82115fa-8489-42d1-8f78-12921afbf632,2023,30878000.0,18995000.0,2026-08-18T11:48:58.783879
98fba577-18f8-4e26-9c36-46b1abfc2931,e82115fa-8489-42d1-8f78-12921afbf632,2024,36049000.0,22795000.0,2026-08-18T11:48:58.783882
df6e9459-ebe7-4820-83fa-f37d48ca42e1,e82115fa-8489-42d1-8f78-12921afbf632,2025,38645000.0,23937000.0,2026-08-18T11:48:58.783885
33a1823d-e084-4c8b-97c0-9b725a2b3e67,d34e12e2-5eac-4d45-9be8-2aceaa1dbb6f,2020,29610000.0,19848000.0,2026-08-18T11:48:58.783915
880aef3a-f7d9-439d-9511-b19e65ad4073,d34e12e2-5eac-4d45-9be8-2aceaa1dbb6f,2021,31953000.0,20883000.0,2026-08-18T11:48:58.783919
3c00dc93-8088-44de-9a8a-b799540908e4,d34e12e2-5eac-4d45-9be8-2aceaa1dbb6f,2022,36923000.0,22596000.0,2026-08-18T11:48:58.783922
acc0016e-f69d-4fcc-b46d-0d6b70c5ed64,d34e12e2-5eac-4d45-9be8-2aceaa1dbb6f,2023,40535000.0,27836000.0,2026-08-18T11:48:58.783926
3814a67f-5f9f-44d3-bae4-63b4d11c8041,d34e12e2-5eac-4d45-9be8-2aceaa1dbb6f,2024,44719000.0,29104000.0,2026-08-18T11:48:58.783929
5b1b5151-b0f5-41bd-82eb-e545df7d3bf5,d34e12e2-5eac-4d45-9be8-2aceaa1dbb6f,2025,52603000.0,34550000.0,2026-08-18T11:48:58.783933
d968af04-c0cf-454c-bd21-ada7a4e8d696,5c0dd6be-6465-4b93-8499-08675414f351,2020,23471000.0,15081000.0,2026-08-18T11:48:58.783960
592efefd-0dcc-4b87-aa01-17017bab2912,5c0dd6be-6465-4b93-8499-08675414f351,2021,25570000.0,16173000.0,2026-08-18T11:48:58.783963
d36875e8-9466-4e8d-bd9f-c969b7df254d,5c0dd6be-6465-4b93-8499-08675414f351,2022,29475000.0,18179000.0,2026-08-18T11:48:58.783966
8d9fc8cb-24b8-46e1-bcfb-7facb87080a5,5c0dd6be-6465-4b93-8499-08675414f351,2023,32897000.0,20153000.0,2026-08-18T11:48:58.783970
3d24ed64-e680-4bdd-9e8f-5f30e3a1c22e,5c0dd6be-6465-4b93-8499-08675414f351,2024,36258000.0,25415000.0,2026-08-18T11:48:58.783974
b26e6e15-a2ab-432d-93b1-cc6ceda17227,5c0dd6be-6465-4b93-8499-08675414f351,2025,41496000.0,27097000.0,2026-08-18T11:48:58.783978
b28ea8eb-6342-4bf2-bb37-085826cd9822,02f52451-b2c4-48f4-bf76-b01829a657f5,2020,40912000.0,27368000.0,2026-08-18T11:48:58.784006
44e54e2d-46dd-4e3b-813b-d0dc8d8abdd5,02f52451-b2c4-48f4-bf76-b01829a657f5,2021,46978000.0,33151000.0,2026-08-18T11:48:58.784010
724ba86d-4ee1-4995-a273-b6c5b0092a76,02f52451-b2c4-48f4-bf76-b01829a657f5,2022,51497000.0,34537000.0,2026-08-18T11:48:58.784013
d681785d-bbe6-4e8e-91cb-2ae45e3c27dd,02f52451-b2c4-48f4-bf76-b01829a657f5,2023,57904000.0,37730000.0,2026-08-18T11:48:58.784016
96dbae63-75eb-441a-adaa-bbc2d29d8ef2,02f52451-b2c4-48f4-bf76-b01829a657f5,2024,60903000.0,42919000.0,2026-08-18T11:48:58.784020
a7c7bc47-ae9f-43e5-80b4-509e14078302,02f52451-b2c4-48f4-bf76-b01829a657f5,2025,71088000.0,44068000.0,2026-08-18T11:48:58.784023
38f9807e-10ef-4172-b373-1b23a88a2c2b,a6c1b4bf-d849-42c6-962f-47f8901146b8,2020,43876000.0,30166000.0,2026-08-18T11:48:58.784067
cd6d0d62-3619-4161-a939-92f8a6286e95,a6c1b4bf-d849-42c6-962f-47f8901146b8,2021,48711000.0,32942000.0,2026-08-18T11:48:58.784071
1702f00c-47c5-47c6-a024-f17b3a519e53,a6c1b4bf-d849-42c6-962f-47f8901146b8,2022,50988000.0,35995000.0,2026-08-18T11:48:58.784074
eeae6fc6-94de-4b15-b489-dee9a8a3645a,a6c1b4bf-d849-42c6-962f-47f8901146b8,2023,55434000.0,34405000.0,2026-08-18T11:48:58.784077
d4f9bf78-7296-489c-9dca-f0e9c906c2c0,a6c1b4bf-d849-42c6-962f-47f8901146b8,2024,60190000.0,40368000.0,2026-08-18T11:48:58.784080
d0044ae2-2763-4a02-b4e0-e72d98aa7f55,a6c1b4bf-d849-42c6-962f-47f8901146b8,2025,64292000.0,39966000.0,2026-08-18T11:48:58.784084
d181fc04-a0a8-4e8b-9683-b65c2fcb514c,3c67a007-5c7b-4222-bc1e-12ba1c6642a0,2020,24238000.0,16425000.0,2026-08-18T11:48:58.784113
e23a2709-3543-4e8c-abf7-145a4a3b6c36,3c67a007-5c7b-4222-bc1e-12ba1c6642a0,2021,24811000.0,15576000.0,2026-08-18T11:48:58.784118
8b3c0dde-ff48-4c61-a67b-cf6976d4bddf,3c67a007-5c7b-4222-bc1e-12ba1c6642a0,2022,26773000.0,18433000.0,2026-08-18T11:48:58.784121
f4088c47-a657-47a6-a86a-7f026afb4a2a,3c67a007-5c7b-4222-bc1e-12ba1c6642a0,2023,28807000.0,18043000.0,2026-08-18T11:48:58.784124
8148ce95-311e-4ae3-83a7-341b9da71e3a,3c67a007-5c7b-4222-bc1e-12ba1c6642a0,2024,31523000.0,19673000.0,2026-08-18T11:48:58.784127
8b7d9a9f-90e8-4bba-a1a1-be722a9decb8,3c67a007-5c7b-4222-bc1e-12ba1c6642a0,2025,34407000.0,21199000.0,2026-08-18T11:48:58.784132
3943a833-21bb-4f7f-9f00-520867757b21,bc197839-8076-4672-a909-04d76f999010,2020,1570000.0,1022000.0,2026-08-18T11:48:58.784167
e97fe0c5-cb37-4cc6-84d9-300fb5be459d,bc197839-8076-4672-a909-04d76f999010,2021,1764000.0,1148000.0,2026-08-18T11:48:58.784170
4b3d6fd1-4588-432d-8ee5-6810a71b1008,bc197839-8076-4672-a909-04d76f999010,2022,1918000.0,1202000.0,2026-08-18T11:48:58.784174
9d961003-3834-48c8-a05d-d8a63dfd2562,bc197839-8076-4672-a909-04d76f999010,2023,2118000.0,1521000.0,2026-08-18T11:48:58.784177
bf006aa3-e7ea-41f3-92f4-673266cec5c4,bc197839-8076-4672-a909-04d76f999010,2024,2457000.0,1706000.0,2026-08-18T11:48:58.784180
ed9df35a-2bc6-4b88-9a2c-1e8ed11abd5f,bc197839-8076-4672-a909-04d76f999010,2025,2597000.0,1759000.0,2026-08-18T11:48:58.784183
18e58a5b-086a-4599-9dd5-0095d9e7538a,7cc2dbde-d100-4fd7-a0c7-63f8b356a881,2020,34299000.0,20661000.0,2026-08-18T11:48:58.784221
afdfc29c-ad51-49a8-aee7-dfee500d8893,7cc2dbde-d100-4fd7-a0c7-63f8b356a881,2021,35948000.0,25219000.0,2026-08-18T11:48:58.784224
e84e1f17-386b-4752-8d27-9c9d0094aca7,7cc2dbde-d100-4fd7-a0c7-63f8b356a881,2022,40024000.0,26726000.0,2026-08-18T11:48:58.784228
2e59645b-afcc-45dd-9dff-7c5e480f44e2,7cc2dbde-d100-4fd7-a0c7-63f8b356a881,2023,41996000.0,28712000.0,2026-08-18T11:48:58.784231
3a84c47f-c546-4fc9-9899-e2f747e821c4,7cc2dbde-d100-4fd7-a0c7-63f8b356a881,2024,44908000.0,27854000.0,2026-08-18T11:48:58.784234
89d604eb-aa29-453d-8f7b-66622397f587,7cc2dbde-d100-4fd7-a0c7-63f8b356a881,2025,49962000.0,32647000.0,2026-08-18T11:48:58.784237
0a43b11a-3cad-4794-a45c-a3e1a594572e,6465c395-0b56-4ebd-9446-a77a919f266a,2020,65388000.0,42637000.0,2026-08-18T11:48:58.784268
e345bc48-5744-4b8b-9966-8a51be06bfbe,6465c395-0b56-4ebd-9446-a77a919f266a,2021,74661000.0,45363000.0,2026-08-18T11:48:58.784271
0b060b85-e3b1-47ed-93ed-d51ca368c461,6465c395-0b56-4ebd-9446-a77a919f266a,2022,79279000.0,56674000.0,2026-08-18T11:48:58.784275
0de5be34-2de3-4333-802b-63afe59bb5c1,6465c395-0b56-4ebd-9446-a77a919f266a,2023,90961000.0,57056000.0,2026-08-18T11:48:58.784278
9230f6c0-6093-4ac1-9061-5331f1f5eda6,6465c395-0b56-4ebd-9446-a77a919f266a,2024,102406000.0,69134000.0,2026-08-18T11:48:58.784281
70a990a3-1c39-499d-8969-6dd4f4d8547c,6465c395-0b56-4ebd-9446-a77a919f266a,2025,109669000.0,75565000.0,2026-08-18T11:48:58.784285
bd4ec4af-5710-4d1d-ba46-c0435a5c62d3,e155745b-7c72-4b6a-bd64-bc99e5f77820,2020,74012000.0,51354000.0,2026-08-18T11:48:58.784331
26b8cbf8-0da7-473d-8c33-7b7be96ebbb1,e155745b-7c72-4b6a-bd64-bc99e5f77820,2021,82020000.0,52135000.0,2026-08-18T11:48:58.784335
78818b63-7ab2-4560-9cba-a13588110676,e155745b-7c72-4b6a-bd64-bc99e5f77820,2022,95680000.0,63372000.0,2026-08-18T11:48:58.784338
d994e2b6-f35b-4742-a222-7679f695b3d7,e155745b-7c72-4b6a-bd64-bc99e5f77820,2023,110250000.0,76027000.0,2026-08-18T11:48:58.784342
f3bc4944-2c1f-446f-9b94-f5a09cbf3687,e155745b-7c72-4b6a-bd64-bc99e5f77820,2024,124302000.0,88578000.0,2026-08-18T11:48:58.784345
5f40f45b-1225-4a16-9906-3cbd61be9330,e155745b-7c72-4b6a-bd64-bc99e5f77820,2025,138611000.0,91074000.0,2026-08-18T11:48:58.784348
6bbef5a2-0917-4755-8b2d-b0af0ed0c34e,51425fc8-68b4-4205-9b67-b859d0929fa5,2020,73091000.0,49695000.0,2026-08-18T11:48:58.784375
a97093eb-b074-491c-add0-5c6bee1a0787,51425fc8-68b4-4205-9b67-b859d0929fa5,2021,77544000.0,50291000.0,2026-08-18T11:48:58.784379
f090ddac-33a2-4438-8230-f3cce78139e6,51425fc8-68b4-4205-9b67-b859d0929fa5,2022,89012000.0,62889000.0,2026-08-18T11:48:58.784382
8badf52e-13e7-49c6-95b2-6d2ea72db7f9,51425fc8-68b4-4205-9b67-b859d0929fa5,2023,94690000.0,67416000.0,2026-08-18T11:48:58.784388
71475d43-ee83-45da-88d9-6f082577599b,51425fc8-68b4-4205-9b67-b859d0929fa5,2024,104723000.0,65139000.0,2026-08-18T11:48:58.784392
e19f4f75-ecc6-4a80-96b9-736ee83b1402,51425fc8-68b4-4205-9b67-b859d0929fa5,2025,116978000.0,82226000.0,2026-08-18T11:48:58.784395
5b98d60d-bd5f-4800-8120-03cca4ec59d7,08df6dc7-0023-4c5c-8b16-d088fd94a13c,2020,11973000.0,8612000.0,2026-08-18T11:48:58.784428
e8311bf7-858d-4ad8-b3df-f29889a35328,08df6dc7-0023-4c5c-8b16-d088fd94a13c,2021,13528000.0,8152000.0,2026-08-18T11:48:58.784431
66332faf-73c1-4e96-a6e5-654eeb2a45e0,08df6dc7-0023-4c5c-8b16-d088fd94a13c,2022,15600000.0,9927000.0,2026-08-18T11:48:58.784434
051e90c4-0437-4b49-8054-2e723ee21c59,08df6dc7-0023-4c5c-8b16-d088fd94a13c,2023,17061000.0,11933000.0,2026-08-18T11:48:58.784437
8fec47ed-cad6-45d4-8081-b716bc48829c,08df6dc7-0023-4c5c-8b16-d088fd94a13c,2024,19925000.0,12095000.0,2026-08-18T11:48:58.784440
fab4689a-0f3b-4ac7-8c37-104c70934ba9,08df6dc7-0023-4c5c-8b16-d088fd94a13c,2025,22440000.0,14975000.0,2026-08-18T11:48:58.784443
7f5f8d3d-ff55-40a6-902a-e28863d27aaa,7001d8a0-f4fc-4482-9306-2403dc4f17c6,2020,3162000.0,1997000.0,2026-08-18T11:48:58.784479
7dab73d2-f08f-4f68-afcd-5e5be8861105,7001d8a0-f4fc-4482-9306-2403dc4f17c6,2021,3613000.0,2294000.0,2026-08-18T11:48:58.784482
9c2146fd-318f-49bd-8cfa-bc89c46cd9c1,7001d8a0-f4fc-4482-9306-2403dc4f17c6,2022,4011000.0,2752000.0,2026-08-18T11:48:58.784489
e7325486-5eda-4372-a9d8-0411210290ba,7001d8a0-f4fc-4482-9306-2403dc4f17c6,2023,4713000.0,3216000.0,2026-08-18T11:48:58.784492
3c4f8219-f6b7-41d7-acca-a6f1c8292154,7001d8a0-f4fc-4482-9306-2403dc4f17c6,2024,5377000.0,3854000.0,2026-08-18T11:48:58.784495
f0f8d3d1-0633-48d2-92e4-f9c0e8e32cc9,7001d8a0-f4fc-4482-9306-2403dc4f17c6,2025,5897000.0,4084000.0,2026-08-18T11:48:58.784498
e33c5bee-5073-4c0d-8bde-63f2bccdb418,96e1a405-0811-4ce0-861f-b9b03b0de925,2020,35114000.0,24007000.0,2026-08-18T11:48:58.784525
5e8ae01d-c7e1-41ae-8dc6-43f82d14d485,96e1a405-0811-4ce0-861f-b9b03b0de925,2021,39713000.0,27134000.0,2026-08-18T11:48:58.784528
b3da2893-f382-40f4-a809-de97bd878271,96e1a405-0811-4ce0-861f-b9b03b0de925,2022,45096000.0,27465000.0,2026-08-18T11:48:58.784533
8076d8d3-f172-46cd-91c5-a0186a442ec5,96e1a405-0811-4ce0-861f-b9b03b0de925,2023,50796000.0,31158000.0,2026-08-18T11:48:58.784536
da4637c8-02e9-414e-b731-a9ef62cbe870,96e1a405-0811-4ce0-861f-b9b03b0de925,2024,56685000.0,39861000.0,2026-08-18T11:48:58.784540
a6bfe0ff-2235-4d7d-bb13-129565bcfd3f,96e1a405-0811-4ce0-861f-b9b03b0de925,2025,62421000.0,42202000.0,2026-08-18T11:48:58.784543
45eb2080-5258-4440-967c-0b0aebbd65e5,80ae1331-c487-4a89-822f-a68785796ed5,2020,57053000.0,34445000.0,2026-08-18T11:48:58.784573
7fffb3e9-cf80-48d9-828b-42ac6e5e698f,80ae1331-c487-4a89-822f-a68785796ed5,2021,65345000.0,39454000.0,2026-08-18T11:48:58.784577
d0c0dbc6-59c8-4e64-9907-4f1ad898cfed,80ae1331-c487-4a89-822f-a68785796ed5,2022,72302000.0,50896000.0,2026-08-18T11:48:58.784580
503ba5de-5cee-4760-ab14-052db1d750a3,80ae1331-c487-4a89-822f-a68785796ed5,2023,80983000.0,53004000.0,2026-08-18T11:48:58.784583
7bbf3160-c173-465e-ad02-951cde0acf4e,80ae1331-c487-4a89-822f-a68785796ed5,2024,87140000.0,57812000.0,2026-08-18T11:48:58.784587
dd7b2511-48a2-4471-86e1-366a6f2a3f7a,80ae1331-c487-4a89-822f-a68785796ed5,2025,97505000.0,63354000.0,2026-08-18T11:48:58.784590
5aeac517-cc6b-4623-8df3-8e92e47cb606,052b0d46-843d-4f92-9f95-658b632ce58a,2020,110900000.0,67296000.0,2026-08-18T11:48:58.784640
bbccb107-659b-44ff-b89e-c6066e008b41,052b0d46-843d-4f92-9f95-658b632ce58a,2021,125520000.0,77951000.0,2026-08-18T11:48:58.784643
791f0f24-4f52-4a60-8531-54a1fa0e869e,052b0d46-843d-4f92-9f95-658b632ce58a,2022,138054000.0,86057000.0,2026-08-18T11:48:58.784647
b7544fd6-d945-4dec-94b0-0700210546be,052b0d46-843d-4f92-9f95-658b632ce58a,2023,150181000.0,94876000.0,2026-08-18T11:48:58.784651
2749d85e-7ef5-40f3-aa29-db26f1978e66,052b0d46-843d-4f92-9f95-658b632ce58a,2024,157521000.0,100676000.0,2026-08-18T11:48:58.784655
d022499f-3fa6-46ad-912b-99ec6a79250f,052b0d46-843d-4f92-9f95-658b632ce58a,2025,174971000.0,118215000.0,2026-08-18T11:48:58.784658
ac90cced-f7de-480b-a961-9f68cc578292,42cbed35-c5b3-4578-9f76-50757c4e2b7f,2020,163774000.0,116480000.0,2026-08-18T11:48:58.784687
dae787b0-89d8-4be3-aae0-9d18aca792a4,42cbed35-c5b3-4578-9f76-50757c4e2b7f,2021,173005000.0,116468000.0,2026-08-18T11:48:58.784691
f870743d-d47c-4c3f-9822-6b16914da449,42cbed35-c5b3-4578-9f76-50757c4e2b7f,2022,198323000.0,129676000.0,2026-08-18T11:48:58.784694
3515568f-34f0-4241-8734-6e0d944c21da,42cbed35-c5b3-4578-9f76-50757c4e2b7f,2023,212620000.0,146815000.0,2026-08-18T11:48:58.784697
31912cfc-d77e-40c5-9852-7ec203b058d0,42cbed35-c5b3-4578-9f76-50757c4e2b7f,2024,236774000.0,151107000.0,2026-08-18T11:48:58.784700
fce4db2f-371c-41bd-baeb-da308d9141be,42cbed35-c5b3-4578-9f76-50757c4e2b7f,2025,271509000.0,191948000.0,2026-08-18T11:48:58.784705
584449ce-c696-4873-aedf-06c95dbc3605,0be1de48-f102-4eb6-bfe5-7bd4f3564fa1,2020,45815000.0,30811000.0,2026-08-18T11:48:58.784745
fea5f449-e973-41cb-a17b-644cf590a9e5,0be1de48-f102-4eb6-bfe5-7bd4f3564fa1,2021,49879000.0,33093000.0,2026-08-18T11:48:58.784749
612f0bfc-2637-4508-8342-48bba9e64fe7,0be1de48-f102-4eb6-bfe5-7bd4f3564fa1,2022,53776000.0,32741000.0,2026-08-18T11:48:58.784752
270b96e5-dbf6-4745-bd92-4a7e9b985afb,0be1de48-f102-4eb6-bfe5-7bd4f3564fa1,2023,59500000.0,37916000.0,2026-08-18T11:48:58.784755
149f6c0e-0a5b-4b53-9c9d-6ed584205d32,0be1de48-f102-4eb6-bfe5-7bd4f3564fa1,2024,67237000.0,48151000.0,2026-08-18T11:48:58.784758
073f51dd-5552-4688-8085-8e9e4bebce78,0be1de48-f102-4eb6-bfe5-7bd4f3564fa1,2025,74162000.0,50429000.0,2026-08-18T11:48:58.784762
921981d6-aa90-4c2d-8f09-6aaa877b0d1c,8f5e4373-2b44-44a9-b612-9905b430b915,2020,44739000.0,31488000.0,2026-08-18T11:48:58.784791
a360a16b-97eb-49d6-a088-128d89b9100e,8f5e4373-2b44-44a9-b612-9905b430b915,2021,49559000.0,32797000.0,2026-08-18T11:48:58.784794
e9c54ec6-6bf8-432b-9356-faa449bad932,8f5e4373-2b44-44a9-b612-9905b430b915,2022,57056000.0,37321000.0,2026-08-18T11:48:58.784797
9ecf1d79-888b-46ee-bde6-5f1409167700,8f5e4373-2b44-44a9-b612-9905b430b915,2023,62483000.0,44361000.0,2026-08-18T11:48:58.784800
09876a68-5f4d-43c1-a151-43d7c4fd2365,8f5e4373-2b44-44a9-b612-9905b430b915,2024,71677000.0,45596000.0,2026-08-18T11:48:58.784803
92054170-9a90-49c4-9bb6-88098e5b3d6c,8f5e4373-2b44-44a9-b612-9905b430b915,2025,80093000.0,53104000.0,2026-08-18T11:48:58.784808
e3c68ff3-555a-4b77-824e-8f10deb2e2a3,37b54f15-7ec3-4d57-bb27-2ec65f355af4,2020,88569000.0,56299000.0,2026-08-18T11:48:58.784853
1bb4caf2-6360-4a11-aba2-f92ea1906f50,37b54f15-7ec3-4d57-bb27-2ec65f355af4,2021,97497000.0,66303000.0,2026-08-18T11:48:58.784856
f466482d-12db-4303-80d2-d36964bf3dbd,37b54f15-7ec3-4d57-bb27-2ec65f355af4,2022,106589000.0,67750000.0,2026-08-18T11:48:58.784859
0fae980c-3594-49c5-a8b1-4b2097b88983,37b54f15-7ec3-4d57-bb27-2ec65f355af4,2023,112088000.0,75607000.0,2026-08-18T11:48:58.784863
0b016b1d-f451-4b71-b42e-94daaf848364,37b54f15-7ec3-4d57-bb27-2ec65f355af4,2024,128170000.0,79230000.0,2026-08-18T11:48:58.784866
b8f64fc7-ce2d-4206-b1ef-af0388d53389,37b54f15-7ec3-4d57-bb27-2ec65f355af4,2025,138909000.0,87238000.0,2026-08-18T11:48:58.784869
596f1f30-19e4-48a3-b2b8-3ecca9d19604,f1f8a4ba-2a76-4248-973b-8d78da7a5b83,2020,33496000.0,20389000.0,2026-08-18T11:48:58.784914
5d800c4a-f585-4973-b367-c97c98e131fe,f1f8a4ba-2a76-4248-973b-8d78da7a5b83,2021,36209000.0,24595000.0,2026-08-18T11:48:58.784917
0fdafb5d-731b-48ee-a19c-313556f08cf7,f1f8a4ba-2a76-4248-973b-8d78da7a5b83,2022,39509000.0,25624000.0,2026-08-18T11:48:58.784921
63ec562e-c0a5-49f8-bcb7-5fe476bb7cd6,f1f8a4ba-2a76-4248-973b-8d78da7a5b83,2023,42004000.0,27703000.0,2026-08-18T11:48:58.784924
8e12b64c-abbb-4c72-bd50-dbae261a5078,f1f8a4ba-2a76-4248-973b-8d78da7a5b83,2024,46851000.0,31722000.0,2026-08-18T11:48:58.784927
837871d2-d34d-464e-875a-b8fc4ac85129,f1f8a4ba-2a76-4248-973b-8d78da7a5b83,2025,49456000.0,35552000.0,2026-08-18T11:48:58.784930
1794430b-d71c-4a7a-81e6-aee95c50d8a2,d8811b60-d31b-4782-a009-070b6d31e537,2020,39992000.0,24337000.0,2026-08-18T11:48:58.784976
0c39fc4f-9f69-47c6-a162-487e09d0f9b5,d8811b60-d31b-4782-a009-070b6d31e537,2021,42309000.0,25559000.0,2026-08-18T11:48:58.784980
72c64e76-b209-4e38-b2eb-219c918c0654,d8811b60-d31b-4782-a009-070b6d31e537,2022,46753000.0,31179000.0,2026-08-18T11:48:58.784983
f4380c80-2cbc-46cc-a409-b58603b5e9ca,d8811b60-d31b-4782-a009-070b6d31e537,2023,49906000.0,32083000.0,2026-08-18T11:48:58.784987
c4f2e5ed-d2dc-4fd7-bf3c-ad24c4e70a66,d8811b60-d31b-4782-a009-070b6d31e537,2024,52759000.0,33168000.0,2026-08-18T11:48:58.784990
05ceaf4e-fc09-4724-8ba3-ac47387b1b5f,d8811b60-d31b-4782-a009-070b6d31e537,2025,57368000.0,40368000.0,2026-08-18T11:48:58.784995
5119cc57-c816-446f-ab5a-fbf4d3034229,d4890b12-51a4-42bc-a0cb-81a83faa2d16,2020,7286000.0,4967000.0,2026-08-18T11:48:58.785042
a6ec818b-092e-4eb2-833d-6dd033293f0e,d4890b12-51a4-42bc-a0cb-81a83faa2d16,2021,7867000.0,5092000.0,2026-08-18T11:48:58.785046
df034887-9861-4af7-8d2d-39e68aaf9c4e,d4890b12-51a4-42bc-a0cb-81a83faa2d16,2022,8252000.0,5882000.0,2026-08-18T11:48:58.785049
b758f169-5de5-4945-b58a-513f3957dad7,d4890b12-51a4-42bc-a0cb-81a83faa2d16,2023,9194000.0,5780000.0,2026-08-18T11:48:58.785052
c130be7c-0448-4c4b-b479-f590d4f9aa40,d4890b12-51a4-42bc-a0cb-81a83faa2d16,2024,9687000.0,6766000.0,2026-08-18T11:48:58.785056
e17e6e6d-cbee-4488-9ef8-c1b0417b6efd,d4890b12-51a4-42bc-a0cb-81a83faa2d16,2025,10543000.0,7192000.0,2026-08-18T11:48:58.785059
16af10eb-91d3-45b4-822f-5c38a9ddcc73,9178f250-3262-4f9b-b2de-c7b2a898ce25,2020,2247000.0,1363000.0,2026-08-18T11:48:58.785088
dd9edcae-0754-4a1c-867d-3302c751bbe7,9178f250-3262-4f9b-b2de-c7b2a898ce25,2021,2534000.0,1652000.0,2026-08-18T11:48:58.785092
3e5d921d-7dd5-4fa1-aeda-07bc06ed1e86,9178f250-3262-4f9b-b2de-c7b2a898ce25,2022,2693000.0,1848000.0,2026-08-18T11:48:58.785095
b1afafde-1950-455e-a1b8-de441b1bc168,9178f250-3262-4f9b-b2de-c7b2a898ce25,2023,3093000.0,2035000.0,2026-08-18T11:48:58.785098
06383e00-55e3-4686-a8de-a95a7148eddf,9178f250-3262-4f9b-b2de-c7b2a898ce25,2024,3509000.0,2357000.0,2026-08-18T11:48:58.785101
91c1310b-87ff-40ba-b5ad-9b6fea19a071,9178f250-3262-4f9b-b2de-c7b2a898ce25,2025,3685000.0,2511000.0,2026-08-18T11:48:58.785104
3ca6ad0d-abb1-4dc9-895c-ccc6e1609299,acc1639f-424a-45da-bdde-c899faa2f89c,2020,9984000.0,6702000.0,2026-08-18T11:48:58.785132
c39354d8-2912-4a2a-a986-0f6eccec17ad,acc1639f-424a-45da-bdde-c899faa2f89c,2021,11021000.0,7003000.0,2026-08-18T11:48:58.785136
1fd0320c-a227-47b0-a162-dbe33922466f,acc1639f-424a-45da-bdde-c899faa2f89c,2022,11994000.0,8180000.0,2026-08-18T11:48:58.785139
1bd563e8-e57a-426e-b3a9-36f55a8f0f5c,acc1639f-424a-45da-bdde-c899faa2f89c,2023,13430000.0,8294000.0,2026-08-18T11:48:58.785142
aa57a2fd-4f42-490d-96c6-a4ca37ecb13a,acc1639f-424a-45da-bdde-c899faa2f89c,2024,13998000.0,9408000.0,2026-08-18T11:48:58.785145
915c9a2d-bbea-4c40-abb5-d0fc024a745b,acc1639f-424a-45da-bdde-c899faa2f89c,2025,15331000.0,9211000.0,2026-08-18T11:48:58.785150
104e4b4a-cb7b-4fe8-8d94-27e7684af22e,1be879be-11c6-44c4-ba1e-44ab1f7610c8,2020,1063000.0,754000.0,2026-08-18T11:48:58.785192
6f396547-9e55-46f2-8952-fca76a9f9c20,1be879be-11c6-44c4-ba1e-44ab1f7610c8,2021,1114000.0,790000.0,2026-08-18T11:48:58.785196
c6c9b816-6130-4e9c-9ae7-3f0ca7175678,1be879be-11c6-44c4-ba1e-44ab1f7610c8,2022,1264000.0,766000.0,2026-08-18T11:48:58.785200
5320c7a5-e62d-4c28-9f70-e2ff6cc9e99e,1be879be-11c6-44c4-ba1e-44ab1f7610c8,2023,1424000.0,863000.0,2026-08-18T11:48:58.785203
5c069aa1-c422-4c7c-b2af-cabfa11f5d67,1be879be-11c6-44c4-ba1e-44ab1f7610c8,2024,1503000.0,973000.0,2026-08-18T11:48:58.785206
87955b53-6be4-48a3-94ea-3845c82afcfe,1be879be-11c6-44c4-ba1e-44ab1f7610c8,2025,1654000.0,1157000.0,2026-08-18T11:48:58.785210
4d249cf1-6a8e-4cb5-9f96-c16ed8bd14a9,6aac0b23-7218-42b1-b909-1aa403196d35,2020,4491000.0,3189000.0,2026-08-18T11:48:58.785256
b0fb0d0b-e6c8-4eea-aebc-03e47922623e,6aac0b23-7218-42b1-b909-1aa403196d35,2021,5264000.0,3749000.0,2026-08-18T11:48:58.785259
d491ad8c-2e55-479c-b9d8-6a326d0f6888,6aac0b23-7218-42b1-b909-1aa403196d35,2022,5896000.0,3720000.0,2026-08-18T11:48:58.785262
ebadcd49-aa29-46cf-9654-6ff94d3810e9,6aac0b23-7218-42b1-b909-1aa403196d35,2023,6560000.0,4432000.0,2026-08-18T11:48:58.785265
b7e27fca-8f09-4285-b3fc-0c3b32e4c53c,6aac0b23-7218-42b1-b909-1aa403196d35,2024,7781000.0,4710000.0,2026-08-18T11:48:58.785269
ae61d22f-3bf7-4aaa-8669-9d3a41e8c9fd,6aac0b23-7218-42b1-b909-1aa403196d35,2025,8518000.0,5680000.0,2026-08-18T11:48:58.785272
b4b27bad-b195-447f-a6fa-e04408f5bb82,df5dbace-df2a-4a62-a1ba-b8079ea95631,2020,3377000.0,2376000.0,2026-08-18T11:48:58.785321
6689cb4f-1fab-4a8a-8bb5-6b82cee514b7,df5dbace-df2a-4a62-a1ba-b8079ea95631,2021,3702000.0,2408000.0,2026-08-18T11:48:58.785324
4722afab-5834-478f-8a4f-101e2738d44a,df5dbace-df2a-4a62-a1ba-b8079ea95631,2022,4286000.0,2580000.0,2026-08-18T11:48:58.785327
68ae3ddb-6b49-4df8-bacf-922aa4abc7ad,df5dbace-df2a-4a62-a1ba-b8079ea95631,2023,4539000.0,3159000.0,2026-08-18T11:48:58.785330
fc36014b-0c17-432f-858f-4446600b76f1,df5dbace-df2a-4a62-a1ba-b8079ea95631,2024,4978000.0,3288000.0,2026-08-18T11:48:58.785334
ee901175-06d8-4d02-af5b-479ede5bd69f,df5dbace-df2a-4a62-a1ba-b8079ea95631,2025,5493000.0,3543000.0,2026-08-18T11:48:58.785337
861f067d-7350-44b6-9230-4748d045b617,8c10267d-ee3a-412e-9483-870c8f11f268,2020,1305000.0,898000.0,2026-08-18T11:48:58.785365
5ec69b88-93d0-40a5-b51a-4862010a3ac0,8c10267d-ee3a-412e-9483-870c8f11f268,2021,1419000.0,868000.0,2026-08-18T11:48:58.785368
c55908d5-5a6f-4784-8640-0dfca503f374,8c10267d-ee3a-412e-9483-870c8f11f268,2022,1642000.0,1122000.0,2026-08-18T11:48:58.785371
ef20edf2-2fae-471f-8535-505273c75682,8c10267d-ee3a-412e-9483-870c8f11f268,2023,1869000.0,1226000.0,2026-08-18T11:48:58.785376
ece8f5fa-a040-4870-ac0e-44fd9ee24ba1,8c10267d-ee3a-412e-9483-870c8f11f268,2024,1992000.0,1368000.0,2026-08-18T11:48:58.785379
8c9d38e7-8f8b-4f21-bd65-a6801e88b650,8c10267d-ee3a-412e-9483-870c8f11f268,2025,2254000.0,1605000.0,2026-08-18T11:48:58.785383
5403f7e1-7927-4f47-85e8-60a5aae3f78a,12efb5da-e34d-40d5-867a-46404dd9f949,2020,3375000.0,2123000.0,2026-08-18T11:48:58.785427
886eedbe-9c01-46a1-bac7-95145e980e86,12efb5da-e34d-40d5-867a-46404dd9f949,2021,3719000.0,2596000.0,2026-08-18T11:48:58.785431
b5c1fe49-3bd3-412e-a988-7af8d6e5e401,12efb5da-e34d-40d5-867a-46404dd9f949,2022,4287000.0,2883000.0,2026-08-18T11:48:58.785435
72a2f806-360f-4910-8979-e870c2d5ec2a,12efb5da-e34d-40d5-867a-46404dd9f949,2023,4734000.0,3287000.0,2026-08-18T11:48:58.785438
0bc7a91d-cdb3-4ac8-8a64-d8aaba59479b,12efb5da-e34d-40d5-867a-46404dd9f949,2024,5183000.0,3462000.0,2026-08-18T11:48:58.785441
4391a489-ad4d-42f0-99df-b55ac038f1ab,12efb5da-e34d-40d5-867a-46404dd9f949,2025,6055000.0,3843000.0,2026-08-18T11:48:58.785445
8cf85b18-7e60-42f2-885c-91c28e384a44,c7595bb6-ee5d-4dae-a81f-c75db1955039,2020,5621000.0,3570000.0,2026-08-18T11:48:58.785480
f333f00d-24c1-481b-a9d2-2e887cfa24ce,c7595bb6-ee5d-4dae-a81f-c75db1955039,2021,6257000.0,3977000.0,2026-08-18T11:48:58.785484
e38e9c3a-fe63-4974-90d4-dbd0a6491f6b,c7595bb6-ee5d-4dae-a81f-c75db1955039,2022,7288000.0,4902000.0,2026-08-18T11:48:58.785488
0a5e6bd4-02b3-49c9-81c4-4a813eccea2c,c7595bb6-ee5d-4dae-a81f-c75db1955039,2023,8198000.0,5794000.0,2026-08-18T11:48:58.785491
b2001c38-0bc2-4565-b5a6-a2d279880746,c7595bb6-ee5d-4dae-a81f-c75db1955039,2024,9008000.0,6132000.0,2026-08-18T11:48:58.785494
1d7bd2e9-f381-4688-800d-9ee54e52f3ee,c7595bb6-ee5d-4dae-a81f-c75db1955039,2025,10418000.0,6652000.0,2026-08-18T11:48:58.785497
0ee84291-fd23-461a-93b4-cf45062a1af9,3caef253-c8ef-40b1-acec-899508997220,2020,1776000.0,1116000.0,2026-08-18T11:48:58.785541
e6099021-1638-4690-a2bd-cd8a81d7e7b3,3caef253-c8ef-40b1-acec-899508997220,2021,1980000.0,1268000.0,2026-08-18T11:48:58.785546
d1e41c0a-0cb0-4c78-a9be-a30fbb859016,3caef253-c8ef-40b1-acec-899508997220,2022,2090000.0,1410000.0,2026-08-18T11:48:58.785550
58220c5e-789b-4e1f-83b3-85d550b08364,3caef253-c8ef-40b1-acec-899508997220,2023,2338000.0,1441000.0,2026-08-18T11:48:58.785553
e1419765-f5d6-44b1-8c4e-3e5d03d68f41,3caef253-c8ef-40b1-acec-899508997220,2024,2464000.0,1694000.0,2026-08-18T11:48:58.785557
1bfcef6f-e2eb-4eef-b94b-8f89ca890e26,3caef253-c8ef-40b1-acec-899508997220,2025,2637000.0,1732000.0,2026-08-18T11:48:58.785561
6dd15c13-1dae-4e26-9535-fe25e7059e12,0839d73a-e4fd-47c8-8472-ffb8aa6e762d,2020,12396000.0,8477000.0,2026-08-18T11:48:58.785605
04a0c8be-eb08-4047-ab30-fe9f8a1ffb2d,0839d73a-e4fd-47c8-8472-ffb8aa6e762d,2021,13842000.0,9110000.0,2026-08-18T11:48:58.785608
5df5616e-701b-4f93-ab12-6910134b91fb,0839d73a-e4fd-47c8-8472-ffb8aa6e762d,2022,15839000.0,10533000.0,2026-08-18T11:48:58.785611
cbf0da45-698a-4998-a8b2-41c7222dd642,0839d73a-e4fd-47c8-8472-ffb8aa6e762d,2023,17800000.0,12810000.0,2026-08-18T11:48:58.785615
080f5552-142b-4ae8-a563-73106a438dbd,0839d73a-e4fd-47c8-8472-ffb8aa6e762d,2024,20997000.0,13247000.0,2026-08-18T11:48:58.785618
da7069e6-bee7-463c-9860-399ce3316ff6,0839d73a-e4fd-47c8-8472-ffb8aa6e762d,2025,24197000.0,15988000.0,2026-08-18T11:48:58.785621
8880130e-7633-4e23-bfa7-b32c8b1ea4c7,429f3a2b-4416-4b09-a728-30d016d94d63,2020,9078000.0,6118000.0,2026-08-18T11:48:58.785647
751369f3-53c1-45d0-b0b1-3c35710291e8,429f3a2b-4416-4b09-a728-30d016d94d63,2021,10634000.0,6814000.0,2026-08-18T11:48:58.785650
91211a28-27e2-4428-9883-a3d620d6aafb,429f3a2b-4416-4b09-a728-30d016d94d63,2022,11891000.0,7140000.0,2026-08-18T11:48:58.785653
cc9ae10f-db7a-433b-9381-5aab193fb7f9,429f3a2b-4416-4b09-a728-30d016d94d63,2023,13401000.0,9142000.0,2026-08-18T11:48:58.785657
dfcad59b-1e93-42de-81cc-93f2acbfbe0d,429f3a2b-4416-4b09-a728-30d016d94d63,2024,15610000.0,10675000.0,2026-08-18T11:48:58.785660
78dc8a4d-ff5a-49c6-a0d7-4af7e6a3eecd,429f3a2b-4416-4b09-a728-30d016d94d63,2025,18302000.0,11340000.0,2026-08-18T11:48:58.785664
6247dd6a-87a9-4997-86c2-0660ad4ea9e6,c6f463e3-1d0f-4dd3-8de6-fca4ef95c430,2020,14401000.0,9280000.0,2026-08-18T11:48:58.785699
5cf75f5e-a233-4fd1-934e-12ac914daed3,c6f463e3-1d0f-4dd3-8de6-fca4ef95c430,2021,15981000.0,11022000.0,2026-08-18T11:48:58.785702
7af5d7c3-d105-465a-8952-9266853e1944,c6f463e3-1d0f-4dd3-8de6-fca4ef95c430,2022,18319000.0,12171000.0,2026-08-18T11:48:58.785705
31a9b093-c660-4644-be62-4e8233ae595c,c6f463e3-1d0f-4dd3-8de6-fca4ef95c430,2023,21025000.0,13299000.0,2026-08-18T11:48:58.785709
d6873598-ca9a-4fd2-95eb-9836b3e9057b,c6f463e3-1d0f-4dd3-8de6-fca4ef95c430,2024,22537000.0,15360000.0,2026-08-18T11:48:58.785712
11243968-9aa9-4422-b4eb-b742e7c4e328,c6f463e3-1d0f-4dd3-8de6-fca4ef95c430,2025,26189000.0,17871000.0,2026-08-18T11:48:58.785715
dfe9a77f-8dfe-4630-b878-885577490396,d8a4923f-75cf-44b1-8604-2fa0e0103058,2020,13976000.0,8940000.0,2026-08-18T11:48:58.785749
a1aa88ec-3baf-4c6b-a3b1-b13d04b65be3,d8a4923f-75cf-44b1-8604-2fa0e0103058,2021,15262000.0,10115000.0,2026-08-18T11:48:58.785753
0abe15eb-6804-4583-8e3b-102c18e36270,d8a4923f-75cf-44b1-8604-2fa0e0103058,2022,16680000.0,10664000.0,2026-08-18T11:48:58.785757
92137dab-88be-40f4-bb49-fa471080447b,d8a4923f-75cf-44b1-8604-2fa0e0103058,2023,18926000.0,13373000.0,2026-08-18T11:48:58.785760
b6cc4b19-5381-4a7f-b8ac-0377e09cd19b,d8a4923f-75cf-44b1-8604-2fa0e0103058,2024,20513000.0,14748000.0,2026-08-18T11:48:58.785763
0b62b7fa-b1ba-4e52-bdc8-6fb1804a60fa,d8a4923f-75cf-44b1-8604-2fa0e0103058,2025,22532000.0,14791000.0,2026-08-18T11:48:58.785767
223588d3-8456-4c30-8371-945a799cfa99,f26d92a3-866a-4e3c-8436-c1492a70bd98,2020,5906000.0,4125000.0,2026-08-18T11:48:58.785805
57276624-e32b-48db-88c7-464a7daf40a9,f26d92a3-866a-4e3c-8436-c1492a70bd98,2021,6697000.0,4605000.0,2026-08-18T11:48:58.785808
1017abe0-874a-40bb-b37f-798f002cbeaf,f26d92a3-866a-4e3c-8436-c1492a70bd98,2022,7397000.0,5289000.0,2026-08-18T11:48:58.785811
842ff9c7-d8b3-4812-8ffa-58f2e3299075,f26d92a3-866a-4e3c-8436-c1492a70bd98,2023,8352000.0,5057000.0,2026-08-18T11:48:58.785815
30fa0e46-7304-4b4f-a6db-a5831a0916f4,f26d92a3-866a-4e3c-8436-c1492a70bd98,2024,9576000.0,6676000.0,2026-08-18T11:48:58.785818
72d39599-a0ca-4fd5-9d43-b502c5bfe96f,f26d92a3-866a-4e3c-8436-c1492a70bd98,2025,10612000.0,7534000.0,2026-08-18T11:48:58.785822
43a33404-44bd-4268-9207-ebe1d0549cee,153c4b1d-bd48-4d01-91f6-59e1bdf59bd1,2020,38189000.0,23415000.0,2026-08-18T11:48:58.785850
59020048-824e-4add-8050-48abc4f7b211,153c4b1d-bd48-4d01-91f6-59e1bdf59bd1,2021,43381000.0,29201000.0,2026-08-18T11:48:58.785854
16243807-2219-4992-bd37-4e761cd7a833,153c4b1d-bd48-4d01-91f6-59e1bdf59bd1,2022,50348000.0,32014000.0,2026-08-18T11:48:58.785857
d588a944-8419-4b40-92e6-b65d5a44d73e,153c4b1d-bd48-4d01-91f6-59e1bdf59bd1,2023,59204000.0,38819000.0,2026-08-18T11:48:58.785860
74e5f1a0-cf6f-4b8f-bd20-cd17779597cf,153c4b1d-bd48-4d01-91f6-59e1bdf59bd1,2024,65805000.0,45564000.0,2026-08-18T11:48:58.785863
393722b9-9aa3-4465-835f-a3aeb18b4a5f,153c4b1d-bd48-4d01-91f6-59e1bdf59bd1,2025,77445000.0,51041000.0,2026-08-18T11:48:58.785867
c61b28e4-b1c5-4315-81d5-f3885cb978a0,377da049-1ecc-4396-9365-525b7323fc63,2020,40190000.0,27054000.0,2026-08-18T11:48:58.785913
a66b1fd3-04bf-472e-9157-673d2931b4b0,377da049-1ecc-4396-9365-525b7323fc63,2021,46048000.0,28257000.0,2026-08-18T11:48:58.785916
cdbb9ccb-c20a-4bd7-869f-a49e66fe81c6,377da049-1ecc-4396-9365-525b7323fc63,2022,49298000.0,32616000.0,2026-08-18T11:48:58.785920
230e2c2b-4054-46da-ab9a-2b4775a091c8,377da049-1ecc-4396-9365-525b7323fc63,2023,55238000.0,34915000.0,2026-08-18T11:48:58.785923
24409936-d763-47f3-aafa-2ad444dde5bf,377da049-1ecc-4396-9365-525b7323fc63,2024,63249000.0,41916000.0,2026-08-18T11:48:58.785927
6dc3f0bb-3f40-41d3-9341-85685956f6fc,377da049-1ecc-4396-9365-525b7323fc63,2025,67281000.0,40398000.0,2026-08-18T11:48:58.785930
cdef03fd-76a9-4ab2-8b5e-c2b03ad27531,83a049a5-b762-4bfb-9051-2d2eaf697ff1,2020,22396000.0,15318000.0,2026-08-18T11:48:58.785959
8551dff4-a78c-4392-aabc-2bfeb5168e3c,83a049a5-b762-4bfb-9051-2d2eaf697ff1,2021,25394000.0,15790000.0,2026-08-18T11:48:58.785963
3bfc29b2-f446-45b6-8988-ddbc99283e98,83a049a5-b762-4bfb-9051-2d2eaf697ff1,2022,29257000.0,19862000.0,2026-08-18T11:48:58.785966
3bc75092-0742-4dce-9d14-907772ced578,83a049a5-b762-4bfb-9051-2d2eaf697ff1,2023,33396000.0,22768000.0,2026-08-18T11:48:58.785969
d8907fe6-0532-4702-aad2-6e26c399568d,83a049a5-b762-4bfb-9051-2d2eaf697ff1,2024,37391000.0,26840000.0,2026-08-18T11:48:58.785972
d658f547-dc61-41c2-abdd-1d9d3f112dd4,83a049a5-b762-4bfb-9051-2d2eaf697ff1,2025,42955000.0,30379000.0,2026-08-18T11:48:58.785975
cfe25d5f-1465-4402-b161-758a4e49aabc,2cb02292-db95-4193-811d-70cd17cb6c82,2020,16529000.0,11161000.0,2026-08-18T11:48:58.786016
818c0aad-ca80-4de1-a3dd-5b5ac28bdc07,2cb02292-db95-4193-811d-70cd17cb6c82,2021,18318000.0,12082000.0,2026-08-18T11:48:58.786020
52fc9c6a-e365-46c1-8c14-d561e4d22f7f,2cb02292-db95-4193-811d-70cd17cb6c82,2022,19915000.0,13367000.0,2026-08-18T11:48:58.786023
b0043e2e-9bbb-40f9-b71c-3286841c1ad7,2cb02292-db95-4193-811d-70cd17cb6c82,2023,21510000.0,15019000.0,2026-08-18T11:48:58.786026
4f166032-716e-4a96-8208-880539fc0cdb,2cb02292-db95-4193-811d-70cd17cb6c82,2024,24715000.0,16433000.0,2026-08-18T11:48:58.786029
f201e473-c460-4a23-b29f-94cda8758b4c,2cb02292-db95-4193-811d-70cd17cb6c82,2025,26798000.0,18790000.0,2026-08-18T11:48:58.786032
169999a6-48c4-4c03-9b08-d3bc806d83cb,11afb975-c376-4589-9686-f0c1230def98,2020,4112000.0,2779000.0,2026-08-18T11:48:58.786070
6077b63d-5b34-4634-8252-1e9a51666cef,11afb975-c376-4589-9686-f0c1230def98,2021,4584000.0,2799000.0,2026-08-18T11:48:58.786073
1a5ff110-0069-42b8-9022-ea93af6ed00b,11afb975-c376-4589-9686-f0c1230def98,2022,5364000.0,3570000.0,2026-08-18T11:48:58.786077
73a22e31-8ee3-4812-8f3a-8d17e887ee8b,11afb975-c376-4589-9686-f0c1230def98,2023,5819000.0,3887000.0,2026-08-18T11:48:58.786081
792800c4-968e-499e-9a1d-19b2a44b6d67,11afb975-c376-4589-9686-f0c1230def98,2024,6849000.0,4539000.0,2026-08-18T11:48:58.786085
1262644c-78c6-4805-a528-506eea3ec98d,11afb975-c376-4589-9686-f0c1230def98,2025,7575000.0,5141000.0,2026-08-18T11:48:58.786088
c5fede8d-7624-4369-ac00-c9c6c2d67633,53973087-42a7-456a-bda5-e835b9ea142d,2020,23005000.0,15158000.0,2026-08-18T11:48:58.786116
8fa2c37a-a3a3-4ddc-a865-01ef05b7d002,53973087-42a7-456a-bda5-e835b9ea142d,2021,26594000.0,17916000.0,2026-08-18T11:48:58.786119
41bdc241-4440-4aa3-8632-6743fc628d3c,53973087-42a7-456a-bda5-e835b9ea142d,2022,30700000.0,21304000.0,2026-08-18T11:48:58.786122
331b6e7f-4874-4378-b693-dae6234741fa,53973087-42a7-456a-bda5-e835b9ea142d,2023,34607000.0,24903000.0,2026-08-18T11:48:58.786126
a8d0d16e-180d-418c-aadc-c45a100270e6,53973087-42a7-456a-bda5-e835b9ea142d,2024,37463000.0,24071000.0,2026-08-18T11:48:58.786130
042cd141-5b08-4506-8981-aeac1286cad4,53973087-42a7-456a-bda5-e835b9ea142d,2025,42883000.0,29848000.0,2026-08-18T11:48:58.786133
dffdd587-90e7-43c0-94c5-e9c109a03933,1637d26d-a4ca-4842-9751-bd9d9f132081,2020,10691000.0,7315000.0,2026-08-18T11:48:58.786167
21bab872-b58b-4159-b246-11a5ac061bd0,1637d26d-a4ca-4842-9751-bd9d9f132081,2021,12326000.0,8780000.0,2026-08-18T11:48:58.786170
313da5d0-d53f-4d48-a6b2-cc7656600f8e,1637d26d-a4ca-4842-9751-bd9d9f132081,2022,14314000.0,9951000.0,2026-08-18T11:48:58.786173
b09aae64-6837-4c2c-b9ff-dce7a6b41efd,1637d26d-a4ca-4842-9751-bd9d9f132081,2023,16284000.0,10158000.0,2026-08-18T11:48:58.786176
095324db-2201-4d6c-9dd9-26c5c0349e3b,1637d26d-a4ca-4842-9751-bd9d9f132081,2024,18317000.0,11966000.0,2026-08-18T11:48:58.786180
0726b791-b5e6-4d1e-90c9-6817bce94c5e,1637d26d-a4ca-4842-9751-bd9d9f132081,2025,20727000.0,14302000.0,2026-08-18T11:48:58.786183
a9063f59-c102-4712-b451-384a3ddd3ebb,8a106360-2ea2-4c1b-9d0f-d0d9e9c89042,2020,29838000.0,20098000.0,2026-08-18T11:48:58.786219
c2a45e02-9c09-4589-b094-c614cf344857,8a106360-2ea2-4c1b-9d0f-d0d9e9c89042,2021,32076000.0,22165000.0,2026-08-18T11:48:58.786222
92bece57-f755-4813-9320-9300ec815df1,8a106360-2ea2-4c1b-9d0f-d0d9e9c89042,2022,35486000.0,22179000.0,2026-08-18T11:48:58.786225
f3af7831-fa15-40db-859a-9fe7a47a4c8b,8a106360-2ea2-4c1b-9d0f-d0d9e9c89042,2023,38286000.0,25647000.0,2026-08-18T11:48:58.786229
059c57ac-2828-452c-b78a-9f6a01f9d450,8a106360-2ea2-4c1b-9d0f-d0d9e9c89042,2024,43274000.0,28317000.0,2026-08-18T11:48:58.786232
9035f6f9-911f-4aa8-b85a-34ef2f5cf512,8a106360-2ea2-4c1b-9d0f-d0d9e9c89042,2025,49000000.0,32936000.0,2026-08-18T11:48:58.786238
5d7549f0-75d6-4c93-8c0b-50e96f89a263,22a653de-3331-44fa-a2d3-bedeac3db850,2020,10747000.0,7200000.0,2026-08-18T11:48:58.786264
baa2509a-a139-4025-a35f-f528e25aae97,22a653de-3331-44fa-a2d3-bedeac3db850,2021,12323000.0,7429000.0,2026-08-18T11:48:58.786267
03c24dcb-e695-4288-a3cb-de88a6c137d9,22a653de-3331-44fa-a2d3-bedeac3db850,2022,13643000.0,8525000.0,2026-08-18T11:48:58.786270
a2dc36cb-a16b-4847-81c2-94fb1b1c5a87,22a653de-3331-44fa-a2d3-bedeac3db850,2023,15242000.0,9848000.0,2026-08-18T11:48:58.786274
dacde8d4-4e56-48fd-ae9d-fb81f4fdea84,22a653de-3331-44fa-a2d3-bedeac3db850,2024,17398000.0,10970000.0,2026-08-18T11:48:58.786277
f936ff79-d50a-40fc-adcb-bde50c48cc0a,22a653de-3331-44fa-a2d3-bedeac3db850,2025,19296000.0,11861000.0,2026-08-18T11:48:58.786280
4a24c12a-b095-4e50-bdf2-b6691d8337e9,53077957-d755-47b9-9ac2-abfacd63b91f,2020,74245000.0,53423000.0,2026-08-18T11:48:58.786314
222dfdf8-9b22-44ff-ae9d-4cbf741c2c46,53077957-d755-47b9-9ac2-abfacd63b91f,2021,84982000.0,58321000.0,2026-08-18T11:48:58.786317
e75d507f-669d-464c-8a2d-283356c2454c,53077957-d755-47b9-9ac2-abfacd63b91f,2022,91374000.0,59266000.0,2026-08-18T11:48:58.786321
bf94537d-dcd1-4e89-9bb4-a4f26abca3c6,53077957-d755-47b9-9ac2-abfacd63b91f,2023,104402000.0,75131000.0,2026-08-18T11:48:58.786324
e1ee63e2-59d8-4900-b854-d7b14da46c95,53077957-d755-47b9-9ac2-abfacd63b91f,2024,117570000.0,81415000.0,2026-08-18T11:48:58.786327
e6de90e4-545a-4447-b817-69ba75dd50a6,53077957-d755-47b9-9ac2-abfacd63b91f,2025,122880000.0,75963000.0,2026-08-18T11:48:58.786331
5c276ab3-09de-4b7c-b1c9-4021188b7220,b1dec737-4251-4c13-bb08-aaf90b478207,2020,15217000.0,10773000.0,2026-08-18T11:48:58.786369
d95643b1-b0e5-440f-8b9a-d325943a3f1d,b1dec737-4251-4c13-bb08-aaf90b478207,2021,17176000.0,11208000.0,2026-08-18T11:48:58.786374
3665d863-0ea5-4a01-8d3f-66f9f558f031,b1dec737-4251-4c13-bb08-aaf90b478207,2022,19438000.0,12178000.0,2026-08-18T11:48:58.786377
a8c3ef5e-619d-4ba5-90ac-fbb6847be844,b1dec737-4251-4c13-bb08-aaf90b478207,2023,21711000.0,13960000.0,2026-08-18T11:48:58.786381
37b036cd-4662-4b86-81ea-5f96a8539bb7,b1dec737-4251-4c13-bb08-aaf90b478207,2024,24720000.0,15110000.0,2026-08-18T11:48:58.786384
3d4f7ce9-8fbc-404f-b2a2-beb6bd953fca,b1dec737-4251-4c13-bb08-aaf90b478207,2025,27816000.0,18740000.0,2026-08-18T11:48:58.786387
77a6f25e-a548-464b-9a70-bc7b4ab8f766,a5e1bde0-400e-452b-80d3-93c8c88de6bb,2020,54800000.0,37815000.0,2026-08-18T11:48:58.786414
a86acfac-cabb-46fc-a4a7-58285e84a705,a5e1bde0-400e-452b-80d3-93c8c88de6bb,2021,59457000.0,40261000.0,2026-08-18T11:48:58.786417
0ce1c45e-1c9d-4710-90dd-cf366ecbed0e,a5e1bde0-400e-452b-80d3-93c8c88de6bb,2022,64535000.0,43629000.0,2026-08-18T11:48:58.786421
b9e121b6-7545-452a-ae29-0b3844603d93,a5e1bde0-400e-452b-80d3-93c8c88de6bb,2023,67209000.0,46438000.0,2026-08-18T11:48:58.786424
340ac25c-d963-4eaa-8220-8194ee624727,a5e1bde0-400e-452b-80d3-93c8c88de6bb,2024,73511000.0,48393000.0,2026-08-18T11:48:58.786427
bb19148a-a422-4271-b3e7-8677fd69ff7e,a5e1bde0-400e-452b-80d3-93c8c88de6bb,2025,78104000.0,54837000.0,2026-08-18T11:48:58.786430
4ac0b11c-0b4f-4f8d-b318-86e6d3ddaa23,128b1094-210c-4291-8aba-0359c008be3d,2020,50740000.0,30846000.0,2026-08-18T11:48:58.786457
b20f0ec8-97d1-4d6b-8588-c420514d401d,128b1094-210c-4291-8aba-0359c008be3d,2021,57250000.0,36246000.0,2026-08-18T11:48:58.786460
ead7b73b-7067-4bdf-ae7e-fb9e170c5121,128b1094-210c-4291-8aba-0359c008be3d,2022,63982000.0,43731000.0,2026-08-18T11:48:58.786463
6374277d-62bb-4eee-865e-172f0b880ae0,128b1094-210c-4291-8aba-0359c008be3d,2023,70795000.0,46573000.0,2026-08-18T11:48:58.786467
0a2b8cfb-c48e-419c-b9bd-50153ba9e036,128b1094-210c-4291-8aba-0359c008be3d,2024,81026000.0,50541000.0,2026-08-18T11:48:58.786470
1d3fe9f4-ff96-431c-a465-881c8774699d,128b1094-210c-4291-8aba-0359c008be3d,2025,90374000.0,55466000.0,2026-08-18T11:48:58.786474
0d48b826-7c2b-4654-9bc0-aa896cb1ba2a,d6b29b7f-8c35-4d9d-ae2a-5daf0429e0ac,2020,54297000.0,34069000.0,2026-08-18T11:48:58.786510
17f2323b-8079-4f0f-989b-86723022687f,d6b29b7f-8c35-4d9d-ae2a-5daf0429e0ac,2021,59999000.0,38970000.0,2026-08-18T11:48:58.786515
9e947a61-2243-41f5-a666-fb7a5f2664a8,d6b29b7f-8c35-4d9d-ae2a-5daf0429e0ac,2022,65223000.0,46532000.0,2026-08-18T11:48:58.786518
f40ae999-e08a-4b2f-a129-48fa4e5c2096,d6b29b7f-8c35-4d9d-ae2a-5daf0429e0ac,2023,67690000.0,47100000.0,2026-08-18T11:48:58.786521
c4463619-26ba-44be-8a1a-2354434aafe4,d6b29b7f-8c35-4d9d-ae2a-5daf0429e0ac,2024,73210000.0,47933000.0,2026-08-18T11:48:58.786524
66dc3da8-5011-4fda-9f2e-ab9ef8263648,d6b29b7f-8c35-4d9d-ae2a-5daf0429e0ac,2025,78717000.0,53572000.0,2026-08-18T11:48:58.786527
bf483a01-400e-469a-8b0c-4c6588273c44,af3e36c5-7e4c-419e-979a-694c9ceead87,2020,25089000.0,17686000.0,2026-08-18T11:48:58.786553
875f1c4f-9402-44e4-9582-3ec56d95455f,af3e36c5-7e4c-419e-979a-694c9ceead87,2021,27992000.0,19118000.0,2026-08-18T11:48:58.786557
dc3f3aa4-c7d1-41ca-81fb-fb85b354a1da,af3e36c5-7e4c-419e-979a-694c9ceead87,2022,29229000.0,19976000.0,2026-08-18T11:48:58.786561
b9a6eafe-f170-49cb-8ac7-68bf70a7b94f,af3e36c5-7e4c-419e-979a-694c9ceead87,2023,32361000.0,22972000.0,2026-08-18T11:48:58.786564
b2b0a0f4-5adf-4699-a98b-5c1cd15947d1,af3e36c5-7e4c-419e-979a-694c9ceead87,2024,33986000.0,21567000.0,2026-08-18T11:48:58.786567
4077d81c-a4d9-418b-8f51-cec3b0376f42,af3e36c5-7e4c-419e-979a-694c9ceead87,2025,36772000.0,23340000.0,2026-08-18T11:48:58.786570
19a60537-4a2d-4522-977b-dc7173c45d08,61b40b2d-950b-4503-ae2e-f78d7cee81b1,2020,15048000.0,9711000.0,2026-08-18T11:48:58.786596
d0ba6f75-1f8a-49c9-8302-9360fdb1c3a8,61b40b2d-950b-4503-ae2e-f78d7cee81b1,2021,17535000.0,10722000.0,2026-08-18T11:48:58.786600
6cab8651-6d3d-48ff-bb3d-773d97c40629,61b40b2d-950b-4503-ae2e-f78d7cee81b1,2022,19705000.0,13275000.0,2026-08-18T11:48:58.786603
24e578a5-fcdc-4f68-9c9d-9f7602ccaaa6,61b40b2d-950b-4503-ae2e-f78d7cee81b1,2023,21321000.0,12986000.0,2026-08-18T11:48:58.786606
e7aa4d68-b342-4609-bf4f-ca7ec8630412,61b40b2d-950b-4503-ae2e-f78d7cee81b1,2024,24999000.0,15767000.0,2026-08-18T11:48:58.786609
c106fef2-c8a3-48e1-9eb0-16cce9510c98,61b40b2d-950b-4503-ae2e-f78d7cee81b1,2025,27329000.0,17131000.0,2026-08-18T11:48:58.786614
e0b435de-153d-4597-8f5f-bc5d838a19e0,09c68169-ca8c-49eb-ba6c-0013f3a4eb66,2020,7085000.0,4616000.0,2026-08-18T11:48:58.786648
3c6ac079-0819-4626-8aa7-f901b45f9d28,09c68169-ca8c-49eb-ba6c-0013f3a4eb66,2021,7617000.0,5252000.0,2026-08-18T11:48:58.786651
1263d3e8-e72a-43c9-8135-4dc6826d21e3,09c68169-ca8c-49eb-ba6c-0013f3a4eb66,2022,8545000.0,5725000.0,2026-08-18T11:48:58.786656
4b23b899-100a-421c-9430-13272f7f31a6,09c68169-ca8c-49eb-ba6c-0013f3a4eb66,2023,9117000.0,5949000.0,2026-08-18T11:48:58.786662
6c6a7afb-dae9-4bbd-ae59-665e6256b21c,09c68169-ca8c-49eb-ba6c-0013f3a4eb66,2024,10006000.0,6808000.0,2026-08-18T11:48:58.786666
d6e6ee01-dd87-45fa-98e6-f8b06b0bac2c,09c68169-ca8c-49eb-ba6c-0013f3a4eb66,2025,11030000.0,7766000.0,2026-08-18T11:48:58.786669
5a700b7d-7938-4c9f-992c-275da4c017b9,6d505df1-39b2-4cd8-8a80-0cf614945733,2020,42306000.0,26649000.0,2026-08-18T11:48:58.786703
4b3b38a9-b4a6-44fc-a498-5d834ee04b06,6d505df1-39b2-4cd8-8a80-0cf614945733,2021,49306000.0,33713000.0,2026-08-18T11:48:58.786706
bee78577-4639-4fbc-9f88-6f4ffff6e2f2,6d505df1-39b2-4cd8-8a80-0cf614945733,2022,53581000.0,37795000.0,2026-08-18T11:48:58.786709
62262f35-6b71-4e4e-aebe-3cd7af0b3ead,6d505df1-39b2-4cd8-8a80-0cf614945733,2023,62985000.0,44964000.0,2026-08-18T11:48:58.786716
55304ec4-41e5-4a71-83e7-85d0195361e0,6d505df1-39b2-4cd8-8a80-0cf614945733,2024,71954000.0,46573000.0,2026-08-18T11:48:58.786719
9cfdb03f-8147-4c9b-80a6-fcd9b7f2f266,6d505df1-39b2-4cd8-8a80-0cf614945733,2025,80524000.0,54759000.0,2026-08-18T11:48:58.786722
3f12e387-0e41-4bb6-8a56-2542a793db01,2c1d79b5-5a9d-4839-a178-68554d03154e,2020,50744000.0,34337000.0,2026-08-18T11:48:58.786765
cd3e1fa9-b55b-4dc1-869c-8ea2cf806925,2c1d79b5-5a9d-4839-a178-68554d03154e,2021,55983000.0,38642000.0,2026-08-18T11:48:58.786768
3f3806c1-ef6f-44f3-9226-bdde7f6fb827,2c1d79b5-5a9d-4839-a178-68554d03154e,2022,61750000.0,42884000.0,2026-08-18T11:48:58.786771
7120b86e-5cec-4ae5-967b-477d6128160a,2c1d79b5-5a9d-4839-a178-68554d03154e,2023,64814000.0,39636000.0,2026-08-18T11:48:58.786775
aef154c7-b6fa-49d4-98cf-a040ac94789a,2c1d79b5-5a9d-4839-a178-68554d03154e,2024,74304000.0,50590000.0,2026-08-18T11:48:58.786778
5f113a3f-9113-4d1e-873b-0777e1944958,2c1d79b5-5a9d-4839-a178-68554d03154e,2025,79545000.0,48696000.0,2026-08-18T11:48:58.786781
2fea31af-7ab6-4586-8a69-c3df4053cd3e,bf6a6679-32a7-484c-94cf-ec1b4682755a,2020,4508000.0,2811000.0,2026-08-18T11:48:58.786810
a47569a5-dbc8-4fbb-98bd-d086b173adfe,bf6a6679-32a7-484c-94cf-ec1b4682755a,2021,5292000.0,3672000.0,2026-08-18T11:48:58.786813
85574630-bf0a-46d7-af70-0323ded66d19,bf6a6679-32a7-484c-94cf-ec1b4682755a,2022,5960000.0,3708000.0,2026-08-18T11:48:58.786817
bb4da0e9-f088-4cbb-ad86-d33b92a09d53,bf6a6679-32a7-484c-94cf-ec1b4682755a,2023,6927000.0,4853000.0,2026-08-18T11:48:58.786821
5ada5422-95e8-4304-858c-f821e99466b0,bf6a6679-32a7-484c-94cf-ec1b4682755a,2024,8005000.0,5755000.0,2026-08-18T11:48:58.786824
60b95917-0fc5-449e-b0ec-bca164b1b208,bf6a6679-32a7-484c-94cf-ec1b4682755a,2025,9129000.0,5903000.0,2026-08-18T11:48:58.786827
2ec75e37-95c3-48e5-9dc9-740cbc4a941d,a3fe5b5d-0524-41cb-a607-2282d29b778b,2020,14688000.0,9198000.0,2026-08-18T11:48:58.786854
1d4dd258-8b03-4fa6-ade5-94210ee4afa1,a3fe5b5d-0524-41cb-a607-2282d29b778b,2021,16192000.0,9931000.0,2026-08-18T11:48:58.786857
142598a7-7b09-4b11-ad9d-ac6a2e019f45,a3fe5b5d-0524-41cb-a607-2282d29b778b,2022,18080000.0,11693000.0,2026-08-18T11:48:58.786861
03cb2c78-b3c1-411a-81d0-f72197b1b4d1,a3fe5b5d-0524-41cb-a607-2282d29b778b,2023,20413000.0,14171000.0,2026-08-18T11:48:58.786864
380d3f22-a8f1-4043-9f80-356e42f1263d,a3fe5b5d-0524-41cb-a607-2282d29b778b,2024,23519000.0,14432000.0,2026-08-18T11:48:58.786867
486abb30-daf9-47e0-8fc8-e0d6e174a835,a3fe5b5d-0524-41cb-a607-2282d29b778b,2025,26772000.0,16856000.0,2026-08-18T11:48:58.786871
1360dacd-9b1b-4a89-a8df-753e84da465c,942c2cbf-3421-40fe-b8be-f564960d6d02,2020,19994000.0,14381000.0,2026-08-18T11:48:58.786899
846f6ef5-10e3-46e1-9566-bdf355bb12c7,942c2cbf-3421-40fe-b8be-f564960d6d02,2021,23556000.0,14391000.0,2026-08-18T11:48:58.786902
0d7e7c62-c2f6-4257-b30e-97c3085ef7da,942c2cbf-3421-40fe-b8be-f564960d6d02,2022,25553000.0,18322000.0,2026-08-18T11:48:58.786905
d66d7682-4161-483b-8a8a-9ce6e21bc425,942c2cbf-3421-40fe-b8be-f564960d6d02,2023,28876000.0,19787000.0,2026-08-18T11:48:58.786909
fac7475e-ec0a-4131-919f-ad0e20c58f5e,942c2cbf-3421-40fe-b8be-f564960d6d02,2024,32447000.0,19792000.0,2026-08-18T11:48:58.786912
17dae8c9-7b0c-49aa-ba32-26f451332f4c,942c2cbf-3421-40fe-b8be-f564960d6d02,2025,34902000.0,24495000.0,2026-08-18T11:48:58.786916
24d27bde-0e6d-4b38-91ce-c738f90c8667,2eb3392e-ebb5-43d1-9d00-5454d9165720,2020,51047000.0,34949000.0,2026-08-18T11:48:58.786960
4fc01ec1-aa44-4bd5-9f40-83d87ebeb546,2eb3392e-ebb5-43d1-9d00-5454d9165720,2021,56973000.0,36299000.0,2026-08-18T11:48:58.786963
fd97b05b-a64b-4bf4-8038-a70892caebfb,2eb3392e-ebb5-43d1-9d00-5454d9165720,2022,62866000.0,37842000.0,2026-08-18T11:48:58.786966
d268ff0a-3fbd-42d2-8f0b-09865296c45e,2eb3392e-ebb5-43d1-9d00-5454d9165720,2023,65430000.0,46373000.0,2026-08-18T11:48:58.786971
dee42321-da54-4242-92e9-7c07a0a4db15,2eb3392e-ebb5-43d1-9d00-5454d9165720,2024,73401000.0,44079000.0,2026-08-18T11:48:58.786974
06995408-af0d-4123-8419-015199bc238d,2eb3392e-ebb5-43d1-9d00-5454d9165720,2025,81161000.0,53768000.0,2026-08-18T11:48:58.786977
79f29309-1232-4209-9b8c-7797f1e05bca,5b430021-a00f-4b73-bb58-5769ffb7f3e9,2020,7210000.0,5085000.0,2026-08-18T11:48:58.787010
9f60746f-7341-4d30-a773-9f6c4da3e5b3,5b430021-a00f-4b73-bb58-5769ffb7f3e9,2021,7674000.0,4823000.0,2026-08-18T11:48:58.787014
08daf78a-bfa3-4a46-80e7-09cee8e7f9c2,5b430021-a00f-4b73-bb58-5769ffb7f3e9,2022,8736000.0,5470000.0,2026-08-18T11:48:58.787017
763605bb-13c5-448e-8bd3-1a4bd98fbb86,5b430021-a00f-4b73-bb58-5769ffb7f3e9,2023,8973000.0,6026000.0,2026-08-18T11:48:58.787020
9741b927-6b7d-4121-b583-4490cebf887a,5b430021-a00f-4b73-bb58-5769ffb7f3e9,2024,9938000.0,6752000.0,2026-08-18T11:48:58.787023
d216e4d2-44dc-4ed7-a800-1b012e85f1ce,5b430021-a00f-4b73-bb58-5769ffb7f3e9,2025,10726000.0,6959000.0,2026-08-18T11:48:58.787026
761b35fe-3698-4347-bdbe-e682326bd993,b050947b-5c5d-4526-8da0-ca7249da6c91,2020,66400000.0,44849000.0,2026-08-18T11:48:58.787062
215966c0-5066-439a-9211-3d4a30dfa94e,b050947b-5c5d-4526-8da0-ca7249da6c91,2021,73618000.0,47993000.0,2026-08-18T11:48:58.787065
f0145174-4ffd-4c7d-bf4f-3ff2b47e6539,b050947b-5c5d-4526-8da0-ca7249da6c91,2022,79113000.0,53766000.0,2026-08-18T11:48:58.787068
f0791717-6202-464b-8d1a-38ee6ead3a03,b050947b-5c5d-4526-8da0-ca7249da6c91,2023,87272000.0,56192000.0,2026-08-18T11:48:58.787071
075a3dbe-72e7-431a-b4c4-3d056e6d4d9f,b050947b-5c5d-4526-8da0-ca7249da6c91,2024,98139000.0,62372000.0,2026-08-18T11:48:58.787074
a37b9a23-eb43-488d-bc5e-6f049de6513f,b050947b-5c5d-4526-8da0-ca7249da6c91,2025,103879000.0,74675000.0,2026-08-18T11:48:58.787077
98e1586f-e5c2-4365-977c-627c1d4e0d03,4bee0dc8-5177-46e1-ac3c-ab1d7ed67d96,2020,7597000.0,5295000.0,2026-08-18T11:48:58.787108
3ae1bded-cf6c-4215-97ea-d7406fe6a8e1,4bee0dc8-5177-46e1-ac3c-ab1d7ed67d96,2021,8777000.0,5270000.0,2026-08-18T11:48:58.787111
90d7f157-ba23-4707-8299-2e7d03533d91,4bee0dc8-5177-46e1-ac3c-ab1d7ed67d96,2022,9744000.0,6797000.0,2026-08-18T11:48:58.787115
0beaf6ff-64ea-4aa1-a731-56c56072d451,4bee0dc8-5177-46e1-ac3c-ab1d7ed67d96,2023,10823000.0,7272000.0,2026-08-18T11:48:58.787118
eb734d7d-bea5-4f4b-bcc8-746d671c011f,4bee0dc8-5177-46e1-ac3c-ab1d7ed67d96,2024,12380000.0,8896000.0,2026-08-18T11:48:58.787122
f5f4f3a3-7a3a-42d9-a64c-53ac9827cb16,4bee0dc8-5177-46e1-ac3c-ab1d7ed67d96,2025,14050000.0,8599000.0,2026-08-18T11:48:58.787125
e9dcb29e-377c-4f91-8ea5-8c01fee16822,61f70c2e-1902-4864-aed5-e5392f41c20f,2020,9413000.0,6522000.0,2026-08-18T11:48:58.787167
95b2ffc3-d4ee-4b0b-98f0-6ec1cf33ce38,61f70c2e-1902-4864-aed5-e5392f41c20f,2021,9704000.0,6949000.0,2026-08-18T11:48:58.787170
4be94d05-b9ee-45f3-81d5-923ea21bd79f,61f70c2e-1902-4864-aed5-e5392f41c20f,2022,10883000.0,7741000.0,2026-08-18T11:48:58.787174
d9849fd0-cd24-4d2f-b2aa-67faac8de49b,61f70c2e-1902-4864-aed5-e5392f41c20f,2023,11139000.0,7543000.0,2026-08-18T11:48:58.787177
5e3a1d0d-58cd-4d27-95e3-81e2553fd794,61f70c2e-1902-4864-aed5-e5392f41c20f,2024,12258000.0,8713000.0,2026-08-18T11:48:58.787180
084c9f3c-8940-4b2b-842b-32a0a1eac29a,61f70c2e-1902-4864-aed5-e5392f41c20f,2025,12687000.0,9027000.0,2026-08-18T11:48:58.787183
0c986b26-d656-4c45-b08f-2463fed6ead5,b07bc46d-47de-4e0b-bfa6-1fffbd162369,2020,27880000.0,17691000.0,2026-08-18T11:48:58.787345
455945c6-9295-4bb5-92b1-7aa13298ca39,b07bc46d-47de-4e0b-bfa6-1fffbd162369,2021,31224000.0,19217000.0,2026-08-18T11:48:58.787350
58bbe821-6216-49d4-b173-0bdc037705fd,b07bc46d-47de-4e0b-bfa6-1fffbd162369,2022,33069000.0,20179000.0,2026-08-18T11:48:58.787355
497de887-6821-4b06-ae23-7a5b694c337b,b07bc46d-47de-4e0b-bfa6-1fffbd162369,2023,37931000.0,25287000.0,2026-08-18T11:48:58.787358
69cf707c-184b-4518-83b3-7834dbc23578,b07bc46d-47de-4e0b-bfa6-1fffbd162369,2024,42526000.0,25631000.0,2026-08-18T11:48:58.787362
ae13f5c7-d044-4951-96ef-a6c2049406c7,b07bc46d-47de-4e0b-bfa6-1fffbd162369,2025,46297000.0,29691000.0,2026-08-18T11:48:58.787365
27609c8a-44eb-478e-a756-440b906c2017,a5ff6c76-cc32-4f0a-8c2b-4f3f7e58e623,2020,9103000.0,6030000.0,2026-08-18T11:48:58.787416
68dc0eac-7442-400b-9a51-1bf30396543b,a5ff6c76-cc32-4f0a-8c2b-4f3f7e58e623,2021,9903000.0,6452000.0,2026-08-18T11:48:58.787421
41bb5625-0a3d-4cf5-8dd3-8950fdf58379,a5ff6c76-cc32-4f0a-8c2b-4f3f7e58e623,2022,10561000.0,7259000.0,2026-08-18T11:48:58.787427
94a209e5-4052-4c55-ad7b-104d2e98154e,a5ff6c76-cc32-4f0a-8c2b-4f3f7e58e623,2023,11560000.0,7519000.0,2026-08-18T11:48:58.787432
79e2a5ab-0d77-415b-b802-a33c93c086bf,a5ff6c76-cc32-4f0a-8c2b-4f3f7e58e623,2024,12532000.0,8199000.0,2026-08-18T11:48:58.787441
08005e7e-c9bb-4efb-b182-b56f457288b4,a5ff6c76-cc32-4f0a-8c2b-4f3f7e58e623,2025,13736000.0,8974000.0,2026-08-18T11:48:58.787448
3b8786da-6222-4c5b-8a5d-d52abc007107,a3a229d6-992e-4223-b436-f865629078b9,2020,10019000.0,7095000.0,2026-08-18T11:48:58.787509
20912b9c-4a72-43d4-8303-4e5185cf5961,a3a229d6-992e-4223-b436-f865629078b9,2021,10502000.0,6681000.0,2026-08-18T11:48:58.787515
58f37286-4994-4a50-866e-e5fccd8f6cb7,a3a229d6-992e-4223-b436-f865629078b9,2022,11274000.0,6808000.0,2026-08-18T11:48:58.787520
44161545-5a11-4c69-9593-95145f323c00,a3a229d6-992e-4223-b436-f865629078b9,2023,12286000.0,8418000.0,2026-08-18T11:48:58.787525
9e73959d-ab58-44f8-a3fd-5258384159cb,a3a229d6-992e-4223-b436-f865629078b9,2024,13514000.0,9276000.0,2026-08-18T11:48:58.787530
98e798d4-811a-43a1-9578-7de7440881e7,a3a229d6-992e-4223-b436-f865629078b9,2025,14689000.0,10474000.0,2026-08-18T11:48:58.787535
16c74344-c48b-4156-ba35-e4a96efdf118,443bdbb3-4143-4530-b6cd-8eb3d46f38fb,2020,86345000.0,61253000.0,2026-08-18T11:48:58.787621
cc039c88-03a3-4dd6-8af5-df2458892f67,443bdbb3-4143-4530-b6cd-8eb3d46f38fb,2021,93155000.0,60757000.0,2026-08-18T11:48:58.787625
a13598ce-160f-467c-8cad-a0b982b7a009,443bdbb3-4143-4530-b6cd-8eb3d46f38fb,2022,101636000.0,71736000.0,2026-08-18T11:48:58.787628
d9c3f36e-7218-4f70-a299-8718ba665a54,443bdbb3-4143-4530-b6cd-8eb3d46f38fb,2023,113523000.0,69349000.0,2026-08-18T11:48:58.787636
01c4bb98-e9f1-40ad-9745-6d3263a6d112,443bdbb3-4143-4530-b6cd-8eb3d46f38fb,2024,120145000.0,79085000.0,2026-08-18T11:48:58.787639
7aed74a1-fa5e-4275-843f-bf92313e3f04,443bdbb3-4143-4530-b6cd-8eb3d46f38fb,2025,137084000.0,92124000.0,2026-08-18T11:48:58.787642
f1c456aa-279e-40e3-b580-88f813ff656c,83dc9cd2-5a2c-48de-a468-833b48332bb6,2020,62949000.0,42333000.0,2026-08-18T11:48:58.787906
b132d447-944b-43ff-8a9f-3a26c35efbb8,83dc9cd2-5a2c-48de-a468-833b48332bb6,2021,68642000.0,41694000.0,2026-08-18T11:48:58.787923
d16b77a4-3b55-4665-b374-780a118bb6e6,83dc9cd2-5a2c-48de-a468-833b48332bb6,2022,75375000.0,45421000.0,2026-08-18T11:48:58.787929
97b05cf6-73f4-4c12-9c34-dc52f03b6de7,83dc9cd2-5a2c-48de-a468-833b48332bb6,2023,86229000.0,58443000.0,2026-08-18T11:48:58.787937
b6490eb9-c83c-4ada-a56e-ed3d463adf80,83dc9cd2-5a2c-48de-a468-833b48332bb6,2024,93278000.0,60184000.0,2026-08-18T11:48:58.787944
9c40c38b-7607-4c5f-963a-25ee1927334f,83dc9cd2-5a2c-48de-a468-833b48332bb6,2025,101075000.0,64775000.0,2026-08-18T11:48:58.787950
3bd85e47-41fa-48a9-a683-25705054d866,d1033d90-2973-41a5-98b4-d1d1db7da041,2020,29523000.0,19230000.0,2026-08-18T11:48:58.788034
a4d0f7fd-a187-430d-bf02-8e83375bd9a6,d1033d90-2973-41a5-98b4-d1d1db7da041,2021,31888000.0,19809000.0,2026-08-18T11:48:58.788038
0af16173-63b5-42f2-a92c-f1baefd57379,d1033d90-2973-41a5-98b4-d1d1db7da041,2022,36107000.0,25548000.0,2026-08-18T11:48:58.788042
51d6ddab-71d4-4d07-bf6c-d06340560715,d1033d90-2973-41a5-98b4-d1d1db7da041,2023,39744000.0,24443000.0,2026-08-18T11:48:58.788045
aa6dc07b-0d24-48cb-8c45-82a5bff70659,d1033d90-2973-41a5-98b4-d1d1db7da041,2024,44854000.0,27774000.0,2026-08-18T11:48:58.788048
babb62e1-0fef-44b5-9d3e-68e7e4455d15,d1033d90-2973-41a5-98b4-d1d1db7da041,2025,47492000.0,32486000.0,2026-08-18T11:48:58.788052
958ce50c-04e8-4e5a-b66f-78674f22f015,5f20e10e-ca09-4b77-9a35-232f548cb7f8,2020,8661000.0,5271000.0,2026-08-18T11:48:58.788097
c23c4204-dc17-4b8c-bde7-ff866b6603ea,5f20e10e-ca09-4b77-9a35-232f548cb7f8,2021,9383000.0,6552000.0,2026-08-18T11:48:58.788110
7f9e901e-4216-4a7b-97a7-34c34ef15c18,5f20e10e-ca09-4b77-9a35-232f548cb7f8,2022,10687000.0,6777000.0,2026-08-18T11:48:58.788123
5d25176b-e9f7-4df6-a034-57dcf98599b1,5f20e10e-ca09-4b77-9a35-232f548cb7f8,2023,11893000.0,7727000.0,2026-08-18T11:48:58.788130
7157bcf1-80bc-4b2f-8cc6-56f6951eb1d5,5f20e10e-ca09-4b77-9a35-232f548cb7f8,2024,13555000.0,8269000.0,2026-08-18T11:48:58.788135
b00e5a6c-11e6-4d12-83d1-78fff7ffba63,5f20e10e-ca09-4b77-9a35-232f548cb7f8,2025,14536000.0,8987000.0,2026-08-18T11:48:58.788141
bd0178a7-68d9-42bb-bd4a-a9f69ac8036e,b3c78ea6-1e61-4162-8da8-ae24f0f9e6b6,2020,7380000.0,4455000.0,2026-08-18T11:48:58.788225
d7c954b0-6a8b-4361-a64a-2d72cd7732d7,b3c78ea6-1e61-4162-8da8-ae24f0f9e6b6,2021,8218000.0,5279000.0,2026-08-18T11:48:58.788230
c9c17104-c967-44f6-aad0-93c2d9645a8b,b3c78ea6-1e61-4162-8da8-ae24f0f9e6b6,2022,9481000.0,6136000.0,2026-08-18T11:48:58.788233
3f7c9739-d622-4290-a1a5-15be8e4d478a,b3c78ea6-1e61-4162-8da8-ae24f0f9e6b6,2023,10407000.0,6800000.0,2026-08-18T11:48:58.788239
5e465430-e233-45dd-867e-14f35125a4a1,b3c78ea6-1e61-4162-8da8-ae24f0f9e6b6,2024,12223000.0,7657000.0,2026-08-18T11:48:58.788242
20656bb0-6e26-46bc-96f2-4d46ca56f046,b3c78ea6-1e61-4162-8da8-ae24f0f9e6b6,2025,13917000.0,8456000.0,2026-08-18T11:48:58.788247
785d6268-b47d-46fd-bd4a-8176d18a55d6,2a59e9d4-5276-46ec-8f36-5ac8507bcc22,2020,54794000.0,38523000.0,2026-08-18T11:48:58.788293
0dc43551-2c82-467e-b1e6-c69d866c9105,2a59e9d4-5276-46ec-8f36-5ac8507bcc22,2021,57536000.0,39162000.0,2026-08-18T11:48:58.788298
d930d46f-2f60-4ac1-a687-de116305320f,2a59e9d4-5276-46ec-8f36-5ac8507bcc22,2022,66136000.0,45760000.0,2026-08-18T11:48:58.788301
ea6f41ca-3526-4291-a4bf-328d90004486,2a59e9d4-5276-46ec-8f36-5ac8507bcc22,2023,72298000.0,50977000.0,2026-08-18T11:48:58.788305
6d7fee62-b2df-4e09-a08a-875947a58938,2a59e9d4-5276-46ec-8f36-5ac8507bcc22,2024,79387000.0,49341000.0,2026-08-18T11:48:58.788308
6163b7fd-5252-44c1-8059-ff2166a5baff,2a59e9d4-5276-46ec-8f36-5ac8507bcc22,2025,88587000.0,61015000.0,2026-08-18T11:48:58.788311
fe08c25f-b6d8-47e6-92fa-3caefbe87f5d,4f95f380-b954-4510-b3c8-a163355e5d32,2020,90532000.0,63849000.0,2026-08-18T11:48:58.788348
4e817a9b-5f66-4b6b-915d-ed36df9a1678,4f95f380-b954-4510-b3c8-a163355e5d32,2021,101552000.0,71460000.0,2026-08-18T11:48:58.788351
3ad31fa1-120a-4766-93c0-2757e0120ec7,4f95f380-b954-4510-b3c8-a163355e5d32,2022,113966000.0,77343000.0,2026-08-18T11:48:58.788354
ca4cb0f9-37e5-40ad-8c56-d227912366f5,4f95f380-b954-4510-b3c8-a163355e5d32,2023,129845000.0,81080000.0,2026-08-18T11:48:58.788357
afd13f37-ab72-4349-b8c6-f02d23fa99cd,4f95f380-b954-4510-b3c8-a163355e5d32,2024,148125000.0,98290000.0,2026-08-18T11:48:58.788362
65cd6781-d98f-4ff6-87c5-cff157275492,4f95f380-b954-4510-b3c8-a163355e5d32,2025,161537000.0,105699000.0,2026-08-18T11:48:58.788365
59ebb98a-573d-4465-8bad-f3e15b2cd88a,2701f7f7-b37d-417e-8d72-32dba8c7bfcb,2020,7651000.0,5341000.0,2026-08-18T11:48:58.788407
4b2aaa21-9125-4a1f-ae39-501e659f4624,2701f7f7-b37d-417e-8d72-32dba8c7bfcb,2021,9096000.0,6407000.0,2026-08-18T11:48:58.788410
8716fa37-ec28-48d7-b599-0449c6a2b8d6,2701f7f7-b37d-417e-8d72-32dba8c7bfcb,2022,10051000.0,7228000.0,2026-08-18T11:48:58.788413
b9e755cc-e05e-4e16-b22c-d2479a146466,2701f7f7-b37d-417e-8d72-32dba8c7bfcb,2023,11499000.0,8071000.0,2026-08-18T11:48:58.788418
d2167023-d2d2-40ea-b641-a73e827fa178,2701f7f7-b37d-417e-8d72-32dba8c7bfcb,2024,13520000.0,8730000.0,2026-08-18T11:48:58.788422
b04159ce-0535-41c6-aec9-9f1c1fde7db4,2701f7f7-b37d-417e-8d72-32dba8c7bfcb,2025,15708000.0,10385000.0,2026-08-18T11:48:58.788425
75504b3e-2d19-4e7a-a8e4-4a258a33fa10,84fa8fa5-8a95-43c8-8fa5-8773f612de8f,2020,21397000.0,14675000.0,2026-08-18T11:48:58.788465
b5dce517-7755-42a7-8bde-05095a959b5c,84fa8fa5-8a95-43c8-8fa5-8773f612de8f,2021,23478000.0,15896000.0,2026-08-18T11:48:58.788469
bf956ac3-fec4-4768-b30e-440d993f4ec4,84fa8fa5-8a95-43c8-8fa5-8773f612de8f,2022,25235000.0,15289000.0,2026-08-18T11:48:58.788472
ce1d8077-f41b-4e31-aeaa-f86e9874b844,84fa8fa5-8a95-43c8-8fa5-8773f612de8f,2023,28379000.0,19526000.0,2026-08-18T11:48:58.788476
6d7a0754-19aa-4f4b-8547-159d168e737b,84fa8fa5-8a95-43c8-8fa5-8773f612de8f,2024,30467000.0,21049000.0,2026-08-18T11:48:58.788480
c8b981a6-c484-420d-bfdf-d4215ef41085,84fa8fa5-8a95-43c8-8fa5-8773f612de8f,2025,33757000.0,21412000.0,2026-08-18T11:48:58.788483
62c4fdf1-dbc7-4ab4-b96c-aa1e3da1acfb,00e9e103-f651-4982-8478-f77b87d5382a,2020,39219000.0,25027000.0,2026-08-18T11:48:58.788515
38334ddc-8f1a-4d67-82c9-77cd90ce9e2a,00e9e103-f651-4982-8478-f77b87d5382a,2021,44227000.0,27120000.0,2026-08-18T11:48:58.788519
ac5109a0-f67a-41e2-b410-e5bbc7251556,00e9e103-f651-4982-8478-f77b87d5382a,2022,52305000.0,34213000.0,2026-08-18T11:48:58.788522
cf38e16a-4e48-4a19-bd4a-5db1fa222845,00e9e103-f651-4982-8478-f77b87d5382a,2023,57790000.0,35307000.0,2026-08-18T11:48:58.788525
2aba4133-ca71-45ba-91be-8ae36708e1a9,00e9e103-f651-4982-8478-f77b87d5382a,2024,68774000.0,41571000.0,2026-08-18T11:48:58.788529
90ece062-9454-4630-8173-17960ed0b4c3,00e9e103-f651-4982-8478-f77b87d5382a,2025,78484000.0,54534000.0,2026-08-18T11:48:58.788532
5ec6d6c2-24c8-4aa3-8cd1-25f84ede55d5,65c2c71c-2139-40af-8702-95e5dcce70e7,2020,81994000.0,53885000.0,2026-08-18T11:48:58.788579
b427363a-f9a6-4e12-bea7-d0c9a5a8240c,65c2c71c-2139-40af-8702-95e5dcce70e7,2021,87042000.0,55576000.0,2026-08-18T11:48:58.788587
9560825a-bc5d-4380-9574-d5e6a0a5564e,65c2c71c-2139-40af-8702-95e5dcce70e7,2022,94442000.0,67654000.0,2026-08-18T11:48:58.788595
83b9ad52-47fa-42a9-a168-f845c3b380ef,65c2c71c-2139-40af-8702-95e5dcce70e7,2023,105777000.0,68225000.0,2026-08-18T11:48:58.788600
a8648dfc-a681-4efc-a2a9-9a6a81e870d2,65c2c71c-2139-40af-8702-95e5dcce70e7,2024,112936000.0,76484000.0,2026-08-18T11:48:58.788605
3d26ee2f-5cc4-4247-9f57-9e6dd9f473a8,65c2c71c-2139-40af-8702-95e5dcce70e7,2025,121233000.0,77799000.0,2026-08-18T11:48:58.788613
9acd2130-7ce8-4f82-ba74-9e046a76b643,7e1e0720-19ed-4db9-bdc7-0041339a8ea9,2020,21659000.0,14196000.0,2026-08-18T11:48:58.788709
70ad47ab-0ebe-4182-a121-934faefbcda4,7e1e0720-19ed-4db9-bdc7-0041339a8ea9,2021,22948000.0,14827000.0,2026-08-18T11:48:58.788713
ed688c80-8bca-46ff-a53e-e13b2832db27,7e1e0720-19ed-4db9-bdc7-0041339a8ea9,2022,25100000.0,17503000.0,2026-08-18T11:48:58.788717
98e1ee00-e62f-4fa2-9e81-93c852e0d275,7e1e0720-19ed-4db9-bdc7-0041339a8ea9,2023,26665000.0,17012000.0,2026-08-18T11:48:58.788721
c0c05e1b-b7fe-47b9-8844-3db65aef06ab,7e1e0720-19ed-4db9-bdc7-0041339a8ea9,2024,29703000.0,20713000.0,2026-08-18T11:48:58.788724
d7c53c90-6935-43e4-a064-4bf5b8ceed2a,7e1e0720-19ed-4db9-bdc7-0041339a8ea9,2025,32406000.0,20084000.0,2026-08-18T11:48:58.788728
4582e540-cb3c-4fec-a798-3dbd9ee1086e,d4a695c4-dae0-481e-b717-f5393d4fecb3,2020,43408000.0,28549000.0,2026-08-18T11:48:58.788766
d5082a53-1ebc-4432-9db2-4f044d90a32a,d4a695c4-dae0-481e-b717-f5393d4fecb3,2021,47020000.0,30412000.0,2026-08-18T11:48:58.788771
3f5c675c-e0d2-40e4-ae5a-791336bf5728,d4a695c4-dae0-481e-b717-f5393d4fecb3,2022,49958000.0,33587000.0,2026-08-18T11:48:58.788774
6ef18479-b393-4e6a-ae54-3f830b24bede,d4a695c4-dae0-481e-b717-f5393d4fecb3,2023,54755000.0,38815000.0,2026-08-18T11:48:58.788778
e439b9f2-877c-41a4-89c5-f5a4677dc60e,d4a695c4-dae0-481e-b717-f5393d4fecb3,2024,60497000.0,36647000.0,2026-08-18T11:48:58.788781
48d12172-98e5-43fb-9ad4-a2e3c9ccae04,d4a695c4-dae0-481e-b717-f5393d4fecb3,2025,66256000.0,46572000.0,2026-08-18T11:48:58.788784
544bc5c1-ab4d-45a1-8a98-e4d085d5e008,372e1ed7-b7dc-4053-a40b-0dca14aa634e,2020,27835000.0,19996000.0,2026-08-18T11:48:58.788839
f0db2705-83d1-48f4-85a3-b5813973201a,372e1ed7-b7dc-4053-a40b-0dca14aa634e,2021,30607000.0,20982000.0,2026-08-18T11:48:58.788843
2233e09d-fc81-415a-99cc-a1bf1b7a8d16,372e1ed7-b7dc-4053-a40b-0dca14aa634e,2022,34420000.0,22547000.0,2026-08-18T11:48:58.788847
28f7a719-234f-4d6e-b320-cb4a6c75f7db,372e1ed7-b7dc-4053-a40b-0dca14aa634e,2023,39151000.0,26754000.0,2026-08-18T11:48:58.788852
52108c4f-e114-4e8b-ac2e-fb806e084785,372e1ed7-b7dc-4053-a40b-0dca14aa634e,2024,44322000.0,27063000.0,2026-08-18T11:48:58.788857
dc5b9728-e8a4-4f60-98c9-369e8f02f640,372e1ed7-b7dc-4053-a40b-0dca14aa634e,2025,50243000.0,31704000.0,2026-08-18T11:48:58.788860
6ae44727-70ae-4b52-886c-da9af9c9aaa2,625ca107-3d5e-44a4-bebb-ab17465dd7ca,2020,13200000.0,9051000.0,2026-08-18T11:48:58.788916
4c37f102-49fd-4970-9259-4a932734d944,625ca107-3d5e-44a4-bebb-ab17465dd7ca,2021,14331000.0,10137000.0,2026-08-18T11:48:58.788919
e5112882-6728-4985-8b67-180e056515f3,625ca107-3d5e-44a4-bebb-ab17465dd7ca,2022,15929000.0,9763000.0,2026-08-18T11:48:58.788923
c4613d5b-ec43-4113-b109-6394941c18eb,625ca107-3d5e-44a4-bebb-ab17465dd7ca,2023,17419000.0,11438000.0,2026-08-18T11:48:58.788926
dead2054-a988-4ee5-9960-3b80242c3939,625ca107-3d5e-44a4-bebb-ab17465dd7ca,2024,18536000.0,11682000.0,2026-08-18T11:48:58.788930
20c6ef05-0ece-4a2d-8e48-d19c20868f80,625ca107-3d5e-44a4-bebb-ab17465dd7ca,2025,20495000.0,14501000.0,2026-08-18T11:48:58.788933
8c52d905-6223-422e-85c1-3132c0ee2a1d,db9ca096-383e-4830-8e04-8f3b111caff4,2020,11374000.0,7734000.0,2026-08-18T11:48:58.788979
e3880e08-03a8-4b91-8363-5182551834ee,db9ca096-383e-4830-8e04-8f3b111caff4,2021,13003000.0,7829000.0,2026-08-18T11:48:58.788982
ad2eb282-e3e9-4efb-bf79-78039e8f5880,db9ca096-383e-4830-8e04-8f3b111caff4,2022,14347000.0,8650000.0,2026-08-18T11:48:58.788985
8cb10b24-a7a1-4e0d-8c2b-7dc47374242f,db9ca096-383e-4830-8e04-8f3b111caff4,2023,16787000.0,10636000.0,2026-08-18T11:48:58.788989
36366995-7017-440e-8b65-3b0bc3e3059f,db9ca096-383e-4830-8e04-8f3b111caff4,2024,18919000.0,12476000.0,2026-08-18T11:48:58.788992
30ff0c9a-19ee-495a-888f-4cdcd3605636,db9ca096-383e-4830-8e04-8f3b111caff4,2025,20361000.0,14548000.0,2026-08-18T11:48:58.788995
16a8716b-a168-498c-89ab-d5e74b0fc4ed,5850e049-1e2c-4ede-81c5-4a63528d19dc,2020,2027000.0,1298000.0,2026-08-18T11:48:58.789025
3d9aae48-9aee-41e0-94d3-0b8bdddcfd92,5850e049-1e2c-4ede-81c5-4a63528d19dc,2021,2274000.0,1382000.0,2026-08-18T11:48:58.789028
942c3173-f6f3-4083-9a88-5be6d370ebdd,5850e049-1e2c-4ede-81c5-4a63528d19dc,2022,2489000.0,1775000.0,2026-08-18T11:48:58.789031
fe184591-1ac7-4050-8e89-c01cc56acb86,5850e049-1e2c-4ede-81c5-4a63528d19dc,2023,2827000.0,1908000.0,2026-08-18T11:48:58.789057
73ccd726-d454-4ca2-b2da-83b365c8489a,5850e049-1e2c-4ede-81c5-4a63528d19dc,2024,3038000.0,2092000.0,2026-08-18T11:48:58.789061
d728de14-07dd-4a9f-a0df-be3052c1c036,5850e049-1e2c-4ede-81c5-4a63528d19dc,2025,3407000.0,2152000.0,2026-08-18T11:48:58.789067
e51d0c90-f049-4649-a676-0662a6b4458b,bd76a8b0-5678-4212-9d2c-3bff0766e3af,2020,2208000.0,1584000.0,2026-08-18T11:48:58.789115
9a239d59-2fd0-46f0-b467-7ca82051b236,bd76a8b0-5678-4212-9d2c-3bff0766e3af,2021,2382000.0,1596000.0,2026-08-18T11:48:58.789119
537b84e6-711e-4639-9d89-3c4744be7d3e,bd76a8b0-5678-4212-9d2c-3bff0766e3af,2022,2639000.0,1681000.0,2026-08-18T11:48:58.789122
b0b09d78-ef53-4702-8dbc-fc5229645fb6,bd76a8b0-5678-4212-9d2c-3bff0766e3af,2023,3016000.0,2029000.0,2026-08-18T11:48:58.789125
d91827af-44d1-41c0-813d-8af7b77fa91c,bd76a8b0-5678-4212-9d2c-3bff0766e3af,2024,3297000.0,2140000.0,2026-08-18T11:48:58.789128
4cc009d0-a5ba-4839-84ed-b1544d86f08c,bd76a8b0-5678-4212-9d2c-3bff0766e3af,2025,3731000.0,2529000.0,2026-08-18T11:48:58.789132
8bf65754-5a68-49a9-9921-39ef5ad73023,b69b65f4-5bbc-4d64-afa2-7a921b7c1eb8,2020,4415000.0,2748000.0,2026-08-18T11:48:58.789177
d1c23656-6d47-45f5-9201-19a1634fee9a,b69b65f4-5bbc-4d64-afa2-7a921b7c1eb8,2021,5256000.0,3533000.0,2026-08-18T11:48:58.789180
b2154be4-51ca-4467-a500-61df6d650c1c,b69b65f4-5bbc-4d64-afa2-7a921b7c1eb8,2022,6031000.0,4008000.0,2026-08-18T11:48:58.789183
06f3898a-3870-4539-abe2-b923910f2985,b69b65f4-5bbc-4d64-afa2-7a921b7c1eb8,2023,6816000.0,4469000.0,2026-08-18T11:48:58.789186
90379410-5bb3-4cfc-b80c-70f6186fb342,b69b65f4-5bbc-4d64-afa2-7a921b7c1eb8,2024,7819000.0,4918000.0,2026-08-18T11:48:58.789190
4300b7a1-8f31-4325-8f37-d7442b45f5db,b69b65f4-5bbc-4d64-afa2-7a921b7c1eb8,2025,8844000.0,5875000.0,2026-08-18T11:48:58.789193
767fa365-fb0c-4356-9d3d-1dc145a90bc6,7035b70a-109b-46fb-af87-8eec58925749,2020,11605000.0,7075000.0,2026-08-18T11:48:58.789228
f3ad276f-8977-402a-b0b7-77d5dd0b5d9a,7035b70a-109b-46fb-af87-8eec58925749,2021,12190000.0,8743000.0,2026-08-18T11:48:58.789231
2ea374d0-4cef-445c-b46c-2c0c6e30b358,7035b70a-109b-46fb-af87-8eec58925749,2022,13466000.0,8143000.0,2026-08-18T11:48:58.789234
712c4ead-9ee6-4454-8250-487741af6fc5,7035b70a-109b-46fb-af87-8eec58925749,2023,14810000.0,9528000.0,2026-08-18T11:48:58.789237
1c494039-e46e-4810-ac9f-ca7a137b3df5,7035b70a-109b-46fb-af87-8eec58925749,2024,15180000.0,10417000.0,2026-08-18T11:48:58.789242
ec6d59ed-4586-4157-8ca8-9f2dfb124bfe,7035b70a-109b-46fb-af87-8eec58925749,2025,16497000.0,10432000.0,2026-08-18T11:48:58.789246
6d031c19-34b3-41c1-8a1b-fec51bda0d8a,89f08ab0-11d0-435d-ab7e-59c991377ee0,2020,18474000.0,12819000.0,2026-08-18T11:48:58.789295
9798d364-a00b-4acf-9142-38f1b157eda2,89f08ab0-11d0-435d-ab7e-59c991377ee0,2021,20579000.0,12830000.0,2026-08-18T11:48:58.789298
39927a59-e314-4213-9411-9bb7ebf92e03,89f08ab0-11d0-435d-ab7e-59c991377ee0,2022,22888000.0,15964000.0,2026-08-18T11:48:58.789301
6c3ffe7f-1e85-4497-be2c-50d13cb216f3,89f08ab0-11d0-435d-ab7e-59c991377ee0,2023,24573000.0,17412000.0,2026-08-18T11:48:58.789305
cd232048-f24e-4c49-b303-a73aa982fd2f,89f08ab0-11d0-435d-ab7e-59c991377ee0,2024,26413000.0,17190000.0,2026-08-18T11:48:58.789308
1a9dbc54-c00e-4c1b-9a0e-c135e9532fc7,89f08ab0-11d0-435d-ab7e-59c991377ee0,2025,27951000.0,19470000.0,2026-08-18T11:48:58.789311
8f1ce55e-62eb-4fdf-9eb0-f1132582b851,e834f673-64b7-4777-884e-53b6468ab2cb,2020,1963000.0,1304000.0,2026-08-18T11:48:58.789349
298aee91-7aec-466c-bc28-71a4425c9e8b,e834f673-64b7-4777-884e-53b6468ab2cb,2021,2203000.0,1415000.0,2026-08-18T11:48:58.789352
e569d60e-34ac-455f-a098-9beb1013c9d7,e834f673-64b7-4777-884e-53b6468ab2cb,2022,2441000.0,1523000.0,2026-08-18T11:48:58.789356
499a4a9d-8482-405d-b47b-37578c22dd3b,e834f673-64b7-4777-884e-53b6468ab2cb,2023,2675000.0,1691000.0,2026-08-18T11:48:58.789359
f9339b48-5193-4268-83a0-4fae4c2bc76a,e834f673-64b7-4777-884e-53b6468ab2cb,2024,2859000.0,1817000.0,2026-08-18T11:48:58.789362
e0b603cf-5f25-492b-bcbf-d812f9aa27b5,e834f673-64b7-4777-884e-53b6468ab2cb,2025,3262000.0,2047000.0,2026-08-18T11:48:58.789365
970b91e2-1269-4c0f-9e61-84b25d76f812,32e484e9-455a-4a43-be69-e448fbc4ddde,2020,13754000.0,8541000.0,2026-08-18T11:48:58.789414
d6c9a8fa-e2c2-432f-83d9-b5c088faf03d,32e484e9-455a-4a43-be69-e448fbc4ddde,2021,16042000.0,10517000.0,2026-08-18T11:48:58.789417
863dfd7c-cf57-4fae-99c3-56bbd5b866dc,32e484e9-455a-4a43-be69-e448fbc4ddde,2022,18962000.0,11396000.0,2026-08-18T11:48:58.789422
207683f9-ca8c-449b-b98c-49c8b418e725,32e484e9-455a-4a43-be69-e448fbc4ddde,2023,21443000.0,13587000.0,2026-08-18T11:48:58.789427
aa965041-322e-4485-a6f4-7b34f561da45,32e484e9-455a-4a43-be69-e448fbc4ddde,2024,25332000.0,17504000.0,2026-08-18T11:48:58.789430
6b489530-2c24-400c-92b5-a7010b6b88d3,32e484e9-455a-4a43-be69-e448fbc4ddde,2025,28850000.0,19273000.0,2026-08-18T11:48:58.789434
ad7589d7-f5d9-4cf9-958e-56c4370d3218,f3ae3e29-a100-49fc-b812-90782f63bafc,2020,5310000.0,3306000.0,2026-08-18T11:48:58.789480
7add1e9e-445f-4ec6-ab12-b515355afdbe,f3ae3e29-a100-49fc-b812-90782f63bafc,2021,6060000.0,4163000.0,2026-08-18T11:48:58.789485
e20e32f2-2452-477f-a5c0-eecdbfe6722b,f3ae3e29-a100-49fc-b812-90782f63bafc,2022,6617000.0,4083000.0,2026-08-18T11:48:58.789492
c0f24147-550d-481c-9040-8580e5efe2fe,f3ae3e29-a100-49fc-b812-90782f63bafc,2023,7792000.0,5214000.0,2026-08-18T11:48:58.789496
4711020a-8b72-47ce-98e6-a0b1eb1997a2,f3ae3e29-a100-49fc-b812-90782f63bafc,2024,8671000.0,6107000.0,2026-08-18T11:48:58.789499
7c6c9107-4e9f-4502-bbc3-88abd474cf63,f3ae3e29-a100-49fc-b812-90782f63bafc,2025,9950000.0,6190000.0,2026-08-18T11:48:58.789502
95140303-30f5-4789-b867-e01c4e4dc766,ea5cb614-fbfd-4f8e-b5ac-6b1c5d457d8e,2020,9165000.0,6514000.0,2026-08-18T11:48:58.789534
cff6e606-25db-4508-8ae3-a0e23169aa5d,ea5cb614-fbfd-4f8e-b5ac-6b1c5d457d8e,2021,9676000.0,6221000.0,2026-08-18T11:48:58.789538
bb4cc5e6-d3f5-43e7-8d3d-c7063342b708,ea5cb614-fbfd-4f8e-b5ac-6b1c5d457d8e,2022,10674000.0,6686000.0,2026-08-18T11:48:58.789542
f9b4ecd9-24b1-40da-b3b1-737bb7e04a93,ea5cb614-fbfd-4f8e-b5ac-6b1c5d457d8e,2023,11283000.0,6812000.0,2026-08-18T11:48:58.789546
8dfcb700-7fdc-4b24-9261-5e35abb7f6fa,ea5cb614-fbfd-4f8e-b5ac-6b1c5d457d8e,2024,12371000.0,7624000.0,2026-08-18T11:48:58.789549
05b18d9b-4585-4361-a007-b7f7a03cff76,ea5cb614-fbfd-4f8e-b5ac-6b1c5d457d8e,2025,12859000.0,9020000.0,2026-08-18T11:48:58.789552
c6064b23-35aa-468f-a930-5a5ec6bb5ad5,7c96fcc1-8cbc-4d18-8d1b-52864cc1203c,2020,1966000.0,1259000.0,2026-08-18T11:48:58.789642
0b29b5cc-9a3f-4b60-8e61-fc6ac08554e1,7c96fcc1-8cbc-4d18-8d1b-52864cc1203c,2021,2269000.0,1558000.0,2026-08-18T11:48:58.789646
aa94464c-d58b-4592-9b1f-015c8e146341,7c96fcc1-8cbc-4d18-8d1b-52864cc1203c,2022,2534000.0,1685000.0,2026-08-18T11:48:58.789650
f504132c-5153-490d-9040-cea5019393e1,7c96fcc1-8cbc-4d18-8d1b-52864cc1203c,2023,2827000.0,1739000.0,2026-08-18T11:48:58.789653
8d6f0b2a-27fd-4d51-a8bb-277bfccae2a9,7c96fcc1-8cbc-4d18-8d1b-52864cc1203c,2024,3092000.0,2124000.0,2026-08-18T11:48:58.789656
4cbb352f-1583-43ee-882d-00cbe32f8559,7c96fcc1-8cbc-4d18-8d1b-52864cc1203c,2025,3383000.0,2305000.0,2026-08-18T11:48:58.789659
a2ad272a-15f8-4c4d-96a0-8f1dd31e5a53,1504e196-3d87-43c5-9477-3a9bfb140ef9,2020,8831000.0,6060000.0,2026-08-18T11:48:58.789696
30ea4d89-a160-45dc-a925-f78d2fe30c8a,1504e196-3d87-43c5-9477-3a9bfb140ef9,2021,10017000.0,6039000.0,2026-08-18T11:48:58.789700
e15875b9-1a9f-4b85-acd2-b814996d1047,1504e196-3d87-43c5-9477-3a9bfb140ef9,2022,11199000.0,7067000.0,2026-08-18T11:48:58.789703
76024c07-3dc1-4180-8848-89e8ef25e994,1504e196-3d87-43c5-9477-3a9bfb140ef9,2023,12990000.0,8607000.0,2026-08-18T11:48:58.789707
ffb7492a-1a8c-48ee-9f6c-eea153a34e7c,1504e196-3d87-43c5-9477-3a9bfb140ef9,2024,14369000.0,9737000.0,2026-08-18T11:48:58.789711
07eb71bf-eca4-4aa7-82b5-deb394c8344b,1504e196-3d87-43c5-9477-3a9bfb140ef9,2025,15636000.0,11038000.0,2026-08-18T11:48:58.789714
ef4b04a0-ca71-4b63-a72d-a22e7672d192,0061732f-f22b-42e7-9298-cd0cca8f1e17,2020,8005000.0,4854000.0,2026-08-18T11:48:58.789742
262bb310-699b-4b1c-b3e0-b539c9d83094,0061732f-f22b-42e7-9298-cd0cca8f1e17,2021,9237000.0,5796000.0,2026-08-18T11:48:58.789745
f513702f-783c-4afc-960c-3de65224ffe1,0061732f-f22b-42e7-9298-cd0cca8f1e17,2022,10461000.0,6473000.0,2026-08-18T11:48:58.789748
fcafa910-77b0-4632-b32f-41e755427ff7,0061732f-f22b-42e7-9298-cd0cca8f1e17,2023,11750000.0,7397000.0,2026-08-18T11:48:58.789753
ae8a5ba1-1e4d-4741-a94b-da79618683d5,0061732f-f22b-42e7-9298-cd0cca8f1e17,2024,13195000.0,8037000.0,2026-08-18T11:48:58.789756
22a1a059-f7fd-464f-abcb-327e1e9ae5eb,0061732f-f22b-42e7-9298-cd0cca8f1e17,2025,14625000.0,9157000.0,2026-08-18T11:48:58.789760
6c42f315-6e2b-4753-a830-cc64b03e577a,616f0741-645b-45a1-a98f-b47adf3df620,2020,9801000.0,6462000.0,2026-08-18T11:48:58.789787
ad2ed009-af2c-420a-b9a9-382f6d7ff1d7,616f0741-645b-45a1-a98f-b47adf3df620,2021,11369000.0,8032000.0,2026-08-18T11:48:58.789790
d3947e30-3324-4d1d-987f-ed1e349ba276,616f0741-645b-45a1-a98f-b47adf3df620,2022,13000000.0,8283000.0,2026-08-18T11:48:58.789794
0433fa8a-39d4-4178-b91e-519cb0d5c026,616f0741-645b-45a1-a98f-b47adf3df620,2023,14402000.0,8737000.0,2026-08-18T11:48:58.789798
587088df-a6f2-4a1f-8430-cf68eac43612,616f0741-645b-45a1-a98f-b47adf3df620,2024,16585000.0,10952000.0,2026-08-18T11:48:58.789801
74183228-a03f-4af2-8752-0617e9ba2025,616f0741-645b-45a1-a98f-b47adf3df620,2025,18658000.0,12083000.0,2026-08-18T11:48:58.789805
2ed224a2-53d0-45b2-9cba-47f9d3e6d358,6db08044-b90c-4947-9e23-6c1462883718,2020,1026000.0,711000.0,2026-08-18T11:48:58.789846
55522576-7d6b-4893-8120-b9c9cd326862,6db08044-b90c-4947-9e23-6c1462883718,2021,1204000.0,821000.0,2026-08-18T11:48:58.789850
47da21d9-e59c-4915-8ee8-b4bbe7394e89,6db08044-b90c-4947-9e23-6c1462883718,2022,1311000.0,905000.0,2026-08-18T11:48:58.789853
f9c47b10-c3b2-4ded-92ca-ff06dfec639b,6db08044-b90c-4947-9e23-6c1462883718,2023,1515000.0,931000.0,2026-08-18T11:48:58.789856
ba769715-b5e0-45ef-81c2-8ecafdd73ee8,6db08044-b90c-4947-9e23-6c1462883718,2024,1758000.0,1142000.0,2026-08-18T11:48:58.789859
6195e910-b150-4ff1-80ff-1076f3f005ff,6db08044-b90c-4947-9e23-6c1462883718,2025,1950000.0,1172000.0,2026-08-18T11:48:58.789863
06a8b468-af13-489a-9399-2372bf26e9e8,8b24f953-a55a-46e2-bf98-c7b88145b3f2,2020,38598000.0,24385000.0,2026-08-18T11:48:58.789906
a537eeb2-3349-4f10-84a6-4867beab0948,8b24f953-a55a-46e2-bf98-c7b88145b3f2,2021,44594000.0,28693000.0,2026-08-18T11:48:58.789909
89f93fc1-304e-4762-93cb-fb51ecb99fd9,8b24f953-a55a-46e2-bf98-c7b88145b3f2,2022,50665000.0,32954000.0,2026-08-18T11:48:58.789912
27672163-4cb8-4bb6-8f74-f0c4a5d18340,8b24f953-a55a-46e2-bf98-c7b88145b3f2,2023,55051000.0,37105000.0,2026-08-18T11:48:58.789917
8f90e51a-c59c-429c-92d0-66789092f308,8b24f953-a55a-46e2-bf98-c7b88145b3f2,2024,61002000.0,39452000.0,2026-08-18T11:48:58.789921
38983b5b-2081-4070-9961-7656ab06d37f,8b24f953-a55a-46e2-bf98-c7b88145b3f2,2025,67177000.0,41806000.0,2026-08-18T11:48:58.789924
f6501294-9db4-4c08-9759-dac307a76630,675fb8c2-3eb4-4023-9778-8d0f8f2bd062,2020,39205000.0,27532000.0,2026-08-18T11:48:58.789951
2f1364f7-048b-4db4-9068-bf2941d61b5f,675fb8c2-3eb4-4023-9778-8d0f8f2bd062,2021,42090000.0,26701000.0,2026-08-18T11:48:58.789954
b493dc0b-2144-4839-b31e-4ade3e933815,675fb8c2-3eb4-4023-9778-8d0f8f2bd062,2022,46771000.0,28994000.0,2026-08-18T11:48:58.789957
d4a585d9-d1af-4ae5-bb63-715785e0fa09,675fb8c2-3eb4-4023-9778-8d0f8f2bd062,2023,47907000.0,32696000.0,2026-08-18T11:48:58.789962
436b30ec-42f1-4a6c-b467-e885a7ad7cc9,675fb8c2-3eb4-4023-9778-8d0f8f2bd062,2024,54133000.0,37426000.0,2026-08-18T11:48:58.789965
ff8cddac-b604-488f-8787-dac1e2f83787,675fb8c2-3eb4-4023-9778-8d0f8f2bd062,2025,56168000.0,36267000.0,2026-08-18T11:48:58.789968
f3f0c8a3-0715-4f60-838a-e92c14ab7d01,26b3bc67-0e98-4f22-8641-870c573044a6,2020,65036000.0,43651000.0,2026-08-18T11:48:58.790002
2b64942c-77d8-40d9-aa12-e9b1fcbdbfda,26b3bc67-0e98-4f22-8641-870c573044a6,2021,73849000.0,52524000.0,2026-08-18T11:48:58.790005
d27c9856-6e7b-413a-a3d0-9770ce879591,26b3bc67-0e98-4f22-8641-870c573044a6,2022,78897000.0,52557000.0,2026-08-18T11:48:58.790008
225f77b1-d857-4cf4-bd45-6a5ef379ecd7,26b3bc67-0e98-4f22-8641-870c573044a6,2023,90838000.0,57024000.0,2026-08-18T11:48:58.790011
06056964-0523-45a5-a1d3-202e8b856d61,26b3bc67-0e98-4f22-8641-870c573044a6,2024,96629000.0,64254000.0,2026-08-18T11:48:58.790014
adcf79e3-09fb-4a48-8b83-1d92de19499a,26b3bc67-0e98-4f22-8641-870c573044a6,2025,110600000.0,74368000.0,2026-08-18T11:48:58.790019
30aa7362-9e7d-4b85-8e45-4ccd1c0f916c,098f81ec-fd5c-4366-b4c2-2d34789e1241,2020,88114000.0,56407000.0,2026-08-18T11:48:58.790060
811f368b-772f-4eeb-9a70-481331abf5f7,098f81ec-fd5c-4366-b4c2-2d34789e1241,2021,92547000.0,62334000.0,2026-08-18T11:48:58.790063
d931f98b-8a7e-4eec-9fb3-3bf4216597e7,098f81ec-fd5c-4366-b4c2-2d34789e1241,2022,101466000.0,69734000.0,2026-08-18T11:48:58.790067
ff4ce670-6558-4646-ac4b-6b384122225f,098f81ec-fd5c-4366-b4c2-2d34789e1241,2023,108142000.0,75690000.0,2026-08-18T11:48:58.790070
00ce9624-3d44-4367-ad7a-3d8228d885d7,098f81ec-fd5c-4366-b4c2-2d34789e1241,2024,114937000.0,72891000.0,2026-08-18T11:48:58.790073
37b98222-a64d-4a12-8254-b8d3a46a1b86,098f81ec-fd5c-4366-b4c2-2d34789e1241,2025,124492000.0,84021000.0,2026-08-18T11:48:58.790076
7acf1007-0299-44f3-b0be-6f0e118f6c15,d9288b1f-e9be-4f38-b481-93a1d5f95751,2020,15915000.0,10481000.0,2026-08-18T11:48:58.790112
99fbed75-9dc3-40f9-bed9-71cc1c85742a,d9288b1f-e9be-4f38-b481-93a1d5f95751,2021,17575000.0,10695000.0,2026-08-18T11:48:58.790115
0f79899f-b1cd-4b3f-809a-61f088f9fe17,d9288b1f-e9be-4f38-b481-93a1d5f95751,2022,19250000.0,13610000.0,2026-08-18T11:48:58.790118
683ddc5c-051a-4d3d-b29b-3e053a9ad934,d9288b1f-e9be-4f38-b481-93a1d5f95751,2023,21006000.0,14342000.0,2026-08-18T11:48:58.790123
38830770-f643-4e41-993c-b3dc86d52c5e,d9288b1f-e9be-4f38-b481-93a1d5f95751,2024,23078000.0,15455000.0,2026-08-18T11:48:58.790126
bae9ce17-b0f5-4f50-b25c-467a1c65d845,d9288b1f-e9be-4f38-b481-93a1d5f95751,2025,25249000.0,16337000.0,2026-08-18T11:48:58.790129
3b091641-c9de-4e6d-b440-9735959669ad,5d89dd24-756f-4cc8-a09a-6d6b97218798,2020,78957000.0,50316000.0,2026-08-18T11:48:58.790153
8089bb22-7414-4323-bca4-b84e7726fef0,5d89dd24-756f-4cc8-a09a-6d6b97218798,2021,83492000.0,50659000.0,2026-08-18T11:48:58.790156
8133eba7-2cfe-4876-ac9b-548494f49ced,5d89dd24-756f-4cc8-a09a-6d6b97218798,2022,88909000.0,55088000.0,2026-08-18T11:48:58.790159
3a786e4f-b350-4a7c-b0ac-64a95c93eb10,5d89dd24-756f-4cc8-a09a-6d6b97218798,2023,94711000.0,60189000.0,2026-08-18T11:48:58.790163
ed5dfb82-dc0b-4cb1-8e3c-20c4a55ebe4c,5d89dd24-756f-4cc8-a09a-6d6b97218798,2024,102594000.0,65655000.0,2026-08-18T11:48:58.790166
4257d109-68f6-4665-9b2c-a896faaab922,5d89dd24-756f-4cc8-a09a-6d6b97218798,2025,108156000.0,73912000.0,2026-08-18T11:48:58.790169
37aae37d-8b55-4539-bbcf-50f3df2b9ba1,90d56de6-0002-44be-b0a7-fab1897d0da2,2020,28481000.0,18941000.0,2026-08-18T11:48:58.790195
134aed14-2821-47d1-82e3-a64d06e7bb0e,90d56de6-0002-44be-b0a7-fab1897d0da2,2021,32544000.0,21863000.0,2026-08-18T11:48:58.790199
e55e8694-d93a-4386-8e48-89d608bf1c70,90d56de6-0002-44be-b0a7-fab1897d0da2,2022,37215000.0,22765000.0,2026-08-18T11:48:58.790204
ac65862f-a6df-4aa1-a5fa-b3a5014cf758,90d56de6-0002-44be-b0a7-fab1897d0da2,2023,41851000.0,28990000.0,2026-08-18T11:48:58.790207
09c80201-b012-451b-b072-9af44da5e39d,90d56de6-0002-44be-b0a7-fab1897d0da2,2024,47624000.0,29910000.0,2026-08-18T11:48:58.790210
1f969cc5-d093-4866-b6cb-09165c02cd51,90d56de6-0002-44be-b0a7-fab1897d0da2,2025,54253000.0,33969000.0,2026-08-18T11:48:58.790213
afe34159-d4f7-45d6-ba77-50128955ac5d,e5951470-143a-4d31-a42a-7fd527ee109c,2020,48744000.0,32047000.0,2026-08-18T11:48:58.790253
790a7a9c-5fc9-4da8-b197-6991155aedd1,e5951470-143a-4d31-a42a-7fd527ee109c,2021,54320000.0,34507000.0,2026-08-18T11:48:58.790257
ac52f01d-dbbd-45bf-9c04-97300d393ce5,e5951470-143a-4d31-a42a-7fd527ee109c,2022,59411000.0,42205000.0,2026-08-18T11:48:58.790260
316a95b4-d8f8-4b22-be81-1306a4517684,e5951470-143a-4d31-a42a-7fd527ee109c,2023,67040000.0,45457000.0,2026-08-18T11:48:58.790264
3e7a86e4-54d0-42c8-8726-0d27e5c092d4,e5951470-143a-4d31-a42a-7fd527ee109c,2024,75835000.0,52189000.0,2026-08-18T11:48:58.790267
47907bc2-b7a0-4935-9fcc-c7fdab186562,e5951470-143a-4d31-a42a-7fd527ee109c,2025,85538000.0,52288000.0,2026-08-18T11:48:58.790270
6c7807a4-acdf-4bd2-a873-80b80008168c,deb3e983-a80c-45b1-a89a-2d07a1f1a3b6,2020,25162000.0,17231000.0,2026-08-18T11:48:58.790312
478106ed-917b-4cde-8545-2f770b9b382e,deb3e983-a80c-45b1-a89a-2d07a1f1a3b6,2021,27896000.0,18302000.0,2026-08-18T11:48:58.790315
a92c741c-c6ab-4109-9667-3eb229707ad3,deb3e983-a80c-45b1-a89a-2d07a1f1a3b6,2022,29253000.0,20468000.0,2026-08-18T11:48:58.790318
a4075e2b-e4bf-4577-8d43-edba39b3c1d0,deb3e983-a80c-45b1-a89a-2d07a1f1a3b6,2023,31394000.0,21996000.0,2026-08-18T11:48:58.790322
20d2e950-9e27-451f-a3a3-08778fe5f255,deb3e983-a80c-45b1-a89a-2d07a1f1a3b6,2024,35864000.0,24464000.0,2026-08-18T11:48:58.790325
d1043e81-1c0a-40fe-9b8c-518a234c7e88,deb3e983-a80c-45b1-a89a-2d07a1f1a3b6,2025,38094000.0,25181000.0,2026-08-18T11:48:58.790328
b401e469-a0d3-449f-8adf-ed8c1dfb1e94,4b1e9bd7-86a7-4bf9-b7a8-c7a741247d8f,2020,6363000.0,4042000.0,2026-08-18T11:48:58.790372
e11a37f8-f04c-46a5-a21d-a09f9d2e3b0e,4b1e9bd7-86a7-4bf9-b7a8-c7a741247d8f,2021,6940000.0,4725000.0,2026-08-18T11:48:58.790376
f756171a-7633-4a6d-9277-d4b3ee13d519,4b1e9bd7-86a7-4bf9-b7a8-c7a741247d8f,2022,7852000.0,4888000.0,2026-08-18T11:48:58.790379
fbefb8f4-09d9-4d2e-b3ce-c53fb86046e2,4b1e9bd7-86a7-4bf9-b7a8-c7a741247d8f,2023,8758000.0,5467000.0,2026-08-18T11:48:58.790383
00cf2000-15dc-4c98-b855-ae5974ce10b3,4b1e9bd7-86a7-4bf9-b7a8-c7a741247d8f,2024,9764000.0,6465000.0,2026-08-18T11:48:58.790386
695701f6-1e75-43d6-8409-38958b55b5a0,4b1e9bd7-86a7-4bf9-b7a8-c7a741247d8f,2025,11161000.0,7972000.0,2026-08-18T11:48:58.790389
0fcdce3c-f6c9-4210-b93a-637bceb38a5d,0df70e73-5b2a-48bf-9623-c15751d72f6b,2020,8608000.0,6055000.0,2026-08-18T11:48:58.790431
72b7c99d-80b3-4391-92b0-7acc5bf3af6f,0df70e73-5b2a-48bf-9623-c15751d72f6b,2021,9612000.0,5819000.0,2026-08-18T11:48:58.790436
7793c7f4-6ef2-477a-9f50-f70b5598445b,0df70e73-5b2a-48bf-9623-c15751d72f6b,2022,10567000.0,7358000.0,2026-08-18T11:48:58.790440
861490b1-4b26-4b99-9dce-641f40ff6004,0df70e73-5b2a-48bf-9623-c15751d72f6b,2023,11625000.0,6981000.0,2026-08-18T11:48:58.790443
edbbf3d8-4c5d-42ad-b357-d2bad26999be,0df70e73-5b2a-48bf-9623-c15751d72f6b,2024,12921000.0,8990000.0,2026-08-18T11:48:58.790446
013599ae-0f87-486b-8bd3-c3322bd29c52,0df70e73-5b2a-48bf-9623-c15751d72f6b,2025,13806000.0,8510000.0,2026-08-18T11:48:58.790449
23493e7c-4209-48af-8b99-39497a6d9c84,2da1f827-8c97-4fa4-84ff-171d3a6ac177,2020,31635000.0,20621000.0,2026-08-18T11:48:58.790484
26d80205-7bc5-4438-abe8-e811ab4e8e51,2da1f827-8c97-4fa4-84ff-171d3a6ac177,2021,34996000.0,23738000.0,2026-08-18T11:48:58.790488
53004110-8088-408a-848f-9cd06a7ef3aa,2da1f827-8c97-4fa4-84ff-171d3a6ac177,2022,38205000.0,26260000.0,2026-08-18T11:48:58.790491
ee9b0157-e42e-4b8b-9d81-34c5ce2a78ff,2da1f827-8c97-4fa4-84ff-171d3a6ac177,2023,43249000.0,26053000.0,2026-08-18T11:48:58.790494
87bc1ac2-1038-402b-a620-e56274594149,2da1f827-8c97-4fa4-84ff-171d3a6ac177,2024,46996000.0,30969000.0,2026-08-18T11:48:58.790497
00eebdd8-af55-4674-b588-b360f20758d6,2da1f827-8c97-4fa4-84ff-171d3a6ac177,2025,52721000.0,35194000.0,2026-08-18T11:48:58.790500
30117939-0ccb-4f6e-adee-c69120942a10,e3110011-e77e-4f45-941e-55e0a2fc41c9,2020,89332000.0,62512000.0,2026-08-18T11:48:58.790526
69aec21a-d0ed-4d6c-bcdf-7ece071cef05,e3110011-e77e-4f45-941e-55e0a2fc41c9,2021,102446000.0,63531000.0,2026-08-18T11:48:58.790529
622360af-fe82-4901-a06c-106a79207dbb,e3110011-e77e-4f45-941e-55e0a2fc41c9,2022,112807000.0,73718000.0,2026-08-18T11:48:58.790532
8fc62550-ac7c-4ab5-a18d-fd5c7a75f929,e3110011-e77e-4f45-941e-55e0a2fc41c9,2023,125534000.0,75822000.0,2026-08-18T11:48:58.790535
47876eef-9127-4b7d-b2d4-901bc2c0ca00,e3110011-e77e-4f45-941e-55e0a2fc41c9,2024,138505000.0,84029000.0,2026-08-18T11:48:58.790538
72bcb7bc-362b-41e0-bf30-d1f26878947e,e3110011-e77e-4f45-941e-55e0a2fc41c9,2025,161354000.0,113450000.0,2026-08-18T11:48:58.790543
8aeb45b4-9e5a-49e2-ace2-f320159a9ad0,b111ef8c-61a5-407e-883a-6770e8ae05b4,2020,78820000.0,55724000.0,2026-08-18T11:48:58.790586
65c9c0c0-4f47-4989-a1af-f723b9e7b8d4,b111ef8c-61a5-407e-883a-6770e8ae05b4,2021,86252000.0,56046000.0,2026-08-18T11:48:58.790590
edc31df4-7ab6-4106-93ee-2b5fc4f6e639,b111ef8c-61a5-407e-883a-6770e8ae05b4,2022,92960000.0,57943000.0,2026-08-18T11:48:58.790593
d0d4dda4-a673-4089-a519-f1720962b3a2,b111ef8c-61a5-407e-883a-6770e8ae05b4,2023,104603000.0,65947000.0,2026-08-18T11:48:58.790596
585abc8f-adf4-44b6-85ee-53fcb146c848,b111ef8c-61a5-407e-883a-6770e8ae05b4,2024,116858000.0,73078000.0,2026-08-18T11:48:58.790600
3eea12ac-0805-45c3-abbe-75bab7762693,b111ef8c-61a5-407e-883a-6770e8ae05b4,2025,127906000.0,82929000.0,2026-08-18T11:48:58.790603
a60b79cf-4e9c-4445-aaf7-6981a0e41d55,70ffb5e1-8dd2-4346-ad6f-ba0828b32834,2020,17029000.0,11951000.0,2026-08-18T11:48:58.790651
80b3cfbf-bca1-499e-b06b-c7d0bb800a39,70ffb5e1-8dd2-4346-ad6f-ba0828b32834,2021,18519000.0,12133000.0,2026-08-18T11:48:58.790654
29cbe40d-2829-4d71-a607-c83de50d0b08,70ffb5e1-8dd2-4346-ad6f-ba0828b32834,2022,20076000.0,14035000.0,2026-08-18T11:48:58.790658
1d3b695a-d644-4e68-b2de-da17782724ee,70ffb5e1-8dd2-4346-ad6f-ba0828b32834,2023,21714000.0,14991000.0,2026-08-18T11:48:58.790661
9f3309a3-3a12-4d5d-8e8c-577345012be8,70ffb5e1-8dd2-4346-ad6f-ba0828b32834,2024,24128000.0,15604000.0,2026-08-18T11:48:58.790664
c3f2968d-8bda-4312-93d1-5d89f465133a,70ffb5e1-8dd2-4346-ad6f-ba0828b32834,2025,26752000.0,17577000.0,2026-08-18T11:48:58.790667
4f53d505-179a-44cb-bc28-583b2c296d28,20dc5abd-15dd-458b-b01f-755f95489584,2020,11735000.0,7963000.0,2026-08-18T11:48:58.790701
1008b5d1-0293-4e83-8497-fb23a321199b,20dc5abd-15dd-458b-b01f-755f95489584,2021,13180000.0,8297000.0,2026-08-18T11:48:58.790704
7543c8ba-c7d1-4a56-838b-442d9eceaaf8,20dc5abd-15dd-458b-b01f-755f95489584,2022,15624000.0,11088000.0,2026-08-18T11:48:58.790707
0587f284-331d-4402-ae16-672f506ca81a,20dc5abd-15dd-458b-b01f-755f95489584,2023,17853000.0,10991000.0,2026-08-18T11:48:58.790711
9137ee2d-e6bf-45dd-acf3-e02c5d286bfe,20dc5abd-15dd-458b-b01f-755f95489584,2024,19961000.0,14333000.0,2026-08-18T11:48:58.790714
2808db34-75f4-4229-87d6-0ef20a7064d6,20dc5abd-15dd-458b-b01f-755f95489584,2025,23233000.0,16492000.0,2026-08-18T11:48:58.790717
07b7214a-5d5f-429e-8dde-95347c7ae21c,0dadda97-fbbc-419e-9249-a120469e2d9e,2020,1445000.0,999000.0,2026-08-18T11:48:58.790752
65443230-4548-4db7-bc42-1193a4c6606e,0dadda97-fbbc-419e-9249-a120469e2d9e,2021,1642000.0,1081000.0,2026-08-18T11:48:58.790758
b54a2234-698e-47b1-beb0-7c06f08b85e3,0dadda97-fbbc-419e-9249-a120469e2d9e,2022,1832000.0,1258000.0,2026-08-18T11:48:58.790761
4e1384a4-5551-4c4d-beb4-c47090c7ac4f,0dadda97-fbbc-419e-9249-a120469e2d9e,2023,2191000.0,1423000.0,2026-08-18T11:48:58.790764
426f0ac7-d0e4-451c-9841-f3cb4d60fda5,0dadda97-fbbc-419e-9249-a120469e2d9e,2024,2497000.0,1755000.0,2026-08-18T11:48:58.790767
00fa4ca6-10db-42bd-adb8-5b6622174933,0dadda97-fbbc-419e-9249-a120469e2d9e,2025,2884000.0,1920000.0,2026-08-18T11:48:58.790770
2b0c14b1-e69d-4bba-be38-6fc22260149c,11683ea9-f8d9-4307-86d5-66d3809f8315,2020,39177000.0,26436000.0,2026-08-18T11:48:58.790795
70e95844-4d5f-4700-ad54-3e288024085b,11683ea9-f8d9-4307-86d5-66d3809f8315,2021,43864000.0,31133000.0,2026-08-18T11:48:58.790798
b53db599-eadd-46f0-9479-1a950bf55b09,11683ea9-f8d9-4307-86d5-66d3809f8315,2022,48808000.0,29606000.0,2026-08-18T11:48:58.790801
dee93aad-6e09-4247-8324-32a762b92c5e,11683ea9-f8d9-4307-86d5-66d3809f8315,2023,55497000.0,39130000.0,2026-08-18T11:48:58.790804
2e237a32-6044-4b58-816a-593634c51563,11683ea9-f8d9-4307-86d5-66d3809f8315,2024,64910000.0,41875000.0,2026-08-18T11:48:58.790807
7e2f6883-90aa-4f6f-a76e-09f541b5ffcb,11683ea9-f8d9-4307-86d5-66d3809f8315,2025,72818000.0,46378000.0,2026-08-18T11:48:58.790810
5f9c7e0f-1a1d-450e-bf60-249187d1aa9e,6b751f04-a1c9-409c-b717-e00c836e9829,2020,17285000.0,11131000.0,2026-08-18T11:48:58.790844
c98b2666-48df-4841-9a0f-507ea3de955f,6b751f04-a1c9-409c-b717-e00c836e9829,2021,18963000.0,11805000.0,2026-08-18T11:48:58.790848
19a98513-ce3e-4890-91a9-ffe767df671b,6b751f04-a1c9-409c-b717-e00c836e9829,2022,19982000.0,13222000.0,2026-08-18T11:48:58.790851
dbb2e7bb-0479-44ab-b668-4d49fca0e11f,6b751f04-a1c9-409c-b717-e00c836e9829,2023,21596000.0,15292000.0,2026-08-18T11:48:58.790854
fbc93cd4-9ed1-48b3-bf42-563a2c3a046a,6b751f04-a1c9-409c-b717-e00c836e9829,2024,24365000.0,16877000.0,2026-08-18T11:48:58.790858
c82dfa50-93ff-49ce-9700-41e22ae6f798,6b751f04-a1c9-409c-b717-e00c836e9829,2025,25579000.0,15588000.0,2026-08-18T11:48:58.790861
ae31aad9-82d4-41bb-854d-2b50b954f339,9c17b388-cfa4-4a47-b281-4f816f784cea,2020,25580000.0,15879000.0,2026-08-18T11:48:58.790903
b46f50ee-9760-4ae2-b2e0-2e12d5e3b14e,9c17b388-cfa4-4a47-b281-4f816f784cea,2021,28697000.0,17572000.0,2026-08-18T11:48:58.790907
82d6ca45-9cae-4ac4-95ce-38dd7efab68b,9c17b388-cfa4-4a47-b281-4f816f784cea,2022,31742000.0,20454000.0,2026-08-18T11:48:58.790911
9667bf5b-400f-4c79-b642-c03e1448d8d0,9c17b388-cfa4-4a47-b281-4f816f784cea,2023,35441000.0,24842000.0,2026-08-18T11:48:58.790914
6bcc701d-cf41-4d02-b3f7-b4df6e5ba0dd,9c17b388-cfa4-4a47-b281-4f816f784cea,2024,41152000.0,28874000.0,2026-08-18T11:48:58.790918
9dbd233c-e41a-4392-8d5e-36f0ff539299,9c17b388-cfa4-4a47-b281-4f816f784cea,2025,45977000.0,31644000.0,2026-08-18T11:48:58.790921
24d0ddb8-e0e5-4819-aafe-e33d102e9378,c7c2e855-3318-46fb-9c4e-a7562749b04f,2020,5728000.0,3652000.0,2026-08-18T11:48:58.790953
da31debc-9ed0-4262-827d-bba951e536a1,c7c2e855-3318-46fb-9c4e-a7562749b04f,2021,6302000.0,4342000.0,2026-08-18T11:48:58.790956
e977f12c-eeac-433f-9d41-f938f9f30e29,c7c2e855-3318-46fb-9c4e-a7562749b04f,2022,7126000.0,4479000.0,2026-08-18T11:48:58.790959
e40dbff9-13af-434b-b25f-703d8e48e3b2,c7c2e855-3318-46fb-9c4e-a7562749b04f,2023,7981000.0,5100000.0,2026-08-18T11:48:58.790962
f85d5d40-4847-4866-9db3-a8dd3374bff7,c7c2e855-3318-46fb-9c4e-a7562749b04f,2024,8936000.0,5490000.0,2026-08-18T11:48:58.790965
f269ecc3-78e6-4cb3-9713-86290b1ec4e2,c7c2e855-3318-46fb-9c4e-a7562749b04f,2025,9762000.0,6998000.0,2026-08-18T11:48:58.790968
517d41d7-8546-4f66-a1bb-56ae10538ff5,50c3869a-970a-4031-adfe-39ecef3fbb14,2020,11556000.0,7728000.0,2026-08-18T11:48:58.791011
afcb8dcd-8a3b-4579-aeb5-72804f3d4a19,50c3869a-970a-4031-adfe-39ecef3fbb14,2021,13049000.0,7965000.0,2026-08-18T11:48:58.791014
07c2d7b2-a9c5-41d0-b573-76da435b0764,50c3869a-970a-4031-adfe-39ecef3fbb14,2022,13395000.0,8592000.0,2026-08-18T11:48:58.791017
73536f13-f9d3-4858-8cbf-77f9980cc515,50c3869a-970a-4031-adfe-39ecef3fbb14,2023,14744000.0,10018000.0,2026-08-18T11:48:58.791020
d593f9ae-7907-4aea-a38a-fcdc37b04d08,50c3869a-970a-4031-adfe-39ecef3fbb14,2024,16398000.0,11654000.0,2026-08-18T11:48:58.791023
e33ab065-83dd-4425-bd85-4de526126270,50c3869a-970a-4031-adfe-39ecef3fbb14,2025,18132000.0,11644000.0,2026-08-18T11:48:58.791026
b5fe6b1a-391d-49a4-82fb-11b0c46240f2,d8d6d439-d779-44de-889d-8a00c06df875,2020,63523000.0,45243000.0,2026-08-18T11:48:58.791062
0269be1f-d6ba-4d73-b4de-0b7efbff2b0f,d8d6d439-d779-44de-889d-8a00c06df875,2021,70814000.0,42597000.0,2026-08-18T11:48:58.791066
cee441de-221a-4fd6-afcd-cf2c92d875e0,d8d6d439-d779-44de-889d-8a00c06df875,2022,81802000.0,57398000.0,2026-08-18T11:48:58.791069
ea8290eb-106c-4353-8389-863d2a8fe81c,d8d6d439-d779-44de-889d-8a00c06df875,2023,91698000.0,57918000.0,2026-08-18T11:48:58.791073
b402681c-cfe3-4acd-959e-e5f4d3cc7840,d8d6d439-d779-44de-889d-8a00c06df875,2024,102578000.0,66460000.0,2026-08-18T11:48:58.791076
5a1716e2-f4f1-4ddc-b95a-7f6d895b0daf,d8d6d439-d779-44de-889d-8a00c06df875,2025,114459000.0,81944000.0,2026-08-18T11:48:58.791079
248d0835-b524-49e3-bc2c-38bb5ae173fa,dbbefdb7-c0d0-4679-a2a7-97e4f98bd297,2020,46809000.0,31721000.0,2026-08-18T11:48:58.791113
30b8ad65-5f46-4335-b027-4d55be99a3f7,dbbefdb7-c0d0-4679-a2a7-97e4f98bd297,2021,55252000.0,34067000.0,2026-08-18T11:48:58.791116
3ff9f964-fedb-4df4-ba9a-4617b06c9655,dbbefdb7-c0d0-4679-a2a7-97e4f98bd297,2022,60965000.0,43051000.0,2026-08-18T11:48:58.791121
2907b510-2c69-4c5a-811e-1e3940eab4ee,dbbefdb7-c0d0-4679-a2a7-97e4f98bd297,2023,70083000.0,48772000.0,2026-08-18T11:48:58.791124
253f58b9-163a-4de2-bf14-b280b5726c16,dbbefdb7-c0d0-4679-a2a7-97e4f98bd297,2024,78114000.0,52080000.0,2026-08-18T11:48:58.791127
fb5088f1-5cd5-4dbf-b9e5-704168b0cb56,dbbefdb7-c0d0-4679-a2a7-97e4f98bd297,2025,83278000.0,52759000.0,2026-08-18T11:48:58.791130
143ba77f-3043-4aa7-bf35-bd597094243c,3db3f149-d9cc-4488-97ce-f478efc2f48c,2020,6947000.0,4659000.0,2026-08-18T11:48:58.791155
a39d64aa-ba27-45b3-bd8c-7f8a948bdca2,3db3f149-d9cc-4488-97ce-f478efc2f48c,2021,7825000.0,5594000.0,2026-08-18T11:48:58.791159
73bb7d03-ee79-4c3f-803b-8e9d31c0c973,3db3f149-d9cc-4488-97ce-f478efc2f48c,2022,8409000.0,5262000.0,2026-08-18T11:48:58.791162
c25927bb-6dda-47f1-a680-c068695349b2,3db3f149-d9cc-4488-97ce-f478efc2f48c,2023,9096000.0,6074000.0,2026-08-18T11:48:58.791165
17f625d4-dbd3-47f6-b4d2-9d7933ac94ab,3db3f149-d9cc-4488-97ce-f478efc2f48c,2024,10470000.0,6440000.0,2026-08-18T11:48:58.791168
7b8238fb-08a9-4303-a89b-184dba66e871,3db3f149-d9cc-4488-97ce-f478efc2f48c,2025,11573000.0,7629000.0,2026-08-18T11:48:58.791171
e316174d-c682-4640-972a-2a6cdd27fbba,c74cc290-c263-4ad6-ad90-4268db37f493,2020,26539000.0,17753000.0,2026-08-18T11:48:58.791215
54ed4e12-6bb9-4b00-9f4d-1f6ecfd3522c,c74cc290-c263-4ad6-ad90-4268db37f493,2021,30638000.0,20129000.0,2026-08-18T11:48:58.791218
e8fb0884-d90b-4307-8e91-1f1ab7932db2,c74cc290-c263-4ad6-ad90-4268db37f493,2022,33753000.0,21188000.0,2026-08-18T11:48:58.791221
a06f5ca5-9d06-46e7-bd82-4dcf41542c7e,c74cc290-c263-4ad6-ad90-4268db37f493,2023,39907000.0,24333000.0,2026-08-18T11:48:58.791224
2b08972d-6f24-4ce1-926f-819afb5121b3,c74cc290-c263-4ad6-ad90-4268db37f493,2024,45376000.0,32111000.0,2026-08-18T11:48:58.791227
1e7feb6c-80e8-45dd-bd1e-148ce1e298bb,c74cc290-c263-4ad6-ad90-4268db37f493,2025,52732000.0,36126000.0,2026-08-18T11:48:58.791231
852ac20d-3e64-4f1f-95f6-3f9fdd49c1dd,31588332-098b-49f8-98df-8ffc4006d484,2020,44629000.0,29478000.0,2026-08-18T11:48:58.791270
52f248cf-9ea8-48bd-91f5-086b2092ce08,31588332-098b-49f8-98df-8ffc4006d484,2021,50646000.0,35463000.0,2026-08-18T11:48:58.791273
9d37fff1-30fb-4798-b9fe-ed48fb4728dd,31588332-098b-49f8-98df-8ffc4006d484,2022,58816000.0,36642000.0,2026-08-18T11:48:58.791276
751146f1-c006-43a7-ab51-2c0f43ff1b20,31588332-098b-49f8-98df-8ffc4006d484,2023,65969000.0,45587000.0,2026-08-18T11:48:58.791280
88051c64-0b76-4c6d-a5ec-2ef49eb1aa80,31588332-098b-49f8-98df-8ffc4006d484,2024,76981000.0,50580000.0,2026-08-18T11:48:58.791283
ef15198f-cf83-4dd1-b4dd-a6d3f42b9745,31588332-098b-49f8-98df-8ffc4006d484,2025,89923000.0,55816000.0,2026-08-18T11:48:58.791286
cd9fb27e-1fad-4305-8b7b-fe696a6a87bf,5585cbbc-a825-4a44-901d-688f7610f9f3,2020,12211000.0,7805000.0,2026-08-18T11:48:58.791319
e79b1afc-8bbd-4bb3-bdfa-9794b5f3f064,5585cbbc-a825-4a44-901d-688f7610f9f3,2021,13021000.0,9189000.0,2026-08-18T11:48:58.791323
9a9d96da-70aa-42a1-90f1-fb956eddadc7,5585cbbc-a825-4a44-901d-688f7610f9f3,2022,14503000.0,9721000.0,2026-08-18T11:48:58.791326
602f845c-b9f9-4c1e-93c2-82a891b2cb30,5585cbbc-a825-4a44-901d-688f7610f9f3,2023,16615000.0,10051000.0,2026-08-18T11:48:58.791329
565ad14a-68f1-45eb-9b55-3e6a0a7c0a93,5585cbbc-a825-4a44-901d-688f7610f9f3,2024,18422000.0,12124000.0,2026-08-18T11:48:58.791332
d54602d1-0a13-493a-a8b0-57e70d00a4b1,5585cbbc-a825-4a44-901d-688f7610f9f3,2025,19681000.0,13575000.0,2026-08-18T11:48:58.791335
aecda8bb-2e0b-4f07-b3d8-5f2756b393e0,d46a3d92-bcd1-4449-ac74-b97874e3537f,2020,7805000.0,5130000.0,2026-08-18T11:48:58.791378
61c7dd4c-dc4b-4ef4-aa83-5a4e02e3b965,d46a3d92-bcd1-4449-ac74-b97874e3537f,2021,9016000.0,5722000.0,2026-08-18T11:48:58.791382
74d96c74-f0c7-4091-9551-8e4d02af9bc6,d46a3d92-bcd1-4449-ac74-b97874e3537f,2022,10254000.0,6701000.0,2026-08-18T11:48:58.791385
120379a5-9060-4066-9b08-aba7af596514,d46a3d92-bcd1-4449-ac74-b97874e3537f,2023,11897000.0,8326000.0,2026-08-18T11:48:58.791389
9675c70a-9e8e-4676-86f3-204154596536,d46a3d92-bcd1-4449-ac74-b97874e3537f,2024,13807000.0,9660000.0,2026-08-18T11:48:58.791392
1ef6ef4e-1832-4849-ab72-8746de902f7a,d46a3d92-bcd1-4449-ac74-b97874e3537f,2025,15117000.0,10487000.0,2026-08-18T11:48:58.791396
6cad87b4-3c82-429a-883a-aff00bb7bb0a,25226d2d-c11b-4652-ab12-0e5d66e9ed27,2020,37906000.0,23941000.0,2026-08-18T11:48:58.791430
c776f7fc-fd26-4212-be95-c4dddeaa8221,25226d2d-c11b-4652-ab12-0e5d66e9ed27,2021,41717000.0,26083000.0,2026-08-18T11:48:58.791433
461b3eac-23e9-430d-9e4f-f4da30ebc680,25226d2d-c11b-4652-ab12-0e5d66e9ed27,2022,45837000.0,28727000.0,2026-08-18T11:48:58.791436
133428f0-447a-4713-b80c-e65989c73d9a,25226d2d-c11b-4652-ab12-0e5d66e9ed27,2023,50037000.0,33247000.0,2026-08-18T11:48:58.791439
44ccc0eb-e8b0-4290-8d2d-a41ad8b2d487,25226d2d-c11b-4652-ab12-0e5d66e9ed27,2024,54493000.0,33362000.0,2026-08-18T11:48:58.791443
c24ceaf0-c608-4cbb-bf1e-3907de2b6983,25226d2d-c11b-4652-ab12-0e5d66e9ed27,2025,60448000.0,42077000.0,2026-08-18T11:48:58.791447
31d265e5-ae79-4af1-92f8-09f446c1017f,eb272cf3-dfdb-47b1-9ba2-715d4d762445,2020,24803000.0,15639000.0,2026-08-18T11:48:58.791482
4135bfc0-a66b-48dd-8c5c-5b76a409dbbb,eb272cf3-dfdb-47b1-9ba2-715d4d762445,2021,28253000.0,17868000.0,2026-08-18T11:48:58.791486
96f0c1ba-8c89-4ab3-9b50-6734f1cea36a,eb272cf3-dfdb-47b1-9ba2-715d4d762445,2022,33874000.0,22901000.0,2026-08-18T11:48:58.791489
715c4baf-0878-4f6c-9ed5-d1853f5a8ddd,eb272cf3-dfdb-47b1-9ba2-715d4d762445,2023,37361000.0,24181000.0,2026-08-18T11:48:58.791492
b745e8bc-596c-4cfd-a210-b40e87db02d7,eb272cf3-dfdb-47b1-9ba2-715d4d762445,2024,42903000.0,29082000.0,2026-08-18T11:48:58.791495
1f6b4d10-9d0b-438e-8200-98a17d593ec5,eb272cf3-dfdb-47b1-9ba2-715d4d762445,2025,49621000.0,33462000.0,2026-08-18T11:48:58.791498
34b3fc5e-d223-41e1-9e34-8e03eaef7d19,89faff50-8e18-40a1-925b-89a6b3d24df6,2020,8704000.0,5884000.0,2026-08-18T11:48:58.791533
3136ec99-16a0-4546-ab12-952347a63ddc,89faff50-8e18-40a1-925b-89a6b3d24df6,2021,9227000.0,6344000.0,2026-08-18T11:48:58.791536
4dcba96d-9725-4be8-8d84-5b74cc3e604b,89faff50-8e18-40a1-925b-89a6b3d24df6,2022,10562000.0,7085000.0,2026-08-18T11:48:58.791540
dc8108e8-1ab3-498d-9e27-d6e34d36c89c,89faff50-8e18-40a1-925b-89a6b3d24df6,2023,11964000.0,8336000.0,2026-08-18T11:48:58.791542
6ff3eab0-ef45-4133-90cc-a3ab0268ead0,89faff50-8e18-40a1-925b-89a6b3d24df6,2024,13348000.0,9569000.0,2026-08-18T11:48:58.791546
7775b5aa-a000-4686-9460-cc6bf0c3c940,89faff50-8e18-40a1-925b-89a6b3d24df6,2025,14412000.0,9251000.0,2026-08-18T11:48:58.791549
883a8c22-ecb6-4dc4-bcfb-2f0fad1422ec,f75e8c8e-848c-45a5-94e8-08775283cf86,2020,37571000.0,25133000.0,2026-08-18T11:48:58.791573
c8287055-c643-473a-8b16-b6278e47b120,f75e8c8e-848c-45a5-94e8-08775283cf86,2021,41530000.0,27073000.0,2026-08-18T11:48:58.791577
2b1b3cfa-725c-462e-8c9e-9aa9a85c4197,f75e8c8e-848c-45a5-94e8-08775283cf86,2022,46642000.0,33270000.0,2026-08-18T11:48:58.791581
2cd7413d-801b-41fb-a599-8df0a9bce6f7,f75e8c8e-848c-45a5-94e8-08775283cf86,2023,51160000.0,34870000.0,2026-08-18T11:48:58.791584
ae893fb0-dc96-4549-8b77-f1f7cf10ceb5,f75e8c8e-848c-45a5-94e8-08775283cf86,2024,57381000.0,39274000.0,2026-08-18T11:48:58.791588
7b75e090-655e-45b2-9020-f68c57995fdb,f75e8c8e-848c-45a5-94e8-08775283cf86,2025,62914000.0,43774000.0,2026-08-18T11:48:58.791591
b0eaed99-481f-4fc9-8f20-4b2bd3c8a61b,f57f33d2-77e2-4f22-934b-63f68b37dbee,2020,68243000.0,41006000.0,2026-08-18T11:48:58.791619
0c37a90a-b685-4e44-83a1-24cce2933d64,f57f33d2-77e2-4f22-934b-63f68b37dbee,2021,73953000.0,44790000.0,2026-08-18T11:48:58.791622
7fae5ee8-44f8-4465-820f-7546b0d73a69,f57f33d2-77e2-4f22-934b-63f68b37dbee,2022,80710000.0,56729000.0,2026-08-18T11:48:58.791625
f0062091-d10b-49e4-bcf2-877974be5215,f57f33d2-77e2-4f22-934b-63f68b37dbee,2023,85461000.0,57791000.0,2026-08-18T11:48:58.791628
b6d845ba-b929-426f-846e-e09d4576b42a,f57f33d2-77e2-4f22-934b-63f68b37dbee,2024,96746000.0,60680000.0,2026-08-18T11:48:58.791631
8e95a4ad-c7a8-4a72-a94e-cf34495a5bbc,f57f33d2-77e2-4f22-934b-63f68b37dbee,2025,100871000.0,68661000.0,2026-08-18T11:48:58.791634
5ddc178e-a3b8-4368-a05b-de18e0e082c1,a782c992-34a6-48ba-8943-727312dbc80b,2020,81980000.0,57080000.0,2026-08-18T11:48:58.791677
facb2756-4426-4bad-a633-e2c001bcadcb,a782c992-34a6-48ba-8943-727312dbc80b,2021,87908000.0,59355000.0,2026-08-18T11:48:58.791680
03b0b636-1063-4125-bfdb-611669548649,a782c992-34a6-48ba-8943-727312dbc80b,2022,95496000.0,67230000.0,2026-08-18T11:48:58.791683
e16d2cb7-c582-454e-8f46-406810f9db2d,a782c992-34a6-48ba-8943-727312dbc80b,2023,107196000.0,65380000.0,2026-08-18T11:48:58.791686
a65ba472-ca2b-466e-828a-84ff53b3f7a3,a782c992-34a6-48ba-8943-727312dbc80b,2024,111046000.0,73147000.0,2026-08-18T11:48:58.791689
edf93aa9-7f5f-4126-9105-c27431d1fde0,a782c992-34a6-48ba-8943-727312dbc80b,2025,123894000.0,82775000.0,2026-08-18T11:48:58.791692
df7b38b0-964a-455f-a395-0e9bef3f07e3,edeb654f-e2b1-419f-af39-0c7457a60a53,2020,48844000.0,32471000.0,2026-08-18T11:48:58.791728
5baed1dd-18f6-4371-a8d8-378da14fb092,edeb654f-e2b1-419f-af39-0c7457a60a53,2021,54558000.0,34151000.0,2026-08-18T11:48:58.791731
da50073f-123a-4860-bdfc-8f1d2e75c123,edeb654f-e2b1-419f-af39-0c7457a60a53,2022,61321000.0,42107000.0,2026-08-18T11:48:58.791734
adbbf58b-8bcd-4e19-a046-415a09dfb235,edeb654f-e2b1-419f-af39-0c7457a60a53,2023,67020000.0,46488000.0,2026-08-18T11:48:58.791738
09dba1bb-de21-460f-b051-8adbdcf938d2,edeb654f-e2b1-419f-af39-0c7457a60a53,2024,74782000.0,52926000.0,2026-08-18T11:48:58.791742
f00ed901-495f-4621-a860-20f3eb25d052,edeb654f-e2b1-419f-af39-0c7457a60a53,2025,84944000.0,60539000.0,2026-08-18T11:48:58.791745
cca5a90b-fea6-4f6d-b21c-38574f2381ef,0c4a3bcc-cd62-4685-a09e-c807df65ce0b,2020,6399000.0,4408000.0,2026-08-18T11:48:58.791776
ad3559b4-7277-4e16-9ab2-f91d8069c051,0c4a3bcc-cd62-4685-a09e-c807df65ce0b,2021,7242000.0,4765000.0,2026-08-18T11:48:58.791779
ae45fc97-7817-4a70-b90a-3d3491661eee,0c4a3bcc-cd62-4685-a09e-c807df65ce0b,2022,8338000.0,5692000.0,2026-08-18T11:48:58.791782
bb441222-7bb3-422b-927e-76dd6454c479,0c4a3bcc-cd62-4685-a09e-c807df65ce0b,2023,9109000.0,5920000.0,2026-08-18T11:48:58.791785
bbb26d72-2826-4c9b-b8e7-dc8c89bfe367,0c4a3bcc-cd62-4685-a09e-c807df65ce0b,2024,10878000.0,7178000.0,2026-08-18T11:48:58.791788
73d6d317-0ed0-40d5-bc99-c007d31e2340,0c4a3bcc-cd62-4685-a09e-c807df65ce0b,2025,11656000.0,7757000.0,2026-08-18T11:48:58.791791
782e21a0-446f-47c7-b9e3-5cd06b16d15f,cdea32bf-6907-454d-906f-5e7120000084,2020,4295000.0,2636000.0,2026-08-18T11:48:58.791825
e9a3d208-c9a4-4eac-b46d-c9c501b9f65d,cdea32bf-6907-454d-906f-5e7120000084,2021,4795000.0,3136000.0,2026-08-18T11:48:58.791828
29377176-7eee-4e30-b2f6-f756db4b4d76,cdea32bf-6907-454d-906f-5e7120000084,2022,4981000.0,3319000.0,2026-08-18T11:48:58.791831
8cc5f643-5cc2-4807-937a-0bdcc1cd9e73,cdea32bf-6907-454d-906f-5e7120000084,2023,5694000.0,3672000.0,2026-08-18T11:48:58.791835
ac71eda0-4a83-4b8e-a157-e4271589a6da,cdea32bf-6907-454d-906f-5e7120000084,2024,6186000.0,3851000.0,2026-08-18T11:48:58.791838
ae69aad7-c596-473f-a897-7f3bcf2c0fe7,cdea32bf-6907-454d-906f-5e7120000084,2025,6955000.0,4292000.0,2026-08-18T11:48:58.791841
7105bb72-bca0-4ab2-a0a3-21bcce6bf773,ba3ce0bb-a58a-432d-8f53-c9ea09c75847,2020,18316000.0,11707000.0,2026-08-18T11:48:58.791882
5dcba356-5024-4ba3-aa6d-5b0949088440,ba3ce0bb-a58a-432d-8f53-c9ea09c75847,2021,19304000.0,12304000.0,2026-08-18T11:48:58.791885
815a85f9-5a8f-4bd5-aec0-35a3d2ea3dde,ba3ce0bb-a58a-432d-8f53-c9ea09c75847,2022,22443000.0,14482000.0,2026-08-18T11:48:58.791888
cf002b1c-2c73-4731-9701-7942afbfe5e8,ba3ce0bb-a58a-432d-8f53-c9ea09c75847,2023,23802000.0,16253000.0,2026-08-18T11:48:58.791891
796cbcb0-f89c-4429-bd7f-06a05ff80c14,ba3ce0bb-a58a-432d-8f53-c9ea09c75847,2024,26527000.0,15999000.0,2026-08-18T11:48:58.791895
491f1294-7b66-4198-b1b8-667da6497e7a,ba3ce0bb-a58a-432d-8f53-c9ea09c75847,2025,29012000.0,17691000.0,2026-08-18T11:48:58.791899
94bf41b3-87f9-44d2-b0c5-d166680054fc,41196001-aa4f-4018-89cd-2ea4fff1a5da,2020,30047000.0,20754000.0,2026-08-18T11:48:58.791939
553a0715-8658-4e0f-b2d6-095f560963ad,41196001-aa4f-4018-89cd-2ea4fff1a5da,2021,33469000.0,23426000.0,2026-08-18T11:48:58.791942
0a5383ba-2fbe-4222-ba74-22f96dc7ba82,41196001-aa4f-4018-89cd-2ea4fff1a5da,2022,36851000.0,25939000.0,2026-08-18T11:48:58.791945
1c66d2ab-0b36-4e1d-b130-3f70f28c70f5,41196001-aa4f-4018-89cd-2ea4fff1a5da,2023,40513000.0,24603000.0,2026-08-18T11:48:58.791948
48449c6b-c02d-450e-89c5-ab31ee9fba93,41196001-aa4f-4018-89cd-2ea4fff1a5da,2024,44469000.0,27879000.0,2026-08-18T11:48:58.791951
b991aa4f-9ab1-4f88-8fce-f1e30088bab1,41196001-aa4f-4018-89cd-2ea4fff1a5da,2025,48765000.0,34843000.0,2026-08-18T11:48:58.791954
c64743f2-06f4-4352-a143-a62c4438c25a,97c17d9a-57a7-4e45-8aa9-be7409fc11d3,2020,26706000.0,16189000.0,2026-08-18T11:48:58.791990
564309ba-72a2-489e-ba3d-94a343e6d837,97c17d9a-57a7-4e45-8aa9-be7409fc11d3,2021,31185000.0,21887000.0,2026-08-18T11:48:58.791994
8bc6ff87-1b8d-4a5c-a1bb-8f01d14bca80,97c17d9a-57a7-4e45-8aa9-be7409fc11d3,2022,36104000.0,23222000.0,2026-08-18T11:48:58.791998
3a5f4aa1-2250-456d-b592-dab02b8e7913,97c17d9a-57a7-4e45-8aa9-be7409fc11d3,2023,40323000.0,28499000.0,2026-08-18T11:48:58.792001
ed950a34-8e8c-4d26-a2ac-684729a2ebb5,97c17d9a-57a7-4e45-8aa9-be7409fc11d3,2024,46483000.0,30197000.0,2026-08-18T11:48:58.792004
87be7b3a-0c5f-45ce-b899-cfb9fe25ebb4,97c17d9a-57a7-4e45-8aa9-be7409fc11d3,2025,50744000.0,31101000.0,2026-08-18T11:48:58.792008
905b9ec8-d5bd-44da-a8b5-cde567484b57,9eddfab2-9318-41c6-90a6-aa9e1e671492,2020,47961000.0,33276000.0,2026-08-18T11:48:58.792041
eebb2f3a-7e62-4b39-85a4-11a19b7f3541,9eddfab2-9318-41c6-90a6-aa9e1e671492,2021,51892000.0,35026000.0,2026-08-18T11:48:58.792045
8eec7704-fac1-496a-9fa7-6c7547367e66,9eddfab2-9318-41c6-90a6-aa9e1e671492,2022,59018000.0,41665000.0,2026-08-18T11:48:58.792048
aa0fd5b3-49ad-452c-8277-236c3c38daef,9eddfab2-9318-41c6-90a6-aa9e1e671492,2023,65710000.0,42888000.0,2026-08-18T11:48:58.792051
d8b86c75-972d-40a7-867a-bbcc29c480cf,9eddfab2-9318-41c6-90a6-aa9e1e671492,2024,70832000.0,42847000.0,2026-08-18T11:48:58.792054
ab2f19c3-3262-4ddc-9199-bbd079d9c6a5,9eddfab2-9318-41c6-90a6-aa9e1e671492,2025,80064000.0,53510000.0,2026-08-18T11:48:58.792057
cc59d9a1-464e-4521-94c5-7d7f1c5e1ade,8ea39690-2118-43d2-a2bd-9c48fc12bf35,2020,80473000.0,55780000.0,2026-08-18T11:48:58.792085
3ea7e9aa-3c17-4885-9c94-daf593a36b4d,8ea39690-2118-43d2-a2bd-9c48fc12bf35,2021,84310000.0,52034000.0,2026-08-18T11:48:58.792088
4e1b7b23-1950-465b-9fc7-f597eb13eaaa,8ea39690-2118-43d2-a2bd-9c48fc12bf35,2022,94972000.0,67572000.0,2026-08-18T11:48:58.792091
254f2eb4-1023-4536-be77-acb4c7368423,8ea39690-2118-43d2-a2bd-9c48fc12bf35,2023,101136000.0,65282000.0,2026-08-18T11:48:58.792094
7cc167d8-cc9d-4cc0-9780-b37e48102a60,8ea39690-2118-43d2-a2bd-9c48fc12bf35,2024,113680000.0,79318000.0,2026-08-18T11:48:58.792097
c0203432-4839-4205-aa3e-bc93e06fb76b,8ea39690-2118-43d2-a2bd-9c48fc12bf35,2025,124492000.0,87162000.0,2026-08-18T11:48:58.792100
4a74c122-8818-4b41-8383-2ff130ea2887,a5056db6-7873-46ba-8430-195e75af04b5,2020,74464000.0,49327000.0,2026-08-18T11:48:58.792135
d67f75f2-8d31-469a-9717-21a3a0604761,a5056db6-7873-46ba-8430-195e75af04b5,2021,79720000.0,49427000.0,2026-08-18T11:48:58.792138
e73446fe-141b-482d-874c-3f340734c2b7,a5056db6-7873-46ba-8430-195e75af04b5,2022,91209000.0,58130000.0,2026-08-18T11:48:58.792141
5c5cceae-d65d-460c-92fe-7389412da269,a5056db6-7873-46ba-8430-195e75af04b5,2023,100923000.0,70269000.0,2026-08-18T11:48:58.792144
3ee47866-2b59-43e0-b7f1-9a16dd31f4cb,a5056db6-7873-46ba-8430-195e75af04b5,2024,114342000.0,81975000.0,2026-08-18T11:48:58.792147
07992a0a-3dca-456e-aab8-ac242609fbb6,a5056db6-7873-46ba-8430-195e75af04b5,2025,128794000.0,92629000.0,2026-08-18T11:48:58.792150
c37796e2-7e98-4c7f-b83b-8815ba351ae7,47d71cc3-ab7c-4a29-9370-aa28d74659c6,2020,52271000.0,34977000.0,2026-08-18T11:48:58.792191
a09a55a1-e33e-49bb-b3f9-e0c01f467e53,47d71cc3-ab7c-4a29-9370-aa28d74659c6,2021,56420000.0,40052000.0,2026-08-18T11:48:58.792194
45ea31bc-2771-460c-87eb-e30dad295d0a,47d71cc3-ab7c-4a29-9370-aa28d74659c6,2022,63774000.0,40635000.0,2026-08-18T11:48:58.792197
518fe447-f374-4450-b4b9-d31ac487eb26,47d71cc3-ab7c-4a29-9370-aa28d74659c6,2023,68150000.0,40958000.0,2026-08-18T11:48:58.792200
003a5f7f-b75d-4b5c-ac01-33c598d40e66,47d71cc3-ab7c-4a29-9370-aa28d74659c6,2024,75263000.0,46808000.0,2026-08-18T11:48:58.792204
817a2a65-404d-4901-b590-83eb5da1fd22,47d71cc3-ab7c-4a29-9370-aa28d74659c6,2025,84543000.0,50793000.0,2026-08-18T11:48:58.792207
e31478da-0feb-4d77-852c-1754209358ac,eb37270f-639f-44c6-af1b-8c75392a53bc,2020,3710000.0,2613000.0,2026-08-18T11:48:58.792236
527cbcdc-2e07-4556-9a26-aa634e965192,eb37270f-639f-44c6-af1b-8c75392a53bc,2021,4279000.0,2781000.0,2026-08-18T11:48:58.792239
b5668b07-21c4-48ed-bfbc-d56ae1ab9e2e,eb37270f-639f-44c6-af1b-8c75392a53bc,2022,5054000.0,3226000.0,2026-08-18T11:48:58.792244
634b0ea5-da07-4361-8a99-ff9b5fe803e7,eb37270f-639f-44c6-af1b-8c75392a53bc,2023,5712000.0,3962000.0,2026-08-18T11:48:58.792247
473fa926-8877-4685-a949-9be582db5652,eb37270f-639f-44c6-af1b-8c75392a53bc,2024,6359000.0,4125000.0,2026-08-18T11:48:58.792251
acd439e8-fd58-47fe-97af-9457ec376049,eb37270f-639f-44c6-af1b-8c75392a53bc,2025,7387000.0,4829000.0,2026-08-18T11:48:58.792254
5bc72d80-8764-4f1d-a876-e67fa95e6b7c,188c8121-1ed6-49ca-9a8f-4dae12cedf47,2020,12310000.0,8366000.0,2026-08-18T11:48:58.792289
96bb618a-5bda-4f49-b8cf-f83b411223ef,188c8121-1ed6-49ca-9a8f-4dae12cedf47,2021,13711000.0,9384000.0,2026-08-18T11:48:58.792292
7f09e05e-6b24-4c7a-b0c1-887a29936f39,188c8121-1ed6-49ca-9a8f-4dae12cedf47,2022,15460000.0,10130000.0,2026-08-18T11:48:58.792295
1ffee4ab-4542-429d-8f30-21947f2a6280,188c8121-1ed6-49ca-9a8f-4dae12cedf47,2023,16606000.0,10052000.0,2026-08-18T11:48:58.792298
243bb035-410b-4da6-b662-8772298e5334,188c8121-1ed6-49ca-9a8f-4dae12cedf47,2024,18426000.0,12011000.0,2026-08-18T11:48:58.792301
9f1e4c7e-d76c-4efd-9627-4c44f22223a1,188c8121-1ed6-49ca-9a8f-4dae12cedf47,2025,21062000.0,14778000.0,2026-08-18T11:48:58.792305
f5d5cd34-085a-4357-b0d5-85a291e3b2f3,6d1313ed-ec8d-4e65-a888-8489d2bffbc6,2020,753000.0,539000.0,2026-08-18T11:48:58.792347
8c6fb5be-dedd-4710-9489-38eba37c6de1,6d1313ed-ec8d-4e65-a888-8489d2bffbc6,2021,853000.0,542000.0,2026-08-18T11:48:58.792351
74ba6449-ce65-4630-b08d-25ef840228de,6d1313ed-ec8d-4e65-a888-8489d2bffbc6,2022,966000.0,675000.0,2026-08-18T11:48:58.792354
f9eb4258-99d2-4d1a-89df-2fb64c5f926f,6d1313ed-ec8d-4e65-a888-8489d2bffbc6,2023,1085000.0,672000.0,2026-08-18T11:48:58.792358
c0260dda-ee87-4bfc-879e-70395f34892a,6d1313ed-ec8d-4e65-a888-8489d2bffbc6,2024,1202000.0,808000.0,2026-08-18T11:48:58.792361
664b2cae-f2bd-4209-84f0-44f6b6781727,6d1313ed-ec8d-4e65-a888-8489d2bffbc6,2025,1401000.0,932000.0,2026-08-18T11:48:58.792364
964ac6df-3d6b-47a2-90ab-17af9c96ceea,16a56a2f-89b9-4207-9898-8853ea99268a,2020,12971000.0,8239000.0,2026-08-18T11:48:58.792405
24737d38-3314-4ab6-8fb4-82ec5cb9a311,16a56a2f-89b9-4207-9898-8853ea99268a,2021,14139000.0,9194000.0,2026-08-18T11:48:58.792410
22725731-6944-4cdb-8015-77afc431d32b,16a56a2f-89b9-4207-9898-8853ea99268a,2022,14670000.0,8856000.0,2026-08-18T11:48:58.792414
296a2c1e-972e-4293-bb30-6755adebc676,16a56a2f-89b9-4207-9898-8853ea99268a,2023,15718000.0,9972000.0,2026-08-18T11:48:58.792418
530f9cd0-2902-438b-8801-c8b3e3247ab2,16a56a2f-89b9-4207-9898-8853ea99268a,2024,17415000.0,11325000.0,2026-08-18T11:48:58.792422
384aca14-dbce-4ca0-8847-7e90766133a4,16a56a2f-89b9-4207-9898-8853ea99268a,2025,18385000.0,11534000.0,2026-08-18T11:48:58.792425
4b798291-4833-4c17-b986-05834e6319ae,75df870d-d534-46ec-af5b-9fd967cb5075,2020,4960000.0,3316000.0,2026-08-18T11:48:58.792461
f19b6399-248f-457b-96d2-8aa04369a642,75df870d-d534-46ec-af5b-9fd967cb5075,2021,5846000.0,4124000.0,2026-08-18T11:48:58.792464
91caa963-0b97-4acd-b93d-bdda8b1a4b1f,75df870d-d534-46ec-af5b-9fd967cb5075,2022,6644000.0,4402000.0,2026-08-18T11:48:58.792467
91aabdc6-7c8f-4e79-a12f-3e37bda467d8,75df870d-d534-46ec-af5b-9fd967cb5075,2023,7388000.0,4974000.0,2026-08-18T11:48:58.792472
7810db1d-e4eb-42ae-8452-ad961b554888,75df870d-d534-46ec-af5b-9fd967cb5075,2024,8523000.0,6115000.0,2026-08-18T11:48:58.792475
0ac72e6d-820a-4c69-8127-5b3fd281839f,75df870d-d534-46ec-af5b-9fd967cb5075,2025,10006000.0,7186000.0,2026-08-18T11:48:58.792478
9f150cae-f6d9-41d1-b32f-d9d145117644,1be85df1-bbbf-4b33-8dec-f04657f74c23,2020,2776000.0,1911000.0,2026-08-18T11:48:58.792519
53d66c0e-ad07-429a-96df-2b2e46e1beed,1be85df1-bbbf-4b33-8dec-f04657f74c23,2021,3096000.0,1954000.0,2026-08-18T11:48:58.792522
a0309b2b-bda6-463b-97bc-98b94fb7aecf,1be85df1-bbbf-4b33-8dec-f04657f74c23,2022,3566000.0,2445000.0,2026-08-18T11:48:58.792525
04db2c8b-f364-4bed-bb30-7bd8a9b9fe3a,1be85df1-bbbf-4b33-8dec-f04657f74c23,2023,3808000.0,2578000.0,2026-08-18T11:48:58.792528
101eb56c-086e-41d4-8df8-5002be2c1428,1be85df1-bbbf-4b33-8dec-f04657f74c23,2024,4186000.0,2823000.0,2026-08-18T11:48:58.792532
d78ac241-ca85-4daf-966a-4998453d3d3f,1be85df1-bbbf-4b33-8dec-f04657f74c23,2025,4783000.0,3285000.0,2026-08-18T11:48:58.792535
44821a1a-c66a-4d6c-a048-6a432b96158f,5251ab2d-abfd-4a03-8871-eeb640012530,2020,9892000.0,6264000.0,2026-08-18T11:48:58.792563
3c823afe-259d-4b64-8cb8-fb2b77d41925,5251ab2d-abfd-4a03-8871-eeb640012530,2021,10452000.0,7398000.0,2026-08-18T11:48:58.792566
e0d6f7e7-0221-4a95-b3b7-36ea2bfb69fd,5251ab2d-abfd-4a03-8871-eeb640012530,2022,11494000.0,6966000.0,2026-08-18T11:48:58.792569
fecba0b8-a429-4ea5-beef-823942bedb9f,5251ab2d-abfd-4a03-8871-eeb640012530,2023,12540000.0,8161000.0,2026-08-18T11:48:58.792572
402af063-69df-45c7-8e50-1d2c378729a5,5251ab2d-abfd-4a03-8871-eeb640012530,2024,12745000.0,7920000.0,2026-08-18T11:48:58.792575
0fc62b3d-addd-483c-96a7-6077805fed87,5251ab2d-abfd-4a03-8871-eeb640012530,2025,13818000.0,9080000.0,2026-08-18T11:48:58.792579
5a934f1b-8833-4a01-a8b2-881818eb9428,cf33c813-572d-4be5-a16c-e9484dbe6d8a,2020,3837000.0,2374000.0,2026-08-18T11:48:58.792615
b23689db-a19e-41d7-b34a-cd2603cc8ae3,cf33c813-572d-4be5-a16c-e9484dbe6d8a,2021,4182000.0,2939000.0,2026-08-18T11:48:58.792618
bb811849-9f1e-4a41-a2ab-d2939b23084f,cf33c813-572d-4be5-a16c-e9484dbe6d8a,2022,4318000.0,2711000.0,2026-08-18T11:48:58.792621
8f8192ea-b1e7-46ec-bcda-6cfe6a133425,cf33c813-572d-4be5-a16c-e9484dbe6d8a,2023,4835000.0,2922000.0,2026-08-18T11:48:58.792624
061234cc-9365-4488-a2fa-a22cd46b6314,cf33c813-572d-4be5-a16c-e9484dbe6d8a,2024,5105000.0,3380000.0,2026-08-18T11:48:58.792628
9d6331a9-b42b-47cc-a3fa-cf14419a18bc,cf33c813-572d-4be5-a16c-e9484dbe6d8a,2025,5524000.0,3874000.0,2026-08-18T11:48:58.792631
192e525f-b843-4a6e-a9fb-5f6293491f82,b3f95265-d091-4fb5-850a-bd93c3c05acb,2020,12618000.0,8047000.0,2026-08-18T11:48:58.792676
71b49b11-725d-45b0-80c4-5bcea0adb12e,b3f95265-d091-4fb5-850a-bd93c3c05acb,2021,13882000.0,8971000.0,2026-08-18T11:48:58.792679
00d7fd3b-e9a7-48f6-ae67-bfe980995dd6,b3f95265-d091-4fb5-850a-bd93c3c05acb,2022,15119000.0,10283000.0,2026-08-18T11:48:58.792682
2b22143d-25c6-4fb3-a53f-9fc3fd57b7f1,b3f95265-d091-4fb5-850a-bd93c3c05acb,2023,15856000.0,10361000.0,2026-08-18T11:48:58.792686
5ac0efc5-b696-43d4-bae8-e3944551c3cf,b3f95265-d091-4fb5-850a-bd93c3c05acb,2024,17488000.0,11135000.0,2026-08-18T11:48:58.792689
749fa968-e2f0-4ef2-9e61-1f42163d52f0,b3f95265-d091-4fb5-850a-bd93c3c05acb,2025,18560000.0,12679000.0,2026-08-18T11:48:58.792692
a2f83008-158e-4a1c-888b-d87899a3f690,43c9139a-b7eb-4b3f-8aac-ec6bf808f1b3,2020,1247000.0,772000.0,2026-08-18T11:48:58.792735
c737cbed-5181-4598-98e7-adaf7fecf508,43c9139a-b7eb-4b3f-8aac-ec6bf808f1b3,2021,1405000.0,931000.0,2026-08-18T11:48:58.792738
e02e3215-7201-4252-9990-ea30d74f5833,43c9139a-b7eb-4b3f-8aac-ec6bf808f1b3,2022,1544000.0,1102000.0,2026-08-18T11:48:58.792741
5c377d64-7874-4969-a51e-af25b5a4ba60,43c9139a-b7eb-4b3f-8aac-ec6bf808f1b3,2023,1821000.0,1127000.0,2026-08-18T11:48:58.792746
5a6ac82f-ba61-44b1-9f0e-9fc9fda7c3b0,43c9139a-b7eb-4b3f-8aac-ec6bf808f1b3,2024,1972000.0,1334000.0,2026-08-18T11:48:58.792749
69bbee31-8878-4342-9fbd-8065e79a75f1,43c9139a-b7eb-4b3f-8aac-ec6bf808f1b3,2025,2306000.0,1570000.0,2026-08-18T11:48:58.792752
4406e7a9-68b6-4dd2-ab76-4a89f8f719e2,ea78537d-6b68-4b75-8e1b-79adb126ddbf,2020,3983000.0,2412000.0,2026-08-18T11:48:58.792795
06b1b6a4-b838-420c-91a4-f783593c1a94,ea78537d-6b68-4b75-8e1b-79adb126ddbf,2021,4480000.0,3116000.0,2026-08-18T11:48:58.792799
c1092035-26a9-4b1f-a65f-e0db3cdd31be,ea78537d-6b68-4b75-8e1b-79adb126ddbf,2022,4991000.0,3119000.0,2026-08-18T11:48:58.792802
bffb7a5b-68de-4c61-aac0-00b9df982c0f,ea78537d-6b68-4b75-8e1b-79adb126ddbf,2023,5342000.0,3799000.0,2026-08-18T11:48:58.792805
0e23a934-db2b-416b-a531-39ed7889f610,ea78537d-6b68-4b75-8e1b-79adb126ddbf,2024,5821000.0,3527000.0,2026-08-18T11:48:58.792808
eb0e62cd-2624-4c9b-8fe0-8811cf70be9e,ea78537d-6b68-4b75-8e1b-79adb126ddbf,2025,6639000.0,4333000.0,2026-08-18T11:48:58.792811
5f615112-0540-4c18-8d1d-83fa0742c5e5,04645512-5401-48fe-8480-d94ef96e9901,2020,2335000.0,1405000.0,2026-08-18T11:48:58.792839
e9114f5f-d9d1-41e6-aad3-40b4cd1955d6,04645512-5401-48fe-8480-d94ef96e9901,2021,2513000.0,1587000.0,2026-08-18T11:48:58.792842
250828c1-922f-4c79-9bf7-97f4f345b0fb,04645512-5401-48fe-8480-d94ef96e9901,2022,2791000.0,1994000.0,2026-08-18T11:48:58.792846
990391e0-6d12-49b7-aa42-53ffd2129c8c,04645512-5401-48fe-8480-d94ef96e9901,2023,3281000.0,2083000.0,2026-08-18T11:48:58.792849
e5bf07a5-f588-4224-9146-3df82c78114c,04645512-5401-48fe-8480-d94ef96e9901,2024,3519000.0,2389000.0,2026-08-18T11:48:58.792852
c678116d-48b9-42cd-a355-94c4fa8766da,04645512-5401-48fe-8480-d94ef96e9901,2025,4080000.0,2593000.0,2026-08-18T11:48:58.792855
0bfbcc7a-d60b-4bfb-be38-de127378862a,6f97565f-a5f4-4ab2-858f-a9ee82fca01b,2020,7283000.0,4911000.0,2026-08-18T11:48:58.792894
31903b9c-3e2a-4155-bbdf-3b21fce785bc,6f97565f-a5f4-4ab2-858f-a9ee82fca01b,2021,8506000.0,5470000.0,2026-08-18T11:48:58.792898
2c1e41c5-d587-487d-a2a3-df8e5e6ad303,6f97565f-a5f4-4ab2-858f-a9ee82fca01b,2022,9517000.0,6622000.0,2026-08-18T11:48:58.792901
44b4968f-fc28-4698-b5fe-bb7899f76de9,6f97565f-a5f4-4ab2-858f-a9ee82fca01b,2023,10522000.0,6738000.0,2026-08-18T11:48:58.792904
f8b8991a-60f0-4463-bf5c-bb9ea141cb0c,6f97565f-a5f4-4ab2-858f-a9ee82fca01b,2024,12109000.0,7741000.0,2026-08-18T11:48:58.792907
d8699e50-6331-4136-a5f7-6f9a469218db,6f97565f-a5f4-4ab2-858f-a9ee82fca01b,2025,13648000.0,8196000.0,2026-08-18T11:48:58.792911
6f77c8d2-fc75-4fde-a578-fb418fa88e60,34901bd3-3f17-408a-a26a-3db572fe33d8,2020,1859000.0,1177000.0,2026-08-18T11:48:58.792944
b822a5e7-17ac-4e7a-ac6e-dd0ea76d02f9,34901bd3-3f17-408a-a26a-3db572fe33d8,2021,2110000.0,1275000.0,2026-08-18T11:48:58.792948
9bc85c81-1f09-4056-8b7a-c439c7f68cd5,34901bd3-3f17-408a-a26a-3db572fe33d8,2022,2336000.0,1626000.0,2026-08-18T11:48:58.792952
e14be4b7-959b-4ccc-8239-6aab68badac8,34901bd3-3f17-408a-a26a-3db572fe33d8,2023,2576000.0,1646000.0,2026-08-18T11:48:58.792955
097d6f75-e95e-43de-8ef3-6903ebb5359f,34901bd3-3f17-408a-a26a-3db572fe33d8,2024,2875000.0,1936000.0,2026-08-18T11:48:58.792958
6a32f22d-7ec3-44d1-8303-81798a042964,34901bd3-3f17-408a-a26a-3db572fe33d8,2025,3266000.0,2277000.0,2026-08-18T11:48:58.792961
92415512-f88d-4ee9-8b0f-a6361f6ba57c,ac035406-0974-4589-8aca-dbbb174282b4,2020,1115000.0,794000.0,2026-08-18T11:48:58.792996
b0024fdb-ff8a-4b3c-adc9-6279206fa809,ac035406-0974-4589-8aca-dbbb174282b4,2021,1239000.0,873000.0,2026-08-18T11:48:58.792999
91ff4652-7882-439d-a033-d4f98a63e75a,ac035406-0974-4589-8aca-dbbb174282b4,2022,1316000.0,907000.0,2026-08-18T11:48:58.793002
f75dbc5d-1dd6-4d06-8d4b-2f4dba43000c,ac035406-0974-4589-8aca-dbbb174282b4,2023,1440000.0,1005000.0,2026-08-18T11:48:58.793006
d15c912a-e178-4d7e-8592-776e6af77969,ac035406-0974-4589-8aca-dbbb174282b4,2024,1548000.0,1043000.0,2026-08-18T11:48:58.793009
a636fe60-fb35-4d0e-a1b7-ec1c35f998f7,ac035406-0974-4589-8aca-dbbb174282b4,2025,1660000.0,1165000.0,2026-08-18T11:48:58.793013
5b57ebeb-9ff2-404f-b4b0-8899abd60fba,62fbf4a8-1317-4ec7-828b-cbed2a193f33,2020,39355000.0,24706000.0,2026-08-18T11:48:58.793038
d2e6321c-0ab7-42b2-8008-206b3cb65b12,62fbf4a8-1317-4ec7-828b-cbed2a193f33,2021,43990000.0,27006000.0,2026-08-18T11:48:58.793041
f1a647b8-c565-4afc-ab70-f984a51e4775,62fbf4a8-1317-4ec7-828b-cbed2a193f33,2022,52020000.0,35385000.0,2026-08-18T11:48:58.793045
eb3f0640-3dac-4908-95b3-d107eef9aae1,62fbf4a8-1317-4ec7-828b-cbed2a193f33,2023,57527000.0,37626000.0,2026-08-18T11:48:58.793048
cfbdd256-c373-42e7-9f41-5a59986fb0b0,62fbf4a8-1317-4ec7-828b-cbed2a193f33,2024,66564000.0,43246000.0,2026-08-18T11:48:58.793051
62e7feb9-004e-4ee2-921a-2ce76f7a1283,62fbf4a8-1317-4ec7-828b-cbed2a193f33,2025,76452000.0,48393000.0,2026-08-18T11:48:58.793054
a8b8b0a7-fe05-4258-b7e2-40645af5c061,14195c22-25e6-4a0f-92d8-4cb15554b898,2020,6514000.0,4116000.0,2026-08-18T11:48:58.793081
b2824e8d-dd1e-4be2-a4c6-134c5fd657d2,14195c22-25e6-4a0f-92d8-4cb15554b898,2021,7279000.0,4875000.0,2026-08-18T11:48:58.793084
f2776fe8-6ced-4b5f-a384-e77fd77cb07e,14195c22-25e6-4a0f-92d8-4cb15554b898,2022,8437000.0,5594000.0,2026-08-18T11:48:58.793087
c51ad64e-96c4-48b2-8e5c-a669446c687c,14195c22-25e6-4a0f-92d8-4cb15554b898,2023,9091000.0,6483000.0,2026-08-18T11:48:58.793091
28e60071-d7c4-480a-936e-8f827ae0a7c7,14195c22-25e6-4a0f-92d8-4cb15554b898,2024,10507000.0,6439000.0,2026-08-18T11:48:58.793094
d6fc0415-52dc-4ad2-abdd-40a38ebabe38,14195c22-25e6-4a0f-92d8-4cb15554b898,2025,11950000.0,8242000.0,2026-08-18T11:48:58.793097
257ba88b-ee20-463f-88d6-a6bbaebd0207,f1419c2e-aae8-42a6-b7ba-9e68959d49c5,2020,7808000.0,4705000.0,2026-08-18T11:48:58.793132
44330641-b0a8-4e70-97ae-08486c933c70,f1419c2e-aae8-42a6-b7ba-9e68959d49c5,2021,8059000.0,5116000.0,2026-08-18T11:48:58.793136
01cff654-a22f-4405-a211-54528f42163c,f1419c2e-aae8-42a6-b7ba-9e68959d49c5,2022,8774000.0,5753000.0,2026-08-18T11:48:58.793139
e8ac8ffe-8920-4327-aad0-1a8631f67334,f1419c2e-aae8-42a6-b7ba-9e68959d49c5,2023,9290000.0,6200000.0,2026-08-18T11:48:58.793142
d81b01ed-aa9d-4f88-85d3-c94cde70b916,f1419c2e-aae8-42a6-b7ba-9e68959d49c5,2024,10255000.0,6936000.0,2026-08-18T11:48:58.793146
791d82d4-0b40-47dd-9875-126302b4e7a7,f1419c2e-aae8-42a6-b7ba-9e68959d49c5,2025,11030000.0,7400000.0,2026-08-18T11:48:58.793149
98a3c02a-125e-4ed8-af25-0053cdc0203e,ad1662ad-349c-459e-959a-e6f79ac93849,2020,1594000.0,1008000.0,2026-08-18T11:48:58.793182
82a75863-af75-4e9f-b4df-c0bf37ac9802,ad1662ad-349c-459e-959a-e6f79ac93849,2021,1646000.0,1174000.0,2026-08-18T11:48:58.793186
a9db7ad9-2451-4987-8dba-855aa917aa7c,ad1662ad-349c-459e-959a-e6f79ac93849,2022,1820000.0,1165000.0,2026-08-18T11:48:58.793189
d092c539-7db3-4797-8428-677b4c54fabf,ad1662ad-349c-459e-959a-e6f79ac93849,2023,1925000.0,1258000.0,2026-08-18T11:48:58.793192
c0626161-dd7f-4209-9d3d-319362dd04c7,ad1662ad-349c-459e-959a-e6f79ac93849,2024,2019000.0,1268000.0,2026-08-18T11:48:58.793195
427f91cd-e72e-425b-85a7-0438d6d1f164,ad1662ad-349c-459e-959a-e6f79ac93849,2025,2221000.0,1413000.0,2026-08-18T11:48:58.793199
97522a8d-a5ed-4485-8615-7b0789c3fdb9,e78b7b65-eca9-4bfd-ab6b-089afa470c57,2020,13025000.0,8787000.0,2026-08-18T11:48:58.793242
6063d99e-98b4-46c2-ac4b-5277ae26cee9,e78b7b65-eca9-4bfd-ab6b-089afa470c57,2021,15514000.0,10535000.0,2026-08-18T11:48:58.793245
63e42dc1-73f2-4937-8637-bbaa13075720,e78b7b65-eca9-4bfd-ab6b-089afa470c57,2022,17304000.0,11324000.0,2026-08-18T11:48:58.793249
722ebd15-00cc-4f6e-997f-dabe85f8e8ac,e78b7b65-eca9-4bfd-ab6b-089afa470c57,2023,19503000.0,13343000.0,2026-08-18T11:48:58.793252
b0ab5e5e-7c05-445d-b6ec-00155acc50eb,e78b7b65-eca9-4bfd-ab6b-089afa470c57,2024,23618000.0,16889000.0,2026-08-18T11:48:58.793256
c6b1845b-361f-4357-b223-07acd8472828,e78b7b65-eca9-4bfd-ab6b-089afa470c57,2025,25970000.0,16208000.0,2026-08-18T11:48:58.793267
c3957389-e732-42e5-a02c-f32ba0676053,bc95486e-a0eb-4d95-932d-595007d4cd8b,2020,40373000.0,25811000.0,2026-08-18T11:48:58.793306
c670dc08-bfab-445d-b47f-41d5d385bfd2,bc95486e-a0eb-4d95-932d-595007d4cd8b,2021,44955000.0,31542000.0,2026-08-18T11:48:58.793309
662c7e79-0622-405e-8f83-b77427745e56,bc95486e-a0eb-4d95-932d-595007d4cd8b,2022,49711000.0,34106000.0,2026-08-18T11:48:58.793312
d68f3c2d-6b8e-4c0f-8e06-e6f4add33f8e,bc95486e-a0eb-4d95-932d-595007d4cd8b,2023,55893000.0,34423000.0,2026-08-18T11:48:58.793315
753af676-2672-4b82-9fba-0c9e07713029,bc95486e-a0eb-4d95-932d-595007d4cd8b,2024,64470000.0,46281000.0,2026-08-18T11:48:58.793318
533a7f48-6f8d-4d5e-baa7-83a90a34bae0,bc95486e-a0eb-4d95-932d-595007d4cd8b,2025,72524000.0,52092000.0,2026-08-18T11:48:58.793321
9a76e497-54f1-4778-864c-fd88677200be,27418626-b34b-4213-88a3-87158e3ba2ad,2020,3319000.0,2262000.0,2026-08-18T11:48:58.793364
cc7aa90a-11ee-47b7-987a-846990311930,27418626-b34b-4213-88a3-87158e3ba2ad,2021,3909000.0,2774000.0,2026-08-18T11:48:58.793367
ab5943a2-ca18-4566-9ab3-bc230b182f17,27418626-b34b-4213-88a3-87158e3ba2ad,2022,4328000.0,3040000.0,2026-08-18T11:48:58.793370
0ef6f534-db5b-4e30-b7c5-b8e36f01e330,27418626-b34b-4213-88a3-87158e3ba2ad,2023,4732000.0,2951000.0,2026-08-18T11:48:58.793373
06b4988a-8d57-45c3-928c-8677544df870,27418626-b34b-4213-88a3-87158e3ba2ad,2024,5425000.0,3303000.0,2026-08-18T11:48:58.793377
3ec4f4b4-2639-4948-996d-60385c200f91,27418626-b34b-4213-88a3-87158e3ba2ad,2025,5816000.0,3673000.0,2026-08-18T11:48:58.793381
d0593a02-9783-469e-8859-993303e2c16d,f323780d-2f1e-49c3-834f-f02d5dcd13b5,2020,23412000.0,15760000.0,2026-08-18T11:48:58.793422
d989ca10-103a-480d-b8a5-8e2fdd36e4ca,f323780d-2f1e-49c3-834f-f02d5dcd13b5,2021,24146000.0,16944000.0,2026-08-18T11:48:58.793425
9fe58143-70f0-4c85-be8a-d8204efc6b2f,f323780d-2f1e-49c3-834f-f02d5dcd13b5,2022,26796000.0,16126000.0,2026-08-18T11:48:58.793429
6ac6d7d9-e0e1-4440-b84c-3e62cc0d8ca4,f323780d-2f1e-49c3-834f-f02d5dcd13b5,2023,28744000.0,18024000.0,2026-08-18T11:48:58.793432
4cc6876e-327c-46bf-8c0f-c5c785021265,f323780d-2f1e-49c3-834f-f02d5dcd13b5,2024,31825000.0,19354000.0,2026-08-18T11:48:58.793435
77384773-5535-4200-90e4-9420651d81fd,f323780d-2f1e-49c3-834f-f02d5dcd13b5,2025,34523000.0,21659000.0,2026-08-18T11:48:58.793438
641fb358-52c5-4fe5-95ce-8282d185556e,4cd40343-437b-44f2-898a-bc952e380a37,2020,12092000.0,8593000.0,2026-08-18T11:48:58.793464
f3450591-05cb-4738-99aa-7fc123779f20,4cd40343-437b-44f2-898a-bc952e380a37,2021,13992000.0,9683000.0,2026-08-18T11:48:58.793468
dfe3cda4-8068-4240-9fdd-6edd5b458182,4cd40343-437b-44f2-898a-bc952e380a37,2022,15916000.0,10380000.0,2026-08-18T11:48:58.793471
1222ada7-e921-4cbb-ab73-025d2f6f995b,4cd40343-437b-44f2-898a-bc952e380a37,2023,17341000.0,12427000.0,2026-08-18T11:48:58.793474
7ce96440-daa8-47d0-aa64-0b686a47a9ce,4cd40343-437b-44f2-898a-bc952e380a37,2024,19614000.0,12496000.0,2026-08-18T11:48:58.793477
048da714-c646-4ab3-ab8e-e387c782e08f,4cd40343-437b-44f2-898a-bc952e380a37,2025,23344000.0,14625000.0,2026-08-18T11:48:58.793480
b5af771c-9266-4b58-8b00-1306a537f1e6,7d96b2b1-2027-45aa-8070-57203283ff0b,2020,26099000.0,16255000.0,2026-08-18T11:48:58.793515
60dcd883-54c9-4963-aa0f-7faddf112743,7d96b2b1-2027-45aa-8070-57203283ff0b,2021,29965000.0,18240000.0,2026-08-18T11:48:58.793519
31ad43a2-98b6-438a-9328-b647da002913,7d96b2b1-2027-45aa-8070-57203283ff0b,2022,34383000.0,21353000.0,2026-08-18T11:48:58.793522
55ed8b86-f80f-4443-bb36-2277c539c61e,7d96b2b1-2027-45aa-8070-57203283ff0b,2023,37694000.0,25592000.0,2026-08-18T11:48:58.793525
4af9cf86-2184-4910-b8ac-27fa7ab38860,7d96b2b1-2027-45aa-8070-57203283ff0b,2024,43214000.0,30862000.0,2026-08-18T11:48:58.793528
23e1377c-82ca-47dc-86e9-3c3405becfab,7d96b2b1-2027-45aa-8070-57203283ff0b,2025,48393000.0,30356000.0,2026-08-18T11:48:58.793540
0753b9dd-a9d9-4c5a-8cfb-94a980c2c65a,a64780eb-0741-49af-bf19-3b3ba056f57c,2020,26422000.0,18890000.0,2026-08-18T11:48:58.793569
2c80b62b-2e72-4d32-905b-bf56d8a824ba,a64780eb-0741-49af-bf19-3b3ba056f57c,2021,28772000.0,18752000.0,2026-08-18T11:48:58.793572
c2de8ff8-6087-4c67-8be3-53c0dacea9cf,a64780eb-0741-49af-bf19-3b3ba056f57c,2022,30455000.0,19606000.0,2026-08-18T11:48:58.793575
bcdae27f-1a43-456f-ae3f-7a9009d8f519,a64780eb-0741-49af-bf19-3b3ba056f57c,2023,33864000.0,23286000.0,2026-08-18T11:48:58.793578
4deab0d5-9b75-4610-81bd-918783592ea3,a64780eb-0741-49af-bf19-3b3ba056f57c,2024,35770000.0,22355000.0,2026-08-18T11:48:58.793581
67664973-b740-4896-a727-3f790c81bd55,a64780eb-0741-49af-bf19-3b3ba056f57c,2025,40207000.0,26744000.0,2026-08-18T11:48:58.793584
1601158f-248d-4805-b70d-621f5dcc1a6d,6a4147e2-b611-4fb1-8655-7493a3e01b0f,2020,48720000.0,33219000.0,2026-08-18T11:48:58.793629
943f0f26-52d7-4e72-bbbb-ff49d24def3b,6a4147e2-b611-4fb1-8655-7493a3e01b0f,2021,55673000.0,37500000.0,2026-08-18T11:48:58.793632
8d033ec6-f21b-4379-806c-d02c7cbe1654,6a4147e2-b611-4fb1-8655-7493a3e01b0f,2022,64311000.0,45440000.0,2026-08-18T11:48:58.793637
207b583c-9484-4f54-8b6c-9801bbfb97b7,6a4147e2-b611-4fb1-8655-7493a3e01b0f,2023,73958000.0,47270000.0,2026-08-18T11:48:58.793640
e5632b67-76ee-424f-8890-47270495538d,6a4147e2-b611-4fb1-8655-7493a3e01b0f,2024,81681000.0,56177000.0,2026-08-18T11:48:58.793643
8dfcce98-3509-4174-a7c4-c99a137b6079,6a4147e2-b611-4fb1-8655-7493a3e01b0f,2025,93788000.0,60010000.0,2026-08-18T11:48:58.793646
911559ad-024d-4b9c-8751-7104d7b1a2e0,38981549-19fb-4a4e-90a3-d0f68b8ed4f5,2020,4283000.0,2787000.0,2026-08-18T11:48:58.793691
5d4aa9de-f807-47ab-a086-1bf1648fbe9d,38981549-19fb-4a4e-90a3-d0f68b8ed4f5,2021,5026000.0,3273000.0,2026-08-18T11:48:58.793695
1800ceb0-6aa3-4c0b-972e-e319f4f29fdc,38981549-19fb-4a4e-90a3-d0f68b8ed4f5,2022,5492000.0,3663000.0,2026-08-18T11:48:58.793698
5ff12ed8-6ff2-44c6-8212-32d6ad12d7c6,38981549-19fb-4a4e-90a3-d0f68b8ed4f5,2023,6316000.0,4021000.0,2026-08-18T11:48:58.793701
2a3d64be-6c73-4cd6-a814-ae0ec01d060a,38981549-19fb-4a4e-90a3-d0f68b8ed4f5,2024,6915000.0,4861000.0,2026-08-18T11:48:58.793704
bfc37158-3cff-4beb-a4ee-c021a1b5b230,38981549-19fb-4a4e-90a3-d0f68b8ed4f5,2025,7794000.0,4937000.0,2026-08-18T11:48:58.793708
ee1b52f5-9324-4307-8266-e86ccd48a918,5ae0bb52-91cd-442e-8188-e9ea9b44d216,2020,1568000.0,1092000.0,2026-08-18T11:48:58.793742
4cb89c98-33ea-497d-b1e9-b9f4320d1ed1,5ae0bb52-91cd-442e-8188-e9ea9b44d216,2021,1681000.0,1206000.0,2026-08-18T11:48:58.793745
bd998807-c39b-4ca0-b755-c5ebbc117aba,5ae0bb52-91cd-442e-8188-e9ea9b44d216,2022,1780000.0,1224000.0,2026-08-18T11:48:58.793748
0fb3099f-377c-43b8-905e-2317daab5118,5ae0bb52-91cd-442e-8188-e9ea9b44d216,2023,1948000.0,1197000.0,2026-08-18T11:48:58.793751
674a3ad2-3918-4f8c-8fb3-4f8ff65d75de,5ae0bb52-91cd-442e-8188-e9ea9b44d216,2024,2095000.0,1435000.0,2026-08-18T11:48:58.793754
901c595a-5701-48c2-9036-d5a8c490c318,5ae0bb52-91cd-442e-8188-e9ea9b44d216,2025,2183000.0,1493000.0,2026-08-18T11:48:58.793757
d27e3676-ed68-4ba9-bbee-a31126e1dc4a,a6df45e8-c9bb-4e37-89ba-ea797aaba1b4,2020,31246000.0,20647000.0,2026-08-18T11:48:58.793783
96585f60-00bf-4a22-85ed-0cb154234aba,a6df45e8-c9bb-4e37-89ba-ea797aaba1b4,2021,34058000.0,21177000.0,2026-08-18T11:48:58.793786
dec19cd8-d0ab-4c08-a6f0-6bff5494247a,a6df45e8-c9bb-4e37-89ba-ea797aaba1b4,2022,36898000.0,24544000.0,2026-08-18T11:48:58.793789
626ca2c9-3244-40d5-baee-d317354aaf19,a6df45e8-c9bb-4e37-89ba-ea797aaba1b4,2023,40175000.0,26042000.0,2026-08-18T11:48:58.793794
d34879af-eedc-4fbf-ab20-181cbd74fa8a,a6df45e8-c9bb-4e37-89ba-ea797aaba1b4,2024,42672000.0,30638000.0,2026-08-18T11:48:58.793798
0125092a-f9f9-4ef5-a884-cb12faece3f5,a6df45e8-c9bb-4e37-89ba-ea797aaba1b4,2025,46358000.0,31083000.0,2026-08-18T11:48:58.793801
b2f501ee-169d-49df-925b-3b25aeaaf0bb,a38ac576-bbb7-4eec-886b-149bae6dc02e,2020,4210000.0,2750000.0,2026-08-18T11:48:58.793829
8b46ee09-ac6b-45b8-b04f-5db08fc9da1f,a38ac576-bbb7-4eec-886b-149bae6dc02e,2021,4738000.0,3184000.0,2026-08-18T11:48:58.793832
c90bd95b-1524-4370-a2af-1f5c4911a29c,a38ac576-bbb7-4eec-886b-149bae6dc02e,2022,5544000.0,3385000.0,2026-08-18T11:48:58.793835
4914f3e5-4c5e-407c-95b6-d706a121d974,a38ac576-bbb7-4eec-886b-149bae6dc02e,2023,6173000.0,4285000.0,2026-08-18T11:48:58.793838
664e0eec-0a40-4e91-9665-31decd3c3440,a38ac576-bbb7-4eec-886b-149bae6dc02e,2024,7125000.0,4957000.0,2026-08-18T11:48:58.793844
9cd5bdd5-bf9f-4579-9544-26886303a8be,a38ac576-bbb7-4eec-886b-149bae6dc02e,2025,7716000.0,5286000.0,2026-08-18T11:48:58.793847
157021d6-d3e9-470d-bc16-91d8fb33367c,76724c39-b872-46bc-9776-0c1b358ed190,2020,24861000.0,16759000.0,2026-08-18T11:48:58.793882
a8fbe716-edeb-4e11-a41d-dc9e8cdd401a,76724c39-b872-46bc-9776-0c1b358ed190,2021,27270000.0,18610000.0,2026-08-18T11:48:58.793886
59a0073d-8aa5-4c7a-b73a-66ccdde6f775,76724c39-b872-46bc-9776-0c1b358ed190,2022,31727000.0,20105000.0,2026-08-18T11:48:58.793889
b780a1b0-345e-45bc-9134-dc212bfc28de,76724c39-b872-46bc-9776-0c1b358ed190,2023,35377000.0,24370000.0,2026-08-18T11:48:58.793893
4f749376-197c-4cb9-afec-f0e0bd24a581,76724c39-b872-46bc-9776-0c1b358ed190,2024,39130000.0,26908000.0,2026-08-18T11:48:58.793896
d46d622a-9cab-499f-95d3-d5b99d7a4cdd,76724c39-b872-46bc-9776-0c1b358ed190,2025,43225000.0,29852000.0,2026-08-18T11:48:58.793907
80e6fc94-2b26-4d9b-8569-3a2245994223,a2d3fb97-9da1-41dc-9d52-c77d5c288fe2,2020,6881000.0,4869000.0,2026-08-18T11:48:58.793939
612108c9-3a8a-4ee2-aa20-2c709b31eb3e,a2d3fb97-9da1-41dc-9d52-c77d5c288fe2,2021,7184000.0,4314000.0,2026-08-18T11:48:58.793942
aec66d54-be3d-42b8-a244-718bbaf039fb,a2d3fb97-9da1-41dc-9d52-c77d5c288fe2,2022,7937000.0,5322000.0,2026-08-18T11:48:58.793945
258f455c-5d38-4178-9690-b70aaeb5f83d,a2d3fb97-9da1-41dc-9d52-c77d5c288fe2,2023,8846000.0,6348000.0,2026-08-18T11:48:58.793948
302d3ec4-2d83-4163-95e3-2d9c9f5f922e,a2d3fb97-9da1-41dc-9d52-c77d5c288fe2,2024,9772000.0,6969000.0,2026-08-18T11:48:58.793951
fe6d901f-d316-41ab-85a9-2210eb76e2f6,a2d3fb97-9da1-41dc-9d52-c77d5c288fe2,2025,10523000.0,6689000.0,2026-08-18T11:48:58.793957
0044ef0d-edd8-4b9a-ae73-b87fc0e7169b,3d7a9408-e0d0-4140-986d-e65cde8ad307,2020,60663000.0,43431000.0,2026-08-18T11:48:58.793999
d2accb0b-8376-44af-ba2b-4f8775d42871,3d7a9408-e0d0-4140-986d-e65cde8ad307,2021,66173000.0,46494000.0,2026-08-18T11:48:58.794004
362bebea-70ce-4cc3-b07a-35cfe786f092,3d7a9408-e0d0-4140-986d-e65cde8ad307,2022,74401000.0,51393000.0,2026-08-18T11:48:58.794011
6fdf7eec-39c2-4322-86fe-345c2f480b4c,3d7a9408-e0d0-4140-986d-e65cde8ad307,2023,85577000.0,56449000.0,2026-08-18T11:48:58.794014
ede9bbfa-b0d9-4c18-bf54-436670d9a7d9,3d7a9408-e0d0-4140-986d-e65cde8ad307,2024,92886000.0,66724000.0,2026-08-18T11:48:58.794017
4f08470f-2ded-4484-9043-fc6efae9ab33,3d7a9408-e0d0-4140-986d-e65cde8ad307,2025,104740000.0,67600000.0,2026-08-18T11:48:58.794021
2128eb05-84f2-4c43-a6d2-d25a2577f030,31197c03-db35-4ac2-a887-49e4c6f81370,2020,43605000.0,29796000.0,2026-08-18T11:48:58.794066
16974c83-c89a-4c04-8dc0-525ce4ea82d0,31197c03-db35-4ac2-a887-49e4c6f81370,2021,48573000.0,33858000.0,2026-08-18T11:48:58.794070
2b8cb714-85fc-4add-9b9b-6e2c5cbc57ba,31197c03-db35-4ac2-a887-49e4c6f81370,2022,51261000.0,33528000.0,2026-08-18T11:48:58.794073
62384ad5-601c-42d1-95cc-1bf29c14a526,31197c03-db35-4ac2-a887-49e4c6f81370,2023,55425000.0,37844000.0,2026-08-18T11:48:58.794076
2ce1513f-318f-4d28-a55b-129247262b19,31197c03-db35-4ac2-a887-49e4c6f81370,2024,59737000.0,42785000.0,2026-08-18T11:48:58.794080
ccafc299-b3fc-44c9-8ac0-36d281ac6aac,31197c03-db35-4ac2-a887-49e4c6f81370,2025,64903000.0,42696000.0,2026-08-18T11:48:58.794083
1a683000-762f-459b-bd97-fd1771f933aa,b1443723-50bf-4ccd-a890-2bb1714e3777,2020,11071000.0,6662000.0,2026-08-18T11:48:58.794118
fc8f65dc-57ca-4235-807c-d3397a500728,b1443723-50bf-4ccd-a890-2bb1714e3777,2021,12198000.0,7362000.0,2026-08-18T11:48:58.794122
2a631aba-d178-4a49-9f48-1473ba392873,b1443723-50bf-4ccd-a890-2bb1714e3777,2022,13974000.0,8558000.0,2026-08-18T11:48:58.794125
c26f0db6-a014-41d5-a07c-09c6c1f38cc5,b1443723-50bf-4ccd-a890-2bb1714e3777,2023,15169000.0,10684000.0,2026-08-18T11:48:58.794128
d3806cc9-8ce4-4aad-b0fe-32562ca9cc0f,b1443723-50bf-4ccd-a890-2bb1714e3777,2024,17838000.0,11861000.0,2026-08-18T11:48:58.794132
85f15d6a-617b-4250-a007-65f0be6d2a4a,b1443723-50bf-4ccd-a890-2bb1714e3777,2025,19267000.0,13202000.0,2026-08-18T11:48:58.794136
7ed5c652-1c73-40ec-bbd5-eb26a6e0d6ae,3a5088f0-16ac-4466-98dc-955016107dc9,2020,20874000.0,14383000.0,2026-08-18T11:48:58.794174
b2b8fe19-9bfd-4210-8658-1d6fb1e29874,3a5088f0-16ac-4466-98dc-955016107dc9,2021,22475000.0,15010000.0,2026-08-18T11:48:58.794177
6592e422-7067-4953-8791-3645d6f60029,3a5088f0-16ac-4466-98dc-955016107dc9,2022,24801000.0,17806000.0,2026-08-18T11:48:58.794180
65c66ce1-f6bf-4b74-974e-1c90d615aa3b,3a5088f0-16ac-4466-98dc-955016107dc9,2023,26775000.0,19111000.0,2026-08-18T11:48:58.794184
dee5048c-c564-4161-8620-dc5bec8bdbb3,3a5088f0-16ac-4466-98dc-955016107dc9,2024,28018000.0,19935000.0,2026-08-18T11:48:58.794187
7e9ff58f-9284-4e2b-8509-f9a3182f8a3d,3a5088f0-16ac-4466-98dc-955016107dc9,2025,29308000.0,20915000.0,2026-08-18T11:48:58.794190
36fa3f5c-0660-48c0-988d-872d1dee3a90,b8e92ba6-49c0-4c96-8a5a-d66cca519aa7,2020,19150000.0,11547000.0,2026-08-18T11:48:58.794232
db3f695b-c096-42db-9113-0db347d1b9f3,b8e92ba6-49c0-4c96-8a5a-d66cca519aa7,2021,20181000.0,12528000.0,2026-08-18T11:48:58.794235
fcf7e6f7-c63d-4723-a9bd-357ca0287c79,b8e92ba6-49c0-4c96-8a5a-d66cca519aa7,2022,22040000.0,15514000.0,2026-08-18T11:48:58.794238
cb72d930-8379-46d7-b85c-e0e9565afcb7,b8e92ba6-49c0-4c96-8a5a-d66cca519aa7,2023,24269000.0,14928000.0,2026-08-18T11:48:58.794242
b7df53f7-24bb-4ccd-83c8-60cb4e0074cc,b8e92ba6-49c0-4c96-8a5a-d66cca519aa7,2024,24827000.0,15591000.0,2026-08-18T11:48:58.794245
7c1f0848-6fab-4837-b5f5-4703c7428f79,b8e92ba6-49c0-4c96-8a5a-d66cca519aa7,2025,27088000.0,18686000.0,2026-08-18T11:48:58.794248
26a480c9-20b5-4dbb-8b31-e612da508ea0,695f455d-673b-4e06-b057-a38d28eebe42,2020,13757000.0,9211000.0,2026-08-18T11:48:58.794275
cb447a07-5c79-4bb6-a15b-93855542e465,695f455d-673b-4e06-b057-a38d28eebe42,2021,15280000.0,10783000.0,2026-08-18T11:48:58.794278
ceff4b83-0c8d-4943-bb0a-68a7466ce1ac,695f455d-673b-4e06-b057-a38d28eebe42,2022,17584000.0,10578000.0,2026-08-18T11:48:58.794282
ad7955d0-dbd2-4bd2-aaf9-e393b5cd0e82,695f455d-673b-4e06-b057-a38d28eebe42,2023,19896000.0,13892000.0,2026-08-18T11:48:58.794285
e00bc6d9-bee7-4a8e-8824-2e61e249307a,695f455d-673b-4e06-b057-a38d28eebe42,2024,22748000.0,15414000.0,2026-08-18T11:48:58.794289
ff3991bc-f1b4-42ca-8986-032b17583205,695f455d-673b-4e06-b057-a38d28eebe42,2025,25718000.0,18365000.0,2026-08-18T11:48:58.794292
bb577624-00d5-4abe-87c5-04a0c8b6c105,ff319b4b-92aa-4f75-8d25-393e6f5f373b,2020,9177000.0,6595000.0,2026-08-18T11:48:58.794329
050bc895-4794-49b1-8208-68ef971ac9fd,ff319b4b-92aa-4f75-8d25-393e6f5f373b,2021,10493000.0,7161000.0,2026-08-18T11:48:58.794332
e5a80522-ebc0-4bb7-bd47-ad4c80e298fd,ff319b4b-92aa-4f75-8d25-393e6f5f373b,2022,11164000.0,7561000.0,2026-08-18T11:48:58.794336
152bc9a4-cdc2-47c9-a5fc-1cb06c2df9ee,ff319b4b-92aa-4f75-8d25-393e6f5f373b,2023,12716000.0,7812000.0,2026-08-18T11:48:58.794340
41b4f5ee-0578-4b17-b6fc-d01ca9be0a61,ff319b4b-92aa-4f75-8d25-393e6f5f373b,2024,13914000.0,8919000.0,2026-08-18T11:48:58.794343
cdfcbe90-fce0-4b82-a47d-fb3e3df58f55,ff319b4b-92aa-4f75-8d25-393e6f5f373b,2025,16360000.0,9962000.0,2026-08-18T11:48:58.794346
d35a432d-d162-4d32-89d3-ea957a9530cc,632d1c73-aba9-498c-9c11-078e0f414d90,2020,44856000.0,29069000.0,2026-08-18T11:48:58.794389
97ca7312-ed13-4357-ba71-b7ac0b96aeec,632d1c73-aba9-498c-9c11-078e0f414d90,2021,50280000.0,30788000.0,2026-08-18T11:48:58.794393
ce2d348d-1baf-4aef-8cc9-f9d07d31a297,632d1c73-aba9-498c-9c11-078e0f414d90,2022,53568000.0,35223000.0,2026-08-18T11:48:58.794396
f5758ce7-7eb7-4662-b21b-d29c40809354,632d1c73-aba9-498c-9c11-078e0f414d90,2023,61265000.0,42086000.0,2026-08-18T11:48:58.794399
2a65b168-266b-437b-a24a-518ec2c3f565,632d1c73-aba9-498c-9c11-078e0f414d90,2024,65670000.0,45919000.0,2026-08-18T11:48:58.794402
9b9adb7d-036d-4178-897b-6406cf096093,632d1c73-aba9-498c-9c11-078e0f414d90,2025,72985000.0,45771000.0,2026-08-18T11:48:58.794405
984b1570-3b1e-4988-ac32-24080003ed09,5c87379e-948e-4831-bb87-54e3f32ef8ed,2020,48849000.0,32623000.0,2026-08-18T11:48:58.794439
19455e36-8a5e-42f7-984c-fdf266138dbe,5c87379e-948e-4831-bb87-54e3f32ef8ed,2021,51274000.0,35457000.0,2026-08-18T11:48:58.794442
3abfb35b-e0b7-408a-81c8-3b0d08bb6ff2,5c87379e-948e-4831-bb87-54e3f32ef8ed,2022,57046000.0,39042000.0,2026-08-18T11:48:58.794445
73598782-f2d2-42d6-83f6-e6fbafbcb6b5,5c87379e-948e-4831-bb87-54e3f32ef8ed,2023,61685000.0,37254000.0,2026-08-18T11:48:58.794452
9142b5ad-3375-4a3f-be64-164d4b4e3be7,5c87379e-948e-4831-bb87-54e3f32ef8ed,2024,64327000.0,43803000.0,2026-08-18T11:48:58.794455
8f0fa857-11ff-4bcc-bb85-d17685c9aac1,5c87379e-948e-4831-bb87-54e3f32ef8ed,2025,72211000.0,51001000.0,2026-08-18T11:48:58.794459
227113e0-18b8-4b3c-9523-4e765f1b24ef,5a961304-aaf4-4ce0-8af0-276994b53cdb,2020,40082000.0,27760000.0,2026-08-18T11:48:58.794501
6b80e6f3-8013-4bfb-93a4-16c239b6e0c0,5a961304-aaf4-4ce0-8af0-276994b53cdb,2021,45151000.0,29514000.0,2026-08-18T11:48:58.794505
c34ec16d-fe7e-4085-9ede-e78be4f568b2,5a961304-aaf4-4ce0-8af0-276994b53cdb,2022,50562000.0,34849000.0,2026-08-18T11:48:58.794508
8d443293-3091-4cbd-accb-9680310b1f71,5a961304-aaf4-4ce0-8af0-276994b53cdb,2023,58397000.0,40414000.0,2026-08-18T11:48:58.794513
dbabb598-e0bd-4384-a53d-e2383a2b5b60,5a961304-aaf4-4ce0-8af0-276994b53cdb,2024,62533000.0,41498000.0,2026-08-18T11:48:58.794516
6ebcc556-82c8-4fd5-b9ab-62c1cd5996e5,5a961304-aaf4-4ce0-8af0-276994b53cdb,2025,72150000.0,49929000.0,2026-08-18T11:48:58.794520
26277e39-c7db-4228-b556-ba19f65d32f3,186b7bc0-f8e6-4633-a005-6da8d787fbf2,2020,26859000.0,19052000.0,2026-08-18T11:48:58.794555
0b993a7a-7b11-4e6f-935e-9cc4cac37492,186b7bc0-f8e6-4633-a005-6da8d787fbf2,2021,28182000.0,19617000.0,2026-08-18T11:48:58.794559
af4ed830-5615-4d94-999e-5acefb41d548,186b7bc0-f8e6-4633-a005-6da8d787fbf2,2022,30984000.0,22168000.0,2026-08-18T11:48:58.794562
fdff098d-899f-4d18-9420-2cb390874a3e,186b7bc0-f8e6-4633-a005-6da8d787fbf2,2023,32179000.0,21923000.0,2026-08-18T11:48:58.794565
89c59cfb-c2bd-4fd4-b6ee-d20950c94039,186b7bc0-f8e6-4633-a005-6da8d787fbf2,2024,36030000.0,24254000.0,2026-08-18T11:48:58.794568
112ea2d4-8ded-4ac4-85bb-b4f5fb54f6c3,186b7bc0-f8e6-4633-a005-6da8d787fbf2,2025,38293000.0,26316000.0,2026-08-18T11:48:58.794571
0f1b758b-f275-429f-842a-fcd6ebd4fa6c,c0e956f8-7111-483f-82c5-9e6a580037a3,2020,21393000.0,13592000.0,2026-08-18T11:48:58.794615
f6ae73c9-542d-44f7-b79b-9e8f3a7cc4f1,c0e956f8-7111-483f-82c5-9e6a580037a3,2021,23937000.0,17049000.0,2026-08-18T11:48:58.794619
1afe3998-c5dc-440d-953d-28583d831f75,c0e956f8-7111-483f-82c5-9e6a580037a3,2022,27061000.0,17801000.0,2026-08-18T11:48:58.794622
831d7090-db7b-4e87-8e02-5241c0d43c4f,c0e956f8-7111-483f-82c5-9e6a580037a3,2023,29205000.0,18406000.0,2026-08-18T11:48:58.794625
e8e37a9a-7857-4440-9510-9dde507883d8,c0e956f8-7111-483f-82c5-9e6a580037a3,2024,32151000.0,22355000.0,2026-08-18T11:48:58.794628
b23a478e-814d-4155-a6ad-e56ffa7e9471,c0e956f8-7111-483f-82c5-9e6a580037a3,2025,34923000.0,22053000.0,2026-08-18T11:48:58.794632
7b9cd742-71e0-4984-a4ab-def5e40d566f,64026ea0-1a40-4d32-af3f-291bc55421b3,2020,44522000.0,27686000.0,2026-08-18T11:48:58.794672
c08b23d1-dd7a-4744-b4a3-de45e26b0a1e,64026ea0-1a40-4d32-af3f-291bc55421b3,2021,48376000.0,32877000.0,2026-08-18T11:48:58.794676
2848e438-c4fc-4928-8732-0a98055aac59,64026ea0-1a40-4d32-af3f-291bc55421b3,2022,51789000.0,35413000.0,2026-08-18T11:48:58.794679
a4e1e6df-0a4a-4b53-853d-597c84640852,64026ea0-1a40-4d32-af3f-291bc55421b3,2023,57281000.0,36959000.0,2026-08-18T11:48:58.794682
82dd4c45-9f31-4f19-9799-461fe6d939fb,64026ea0-1a40-4d32-af3f-291bc55421b3,2024,62950000.0,42324000.0,2026-08-18T11:48:58.794685
30c59b1e-0077-444b-aafc-cd074f2e0cc1,64026ea0-1a40-4d32-af3f-291bc55421b3,2025,68428000.0,47957000.0,2026-08-18T11:48:58.794700
8a8e8735-24b4-4c8e-8d00-97fafa19ab50,8e08fbc2-5c21-4f57-ae34-53b1be6e12db,2020,20446000.0,13924000.0,2026-08-18T11:48:58.794739
1a01b52a-5a8f-4cad-904a-20da4ddf4fe3,8e08fbc2-5c21-4f57-ae34-53b1be6e12db,2021,22719000.0,16122000.0,2026-08-18T11:48:58.794742
605fcb4e-e7b3-42ce-9275-cfdd37942b37,8e08fbc2-5c21-4f57-ae34-53b1be6e12db,2022,24562000.0,17415000.0,2026-08-18T11:48:58.794746
d28f8103-4136-42e5-8cdd-6b44d186dddc,8e08fbc2-5c21-4f57-ae34-53b1be6e12db,2023,25675000.0,16680000.0,2026-08-18T11:48:58.794749
3d073e69-25b0-4d17-b794-9b2b78405b72,8e08fbc2-5c21-4f57-ae34-53b1be6e12db,2024,28909000.0,18332000.0,2026-08-18T11:48:58.794752
8199f9e8-7832-47c4-8fa2-f3518fcd7cce,8e08fbc2-5c21-4f57-ae34-53b1be6e12db,2025,31067000.0,21900000.0,2026-08-18T11:48:58.794757
ebbcb05f-e571-44ad-82cc-8a51f845668a,3ebb6deb-6b98-4dea-bec9-b3d1c79fb396,2020,2204000.0,1426000.0,2026-08-18T11:48:58.794798
5b36ba91-a2c4-4e13-bf64-aa00cd8d6cc6,3ebb6deb-6b98-4dea-bec9-b3d1c79fb396,2021,2551000.0,1716000.0,2026-08-18T11:48:58.794801
f732af50-1661-49ab-9436-2dd37656804e,3ebb6deb-6b98-4dea-bec9-b3d1c79fb396,2022,2872000.0,1784000.0,2026-08-18T11:48:58.794804
a23a6489-60b7-44b5-b69d-c19b7871ef94,3ebb6deb-6b98-4dea-bec9-b3d1c79fb396,2023,3215000.0,1989000.0,2026-08-18T11:48:58.794807
a2f78756-8895-4983-a2d5-843e720943dd,3ebb6deb-6b98-4dea-bec9-b3d1c79fb396,2024,3697000.0,2454000.0,2026-08-18T11:48:58.794810
8aa62b26-dac3-4d16-862f-312a6490a5a2,3ebb6deb-6b98-4dea-bec9-b3d1c79fb396,2025,4101000.0,2895000.0,2026-08-18T11:48:58.794814
60e5d01d-4f88-401d-8cab-27fa361a26e8,4977c7d9-161d-4168-a76c-6db6933377aa,2020,20111000.0,13668000.0,2026-08-18T11:48:58.794840
657344fe-f6dc-4546-9fbb-83a4a27e023f,4977c7d9-161d-4168-a76c-6db6933377aa,2021,21936000.0,14402000.0,2026-08-18T11:48:58.794844
053a692f-562b-4a76-90b8-e4744c684928,4977c7d9-161d-4168-a76c-6db6933377aa,2022,24503000.0,16874000.0,2026-08-18T11:48:58.794847
7ef9c9dd-d40d-47b7-9c01-5b70a14edc75,4977c7d9-161d-4168-a76c-6db6933377aa,2023,27789000.0,19082000.0,2026-08-18T11:48:58.794850
58cd5116-2a27-44fe-9bd1-d2bb08c8e196,4977c7d9-161d-4168-a76c-6db6933377aa,2024,29195000.0,19289000.0,2026-08-18T11:48:58.794853
42b12262-d986-4eca-bdf8-ae8e3f6cf44a,4977c7d9-161d-4168-a76c-6db6933377aa,2025,33746000.0,22065000.0,2026-08-18T11:48:58.794857
347b2cd7-1b2a-4522-a2d8-895c9e46a042,a9b3b1e3-1a82-446b-a259-7f0c78c1d651,2020,68770000.0,46784000.0,2026-08-18T11:48:58.794893
8446926d-2f70-4a7f-a61a-c0fa5a49b60c,a9b3b1e3-1a82-446b-a259-7f0c78c1d651,2021,73341000.0,48852000.0,2026-08-18T11:48:58.794896
d4a5e4ad-cc0f-4e5a-936e-4a27950933ad,a9b3b1e3-1a82-446b-a259-7f0c78c1d651,2022,84621000.0,58999000.0,2026-08-18T11:48:58.794899
b364a41f-0584-40cf-b3b6-532953d8b1c6,a9b3b1e3-1a82-446b-a259-7f0c78c1d651,2023,94265000.0,56815000.0,2026-08-18T11:48:58.794903
e34f5675-c38e-497c-a6b6-67d27dc09bc5,a9b3b1e3-1a82-446b-a259-7f0c78c1d651,2024,103045000.0,71579000.0,2026-08-18T11:48:58.794906
6e7bd0db-c478-4bef-96c5-c838b4d489ee,a9b3b1e3-1a82-446b-a259-7f0c78c1d651,2025,109558000.0,75290000.0,2026-08-18T11:48:58.794909
e576b516-ae0c-429d-90df-1d3dcd82eac3,0916e57e-1201-4718-96b5-55b6c8a9fa0e,2020,36182000.0,24031000.0,2026-08-18T11:48:58.794950
85600c20-5c5f-48f0-981f-dcd50cf815a4,0916e57e-1201-4718-96b5-55b6c8a9fa0e,2021,41726000.0,27227000.0,2026-08-18T11:48:58.794953
738df6bd-070a-40c4-890b-ce36f9959c4a,0916e57e-1201-4718-96b5-55b6c8a9fa0e,2022,43996000.0,30880000.0,2026-08-18T11:48:58.794956
e1b2d151-0d7c-4e38-af8c-7815aeeb7ad4,0916e57e-1201-4718-96b5-55b6c8a9fa0e,2023,51658000.0,32477000.0,2026-08-18T11:48:58.794959
c4256e5c-6ac0-404d-a6a3-13eacb4ba2cf,0916e57e-1201-4718-96b5-55b6c8a9fa0e,2024,56593000.0,40340000.0,2026-08-18T11:48:58.794962
0397170f-bb3c-4094-9719-954e0532540a,0916e57e-1201-4718-96b5-55b6c8a9fa0e,2025,62897000.0,42213000.0,2026-08-18T11:48:58.794965
9704bba4-1701-4650-9f3f-3554294c05e8,1e178e0d-8b0b-4503-a7cc-2c820a70be63,2020,12246000.0,7426000.0,2026-08-18T11:48:58.794992
c7a9d8d5-b53d-4959-8a0f-2a8db71d7c04,1e178e0d-8b0b-4503-a7cc-2c820a70be63,2021,13726000.0,9138000.0,2026-08-18T11:48:58.794997
230dd436-31f1-4cc8-89ce-cfa51eb24deb,1e178e0d-8b0b-4503-a7cc-2c820a70be63,2022,15173000.0,9173000.0,2026-08-18T11:48:58.795000
fe472935-e381-46d5-b7be-22283a591da6,1e178e0d-8b0b-4503-a7cc-2c820a70be63,2023,16352000.0,11669000.0,2026-08-18T11:48:58.795003
05785483-6157-4dee-84e9-ae0710271b65,1e178e0d-8b0b-4503-a7cc-2c820a70be63,2024,17634000.0,11043000.0,2026-08-18T11:48:58.795006
bce74141-a138-447e-a06f-590d85ba9dce,1e178e0d-8b0b-4503-a7cc-2c820a70be63,2025,19477000.0,13644000.0,2026-08-18T11:48:58.795010
fc7acb04-4ddc-4ebf-b2fd-971ff78dc065,77b8287c-4f85-4f9f-91a6-988eab7757ac,2020,4244000.0,2897000.0,2026-08-18T11:48:58.795038
ecfd98f2-2a38-4939-9315-80e800a70c1b,77b8287c-4f85-4f9f-91a6-988eab7757ac,2021,4578000.0,3056000.0,2026-08-18T11:48:58.795041
1fd408fb-97c3-4945-b169-660cc2265b43,77b8287c-4f85-4f9f-91a6-988eab7757ac,2022,5092000.0,3326000.0,2026-08-18T11:48:58.795045
c77a6dbd-1b74-4bb5-ba99-ab93633a391b,77b8287c-4f85-4f9f-91a6-988eab7757ac,2023,5470000.0,3521000.0,2026-08-18T11:48:58.795049
44c0b8f1-c4ec-4182-b5ba-cd3487c5c8d7,77b8287c-4f85-4f9f-91a6-988eab7757ac,2024,6210000.0,4352000.0,2026-08-18T11:48:58.795052
6e9e5230-ead7-406f-9298-71844dd00e8b,77b8287c-4f85-4f9f-91a6-988eab7757ac,2025,6809000.0,4542000.0,2026-08-18T11:48:58.795055
eeb60a2e-e3f3-4826-aeb5-38ccca0d9b4c,1560fb66-107d-412f-8344-ee9f7ff081a7,2020,81172000.0,51256000.0,2026-08-18T11:48:58.795088
1acfa1ff-47f8-4282-8f36-7a609f49bab4,1560fb66-107d-412f-8344-ee9f7ff081a7,2021,87121000.0,57635000.0,2026-08-18T11:48:58.795091
5638326b-8f37-4013-b11b-1eff7cb8332e,1560fb66-107d-412f-8344-ee9f7ff081a7,2022,99259000.0,61241000.0,2026-08-18T11:48:58.795094
ab05fb22-2ac6-4a04-8216-941d157a15d9,1560fb66-107d-412f-8344-ee9f7ff081a7,2023,110409000.0,68744000.0,2026-08-18T11:48:58.795097
0f329309-2136-466e-99be-4c4c16d4badd,1560fb66-107d-412f-8344-ee9f7ff081a7,2024,119966000.0,81815000.0,2026-08-18T11:48:58.795101
d011befa-e9c3-4837-a699-a73d35d13b3b,1560fb66-107d-412f-8344-ee9f7ff081a7,2025,128260000.0,88091000.0,2026-08-18T11:48:58.795105
47dcba9a-8616-4f53-942c-76307773b470,9a0c7622-f3d8-483d-a95f-f34aed3ce81c,2020,13980000.0,9920000.0,2026-08-18T11:48:58.795132
ac3d8e14-fa1b-4d23-aafe-0c4f169a7a21,9a0c7622-f3d8-483d-a95f-f34aed3ce81c,2021,15619000.0,10872000.0,2026-08-18T11:48:58.795135
14eb8665-64e8-4d98-a09c-14c52a22716d,9a0c7622-f3d8-483d-a95f-f34aed3ce81c,2022,18491000.0,13101000.0,2026-08-18T11:48:58.795138
d4c8faec-d929-4826-8a90-841039908292,9a0c7622-f3d8-483d-a95f-f34aed3ce81c,2023,20738000.0,13455000.0,2026-08-18T11:48:58.795141
21116b75-215c-4f8c-b6a2-c4caae7c0e74,9a0c7622-f3d8-483d-a95f-f34aed3ce81c,2024,23381000.0,16554000.0,2026-08-18T11:48:58.795145
c3247d01-e4f8-4b4d-9ead-3595edce4477,9a0c7622-f3d8-483d-a95f-f34aed3ce81c,2025,26749000.0,19152000.0,2026-08-18T11:48:58.795148
50457213-93d3-4606-9663-63b392ee55b9,15e70c1b-2f83-4cc6-bf4f-5e57e3e9f70b,2020,6888000.0,4569000.0,2026-08-18T11:48:58.795191
81093070-053b-421b-bb60-aeb18a632013,15e70c1b-2f83-4cc6-bf4f-5e57e3e9f70b,2021,7188000.0,4640000.0,2026-08-18T11:48:58.795195
40cfffa4-f91b-4ace-8013-01fa616b4cf8,15e70c1b-2f83-4cc6-bf4f-5e57e3e9f70b,2022,7883000.0,5496000.0,2026-08-18T11:48:58.795198
eb505b77-bd84-4cfc-995e-f73ad9ab5522,15e70c1b-2f83-4cc6-bf4f-5e57e3e9f70b,2023,8337000.0,5119000.0,2026-08-18T11:48:58.795202
cd328e3b-6845-4682-b20a-d502dae27dba,15e70c1b-2f83-4cc6-bf4f-5e57e3e9f70b,2024,9182000.0,6254000.0,2026-08-18T11:48:58.795206
98ead238-58be-431a-9a6f-664b5a50ef26,15e70c1b-2f83-4cc6-bf4f-5e57e3e9f70b,2025,10036000.0,6065000.0,2026-08-18T11:48:58.795209
c88720e2-67df-4898-bf4a-b4ff4aa2864f,2d2b1d3b-1f0e-4212-a543-4bceec1fc93f,2020,38386000.0,23763000.0,2026-08-18T11:48:58.795246
002ac587-d8cd-4b9c-ab34-10c9ab148995,2d2b1d3b-1f0e-4212-a543-4bceec1fc93f,2021,43231000.0,31054000.0,2026-08-18T11:48:58.795249
9073b856-3cd7-489e-8739-7e0b792b1a75,2d2b1d3b-1f0e-4212-a543-4bceec1fc93f,2022,45719000.0,31815000.0,2026-08-18T11:48:58.795253
11c8299b-4f50-4369-ac42-049a265268b9,2d2b1d3b-1f0e-4212-a543-4bceec1fc93f,2023,50763000.0,33076000.0,2026-08-18T11:48:58.795256
5787d500-ed50-4c71-acf0-797f5c924f22,2d2b1d3b-1f0e-4212-a543-4bceec1fc93f,2024,56495000.0,34416000.0,2026-08-18T11:48:58.795259
ce7fa22d-0a28-4096-a9d3-27836eb4475f,2d2b1d3b-1f0e-4212-a543-4bceec1fc93f,2025,61301000.0,40273000.0,2026-08-18T11:48:58.795263
f109de70-b8ff-4af2-8030-7972c969b14d,c5486c91-2db9-4bff-9fb1-3c548d706164,2020,51387000.0,36195000.0,2026-08-18T11:48:58.795290
d7bae9bd-a315-489c-b510-8fe1f9af5ddc,c5486c91-2db9-4bff-9fb1-3c548d706164,2021,54478000.0,34945000.0,2026-08-18T11:48:58.795293
8fd0a6e1-2d8c-42f6-8b40-4a2f7d7b4c8a,c5486c91-2db9-4bff-9fb1-3c548d706164,2022,61327000.0,39759000.0,2026-08-18T11:48:58.795296
d611aba2-ab7d-4f9b-ae8c-b2e889a848f6,c5486c91-2db9-4bff-9fb1-3c548d706164,2023,66588000.0,46643000.0,2026-08-18T11:48:58.795299
8f1399e4-97b6-4cdf-87fa-4cdb1349b54e,c5486c91-2db9-4bff-9fb1-3c548d706164,2024,71481000.0,48777000.0,2026-08-18T11:48:58.795302
2f2a4ef7-583e-4dc5-8f1f-9a4a1fb8d861,c5486c91-2db9-4bff-9fb1-3c548d706164,2025,76952000.0,52780000.0,2026-08-18T11:48:58.795305
0e180c4e-96b7-4ac4-b9e6-996fff41e337,c82d3d37-9bcd-4993-ac5c-39c11d556876,2020,11136000.0,7608000.0,2026-08-18T11:48:58.795333
dc75f360-ea26-436e-a455-d295f4857233,c82d3d37-9bcd-4993-ac5c-39c11d556876,2021,12065000.0,8141000.0,2026-08-18T11:48:58.795336
388bec5a-0a7c-4cf6-b4e7-38de2bdc2185,c82d3d37-9bcd-4993-ac5c-39c11d556876,2022,13263000.0,8345000.0,2026-08-18T11:48:58.795339
7982ed3a-8d1a-4b4e-a045-e31b346a0a1b,c82d3d37-9bcd-4993-ac5c-39c11d556876,2023,14222000.0,9783000.0,2026-08-18T11:48:58.795343
8266839b-0e93-4e86-9e3e-2b57dd012aba,c82d3d37-9bcd-4993-ac5c-39c11d556876,2024,16019000.0,10559000.0,2026-08-18T11:48:58.795346
cfd65c56-6b5e-4f16-ada2-6211ec888dc2,c82d3d37-9bcd-4993-ac5c-39c11d556876,2025,16787000.0,11786000.0,2026-08-18T11:48:58.795350
833b7855-25fb-4329-b4f6-ca91b463a18a,626035be-6c38-49ce-8640-255b39683358,2020,28114000.0,19010000.0,2026-08-18T11:48:58.795377
793f56e8-5c7c-46df-a490-0295b9eeb8d7,626035be-6c38-49ce-8640-255b39683358,2021,30202000.0,18993000.0,2026-08-18T11:48:58.795380
33504843-6d7b-40b0-996f-8c207a587ff5,626035be-6c38-49ce-8640-255b39683358,2022,33011000.0,20829000.0,2026-08-18T11:48:58.795383
1a62d888-beba-4203-bffc-8784a615a956,626035be-6c38-49ce-8640-255b39683358,2023,36860000.0,23245000.0,2026-08-18T11:48:58.795386
fff57bb1-61e1-49cf-bd5d-d2e313f8783e,626035be-6c38-49ce-8640-255b39683358,2024,40928000.0,26085000.0,2026-08-18T11:48:58.795389
9692f241-9b9a-418f-a7d2-0e421c41a937,626035be-6c38-49ce-8640-255b39683358,2025,45246000.0,31489000.0,2026-08-18T11:48:58.795392
aba9ec49-e6c5-4ed0-83f7-4062e179570e,805a9ebe-60e0-46bf-8ae0-ca3c7e57f269,2020,954000.0,653000.0,2026-08-18T11:48:58.795419
b4eeef56-cc05-42fa-8961-b622de7b6735,805a9ebe-60e0-46bf-8ae0-ca3c7e57f269,2021,1064000.0,728000.0,2026-08-18T11:48:58.795423
ed6e9964-f18a-4e4a-adbd-c569d0bccd16,805a9ebe-60e0-46bf-8ae0-ca3c7e57f269,2022,1189000.0,724000.0,2026-08-18T11:48:58.795426
70a1ae72-8918-42a6-b575-b6943b714709,805a9ebe-60e0-46bf-8ae0-ca3c7e57f269,2023,1287000.0,790000.0,2026-08-18T11:48:58.795429
93ef416e-5f2f-4ce1-bd6f-067c3bae6e93,805a9ebe-60e0-46bf-8ae0-ca3c7e57f269,2024,1402000.0,996000.0,2026-08-18T11:48:58.795432
5a683c26-5170-47fd-bb12-5eee135942c9,805a9ebe-60e0-46bf-8ae0-ca3c7e57f269,2025,1602000.0,1130000.0,2026-08-18T11:48:58.795435
0ecec175-3f52-4a3e-af37-2f24915b3dd9,e986d7c3-2498-47a8-a7a5-2aedbe77bd1a,2020,5299000.0,3721000.0,2026-08-18T11:48:58.795469
19265a81-ec20-4f33-b2fb-be981f761ea0,e986d7c3-2498-47a8-a7a5-2aedbe77bd1a,2021,5376000.0,3842000.0,2026-08-18T11:48:58.795472
719f6790-efba-4f3d-bff7-e753986a8938,e986d7c3-2498-47a8-a7a5-2aedbe77bd1a,2022,5952000.0,3670000.0,2026-08-18T11:48:58.795475
db5007e2-2d8e-47e9-a3bf-3c1d133b7997,e986d7c3-2498-47a8-a7a5-2aedbe77bd1a,2023,6317000.0,3904000.0,2026-08-18T11:48:58.795478
83ebe18b-87ca-484e-b384-912108f94519,e986d7c3-2498-47a8-a7a5-2aedbe77bd1a,2024,6651000.0,4408000.0,2026-08-18T11:48:58.795483
fc335731-421a-43ec-ae9e-86c315611f48,e986d7c3-2498-47a8-a7a5-2aedbe77bd1a,2025,7373000.0,4841000.0,2026-08-18T11:48:58.795486
ecd7cecb-c2fb-4f66-b6ef-0bd7c2917a9a,6af70fab-2cf7-4eca-8d54-b9bb55ec7db2,2020,5657000.0,3725000.0,2026-08-18T11:48:58.795531
12d80774-ae4d-429e-aec4-2787bd6809a9,6af70fab-2cf7-4eca-8d54-b9bb55ec7db2,2021,6520000.0,4469000.0,2026-08-18T11:48:58.795535
6b89d7e0-4fd7-4541-8f50-fecb8412418a,6af70fab-2cf7-4eca-8d54-b9bb55ec7db2,2022,7340000.0,5176000.0,2026-08-18T11:48:58.795538
d87a523d-726a-40cb-90e0-e4a26c7b663e,6af70fab-2cf7-4eca-8d54-b9bb55ec7db2,2023,8036000.0,5604000.0,2026-08-18T11:48:58.795541
6c385683-7a4f-46ef-9b04-9316d3787d07,6af70fab-2cf7-4eca-8d54-b9bb55ec7db2,2024,9304000.0,5979000.0,2026-08-18T11:48:58.795544
18a85bd8-818b-4258-8185-4059742fff1e,6af70fab-2cf7-4eca-8d54-b9bb55ec7db2,2025,10277000.0,7090000.0,2026-08-18T11:48:58.795547
d82d154d-a102-400c-95a4-93c0b2f9ccc6,11d1657b-b94a-43c8-8ad9-8d5d4e814269,2020,1775000.0,1169000.0,2026-08-18T11:48:58.795581
12a62627-3241-42a5-8e4f-4e6eb0d85b06,11d1657b-b94a-43c8-8ad9-8d5d4e814269,2021,1977000.0,1413000.0,2026-08-18T11:48:58.795585
8100eea0-c3b8-4bea-b631-45681505c2d5,11d1657b-b94a-43c8-8ad9-8d5d4e814269,2022,2365000.0,1434000.0,2026-08-18T11:48:58.795588
28c3c1d1-07c2-411c-a781-90ca07771cfd,11d1657b-b94a-43c8-8ad9-8d5d4e814269,2023,2638000.0,1730000.0,2026-08-18T11:48:58.795591
4b2bd695-ed57-4d8b-9741-623a49783980,11d1657b-b94a-43c8-8ad9-8d5d4e814269,2024,3109000.0,1904000.0,2026-08-18T11:48:58.795594
2cc8cc8b-2367-4713-83be-a40094330e9c,11d1657b-b94a-43c8-8ad9-8d5d4e814269,2025,3494000.0,2358000.0,2026-08-18T11:48:58.795597
16f21ceb-cd40-4149-887f-2e73f597fc29,89a0e3e0-72e6-4e94-a7f2-794d47399c27,2020,8433000.0,5627000.0,2026-08-18T11:48:58.795640
0645b84a-f4b5-46c2-b7ce-bb7e9ae87fb7,89a0e3e0-72e6-4e94-a7f2-794d47399c27,2021,9896000.0,6803000.0,2026-08-18T11:48:58.795643
c812932e-7ad3-413b-9898-5c2670e4c2f1,89a0e3e0-72e6-4e94-a7f2-794d47399c27,2022,10704000.0,7096000.0,2026-08-18T11:48:58.795646
b8022d18-2fa4-4264-b1e5-41c562335a93,89a0e3e0-72e6-4e94-a7f2-794d47399c27,2023,12854000.0,8435000.0,2026-08-18T11:48:58.795649
4fed1754-d077-49ea-b0c3-d6bd827a4d1d,89a0e3e0-72e6-4e94-a7f2-794d47399c27,2024,13796000.0,9751000.0,2026-08-18T11:48:58.795652
d2610391-2150-480d-a9dd-c59dfeec9eee,89a0e3e0-72e6-4e94-a7f2-794d47399c27,2025,16404000.0,10389000.0,2026-08-18T11:48:58.795656
f456685d-db2a-41ca-b56b-772396739787,ef541f49-c17a-4a27-8473-c596f906fcd2,2020,7605000.0,5075000.0,2026-08-18T11:48:58.795691
2ff1bac7-fa44-4d53-a467-27c9dda2636b,ef541f49-c17a-4a27-8473-c596f906fcd2,2021,7970000.0,4923000.0,2026-08-18T11:48:58.795694
4813449a-ade9-4e99-9318-46253da66e7b,ef541f49-c17a-4a27-8473-c596f906fcd2,2022,8594000.0,5501000.0,2026-08-18T11:48:58.795699
5dfe11d6-7f6e-4bfc-a865-1ff13bf78fa4,ef541f49-c17a-4a27-8473-c596f906fcd2,2023,9116000.0,5564000.0,2026-08-18T11:48:58.795702
256369c6-9fe7-479b-87fb-e53f92ceac43,ef541f49-c17a-4a27-8473-c596f906fcd2,2024,10091000.0,6988000.0,2026-08-18T11:48:58.795705
2a274a2f-38a8-42bd-b0ab-c6bdc4a479cf,ef541f49-c17a-4a27-8473-c596f906fcd2,2025,10916000.0,7271000.0,2026-08-18T11:48:58.795708
994c21f2-ca07-45eb-82b5-57d91da86257,45d504e3-f5e6-465d-8c46-0e8adf01b36c,2020,5474000.0,3815000.0,2026-08-18T11:48:58.795752
47031bde-925e-4a6b-90a5-614083e094bd,45d504e3-f5e6-465d-8c46-0e8adf01b36c,2021,6220000.0,3855000.0,2026-08-18T11:48:58.795755
cb62cbd5-7141-4bcf-a0ac-bfce2a09278d,45d504e3-f5e6-465d-8c46-0e8adf01b36c,2022,6972000.0,4887000.0,2026-08-18T11:48:58.795759
f04f9fe5-9bf5-45f9-8817-50f4bccd5880,45d504e3-f5e6-465d-8c46-0e8adf01b36c,2023,7973000.0,4817000.0,2026-08-18T11:48:58.795762
a140d1b3-2e35-45bf-8d28-5c76b0766e5a,45d504e3-f5e6-465d-8c46-0e8adf01b36c,2024,9093000.0,6427000.0,2026-08-18T11:48:58.795765
f2e545b3-45ff-4ac4-a7c4-95f94ebd493d,45d504e3-f5e6-465d-8c46-0e8adf01b36c,2025,9806000.0,6477000.0,2026-08-18T11:48:58.795768
9d9a4b41-c7e9-4644-a8b5-3488db757778,865c7563-bb6d-497f-9e07-a0331d0af345,2020,2204000.0,1522000.0,2026-08-18T11:48:58.795804
10bf3d4a-eb8c-41a0-b8df-1c5a0afdbd88,865c7563-bb6d-497f-9e07-a0331d0af345,2021,2312000.0,1509000.0,2026-08-18T11:48:58.795807
4255771b-4dea-4302-b0b7-148a01978922,865c7563-bb6d-497f-9e07-a0331d0af345,2022,2549000.0,1716000.0,2026-08-18T11:48:58.795811
57a9d319-30a0-4e18-bd1c-be8904b6f4ee,865c7563-bb6d-497f-9e07-a0331d0af345,2023,2927000.0,1777000.0,2026-08-18T11:48:58.795814
56d792ca-12ff-444e-9fb2-28c2467a3362,865c7563-bb6d-497f-9e07-a0331d0af345,2024,3044000.0,2098000.0,2026-08-18T11:48:58.795818
8ed741bd-e851-468a-8e21-0b0dc787cdc0,865c7563-bb6d-497f-9e07-a0331d0af345,2025,3442000.0,2439000.0,2026-08-18T11:48:58.795821
f80b71d4-1654-435f-a9ad-65bfe2317cbf,c0d5fa2d-f5ef-445b-8207-2e8942972d73,2020,3234000.0,2099000.0,2026-08-18T11:48:58.795854
26dff9d8-a9c3-4762-897a-3b257a6dd90b,c0d5fa2d-f5ef-445b-8207-2e8942972d73,2021,3565000.0,2222000.0,2026-08-18T11:48:58.795857
5dfce2a8-dac5-4f8a-b6d4-3b6aa87cc5af,c0d5fa2d-f5ef-445b-8207-2e8942972d73,2022,3828000.0,2403000.0,2026-08-18T11:48:58.795860
8bb10e4d-ff35-4375-8d48-2957819fda22,c0d5fa2d-f5ef-445b-8207-2e8942972d73,2023,4345000.0,2675000.0,2026-08-18T11:48:58.795867
7cbbb29a-8d72-445e-9871-d7f09b2d95c5,c0d5fa2d-f5ef-445b-8207-2e8942972d73,2024,4660000.0,2994000.0,2026-08-18T11:48:58.795870
292537a1-8b36-47f6-9112-05830d15a88c,c0d5fa2d-f5ef-445b-8207-2e8942972d73,2025,5094000.0,3529000.0,2026-08-18T11:48:58.795873
9a00066c-3a10-48c5-b5d4-3b129581f429,854fddfe-361c-40c9-83b6-8be3b0ed9bce,2020,5019000.0,3546000.0,2026-08-18T11:48:58.795901
16d201f7-7308-4473-8928-481c6931cea9,854fddfe-361c-40c9-83b6-8be3b0ed9bce,2021,5480000.0,3369000.0,2026-08-18T11:48:58.795905
eb0fe86a-cbef-49a5-ab26-a33a87622b6e,854fddfe-361c-40c9-83b6-8be3b0ed9bce,2022,6138000.0,4336000.0,2026-08-18T11:48:58.795908
e32cfc4a-0606-458e-b652-a6df1c1e9614,854fddfe-361c-40c9-83b6-8be3b0ed9bce,2023,6654000.0,4418000.0,2026-08-18T11:48:58.795911
b4bf1e80-4da1-432c-a74a-bf7fedfc24da,854fddfe-361c-40c9-83b6-8be3b0ed9bce,2024,7197000.0,4866000.0,2026-08-18T11:48:58.795914
894233c3-8dfa-4aed-9e11-ca1775e5fd78,854fddfe-361c-40c9-83b6-8be3b0ed9bce,2025,8140000.0,5009000.0,2026-08-18T11:48:58.795917
68a5d116-bcb9-483d-af71-0fe1d2f9704c,e8d04e86-9d87-4d2f-bd53-9303ca43d001,2020,5990000.0,4116000.0,2026-08-18T11:48:58.795960
75ae9cf8-de51-42da-a0c6-204a565b511f,e8d04e86-9d87-4d2f-bd53-9303ca43d001,2021,6554000.0,4713000.0,2026-08-18T11:48:58.795963
eee9718d-1d18-4c54-bf40-7f80a41e0c12,e8d04e86-9d87-4d2f-bd53-9303ca43d001,2022,7239000.0,5041000.0,2026-08-18T11:48:58.795966
c1d90cff-3eb3-4838-b34a-2a621c3660da,e8d04e86-9d87-4d2f-bd53-9303ca43d001,2023,7870000.0,5292000.0,2026-08-18T11:48:58.795969
6b397091-630b-4ce5-aa4e-f7f374d824a6,e8d04e86-9d87-4d2f-bd53-9303ca43d001,2024,8957000.0,6027000.0,2026-08-18T11:48:58.795973
0c434209-6c1b-4c50-a70d-e2cfa92d77fa,e8d04e86-9d87-4d2f-bd53-9303ca43d001,2025,10020000.0,6826000.0,2026-08-18T11:48:58.795976
9c239c26-1705-43ca-a78f-a4083255ead5,9605a2aa-3dad-4a77-85e2-cf32693e8715,2020,904000.0,558000.0,2026-08-18T11:48:58.796015
1ba1c21f-210d-441c-8269-a9777adca4bc,9605a2aa-3dad-4a77-85e2-cf32693e8715,2021,1023000.0,635000.0,2026-08-18T11:48:58.796018
5689c194-eb36-4c9e-93e9-31c0a3a18b0b,9605a2aa-3dad-4a77-85e2-cf32693e8715,2022,1113000.0,715000.0,2026-08-18T11:48:58.796022
58fef792-6619-4187-8706-1bc019466986,9605a2aa-3dad-4a77-85e2-cf32693e8715,2023,1287000.0,810000.0,2026-08-18T11:48:58.796025
612a6c9b-e6ce-41b6-8f4a-d56ba7cd0edb,9605a2aa-3dad-4a77-85e2-cf32693e8715,2024,1425000.0,905000.0,2026-08-18T11:48:58.796028
34635c8b-2772-4c35-b5f0-91cb8fbc7c00,9605a2aa-3dad-4a77-85e2-cf32693e8715,2025,1575000.0,1131000.0,2026-08-18T11:48:58.796032
86588a67-4241-4a5a-ba5a-74f54e27a787,b28dd7d4-5b05-41f5-8ff8-f5cdbf074e18,2020,3034000.0,1988000.0,2026-08-18T11:48:58.796071
55747658-d915-4d54-b739-4a17250f1b0e,b28dd7d4-5b05-41f5-8ff8-f5cdbf074e18,2021,3438000.0,2404000.0,2026-08-18T11:48:58.796074
e4c2aea7-cbb5-4228-8f77-cf7278ddf1b9,b28dd7d4-5b05-41f5-8ff8-f5cdbf074e18,2022,3754000.0,2581000.0,2026-08-18T11:48:58.796077
902d102a-8e8c-434e-903b-fc8086a3e900,b28dd7d4-5b05-41f5-8ff8-f5cdbf074e18,2023,4268000.0,2819000.0,2026-08-18T11:48:58.796080
2be4e89c-1ebb-4611-82b6-81d0333f3225,b28dd7d4-5b05-41f5-8ff8-f5cdbf074e18,2024,4813000.0,3011000.0,2026-08-18T11:48:58.796083
48cb808c-2b87-4eb7-8458-336544efd95e,b28dd7d4-5b05-41f5-8ff8-f5cdbf074e18,2025,5669000.0,3691000.0,2026-08-18T11:48:58.796086
c825cc51-b597-4e92-b6cc-e760697ba710,d9ed80e8-4760-4695-947d-3c9735fbea99,2020,1575000.0,992000.0,2026-08-18T11:48:58.796128
6f07c9ed-7c3b-45b3-ae97-9b2a5e14224f,d9ed80e8-4760-4695-947d-3c9735fbea99,2021,1707000.0,1113000.0,2026-08-18T11:48:58.796132
f6793b6a-cd82-41da-b9e5-d50ac7bb2745,d9ed80e8-4760-4695-947d-3c9735fbea99,2022,1908000.0,1214000.0,2026-08-18T11:48:58.796135
8bcdb53e-521e-415b-bd85-5799c0f644a1,d9ed80e8-4760-4695-947d-3c9735fbea99,2023,2138000.0,1486000.0,2026-08-18T11:48:58.796138
c0baf73c-cf86-411c-b980-8fa466464c5c,d9ed80e8-4760-4695-947d-3c9735fbea99,2024,2316000.0,1659000.0,2026-08-18T11:48:58.796141
e99e93d2-5ebe-463a-9194-b2c324d0d099,d9ed80e8-4760-4695-947d-3c9735fbea99,2025,2521000.0,1745000.0,2026-08-18T11:48:58.796144
b687aa30-c4a8-4d83-9090-55d1684e26e9,8b525d7e-1869-401a-9a43-fc39595cc769,2020,6350000.0,4012000.0,2026-08-18T11:48:58.796188
10d1d412-54e2-49ce-b2c9-cb00a25f25a3,8b525d7e-1869-401a-9a43-fc39595cc769,2021,6927000.0,4800000.0,2026-08-18T11:48:58.796192
7cd9cffc-f0ff-4887-a3c5-5f6ef8d158a2,8b525d7e-1869-401a-9a43-fc39595cc769,2022,7754000.0,4886000.0,2026-08-18T11:48:58.796195
12086e75-a3c3-4987-be6f-2d0e2ffe4efc,8b525d7e-1869-401a-9a43-fc39595cc769,2023,8766000.0,5607000.0,2026-08-18T11:48:58.796198
4135691b-b043-46c5-a75b-ee7409f965ef,8b525d7e-1869-401a-9a43-fc39595cc769,2024,10156000.0,6321000.0,2026-08-18T11:48:58.796201
0534032f-afc1-4923-af72-f5df68a2f4ce,8b525d7e-1869-401a-9a43-fc39595cc769,2025,10769000.0,6921000.0,2026-08-18T11:48:58.796204
4f24dfe2-6b9f-498c-9b0d-b621722a6597,94bb62b7-7491-4723-948a-0b8743469885,2020,4587000.0,2925000.0,2026-08-18T11:48:58.796256
c5c01c9a-3ea5-40fd-bafe-a0c86a48441a,94bb62b7-7491-4723-948a-0b8743469885,2021,5291000.0,3311000.0,2026-08-18T11:48:58.796259
af37a267-7766-4f7f-9e8f-e8d666d1cf88,94bb62b7-7491-4723-948a-0b8743469885,2022,5913000.0,4147000.0,2026-08-18T11:48:58.796262
4b35612b-e88f-4a2a-bd05-51c0ddad8439,94bb62b7-7491-4723-948a-0b8743469885,2023,6717000.0,4607000.0,2026-08-18T11:48:58.796265
e1a43e3d-da54-44a4-9061-21a7cfc16d1c,94bb62b7-7491-4723-948a-0b8743469885,2024,7604000.0,4654000.0,2026-08-18T11:48:58.796269
5f78205f-2f4b-4a6c-ae2b-a6f36ee7f007,94bb62b7-7491-4723-948a-0b8743469885,2025,8523000.0,5435000.0,2026-08-18T11:48:58.796272
2fbeeab4-39c3-4dc6-979b-8b01dc6d5418,017343f8-00b0-473e-a52d-185006aa8975,2020,13725000.0,9680000.0,2026-08-18T11:48:58.796299
8f656efb-e9c2-4068-901c-fbc81c30adf9,017343f8-00b0-473e-a52d-185006aa8975,2021,15512000.0,10379000.0,2026-08-18T11:48:58.796302
7294f6e7-8574-440c-b7b5-a59030185a4b,017343f8-00b0-473e-a52d-185006aa8975,2022,17929000.0,12349000.0,2026-08-18T11:48:58.796306
664ed9c4-5cd4-4c2c-b8df-d438019e8865,017343f8-00b0-473e-a52d-185006aa8975,2023,20214000.0,14150000.0,2026-08-18T11:48:58.796309
bcd5a383-0cc5-438e-8680-134aaede57f7,017343f8-00b0-473e-a52d-185006aa8975,2024,22875000.0,15186000.0,2026-08-18T11:48:58.796312
7a73f687-96a3-4cbe-b1db-c629ccaa4b23,017343f8-00b0-473e-a52d-185006aa8975,2025,25145000.0,16394000.0,2026-08-18T11:48:58.796315
3feb42db-c9da-4c56-99bb-4351102ad333,07d35b0b-077c-4613-80db-44a5c79481a1,2020,9036000.0,5843000.0,2026-08-18T11:48:58.796357
539ac58f-1a5a-4c45-8f5b-7da942f04dd3,07d35b0b-077c-4613-80db-44a5c79481a1,2021,9733000.0,6646000.0,2026-08-18T11:48:58.796361
2fe0a08c-0386-4731-8e9a-7232a457798b,07d35b0b-077c-4613-80db-44a5c79481a1,2022,11287000.0,8102000.0,2026-08-18T11:48:58.796364
3dcd1369-a911-4111-bc6d-88ae6b57b416,07d35b0b-077c-4613-80db-44a5c79481a1,2023,12489000.0,8676000.0,2026-08-18T11:48:58.796367
40b6d4b5-31c1-43e3-8ba5-fe336ff75b0e,07d35b0b-077c-4613-80db-44a5c79481a1,2024,13679000.0,9391000.0,2026-08-18T11:48:58.796370
c7077a75-403d-419c-8d5e-a0e3e6823a45,07d35b0b-077c-4613-80db-44a5c79481a1,2025,15046000.0,10683000.0,2026-08-18T11:48:58.796373
686858dc-08a3-43e2-b1d4-55bb1fb3070a,da1c378e-827e-4791-b99a-e7a85a54a880,2020,6259000.0,3842000.0,2026-08-18T11:48:58.796400
97026377-dc61-41c4-90aa-9cac444c0f68,da1c378e-827e-4791-b99a-e7a85a54a880,2021,6969000.0,4736000.0,2026-08-18T11:48:58.796403
26a2eacb-8497-453a-96cd-4d0800bec8af,da1c378e-827e-4791-b99a-e7a85a54a880,2022,7844000.0,5229000.0,2026-08-18T11:48:58.796407
4ecea015-a13b-4d7f-a584-a26581971c39,da1c378e-827e-4791-b99a-e7a85a54a880,2023,8707000.0,5957000.0,2026-08-18T11:48:58.796411
0333fed5-b571-412f-b7b0-8911ba1671da,da1c378e-827e-4791-b99a-e7a85a54a880,2024,9792000.0,6833000.0,2026-08-18T11:48:58.796414
7a5aaa7f-d20e-486d-95c9-3d8a8fa0b71e,da1c378e-827e-4791-b99a-e7a85a54a880,2025,10719000.0,7565000.0,2026-08-18T11:48:58.796418
8b8c50a2-6ac6-48c7-9aa0-4d0fc21d7947,cd1401a8-92b4-4fd4-b261-6ad1aabefd90,2020,2010000.0,1268000.0,2026-08-18T11:48:58.796444
77a9f8ba-54d5-498f-bd03-cdfc3e64cba5,cd1401a8-92b4-4fd4-b261-6ad1aabefd90,2021,2236000.0,1490000.0,2026-08-18T11:48:58.796447
535b720a-9153-4398-ac86-b28c9e6981d3,cd1401a8-92b4-4fd4-b261-6ad1aabefd90,2022,2418000.0,1574000.0,2026-08-18T11:48:58.796451
54d308d3-2a9c-44d3-97a2-22e26cb2b091,cd1401a8-92b4-4fd4-b261-6ad1aabefd90,2023,2720000.0,1724000.0,2026-08-18T11:48:58.796454
c87624d8-c3b4-4cbf-a598-d6a46ce4e98a,cd1401a8-92b4-4fd4-b261-6ad1aabefd90,2024,3145000.0,1898000.0,2026-08-18T11:48:58.796457
bab64b60-1e50-47e0-bc41-d959efa56dd0,cd1401a8-92b4-4fd4-b261-6ad1aabefd90,2025,3421000.0,2295000.0,2026-08-18T11:48:58.796460
3d3eb1df-e7f4-4042-b9f6-fa559cf1b3d1,ea2f9689-b314-460a-8bea-f370bfb7d162,2020,20496000.0,13516000.0,2026-08-18T11:48:58.796503
732b40d2-606e-4a91-a494-d54fc91a1706,ea2f9689-b314-460a-8bea-f370bfb7d162,2021,22862000.0,15446000.0,2026-08-18T11:48:58.796506
d5b6a1e3-3ba8-4bd6-9222-4424e8b36658,ea2f9689-b314-460a-8bea-f370bfb7d162,2022,25550000.0,18363000.0,2026-08-18T11:48:58.796509
20e9c170-f192-4c3e-881d-a3d29e91dd3b,ea2f9689-b314-460a-8bea-f370bfb7d162,2023,30241000.0,19507000.0,2026-08-18T11:48:58.796513
8b7f880f-e9b8-488b-8ecb-d22b6b788897,ea2f9689-b314-460a-8bea-f370bfb7d162,2024,34312000.0,22985000.0,2026-08-18T11:48:58.796516
e55dbbbe-ae1a-46e8-9ecb-40d1ee62923b,ea2f9689-b314-460a-8bea-f370bfb7d162,2025,38101000.0,27278000.0,2026-08-18T11:48:58.796519
9b0b5236-e3d8-4c38-8e86-153aecaba11d,33e2424a-4d18-4789-84d2-f4c4b7198f39,2020,7737000.0,4834000.0,2026-08-18T11:48:58.796553
eea3e779-01fa-4e04-9d55-0e9c55cd976d,33e2424a-4d18-4789-84d2-f4c4b7198f39,2021,8736000.0,5396000.0,2026-08-18T11:48:58.796556
698eddda-398a-43da-80d8-f104452ff993,33e2424a-4d18-4789-84d2-f4c4b7198f39,2022,9664000.0,6006000.0,2026-08-18T11:48:58.796559
6d6e456e-20a2-4234-a90d-1e2e5ca21387,33e2424a-4d18-4789-84d2-f4c4b7198f39,2023,11100000.0,6862000.0,2026-08-18T11:48:58.796564
63d3c1fd-79a9-483a-9f6b-040544bc0222,33e2424a-4d18-4789-84d2-f4c4b7198f39,2024,13192000.0,8533000.0,2026-08-18T11:48:58.796567
173e446e-0fef-49ad-b9cb-cde3d7442294,33e2424a-4d18-4789-84d2-f4c4b7198f39,2025,14397000.0,9538000.0,2026-08-18T11:48:58.796571
eb74e438-8517-4231-9120-750a5d03d7ca,28574a3e-12e8-444b-8cc3-33e6ad5ee15b,2020,5534000.0,3793000.0,2026-08-18T11:48:58.796597
8edabdf5-f524-4c23-9ec9-790a935a65bf,28574a3e-12e8-444b-8cc3-33e6ad5ee15b,2021,5733000.0,3498000.0,2026-08-18T11:48:58.796600
3fdcc2aa-f534-43b2-9031-ddefe0b88bec,28574a3e-12e8-444b-8cc3-33e6ad5ee15b,2022,6257000.0,4414000.0,2026-08-18T11:48:58.796603
9c1d7c2d-c8c2-4c34-8138-538e5eb87e35,28574a3e-12e8-444b-8cc3-33e6ad5ee15b,2023,6821000.0,4304000.0,2026-08-18T11:48:58.796606
a15c482e-b612-4e02-b024-f0bd97b8531b,28574a3e-12e8-444b-8cc3-33e6ad5ee15b,2024,7592000.0,5216000.0,2026-08-18T11:48:58.796611
0a88c1e2-003f-4fac-9a90-29412b1dfc00,28574a3e-12e8-444b-8cc3-33e6ad5ee15b,2025,8238000.0,5217000.0,2026-08-18T11:48:58.796614
25139e9f-5d07-466d-bdc9-b210b114d3e6,bc75a0cb-19ab-4070-8e6e-65c1a7b73bdd,2020,46614000.0,29547000.0,2026-08-18T11:48:58.796671
10b5ee68-9cfb-4c79-8047-c38ad1f41ec4,bc75a0cb-19ab-4070-8e6e-65c1a7b73bdd,2021,53290000.0,34192000.0,2026-08-18T11:48:58.796674
d2679e48-f861-4cbb-8dc4-383894b788d2,bc75a0cb-19ab-4070-8e6e-65c1a7b73bdd,2022,56344000.0,35248000.0,2026-08-18T11:48:58.796677
68200a4c-4a67-4b35-91b0-6ef1b86ecfe4,bc75a0cb-19ab-4070-8e6e-65c1a7b73bdd,2023,64767000.0,42764000.0,2026-08-18T11:48:58.796680
4c47fd1e-28d9-45a8-9cff-4b0374bad15d,bc75a0cb-19ab-4070-8e6e-65c1a7b73bdd,2024,72969000.0,45040000.0,2026-08-18T11:48:58.796684
5c245e1a-246f-426f-b453-b7ce47c273a0,bc75a0cb-19ab-4070-8e6e-65c1a7b73bdd,2025,80066000.0,57572000.0,2026-08-18T11:48:58.796687
8642e543-b324-4c60-8ebc-cf445f05457a,10863e60-6f4f-48e3-9c00-8654838ee3eb,2020,20289000.0,12955000.0,2026-08-18T11:48:58.796720
8552b322-dd60-48e8-b152-1226099815f2,10863e60-6f4f-48e3-9c00-8654838ee3eb,2021,22868000.0,15094000.0,2026-08-18T11:48:58.796724
58ffe98e-77f3-4ccd-b228-6f3b4d282806,10863e60-6f4f-48e3-9c00-8654838ee3eb,2022,24535000.0,16679000.0,2026-08-18T11:48:58.796727
fc2b31b7-1c20-424f-b9c1-957c5d38a21f,10863e60-6f4f-48e3-9c00-8654838ee3eb,2023,27285000.0,17919000.0,2026-08-18T11:48:58.796730
7a4b4deb-c407-4a54-abd5-c3761fe478bf,10863e60-6f4f-48e3-9c00-8654838ee3eb,2024,30671000.0,20920000.0,2026-08-18T11:48:58.796733
df072675-978b-444a-8547-992b5bb17310,10863e60-6f4f-48e3-9c00-8654838ee3eb,2025,35439000.0,24312000.0,2026-08-18T11:48:58.796739
d0b0ae26-4431-46ff-a857-46f583979a0f,7eb7ac9b-a53f-4f0e-8125-1e77d183b118,2020,3427000.0,2439000.0,2026-08-18T11:48:58.796767
5e64f8e4-2618-46db-98c9-8ef6bc5a110e,7eb7ac9b-a53f-4f0e-8125-1e77d183b118,2021,3826000.0,2507000.0,2026-08-18T11:48:58.796771
3bc48100-589a-42c3-9b45-e261e48c3056,7eb7ac9b-a53f-4f0e-8125-1e77d183b118,2022,4314000.0,2694000.0,2026-08-18T11:48:58.796774
ee3e4322-4836-48ba-956e-4332c20a2b39,7eb7ac9b-a53f-4f0e-8125-1e77d183b118,2023,4828000.0,3358000.0,2026-08-18T11:48:58.796777
2d3739a6-49e2-4f6a-8364-0e4860d69c92,7eb7ac9b-a53f-4f0e-8125-1e77d183b118,2024,5734000.0,3507000.0,2026-08-18T11:48:58.796781
6f49600f-a609-4c86-a072-217602a232dd,7eb7ac9b-a53f-4f0e-8125-1e77d183b118,2025,6219000.0,4367000.0,2026-08-18T11:48:58.796785
2327c98f-51e9-4425-8793-d0d8568bc4b4,25552c1d-245d-4df5-9f1f-2e65b33dd633,2020,32124000.0,21247000.0,2026-08-18T11:48:58.796811
f16d9d20-8289-45be-b544-635041ab74f3,25552c1d-245d-4df5-9f1f-2e65b33dd633,2021,32831000.0,22498000.0,2026-08-18T11:48:58.796814
3a8c3b3d-2604-469a-9ff5-06f4e08f5823,25552c1d-245d-4df5-9f1f-2e65b33dd633,2022,37284000.0,26319000.0,2026-08-18T11:48:58.796817
89d0f762-788a-4479-8871-fc157b2a4574,25552c1d-245d-4df5-9f1f-2e65b33dd633,2023,38255000.0,25582000.0,2026-08-18T11:48:58.796820
3a1b0384-c24b-463e-85ea-d8ceebc0e525,25552c1d-245d-4df5-9f1f-2e65b33dd633,2024,41311000.0,27796000.0,2026-08-18T11:48:58.796824
e7bd9337-d1c2-4fad-b667-6982750f0c40,25552c1d-245d-4df5-9f1f-2e65b33dd633,2025,44682000.0,29153000.0,2026-08-18T11:48:58.796827
9fed18af-71f2-4f3e-a7d3-94e121446700,12033ce3-1e3d-47f5-b00c-2e0914d595e9,2020,60972000.0,39948000.0,2026-08-18T11:48:58.796852
5744bc50-e3d5-4a49-980b-fd03121b7b27,12033ce3-1e3d-47f5-b00c-2e0914d595e9,2021,68223000.0,44997000.0,2026-08-18T11:48:58.796855
a02a2a0f-2904-45d9-9179-879351d8b778,12033ce3-1e3d-47f5-b00c-2e0914d595e9,2022,71972000.0,43339000.0,2026-08-18T11:48:58.796859
03ee52f4-7457-4012-ab19-81a8e3347ad5,12033ce3-1e3d-47f5-b00c-2e0914d595e9,2023,81235000.0,52749000.0,2026-08-18T11:48:58.796879
8ccc88db-2c51-4103-ad58-05319392a64e,12033ce3-1e3d-47f5-b00c-2e0914d595e9,2024,92713000.0,64109000.0,2026-08-18T11:48:58.796882
ad201965-01fe-425c-9ff0-a81ad548b272,12033ce3-1e3d-47f5-b00c-2e0914d595e9,2025,98597000.0,59202000.0,2026-08-18T11:48:58.796885
f2d7835d-96df-4537-8051-54c091e2585c,2e3d034b-2d1a-4ad8-a852-8088ba9b1da1,2020,59636000.0,37675000.0,2026-08-18T11:48:58.796927
5542ebb9-9b57-4850-abac-ea05ee27a58e,2e3d034b-2d1a-4ad8-a852-8088ba9b1da1,2021,66104000.0,43796000.0,2026-08-18T11:48:58.796931
f5a53890-25b1-4b80-bb3a-d3861e6d367e,2e3d034b-2d1a-4ad8-a852-8088ba9b1da1,2022,70666000.0,47303000.0,2026-08-18T11:48:58.796934
41e20c9d-c895-444b-b0b2-96d162b99b44,2e3d034b-2d1a-4ad8-a852-8088ba9b1da1,2023,77996000.0,47655000.0,2026-08-18T11:48:58.796937
3c047afb-cb1a-4bf8-b103-78cda8392de4,2e3d034b-2d1a-4ad8-a852-8088ba9b1da1,2024,84555000.0,57408000.0,2026-08-18T11:48:58.796941
5dcd4489-fe53-44e8-88b5-9050f507d77d,2e3d034b-2d1a-4ad8-a852-8088ba9b1da1,2025,91923000.0,63960000.0,2026-08-18T11:48:58.796944
f75b7eda-0bec-4e19-a2c1-38e63105ac6f,71ed6db9-52f3-4da3-b9bb-d9d5d50ec8d2,2020,4480000.0,2998000.0,2026-08-18T11:48:58.796978
ad71cec4-f729-4a43-873e-9b0f47e562c7,71ed6db9-52f3-4da3-b9bb-d9d5d50ec8d2,2021,5053000.0,3274000.0,2026-08-18T11:48:58.796981
2df7e9ea-903b-4e5a-a8ef-204ec6014b25,71ed6db9-52f3-4da3-b9bb-d9d5d50ec8d2,2022,5862000.0,3864000.0,2026-08-18T11:48:58.796984
0bb376c2-e27b-4d57-b64b-5c3a378f7030,71ed6db9-52f3-4da3-b9bb-d9d5d50ec8d2,2023,6724000.0,4493000.0,2026-08-18T11:48:58.796987
95e141c7-6d96-49d4-b33d-03b159110a07,71ed6db9-52f3-4da3-b9bb-d9d5d50ec8d2,2024,7625000.0,5086000.0,2026-08-18T11:48:58.796990
9060486e-6148-4081-8328-78a260422916,71ed6db9-52f3-4da3-b9bb-d9d5d50ec8d2,2025,8561000.0,5993000.0,2026-08-18T11:48:58.796993
9e4b1844-92d9-423b-b7bb-6e89ad2030f4,2fef0e65-c760-4116-aa88-0555789c9e19,2020,44549000.0,27195000.0,2026-08-18T11:48:58.797032
ee775aae-e94d-4352-b09f-2a387f88c028,2fef0e65-c760-4116-aa88-0555789c9e19,2021,52001000.0,34474000.0,2026-08-18T11:48:58.797035
32a66425-0d12-4d02-a924-537aac790bfa,2fef0e65-c760-4116-aa88-0555789c9e19,2022,58121000.0,40454000.0,2026-08-18T11:48:58.797038
a47018bf-00fa-4f94-ad66-d4345c817703,2fef0e65-c760-4116-aa88-0555789c9e19,2023,66768000.0,46625000.0,2026-08-18T11:48:58.797041
04e9143b-0699-4388-a6a8-76bf6b914780,2fef0e65-c760-4116-aa88-0555789c9e19,2024,78779000.0,55071000.0,2026-08-18T11:48:58.797045
5575f824-ffe7-4305-bde0-345575ee808c,2fef0e65-c760-4116-aa88-0555789c9e19,2025,89915000.0,54149000.0,2026-08-18T11:48:58.797048
baea7c3d-b770-4294-9e0a-8d82a0507e0d,193dbb60-8435-4d85-b3d7-d7be51eaf9b8,2020,21608000.0,14181000.0,2026-08-18T11:48:58.797085
7b09d7b8-42de-475c-a4a7-3604923e75a9,193dbb60-8435-4d85-b3d7-d7be51eaf9b8,2021,24761000.0,17094000.0,2026-08-18T11:48:58.797088
b75e3b86-4c62-4582-8fbb-d3d0e8a1e9df,193dbb60-8435-4d85-b3d7-d7be51eaf9b8,2022,27794000.0,19728000.0,2026-08-18T11:48:58.797093
8cd124b2-4046-40d8-9812-5a6a3b79de28,193dbb60-8435-4d85-b3d7-d7be51eaf9b8,2023,31919000.0,19900000.0,2026-08-18T11:48:58.797096
971c7ee8-cb2e-4c1d-8b79-63a807c30e97,193dbb60-8435-4d85-b3d7-d7be51eaf9b8,2024,37192000.0,24497000.0,2026-08-18T11:48:58.797099
2db88074-d807-40ca-8f97-00ea2af94faf,193dbb60-8435-4d85-b3d7-d7be51eaf9b8,2025,40596000.0,24921000.0,2026-08-18T11:48:58.797103
05afd4e4-002b-4034-aeae-a6bec544597e,9ee7c9c0-053d-4dae-a0e9-260750facfc3,2020,31810000.0,22257000.0,2026-08-18T11:48:58.797130
2cc5df17-7d7d-4bb5-9d1d-c2465156b293,9ee7c9c0-053d-4dae-a0e9-260750facfc3,2021,35111000.0,21962000.0,2026-08-18T11:48:58.797133
df46d818-4765-46f8-877d-e8f536967a6c,9ee7c9c0-053d-4dae-a0e9-260750facfc3,2022,40971000.0,25539000.0,2026-08-18T11:48:58.797136
cb9f6331-c4c4-4b59-8876-8c6318ec839e,9ee7c9c0-053d-4dae-a0e9-260750facfc3,2023,47103000.0,29809000.0,2026-08-18T11:48:58.797139
8133ea5e-8f95-4876-96e7-e285e8dab50b,9ee7c9c0-053d-4dae-a0e9-260750facfc3,2024,53737000.0,32571000.0,2026-08-18T11:48:58.797142
ad20c53f-78b3-4254-8c74-b1d4950c9364,9ee7c9c0-053d-4dae-a0e9-260750facfc3,2025,59406000.0,36716000.0,2026-08-18T11:48:58.797145
37e608b8-a1a3-4ed9-9497-63ff161a45d6,c3af3177-b4ec-4873-b656-56ea8aaf4c74,2020,30003000.0,21161000.0,2026-08-18T11:48:58.797188
6fe27070-8f5e-407e-97a4-7ad8dcb0d313,c3af3177-b4ec-4873-b656-56ea8aaf4c74,2021,33599000.0,23404000.0,2026-08-18T11:48:58.797192
655ffe32-709e-42e8-bf9c-965b30b82104,c3af3177-b4ec-4873-b656-56ea8aaf4c74,2022,37934000.0,25282000.0,2026-08-18T11:48:58.797195
6c177bb9-ed19-466b-b979-a6d947b7dd60,c3af3177-b4ec-4873-b656-56ea8aaf4c74,2023,44063000.0,30524000.0,2026-08-18T11:48:58.797198
112d92b9-9efe-487d-a006-d67619ec71bb,c3af3177-b4ec-4873-b656-56ea8aaf4c74,2024,48081000.0,28891000.0,2026-08-18T11:48:58.797201
71e1197f-f7d1-41c0-94bc-de9fc70b8714,c3af3177-b4ec-4873-b656-56ea8aaf4c74,2025,53097000.0,33234000.0,2026-08-18T11:48:58.797205
e96dbeef-582b-47c0-85b4-67efffb733c8,d8745d2f-7b65-4d10-8086-cd6ee74d671b,2020,18531000.0,13122000.0,2026-08-18T11:48:58.797250
0a13311d-7f80-4749-9cc2-06096a0b17b9,d8745d2f-7b65-4d10-8086-cd6ee74d671b,2021,21380000.0,14741000.0,2026-08-18T11:48:58.797253
8e40c987-b4f9-445f-92c0-075f1c5d0a2f,d8745d2f-7b65-4d10-8086-cd6ee74d671b,2022,23670000.0,16619000.0,2026-08-18T11:48:58.797256
11140a4d-6e62-4726-b518-367e17907b34,d8745d2f-7b65-4d10-8086-cd6ee74d671b,2023,28356000.0,20088000.0,2026-08-18T11:48:58.797261
81c38dda-e6e8-42a3-a1db-f823c9c075ef,d8745d2f-7b65-4d10-8086-cd6ee74d671b,2024,31135000.0,21609000.0,2026-08-18T11:48:58.797264
2932440b-fbea-40ab-9a00-375aa9b8e01a,d8745d2f-7b65-4d10-8086-cd6ee74d671b,2025,36688000.0,23177000.0,2026-08-18T11:48:58.797267
28950ae9-48bc-43bd-9e46-10b6e0017b25,158a2eb4-60a4-4373-b356-bf2517d15289,2020,44856000.0,31406000.0,2026-08-18T11:48:58.797293
a75044d8-c7f7-4f76-b722-e1e557636bbe,158a2eb4-60a4-4373-b356-bf2517d15289,2021,49268000.0,31119000.0,2026-08-18T11:48:58.797296
6105e982-8053-43d8-836f-672071181c33,158a2eb4-60a4-4373-b356-bf2517d15289,2022,52807000.0,33721000.0,2026-08-18T11:48:58.797299
ba9a1f13-c823-457b-b566-8cc8f27120fb,158a2eb4-60a4-4373-b356-bf2517d15289,2023,59598000.0,38414000.0,2026-08-18T11:48:58.797302
9e5326bf-464d-4d8c-b9d2-a8e4ddbaf56b,158a2eb4-60a4-4373-b356-bf2517d15289,2024,64111000.0,42106000.0,2026-08-18T11:48:58.797306
937772bf-9049-4f5d-9108-5e4824e594c1,158a2eb4-60a4-4373-b356-bf2517d15289,2025,69128000.0,48569000.0,2026-08-18T11:48:58.797309
aa0af093-b0a8-444f-8559-8822ca267e39,b49e1680-94db-48ec-812c-5e62453995df,2020,4571000.0,2856000.0,2026-08-18T11:48:58.797346
fa987732-4e0e-4475-a51a-5becc75700f6,b49e1680-94db-48ec-812c-5e62453995df,2021,4980000.0,3286000.0,2026-08-18T11:48:58.797349
295802c7-6823-4ab9-92db-b678cd8b8737,b49e1680-94db-48ec-812c-5e62453995df,2022,5376000.0,3513000.0,2026-08-18T11:48:58.797352
f222cf5d-55bc-4148-b3f3-ee6e18d53233,b49e1680-94db-48ec-812c-5e62453995df,2023,5593000.0,3821000.0,2026-08-18T11:48:58.797355
7e65f850-4313-4b24-9781-4226a65aec01,b49e1680-94db-48ec-812c-5e62453995df,2024,6193000.0,3725000.0,2026-08-18T11:48:58.797359
b9090d39-c4b2-49b1-ace9-eea77dee6089,b49e1680-94db-48ec-812c-5e62453995df,2025,6598000.0,4559000.0,2026-08-18T11:48:58.797363
e2cb8086-ce29-4f62-a849-c59d654542ad,636acce0-2c31-40fa-9ce8-aebfc9110c1d,2020,54075000.0,37287000.0,2026-08-18T11:48:58.797407
7e372ce4-0289-4962-81c7-4ea8f7969a43,636acce0-2c31-40fa-9ce8-aebfc9110c1d,2021,59931000.0,37879000.0,2026-08-18T11:48:58.797410
7b2bb15e-c08e-4cb6-8951-2f6b8c6a93a2,636acce0-2c31-40fa-9ce8-aebfc9110c1d,2022,65524000.0,41415000.0,2026-08-18T11:48:58.797413
be1f223a-a95d-49d5-9a40-b2803403d010,636acce0-2c31-40fa-9ce8-aebfc9110c1d,2023,71721000.0,47869000.0,2026-08-18T11:48:58.797416
5ce4d693-af17-4945-8c2c-2ce6b6002608,636acce0-2c31-40fa-9ce8-aebfc9110c1d,2024,82173000.0,52414000.0,2026-08-18T11:48:58.797420
85ed0bc1-2024-4e8d-aec5-a4fed9b0ae01,636acce0-2c31-40fa-9ce8-aebfc9110c1d,2025,92087000.0,57635000.0,2026-08-18T11:48:58.797425
31b9443d-74e7-46b7-b37b-24ede6b5bf16,6e3d162e-6752-48b6-aab9-55c115c155b4,2020,35340000.0,25354000.0,2026-08-18T11:48:58.797452
76b514c5-cf50-4b47-8f20-229c1da7e5eb,6e3d162e-6752-48b6-aab9-55c115c155b4,2021,36683000.0,24639000.0,2026-08-18T11:48:58.797459
ee888c36-050c-45e4-8bee-e4f4905889c9,6e3d162e-6752-48b6-aab9-55c115c155b4,2022,41688000.0,29031000.0,2026-08-18T11:48:58.797462
fc45c863-0907-487e-9a36-f4065ac31334,6e3d162e-6752-48b6-aab9-55c115c155b4,2023,44913000.0,31232000.0,2026-08-18T11:48:58.797465
5617fb04-e908-4608-9388-7508c094de48,6e3d162e-6752-48b6-aab9-55c115c155b4,2024,48679000.0,30259000.0,2026-08-18T11:48:58.797469
91399104-b127-40db-b588-8c2f3f87c84a,6e3d162e-6752-48b6-aab9-55c115c155b4,2025,54787000.0,38950000.0,2026-08-18T11:48:58.797472
2b671f30-ffbe-4609-84cc-cb86148e2fdf,3363dee3-f077-4490-926f-a5ec9e4345f2,2020,9670000.0,6829000.0,2026-08-18T11:48:58.797506
36a5959c-0b07-4644-92e4-bbe599442497,3363dee3-f077-4490-926f-a5ec9e4345f2,2021,10976000.0,7278000.0,2026-08-18T11:48:58.797510
6df6d9f8-3484-4067-b830-ac481ea21b17,3363dee3-f077-4490-926f-a5ec9e4345f2,2022,12589000.0,7963000.0,2026-08-18T11:48:58.797513
88404b31-def2-4718-b7e8-c878e775f5d2,3363dee3-f077-4490-926f-a5ec9e4345f2,2023,14273000.0,9657000.0,2026-08-18T11:48:58.797517
b4ab2d9b-102b-4abd-b586-e7986fca0cbf,3363dee3-f077-4490-926f-a5ec9e4345f2,2024,15840000.0,10504000.0,2026-08-18T11:48:58.797520
1b9169f8-5702-49a0-bccb-5f4dd8683328,3363dee3-f077-4490-926f-a5ec9e4345f2,2025,17751000.0,12478000.0,2026-08-18T11:48:58.797524
5aebde35-8d46-4879-bcb4-05785628da66,e828bbf5-5500-40da-a993-ea624d484235,2020,19437000.0,13726000.0,2026-08-18T11:48:58.797564
b0fcbefd-6230-494a-b7f1-22ef3cc58287,e828bbf5-5500-40da-a993-ea624d484235,2021,21369000.0,14712000.0,2026-08-18T11:48:58.797567
6f1030b1-706a-4051-b071-3de19e0c3871,e828bbf5-5500-40da-a993-ea624d484235,2022,22887000.0,14106000.0,2026-08-18T11:48:58.797570
e9f6cc23-3b06-436c-a39e-d265b245c1bf,e828bbf5-5500-40da-a993-ea624d484235,2023,24622000.0,15976000.0,2026-08-18T11:48:58.797574
84ebe859-084f-4a62-aa9d-5495c7cdb1e9,e828bbf5-5500-40da-a993-ea624d484235,2024,26958000.0,16943000.0,2026-08-18T11:48:58.797577
c04c6597-1977-44e2-911e-3999e3af1a78,e828bbf5-5500-40da-a993-ea624d484235,2025,29528000.0,19289000.0,2026-08-18T11:48:58.797581
1524c372-3a7b-4b15-a29d-37bef0dad91c,5dc35d42-e043-4709-909d-5f635c0d3a69,2020,52358000.0,36043000.0,2026-08-18T11:48:58.797619
aaff9c13-812b-4d29-85fb-1f29aa9c6a8a,5dc35d42-e043-4709-909d-5f635c0d3a69,2021,57763000.0,36379000.0,2026-08-18T11:48:58.797622
c59d0c30-ad8f-48a4-9457-48b90b4e40fe,5dc35d42-e043-4709-909d-5f635c0d3a69,2022,63061000.0,42496000.0,2026-08-18T11:48:58.797625
71266ab9-eb93-4727-8c8b-1d03456d1b0a,5dc35d42-e043-4709-909d-5f635c0d3a69,2023,67323000.0,40896000.0,2026-08-18T11:48:58.797629
bdfad379-a20f-4251-afe6-87b5d9fb99ad,5dc35d42-e043-4709-909d-5f635c0d3a69,2024,75678000.0,48412000.0,2026-08-18T11:48:58.797632
24072064-e110-44c1-bf12-a8a56747629b,5dc35d42-e043-4709-909d-5f635c0d3a69,2025,84087000.0,60374000.0,2026-08-18T11:48:58.797635
f8188620-6b1b-4de8-b348-3299648f6a48,96c9960f-cf04-429e-8887-5fa409a9a647,2020,10779000.0,6953000.0,2026-08-18T11:48:58.797662
6fe11ab8-2cbc-4b5b-a712-a3d5734aeb3e,96c9960f-cf04-429e-8887-5fa409a9a647,2021,11596000.0,7173000.0,2026-08-18T11:48:58.797666
aed86f36-6473-4509-9d98-17b16d771b37,96c9960f-cf04-429e-8887-5fa409a9a647,2022,13506000.0,8352000.0,2026-08-18T11:48:58.797669
aa06c66b-a519-42b5-b4f7-d4d25a5f48f9,96c9960f-cf04-429e-8887-5fa409a9a647,2023,14565000.0,9583000.0,2026-08-18T11:48:58.797672
bb8a59b7-154e-4a7a-bdcd-b7bdf3b79658,96c9960f-cf04-429e-8887-5fa409a9a647,2024,16525000.0,11512000.0,2026-08-18T11:48:58.797675
0fbf75c0-4509-492a-99cb-3e2a5ddffbf3,96c9960f-cf04-429e-8887-5fa409a9a647,2025,19158000.0,13373000.0,2026-08-18T11:48:58.797678
b68ddc4f-7ea7-44cd-bd48-297f472630c7,a7a182f4-485b-417b-8ae9-9815c6cbcf63,2020,4499000.0,2971000.0,2026-08-18T11:48:58.797712
7339138a-e2f1-42a6-9389-e01ccf9029d1,a7a182f4-485b-417b-8ae9-9815c6cbcf63,2021,5290000.0,3206000.0,2026-08-18T11:48:58.797716
40241819-34f0-4fdd-bdee-18d68ccc5992,a7a182f4-485b-417b-8ae9-9815c6cbcf63,2022,5779000.0,3796000.0,2026-08-18T11:48:58.797719
5c2e5ce7-63fb-492f-b8d1-4ec2efa0275a,a7a182f4-485b-417b-8ae9-9815c6cbcf63,2023,6594000.0,4217000.0,2026-08-18T11:48:58.797723
806c9063-9374-4582-89ac-403575663497,a7a182f4-485b-417b-8ae9-9815c6cbcf63,2024,7494000.0,4785000.0,2026-08-18T11:48:58.797726
a881e32f-96ed-4381-98a6-adbe2eb8ef0d,a7a182f4-485b-417b-8ae9-9815c6cbcf63,2025,8305000.0,5607000.0,2026-08-18T11:48:58.797729
14d8ecd6-6d5c-4c07-a4dd-39ca846e2077,ed663ccf-ef4b-49de-a82b-220613b013d1,2020,29192000.0,17668000.0,2026-08-18T11:48:58.797757
6cf523e5-3272-4bc3-babb-e51453324cd7,ed663ccf-ef4b-49de-a82b-220613b013d1,2021,32493000.0,19685000.0,2026-08-18T11:48:58.797760
20c9ce69-fe51-4518-9d6f-e81659d2e04f,ed663ccf-ef4b-49de-a82b-220613b013d1,2022,36170000.0,22526000.0,2026-08-18T11:48:58.797764
1bedac9c-975d-4d67-a1c4-0fcf8e6921e1,ed663ccf-ef4b-49de-a82b-220613b013d1,2023,39930000.0,25095000.0,2026-08-18T11:48:58.797767
c73e5a51-65b8-441f-8393-23e79b32c9e9,ed663ccf-ef4b-49de-a82b-220613b013d1,2024,42704000.0,28547000.0,2026-08-18T11:48:58.797770
834e3ada-6ed1-4258-99e8-0d9192775ea4,ed663ccf-ef4b-49de-a82b-220613b013d1,2025,47029000.0,31533000.0,2026-08-18T11:48:58.797774
682748dc-4572-4313-b637-1b1f07421bf2,c5825f56-0aa3-4fe5-bbc7-ff203e91dabe,2020,51719000.0,32236000.0,2026-08-18T11:48:58.797816
640617b7-3ac3-4dfa-a45e-6451ec149ce3,c5825f56-0aa3-4fe5-bbc7-ff203e91dabe,2021,56527000.0,35045000.0,2026-08-18T11:48:58.797819
91686c66-1910-49a4-8225-33b67c2a5663,c5825f56-0aa3-4fe5-bbc7-ff203e91dabe,2022,60956000.0,42575000.0,2026-08-18T11:48:58.797822
0413836f-0dc4-4554-a556-e75bf0ae12fa,c5825f56-0aa3-4fe5-bbc7-ff203e91dabe,2023,66126000.0,43186000.0,2026-08-18T11:48:58.797826
b114a59f-2637-41df-b511-fd56da3d28e0,c5825f56-0aa3-4fe5-bbc7-ff203e91dabe,2024,73765000.0,47156000.0,2026-08-18T11:48:58.797829
dd8099d8-411e-4f17-9035-4636a074115d,c5825f56-0aa3-4fe5-bbc7-ff203e91dabe,2025,77165000.0,52717000.0,2026-08-18T11:48:58.797833
77baa8ca-e255-4dfa-9a56-35747ac21e69,a1734c2a-0e3d-4fcd-aa3c-35e085dd4188,2020,30668000.0,19940000.0,2026-08-18T11:48:58.797867
3f4c740c-59a7-427c-8dc2-2b765f13d13d,a1734c2a-0e3d-4fcd-aa3c-35e085dd4188,2021,36448000.0,24140000.0,2026-08-18T11:48:58.797870
c611c54d-1de6-4ac7-943a-4ad762122a8c,a1734c2a-0e3d-4fcd-aa3c-35e085dd4188,2022,41693000.0,25625000.0,2026-08-18T11:48:58.797873
5aea3051-2f13-40fb-b9c8-5ae51f4cd0c6,a1734c2a-0e3d-4fcd-aa3c-35e085dd4188,2023,47875000.0,29771000.0,2026-08-18T11:48:58.797876
a7d8fc61-1889-466f-8c15-3608fab503d4,a1734c2a-0e3d-4fcd-aa3c-35e085dd4188,2024,52173000.0,36197000.0,2026-08-18T11:48:58.797879
7faf3418-751d-4840-b977-9a0edd0c63f8,a1734c2a-0e3d-4fcd-aa3c-35e085dd4188,2025,59837000.0,40677000.0,2026-08-18T11:48:58.797883
71da8125-6edf-4ae1-b2c5-68d9e990d4c6,fce2bd93-17a7-4e7c-96f7-57b461595eb1,2020,28503000.0,19023000.0,2026-08-18T11:48:58.797916
a737a08a-f8e9-48ba-87da-ef1a29afdf5a,fce2bd93-17a7-4e7c-96f7-57b461595eb1,2021,31354000.0,22149000.0,2026-08-18T11:48:58.797919
5f4584c2-cc14-4792-8f49-52c8283fcf7c,fce2bd93-17a7-4e7c-96f7-57b461595eb1,2022,36296000.0,25479000.0,2026-08-18T11:48:58.797922
3310a285-6564-4334-ae63-c9bb27dd069d,fce2bd93-17a7-4e7c-96f7-57b461595eb1,2023,40650000.0,26320000.0,2026-08-18T11:48:58.797927
537e4acc-0f12-4b9b-9343-70d6a94b32b3,fce2bd93-17a7-4e7c-96f7-57b461595eb1,2024,47846000.0,32449000.0,2026-08-18T11:48:58.797930
3ca4352e-ac08-42f9-ac1a-c3a4d7627f99,fce2bd93-17a7-4e7c-96f7-57b461595eb1,2025,52698000.0,33234000.0,2026-08-18T11:48:58.797934
152c91ce-6002-4b02-9580-ecf9e0fa78a6,a4e31616-bd68-443c-a9cd-d54fba7ddbcc,2020,9064000.0,5783000.0,2026-08-18T11:48:58.797968
96d7bcd7-a5c7-4f1b-9fa2-aafd91b57140,a4e31616-bd68-443c-a9cd-d54fba7ddbcc,2021,10536000.0,6726000.0,2026-08-18T11:48:58.797972
ba80509c-c8cd-4076-a03c-42372fdfb733,a4e31616-bd68-443c-a9cd-d54fba7ddbcc,2022,11588000.0,7823000.0,2026-08-18T11:48:58.797975
b656aec4-27ee-4573-90bb-7489240752c4,a4e31616-bd68-443c-a9cd-d54fba7ddbcc,2023,13327000.0,9455000.0,2026-08-18T11:48:58.797978
2d8d4536-c5e2-447f-a7f1-145837ffcfdf,a4e31616-bd68-443c-a9cd-d54fba7ddbcc,2024,14793000.0,10135000.0,2026-08-18T11:48:58.797981
0d82897c-70cc-4f7f-b9cb-5749989a1994,a4e31616-bd68-443c-a9cd-d54fba7ddbcc,2025,16247000.0,11560000.0,2026-08-18T11:48:58.797986
785e96bf-761f-4b49-b3bc-9d2afc3fcb44,8dded085-d293-4a2f-bb27-6a40548f07af,2020,11145000.0,7802000.0,2026-08-18T11:48:58.798016
ffc467bc-53c0-49e1-a93a-525ffa97c8ab,8dded085-d293-4a2f-bb27-6a40548f07af,2021,12456000.0,8717000.0,2026-08-18T11:48:58.798019
f960cc3a-b4aa-41ce-92dc-f705da18e0bf,8dded085-d293-4a2f-bb27-6a40548f07af,2022,14321000.0,9655000.0,2026-08-18T11:48:58.798023
3dd88b20-915d-4dec-9a79-6d75f38ebc45,8dded085-d293-4a2f-bb27-6a40548f07af,2023,15974000.0,11208000.0,2026-08-18T11:48:58.798026
dbc2955f-7f4d-44dd-8892-0b77a1b1288e,8dded085-d293-4a2f-bb27-6a40548f07af,2024,18752000.0,12834000.0,2026-08-18T11:48:58.798029
a69df8b3-fb70-4c67-aec7-ac31dd19c87f,8dded085-d293-4a2f-bb27-6a40548f07af,2025,21259000.0,14338000.0,2026-08-18T11:48:58.798032
cf6817b7-dcc0-462c-9a4a-98df322d83c0,75666210-4666-42df-a19b-d35ad5586b8b,2020,4972000.0,3103000.0,2026-08-18T11:48:58.798073
974a381a-3dcb-406a-be03-d1cba30d4262,75666210-4666-42df-a19b-d35ad5586b8b,2021,5629000.0,3657000.0,2026-08-18T11:48:58.798076
6a7b6b51-6a10-4e0b-a159-7a1320143a36,75666210-4666-42df-a19b-d35ad5586b8b,2022,6515000.0,4308000.0,2026-08-18T11:48:58.798081
68417ee2-329a-431c-a221-a36ae9edcbd4,75666210-4666-42df-a19b-d35ad5586b8b,2023,7445000.0,4597000.0,2026-08-18T11:48:58.798084
905b32f2-e7cb-4b58-a489-9f45303faccc,75666210-4666-42df-a19b-d35ad5586b8b,2024,8494000.0,5435000.0,2026-08-18T11:48:58.798088
08609a0d-dc3d-4475-a70f-c504a8d0b567,75666210-4666-42df-a19b-d35ad5586b8b,2025,9493000.0,6216000.0,2026-08-18T11:48:58.798095
d71f6cb3-191b-4c65-8ba5-a61dce25177c,6b6df125-0e68-4d28-a40e-220bb8b87e84,2020,41794000.0,29086000.0,2026-08-18T11:48:58.798124
23a30677-a554-42ed-a015-dcbee3ff0b4d,6b6df125-0e68-4d28-a40e-220bb8b87e84,2021,45175000.0,31461000.0,2026-08-18T11:48:58.798127
a57c7687-549d-47eb-9cc2-dc47132ee426,6b6df125-0e68-4d28-a40e-220bb8b87e84,2022,50704000.0,36014000.0,2026-08-18T11:48:58.798130
fb29977b-3a64-475f-8780-a96d5d9cabf9,6b6df125-0e68-4d28-a40e-220bb8b87e84,2023,52569000.0,36998000.0,2026-08-18T11:48:58.798133
6705364e-32b1-4de0-a48e-8aec3b80bc04,6b6df125-0e68-4d28-a40e-220bb8b87e84,2024,57908000.0,36704000.0,2026-08-18T11:48:58.798136
dfbf2fd6-a15d-46f5-805f-cdf081123dba,6b6df125-0e68-4d28-a40e-220bb8b87e84,2025,63981000.0,40843000.0,2026-08-18T11:48:58.798139
08cd7a62-f7cc-4947-9626-7224b45d588f,a434b34b-795c-4414-a9e5-a4c8e41fb445,2020,21436000.0,14101000.0,2026-08-18T11:48:58.798181
013fc738-e6ae-4ff9-82a2-237b63f4d894,a434b34b-795c-4414-a9e5-a4c8e41fb445,2021,25395000.0,17370000.0,2026-08-18T11:48:58.798184
30d2e3ee-d6d1-4335-aaea-fe27dbb6bd61,a434b34b-795c-4414-a9e5-a4c8e41fb445,2022,27743000.0,18978000.0,2026-08-18T11:48:58.798187
76fc57e9-c696-404b-b72d-511d4341a920,a434b34b-795c-4414-a9e5-a4c8e41fb445,2023,31111000.0,20823000.0,2026-08-18T11:48:58.798190
8eb6f8e7-6700-4b12-bcaa-6ae26f764415,a434b34b-795c-4414-a9e5-a4c8e41fb445,2024,36247000.0,22974000.0,2026-08-18T11:48:58.798193
3766c497-fe5a-4565-bdad-e08b6650ef4a,a434b34b-795c-4414-a9e5-a4c8e41fb445,2025,40669000.0,29237000.0,2026-08-18T11:48:58.798196
52c7c98d-8e3e-4b6b-bd65-160127e2993f,bda588a1-d604-4b40-a729-877e225f7da3,2020,8264000.0,5517000.0,2026-08-18T11:48:58.798231
8dfe5bce-a876-4d3f-a2a9-5eae979ce510,bda588a1-d604-4b40-a729-877e225f7da3,2021,8647000.0,5916000.0,2026-08-18T11:48:58.798234
1085d1f1-8a33-4a09-a5d5-19009601f025,bda588a1-d604-4b40-a729-877e225f7da3,2022,9969000.0,6802000.0,2026-08-18T11:48:58.798238
3ce64cf1-fd75-4bb6-a3ca-71b8807db423,bda588a1-d604-4b40-a729-877e225f7da3,2023,10691000.0,7560000.0,2026-08-18T11:48:58.798241
9e83c9fa-6f0c-4787-a91d-07ecb4de7e75,bda588a1-d604-4b40-a729-877e225f7da3,2024,11551000.0,8004000.0,2026-08-18T11:48:58.798244
9322c327-47a9-4713-bbe5-2f792089f97e,bda588a1-d604-4b40-a729-877e225f7da3,2025,12591000.0,8383000.0,2026-08-18T11:48:58.798247
5b834a1f-e093-4c00-8227-5e12e4927efb,9bbb3d8b-198e-4f03-b509-4fdaabca38af,2020,22050000.0,14901000.0,2026-08-18T11:48:58.798290
d0082049-7135-4137-be06-a057cba84486,9bbb3d8b-198e-4f03-b509-4fdaabca38af,2021,23055000.0,15879000.0,2026-08-18T11:48:58.798294
6f9d7f1e-3a79-4c77-a4c7-26ea97e7c830,9bbb3d8b-198e-4f03-b509-4fdaabca38af,2022,25774000.0,15840000.0,2026-08-18T11:48:58.798297
99a3756c-f9f0-4896-94e0-73faef92c73c,9bbb3d8b-198e-4f03-b509-4fdaabca38af,2023,26992000.0,18983000.0,2026-08-18T11:48:58.798300
ec90d8a0-d269-4904-b52f-aaef14b73ef2,9bbb3d8b-198e-4f03-b509-4fdaabca38af,2024,28429000.0,17458000.0,2026-08-18T11:48:58.798304
266220b9-4065-4262-be2d-f9fb081fea17,9bbb3d8b-198e-4f03-b509-4fdaabca38af,2025,32551000.0,22992000.0,2026-08-18T11:48:58.798309
80c111a9-e856-466f-99ea-e51ad8565551,75297de1-3b9e-40c6-963b-8cdbc2755f2d,2020,5928000.0,4009000.0,2026-08-18T11:48:58.798351
d03c6ee9-fba5-4fa3-89fa-5a4c3b4fd778,75297de1-3b9e-40c6-963b-8cdbc2755f2d,2021,7010000.0,4511000.0,2026-08-18T11:48:58.798354
ba5ed119-70f3-4886-b617-88258227ee50,75297de1-3b9e-40c6-963b-8cdbc2755f2d,2022,7916000.0,5284000.0,2026-08-18T11:48:58.798358
d4a630f7-f18f-4c16-99c7-b7bf4211b8cb,75297de1-3b9e-40c6-963b-8cdbc2755f2d,2023,8767000.0,5884000.0,2026-08-18T11:48:58.798361
2da1275e-2130-45c9-8d7d-27c2f43954df,75297de1-3b9e-40c6-963b-8cdbc2755f2d,2024,10091000.0,6099000.0,2026-08-18T11:48:58.798364
02facbe4-8b00-4eeb-92dd-91e69a14303d,75297de1-3b9e-40c6-963b-8cdbc2755f2d,2025,12070000.0,8548000.0,2026-08-18T11:48:58.798369
9e9813d2-e488-4330-9354-09afb3ca9735,22e9bdb3-bdb8-4a1e-9a40-a64cd29ea5e1,2020,29566000.0,19340000.0,2026-08-18T11:48:58.798403
19beae8c-9e2d-4e2a-b238-acd5ef388212,22e9bdb3-bdb8-4a1e-9a40-a64cd29ea5e1,2021,33779000.0,23767000.0,2026-08-18T11:48:58.798406
2d6eed7a-6928-4c19-8ff7-90d91fd46b3a,22e9bdb3-bdb8-4a1e-9a40-a64cd29ea5e1,2022,39580000.0,26707000.0,2026-08-18T11:48:58.798409
f0bed33d-4724-4d1c-9548-336ae4adf9aa,22e9bdb3-bdb8-4a1e-9a40-a64cd29ea5e1,2023,45512000.0,29126000.0,2026-08-18T11:48:58.798412
5bec4a82-fbba-438a-b4a4-922b6b07692b,22e9bdb3-bdb8-4a1e-9a40-a64cd29ea5e1,2024,51738000.0,32385000.0,2026-08-18T11:48:58.798416
ddec5c97-6cd4-40b7-a5bf-4ebc134394ef,22e9bdb3-bdb8-4a1e-9a40-a64cd29ea5e1,2025,58150000.0,37588000.0,2026-08-18T11:48:58.798419
88d5a6c5-dea4-46a5-91be-d8ffc9694cc1,24a54cd8-cd93-4a27-bfee-14db472d2dfe,2020,6891000.0,4529000.0,2026-08-18T11:48:58.798451
0740c256-5e22-448a-b246-e297f3f84c1e,24a54cd8-cd93-4a27-bfee-14db472d2dfe,2021,7586000.0,4851000.0,2026-08-18T11:48:58.798455
3497e4dd-ebf4-4571-bcd7-db5bd3ae3171,24a54cd8-cd93-4a27-bfee-14db472d2dfe,2022,8653000.0,5632000.0,2026-08-18T11:48:58.798459
ac64ef8d-58d8-4d5e-a575-b5677cdff568,24a54cd8-cd93-4a27-bfee-14db472d2dfe,2023,9716000.0,5988000.0,2026-08-18T11:48:58.798463
d552f6d2-63f9-4ea8-99c9-a2ca9a063755,24a54cd8-cd93-4a27-bfee-14db472d2dfe,2024,11356000.0,7870000.0,2026-08-18T11:48:58.798467
0648dd6a-d2b9-4338-a899-15bf7d1d374b,24a54cd8-cd93-4a27-bfee-14db472d2dfe,2025,13091000.0,8253000.0,2026-08-18T11:48:58.798470
1d34f76c-49f3-4c8b-bcab-901aefba7df1,a732f4ea-d354-442c-8ed7-e59939a088d4,2020,6993000.0,4242000.0,2026-08-18T11:48:58.798496
fd2590d2-fcde-404a-a38e-a54b2bc4af1a,a732f4ea-d354-442c-8ed7-e59939a088d4,2021,7799000.0,5131000.0,2026-08-18T11:48:58.798500
7c7b6e58-8017-417e-b11b-89d69f9f2c17,a732f4ea-d354-442c-8ed7-e59939a088d4,2022,9047000.0,6215000.0,2026-08-18T11:48:58.798503
ad9d3279-ea3f-4cb3-a686-831e8843710c,a732f4ea-d354-442c-8ed7-e59939a088d4,2023,10360000.0,6915000.0,2026-08-18T11:48:58.798506
9c32ae55-4f09-46ef-9a94-d9a2eabac574,a732f4ea-d354-442c-8ed7-e59939a088d4,2024,11554000.0,7215000.0,2026-08-18T11:48:58.798510
1b2120ad-101f-42ae-93b6-74ce550314f9,a732f4ea-d354-442c-8ed7-e59939a088d4,2025,13497000.0,9182000.0,2026-08-18T11:48:58.798513
8f22f49b-2851-4c9d-b043-c3c385a0c5e1,98547f8d-db20-4efa-9a89-78bec54085d8,2020,6392000.0,4584000.0,2026-08-18T11:48:58.798547
8ab6ec86-ef96-4e3d-b42c-866c2d70d348,98547f8d-db20-4efa-9a89-78bec54085d8,2021,7302000.0,4852000.0,2026-08-18T11:48:58.798550
de82ef70-ba49-4909-9b4f-edb18bcc70ad,98547f8d-db20-4efa-9a89-78bec54085d8,2022,8096000.0,5246000.0,2026-08-18T11:48:58.798554
5098158c-ccd9-4a97-a02e-1c1d0c61ec65,98547f8d-db20-4efa-9a89-78bec54085d8,2023,9482000.0,5948000.0,2026-08-18T11:48:58.798557
eb45a12e-7c00-4168-87a3-a27a2ec93511,98547f8d-db20-4efa-9a89-78bec54085d8,2024,10926000.0,7399000.0,2026-08-18T11:48:58.798560
202398cb-855f-4df3-9a99-9cfd2b5c6d49,98547f8d-db20-4efa-9a89-78bec54085d8,2025,11994000.0,8351000.0,2026-08-18T11:48:58.798563
e59ca07e-0b8d-49f0-b23a-68bc8f870a86,99d6321c-7dc4-4859-9f85-3ccff3eef461,2020,1368000.0,837000.0,2026-08-18T11:48:58.798598
fb342cf0-d185-417e-b3c7-5ef53175ad52,99d6321c-7dc4-4859-9f85-3ccff3eef461,2021,1491000.0,984000.0,2026-08-18T11:48:58.798601
21f0394f-e4b4-4c0a-811d-e1ca4befdf74,99d6321c-7dc4-4859-9f85-3ccff3eef461,2022,1708000.0,1086000.0,2026-08-18T11:48:58.798605
b5d97680-3e4b-4621-a03d-b5ef927831c9,99d6321c-7dc4-4859-9f85-3ccff3eef461,2023,1843000.0,1118000.0,2026-08-18T11:48:58.798609
47929d0a-5624-438c-8328-94c602491ae6,99d6321c-7dc4-4859-9f85-3ccff3eef461,2024,2011000.0,1443000.0,2026-08-18T11:48:58.798613
8e04ad04-6972-4184-9707-3893a16a6f03,99d6321c-7dc4-4859-9f85-3ccff3eef461,2025,2277000.0,1596000.0,2026-08-18T11:48:58.798617
be3ac469-ca79-4166-a148-f59965aa3efa,c5c6f872-f2b6-4fb9-b06e-35ed750418e6,2020,5249000.0,3188000.0,2026-08-18T11:48:58.798652
6bf47a96-8f48-40fb-bfaf-955ccb71f612,c5c6f872-f2b6-4fb9-b06e-35ed750418e6,2021,5930000.0,4002000.0,2026-08-18T11:48:58.798656
6978ef02-2700-4d90-bc0c-7b1ccea2353f,c5c6f872-f2b6-4fb9-b06e-35ed750418e6,2022,6244000.0,4440000.0,2026-08-18T11:48:58.798659
313e6f03-8280-4268-9a51-02630aff5a08,c5c6f872-f2b6-4fb9-b06e-35ed750418e6,2023,6874000.0,4165000.0,2026-08-18T11:48:58.798662
2f22832c-749b-421d-87f2-55f4af3a9186,c5c6f872-f2b6-4fb9-b06e-35ed750418e6,2024,7593000.0,4936000.0,2026-08-18T11:48:58.798667
ade813d3-b028-4ef6-bad8-d6cd721c3e56,c5c6f872-f2b6-4fb9-b06e-35ed750418e6,2025,8358000.0,5265000.0,2026-08-18T11:48:58.798670
5d56f4f6-2cfc-4108-a1c3-f6cb9529b9f9,55e3410f-6760-4ff6-a881-9c6163d025f0,2020,4521000.0,2908000.0,2026-08-18T11:48:58.798705
4b0acded-4e78-4df0-8314-5b86798faa9d,55e3410f-6760-4ff6-a881-9c6163d025f0,2021,5194000.0,3204000.0,2026-08-18T11:48:58.798709
e42d0a5d-dd66-4ec7-ae01-5aa416284809,55e3410f-6760-4ff6-a881-9c6163d025f0,2022,5678000.0,4048000.0,2026-08-18T11:48:58.798712
13696fb3-b2d6-4d51-a856-b75b70150711,55e3410f-6760-4ff6-a881-9c6163d025f0,2023,6560000.0,3989000.0,2026-08-18T11:48:58.798715
ca895da7-359d-462e-8266-4fe5cb3b9746,55e3410f-6760-4ff6-a881-9c6163d025f0,2024,7418000.0,5071000.0,2026-08-18T11:48:58.798718
610f6ef3-f5bf-414f-9af2-50014bf86ff4,55e3410f-6760-4ff6-a881-9c6163d025f0,2025,8325000.0,5546000.0,2026-08-18T11:48:58.798722
ae4ce5d3-0cdb-472c-96ef-30852af859c6,fa189fa2-c4e2-436b-bdd0-1860457bd949,2020,7071000.0,4286000.0,2026-08-18T11:48:58.798763
d8063a68-d5e4-4ea5-8077-5a1b130152b8,fa189fa2-c4e2-436b-bdd0-1860457bd949,2021,8147000.0,5520000.0,2026-08-18T11:48:58.798766
6fd9cbd1-a106-4d5a-9c4a-b6a9a580a3c2,fa189fa2-c4e2-436b-bdd0-1860457bd949,2022,8810000.0,5747000.0,2026-08-18T11:48:58.798770
a5525fda-8bc9-4b2d-8d10-396b96e37981,fa189fa2-c4e2-436b-bdd0-1860457bd949,2023,9798000.0,6483000.0,2026-08-18T11:48:58.798773
ecf73588-024d-41d3-8938-7f51b234c5c7,fa189fa2-c4e2-436b-bdd0-1860457bd949,2024,10434000.0,6765000.0,2026-08-18T11:48:58.798776
215f0a66-2e06-48b2-983f-561f2b075619,fa189fa2-c4e2-436b-bdd0-1860457bd949,2025,11487000.0,7642000.0,2026-08-18T11:48:58.798782
9ca3db66-ffd2-48c3-923e-9c48f0a8901b,fe5f9561-65d7-469a-a3b8-1340aaf5adbb,2020,1424000.0,979000.0,2026-08-18T11:48:58.798817
db676ea2-f165-42df-9bcc-4f05e0ff68c0,fe5f9561-65d7-469a-a3b8-1340aaf5adbb,2021,1551000.0,1066000.0,2026-08-18T11:48:58.798821
32e4d877-b063-4bf2-afea-bf62b705f8f2,fe5f9561-65d7-469a-a3b8-1340aaf5adbb,2022,1839000.0,1159000.0,2026-08-18T11:48:58.798824
e0286ede-02ea-47a1-a923-4a5b0e025810,fe5f9561-65d7-469a-a3b8-1340aaf5adbb,2023,2036000.0,1318000.0,2026-08-18T11:48:58.798828
57fae1be-e5e1-4733-8ffb-dafcbdd14dc5,fe5f9561-65d7-469a-a3b8-1340aaf5adbb,2024,2425000.0,1638000.0,2026-08-18T11:48:58.798831
e5a2c96f-2043-4f19-acdd-7b04c457bdfa,fe5f9561-65d7-469a-a3b8-1340aaf5adbb,2025,2802000.0,1734000.0,2026-08-18T11:48:58.798834
0a72cf6d-2245-4974-8c4e-d3329b38817b,e6b23de0-3360-4b1f-b718-576e60cbdaac,2020,787000.0,547000.0,2026-08-18T11:48:58.798869
7788ec40-bd81-42f2-b469-40fcfdab4fe0,e6b23de0-3360-4b1f-b718-576e60cbdaac,2021,900000.0,542000.0,2026-08-18T11:48:58.798872
ae1ec198-6965-4da9-ac08-3576aff5f1a2,e6b23de0-3360-4b1f-b718-576e60cbdaac,2022,968000.0,674000.0,2026-08-18T11:48:58.798875
d01a1e4a-0de6-48c1-9088-d4737425dd62,e6b23de0-3360-4b1f-b718-576e60cbdaac,2023,1048000.0,737000.0,2026-08-18T11:48:58.798878
ab622230-f916-40ee-ad97-c3fb8751a68f,e6b23de0-3360-4b1f-b718-576e60cbdaac,2024,1165000.0,719000.0,2026-08-18T11:48:58.798881
819dad62-922f-4fb0-b51e-8de8c5338478,e6b23de0-3360-4b1f-b718-576e60cbdaac,2025,1254000.0,873000.0,2026-08-18T11:48:58.798885
03aba138-74e1-4732-a480-7e8245b77919,d5a8a46b-d279-4d1f-87a5-9f8d66d0cd01,2020,4502000.0,3014000.0,2026-08-18T11:48:58.798928
cab205d7-da17-431a-84e9-74d03747a612,d5a8a46b-d279-4d1f-87a5-9f8d66d0cd01,2021,4846000.0,2954000.0,2026-08-18T11:48:58.798931
3e8560b3-3506-438b-81bc-0656fb0ad855,d5a8a46b-d279-4d1f-87a5-9f8d66d0cd01,2022,5505000.0,3685000.0,2026-08-18T11:48:58.798935
5ff02e98-68eb-4745-958b-44b4eaee17f4,d5a8a46b-d279-4d1f-87a5-9f8d66d0cd01,2023,6032000.0,3678000.0,2026-08-18T11:48:58.798938
f39fb099-951f-4056-ab50-2dccfe3f3d46,d5a8a46b-d279-4d1f-87a5-9f8d66d0cd01,2024,6707000.0,4225000.0,2026-08-18T11:48:58.798941
89407314-5176-4e2e-bbfc-8defc5ebe968,d5a8a46b-d279-4d1f-87a5-9f8d66d0cd01,2025,7691000.0,5279000.0,2026-08-18T11:48:58.798946
64b14c3c-6f2a-4527-943f-d08d74216854,97e5b952-b9df-4d4e-8874-73f6e8034fdb,2020,4238000.0,2649000.0,2026-08-18T11:48:58.798991
50d3184b-fe06-4e82-8114-b57f33a7a676,97e5b952-b9df-4d4e-8874-73f6e8034fdb,2021,4664000.0,2860000.0,2026-08-18T11:48:58.798994
9a2ff3db-bb22-4970-8084-9435f61fc099,97e5b952-b9df-4d4e-8874-73f6e8034fdb,2022,5118000.0,3638000.0,2026-08-18T11:48:58.798997
09a35dee-5b47-4231-9df6-343ccff6ad37,97e5b952-b9df-4d4e-8874-73f6e8034fdb,2023,5382000.0,3615000.0,2026-08-18T11:48:58.799000
3cd5c191-4cdb-4606-9d17-a7bb1d2c5df1,97e5b952-b9df-4d4e-8874-73f6e8034fdb,2024,6029000.0,3865000.0,2026-08-18T11:48:58.799004
9c48c849-b26b-4f3c-883f-90e93ef3df03,97e5b952-b9df-4d4e-8874-73f6e8034fdb,2025,6662000.0,4779000.0,2026-08-18T11:48:58.799007
5d063582-d1bd-4bc6-960f-3ac89231d1fd,5e50e009-5646-4a37-ad05-5485657a4e9b,2020,7809000.0,4745000.0,2026-08-18T11:48:58.799035
12cab914-896b-467d-80f0-fd40979994bc,5e50e009-5646-4a37-ad05-5485657a4e9b,2021,8813000.0,5844000.0,2026-08-18T11:48:58.799038
3d422966-72ec-475b-8a33-079ced3f6e96,5e50e009-5646-4a37-ad05-5485657a4e9b,2022,9433000.0,6481000.0,2026-08-18T11:48:58.799041
4f3746b0-4b39-465e-84c1-c0de90f360d0,5e50e009-5646-4a37-ad05-5485657a4e9b,2023,10277000.0,6602000.0,2026-08-18T11:48:58.799045
110eff81-f989-46e9-a7b1-f08fabb59b97,5e50e009-5646-4a37-ad05-5485657a4e9b,2024,11184000.0,7616000.0,2026-08-18T11:48:58.799048
bf87d1cb-1fc7-43e5-b9a2-9ce25672ba33,5e50e009-5646-4a37-ad05-5485657a4e9b,2025,12008000.0,8432000.0,2026-08-18T11:48:58.799051
fb70fc96-4307-40a1-91ab-b2ae5d126c17,62ee40f1-7a58-4cec-b8fc-5ae2ce2ae42d,2020,6150000.0,3998000.0,2026-08-18T11:48:58.799087
41a6475b-0261-4bb6-b5e9-a6193447875c,62ee40f1-7a58-4cec-b8fc-5ae2ce2ae42d,2021,7104000.0,4580000.0,2026-08-18T11:48:58.799090
ae9b4835-0a32-4c23-b560-c3978837fcb3,62ee40f1-7a58-4cec-b8fc-5ae2ce2ae42d,2022,7837000.0,4737000.0,2026-08-18T11:48:58.799095
1824b80d-1851-44c5-9d72-b6b00eb1e485,62ee40f1-7a58-4cec-b8fc-5ae2ce2ae42d,2023,8862000.0,5389000.0,2026-08-18T11:48:58.799098
e07a827b-dffa-4cdc-9681-57b060f88147,62ee40f1-7a58-4cec-b8fc-5ae2ce2ae42d,2024,10117000.0,6162000.0,2026-08-18T11:48:58.799102
d538f251-22c0-4c8e-9283-4b68db0355d9,62ee40f1-7a58-4cec-b8fc-5ae2ce2ae42d,2025,11544000.0,7680000.0,2026-08-18T11:48:58.799106
b59c6fdf-4257-49c9-bfcc-05975e748d90,304a4255-b3c7-4077-837a-9ee3874ddb1f,2020,2404000.0,1510000.0,2026-08-18T11:48:58.799146
cce62dad-b85a-400b-b67c-49ee7e9c8396,304a4255-b3c7-4077-837a-9ee3874ddb1f,2021,2655000.0,1899000.0,2026-08-18T11:48:58.799149
20d1e624-7acc-44cd-976b-dc22ec50045f,304a4255-b3c7-4077-837a-9ee3874ddb1f,2022,2918000.0,1857000.0,2026-08-18T11:48:58.799154
6d784e92-fd76-4133-aaed-51c7cfde404b,304a4255-b3c7-4077-837a-9ee3874ddb1f,2023,3113000.0,2044000.0,2026-08-18T11:48:58.799157
e8d59290-e764-46a1-a1ae-cde55f6ade1c,304a4255-b3c7-4077-837a-9ee3874ddb1f,2024,3598000.0,2222000.0,2026-08-18T11:48:58.799160
4e764673-aae8-4a7f-9ffa-877c2633e71a,304a4255-b3c7-4077-837a-9ee3874ddb1f,2025,3867000.0,2635000.0,2026-08-18T11:48:58.799163
07634a42-20d1-49ac-af3d-39addfdd2342,52450952-5d89-4e3a-abd8-e3a5ecd0e24a,2020,1306000.0,910000.0,2026-08-18T11:48:58.799205
8ef0a382-4393-4484-9665-c7c9f0aff5f9,52450952-5d89-4e3a-abd8-e3a5ecd0e24a,2021,1378000.0,949000.0,2026-08-18T11:48:58.799208
5de95938-8b72-4630-8774-331442c2408c,52450952-5d89-4e3a-abd8-e3a5ecd0e24a,2022,1565000.0,1075000.0,2026-08-18T11:48:58.799211
c5c5feaf-cbd0-47ba-9971-24143fdedf6d,52450952-5d89-4e3a-abd8-e3a5ecd0e24a,2023,1718000.0,1142000.0,2026-08-18T11:48:58.799214
73d7b221-aa5f-4c6f-b28d-2b7169e8461b,52450952-5d89-4e3a-abd8-e3a5ecd0e24a,2024,1979000.0,1195000.0,2026-08-18T11:48:58.799217
8f28a951-8ec0-421a-a2d7-7dec4f5e2b58,52450952-5d89-4e3a-abd8-e3a5ecd0e24a,2025,2205000.0,1476000.0,2026-08-18T11:48:58.799221
916b9c76-a9e0-452f-81ab-84e5bc82fc09,e4d94c19-45f4-4d99-a32c-899151b5eb41,2020,3995000.0,2433000.0,2026-08-18T11:48:58.799263
8a587bcb-e1e0-4c4b-b14c-4665d6354e1d,e4d94c19-45f4-4d99-a32c-899151b5eb41,2021,4351000.0,2850000.0,2026-08-18T11:48:58.799266
15cece2d-474c-442f-9b68-c9a388c754b6,e4d94c19-45f4-4d99-a32c-899151b5eb41,2022,5003000.0,3113000.0,2026-08-18T11:48:58.799270
79ec6303-80ac-4b34-9843-ac5846cbe834,e4d94c19-45f4-4d99-a32c-899151b5eb41,2023,5658000.0,3630000.0,2026-08-18T11:48:58.799274
ec6e14be-37ae-4323-86fa-8581253a5f96,e4d94c19-45f4-4d99-a32c-899151b5eb41,2024,6387000.0,4099000.0,2026-08-18T11:48:58.799277
0339e9ba-bf3d-4c26-bdf1-6ac62082cad4,e4d94c19-45f4-4d99-a32c-899151b5eb41,2025,7064000.0,4424000.0,2026-08-18T11:48:58.799281
fd467f9f-d596-4dc8-b598-217db9a4a1b9,bb4f352b-4e8f-4be1-8ee4-2226ede4d5d0,2020,4354000.0,2962000.0,2026-08-18T11:48:58.799315
d7982faa-7070-4610-b1bc-6052ad07a553,bb4f352b-4e8f-4be1-8ee4-2226ede4d5d0,2021,4723000.0,2843000.0,2026-08-18T11:48:58.799318
f1a948e5-858f-451c-b8c5-375e08011ed4,bb4f352b-4e8f-4be1-8ee4-2226ede4d5d0,2022,5217000.0,3190000.0,2026-08-18T11:48:58.799321
98cb0ff2-92aa-47aa-8000-d05e57b235da,bb4f352b-4e8f-4be1-8ee4-2226ede4d5d0,2023,5608000.0,4006000.0,2026-08-18T11:48:58.799325
bde5a2ce-ae40-4fc9-bbfc-ec815cb8ed8f,bb4f352b-4e8f-4be1-8ee4-2226ede4d5d0,2024,6083000.0,4053000.0,2026-08-18T11:48:58.799328
adad1de2-b5ac-4301-a336-2c5ae6aa3e66,bb4f352b-4e8f-4be1-8ee4-2226ede4d5d0,2025,6339000.0,3866000.0,2026-08-18T11:48:58.799332
f98b0732-828b-49aa-bcae-fe338abbf921,07dc5347-33e7-474f-a994-24e7f177f3e5,2020,10965000.0,6617000.0,2026-08-18T11:48:58.799358
152b06fe-1500-4099-8f59-782f7bdb4df7,07dc5347-33e7-474f-a994-24e7f177f3e5,2021,11607000.0,7393000.0,2026-08-18T11:48:58.799361
f3b306ed-cf91-4ce5-8396-e1603a2c0613,07dc5347-33e7-474f-a994-24e7f177f3e5,2022,12794000.0,8326000.0,2026-08-18T11:48:58.799365
7f38ec70-018f-4920-9545-1a2304396eeb,07dc5347-33e7-474f-a994-24e7f177f3e5,2023,14120000.0,10153000.0,2026-08-18T11:48:58.799369
ca75b63d-e7c0-4f74-99fb-d4fbddca6791,07dc5347-33e7-474f-a994-24e7f177f3e5,2024,15760000.0,10699000.0,2026-08-18T11:48:58.799372
54ffd9d0-f08d-4680-9af0-79c314a98ef1,07dc5347-33e7-474f-a994-24e7f177f3e5,2025,16608000.0,11582000.0,2026-08-18T11:48:58.799375
0b38ec98-b34d-4117-91ba-aa481bce9c7f,43cad229-075b-4b9e-b52d-80fddfe98acd,2020,39878000.0,25225000.0,2026-08-18T11:48:58.799419
510d0f10-9620-4766-a3b5-f95c9bdf42af,43cad229-075b-4b9e-b52d-80fddfe98acd,2021,46591000.0,30528000.0,2026-08-18T11:48:58.799422
180ad9c9-1206-48d0-ba99-8cbd913b12d4,43cad229-075b-4b9e-b52d-80fddfe98acd,2022,49487000.0,34698000.0,2026-08-18T11:48:58.799425
525f53e5-23c3-4c0c-a2e3-61defcea21fa,43cad229-075b-4b9e-b52d-80fddfe98acd,2023,55354000.0,35745000.0,2026-08-18T11:48:58.799430
29881b0c-d528-4459-97d5-ee734c7fa0ae,43cad229-075b-4b9e-b52d-80fddfe98acd,2024,62551000.0,39753000.0,2026-08-18T11:48:58.799433
7998b324-fcca-417a-aeb6-4b028c516a68,43cad229-075b-4b9e-b52d-80fddfe98acd,2025,70496000.0,49014000.0,2026-08-18T11:48:58.799437
1342e112-d3d0-4aa3-8e78-91ffe8fc051e,c1e163ed-e139-43c9-91d4-a4fc10a36f93,2020,5367000.0,3502000.0,2026-08-18T11:48:58.799470
e08e6bb6-2878-4603-9b1a-5f49a88e2332,c1e163ed-e139-43c9-91d4-a4fc10a36f93,2021,6187000.0,3894000.0,2026-08-18T11:48:58.799473
ea5430bf-c24c-4e67-8fe9-e89bd956a43f,c1e163ed-e139-43c9-91d4-a4fc10a36f93,2022,6952000.0,4852000.0,2026-08-18T11:48:58.799476
a300459b-5b75-4074-8eaa-221752156893,c1e163ed-e139-43c9-91d4-a4fc10a36f93,2023,7829000.0,5327000.0,2026-08-18T11:48:58.799479
fc65dddf-96c9-41d9-a08a-e9c7dbbac862,c1e163ed-e139-43c9-91d4-a4fc10a36f93,2024,8788000.0,5720000.0,2026-08-18T11:48:58.799482
841bc74a-0ad8-46d3-b869-16b1fd089d87,c1e163ed-e139-43c9-91d4-a4fc10a36f93,2025,9894000.0,6422000.0,2026-08-18T11:48:58.799487
d97084b6-2d57-4df4-8134-a17614fd23fc,4f197b4a-e982-4027-b704-606a8ef2c1d4,2020,25855000.0,18386000.0,2026-08-18T11:48:58.799525
2fca7f9a-6727-4fce-9376-87e615787bbd,4f197b4a-e982-4027-b704-606a8ef2c1d4,2021,29014000.0,17567000.0,2026-08-18T11:48:58.799528
08bfd428-20f3-483f-89ed-0b215f2f1bbd,4f197b4a-e982-4027-b704-606a8ef2c1d4,2022,32250000.0,21926000.0,2026-08-18T11:48:58.799531
5f9bc328-2e92-4859-8412-25b927346599,4f197b4a-e982-4027-b704-606a8ef2c1d4,2023,34963000.0,23856000.0,2026-08-18T11:48:58.799534
07cd077e-da79-4aa1-8af9-4df2f37a8575,4f197b4a-e982-4027-b704-606a8ef2c1d4,2024,40781000.0,28488000.0,2026-08-18T11:48:58.799537
f6ac9ed1-3a7a-4ed7-b4a2-b6b579cbc517,4f197b4a-e982-4027-b704-606a8ef2c1d4,2025,45103000.0,29014000.0,2026-08-18T11:48:58.799540
07243434-fa7c-4aef-9eef-68fdaec5d4a5,2d4ec336-0394-4e9c-aaed-671da0e0b420,2020,12241000.0,8810000.0,2026-08-18T11:48:58.799612
6064a5b9-3412-47e1-b357-462227ada158,2d4ec336-0394-4e9c-aaed-671da0e0b420,2021,12904000.0,8751000.0,2026-08-18T11:48:58.799615
da106b86-5639-479d-95f4-4d7bb2960700,2d4ec336-0394-4e9c-aaed-671da0e0b420,2022,13990000.0,9745000.0,2026-08-18T11:48:58.799619
b25a3fcd-5103-4b58-a697-dd1dcddad7c8,2d4ec336-0394-4e9c-aaed-671da0e0b420,2023,14975000.0,9166000.0,2026-08-18T11:48:58.799624
a2bbf085-5f54-4fc2-ade3-c542ebf9ec10,2d4ec336-0394-4e9c-aaed-671da0e0b420,2024,16397000.0,11581000.0,2026-08-18T11:48:58.799627
005ab5fd-43d5-4645-9fce-f1bb6949f1e5,2d4ec336-0394-4e9c-aaed-671da0e0b420,2025,17990000.0,11804000.0,2026-08-18T11:48:58.799631
649b5c48-c924-4a68-a0b4-ce9e62ae9c41,1e361616-d768-4985-8efc-dc0a666095f4,2020,5499000.0,3452000.0,2026-08-18T11:48:58.799660
bd9d6e91-58ff-4e4d-9f4c-ebc741358479,1e361616-d768-4985-8efc-dc0a666095f4,2021,6059000.0,4139000.0,2026-08-18T11:48:58.799663
184e341e-0d80-42ae-afd5-0e92d0fa71d2,1e361616-d768-4985-8efc-dc0a666095f4,2022,6625000.0,4171000.0,2026-08-18T11:48:58.799666
37b004e6-fa6b-4325-bf69-b6339f1a593f,1e361616-d768-4985-8efc-dc0a666095f4,2023,7307000.0,4830000.0,2026-08-18T11:48:58.799670
5788981a-9e79-4632-a8e2-7753c1dc8ef4,1e361616-d768-4985-8efc-dc0a666095f4,2024,7987000.0,5701000.0,2026-08-18T11:48:58.799673
5e12ae1c-df76-4fa2-8528-3e17c935378d,1e361616-d768-4985-8efc-dc0a666095f4,2025,8997000.0,5895000.0,2026-08-18T11:48:58.799677
67caeb45-b14d-4adc-92ba-d01fa15e9720,bce28303-9ce0-4404-988f-1cddcdb68c82,2020,3392000.0,2324000.0,2026-08-18T11:48:58.799723
b7a88f06-e9ca-48ac-b32a-12137eb0a7b2,bce28303-9ce0-4404-988f-1cddcdb68c82,2021,3730000.0,2362000.0,2026-08-18T11:48:58.799726
10c37562-70cd-4d85-80c1-586e2e767924,bce28303-9ce0-4404-988f-1cddcdb68c82,2022,3937000.0,2706000.0,2026-08-18T11:48:58.799730
04ee09e4-7dfe-4bb0-9351-600d3cfdc93a,bce28303-9ce0-4404-988f-1cddcdb68c82,2023,4434000.0,3014000.0,2026-08-18T11:48:58.799733
76d99eaf-b416-449f-88b9-2dfeeb5c5ffb,bce28303-9ce0-4404-988f-1cddcdb68c82,2024,4804000.0,2977000.0,2026-08-18T11:48:58.799736
836f5f90-9cf1-4052-ac46-c453b6b33036,bce28303-9ce0-4404-988f-1cddcdb68c82,2025,5388000.0,3559000.0,2026-08-18T11:48:58.799740
6467f471-ea50-477c-94af-1e0e3c775a99,06665f47-cc6e-4cba-a96e-0110964df1ec,2020,36396000.0,25682000.0,2026-08-18T11:48:58.799768
67a8049b-d14c-40aa-a7d2-5dcc5282675d,06665f47-cc6e-4cba-a96e-0110964df1ec,2021,38561000.0,26781000.0,2026-08-18T11:48:58.799772
6c16b5b6-466e-49f5-ad9e-011db12783cb,06665f47-cc6e-4cba-a96e-0110964df1ec,2022,43307000.0,28687000.0,2026-08-18T11:48:58.799775
1f9bd638-6753-43ac-a9d9-58cbb3b3139f,06665f47-cc6e-4cba-a96e-0110964df1ec,2023,45738000.0,29738000.0,2026-08-18T11:48:58.799779
38551633-9be9-41ae-921b-a0677e002f27,06665f47-cc6e-4cba-a96e-0110964df1ec,2024,51389000.0,31987000.0,2026-08-18T11:48:58.799783
cbac597d-9915-484a-af2a-d586c8dde95a,06665f47-cc6e-4cba-a96e-0110964df1ec,2025,56189000.0,36038000.0,2026-08-18T11:48:58.799786
b961c305-86b8-4fdf-809b-4af395e7cb40,74522e52-741c-411a-b11b-9db64866db6b,2020,1524000.0,1087000.0,2026-08-18T11:48:58.799831
a590916e-d5bf-4093-b394-a80a8107a297,74522e52-741c-411a-b11b-9db64866db6b,2021,1766000.0,1217000.0,2026-08-18T11:48:58.799835
7c4df892-edb0-4812-9c51-0169aa7987e3,74522e52-741c-411a-b11b-9db64866db6b,2022,1908000.0,1157000.0,2026-08-18T11:48:58.799838
5c63758e-e40c-401e-8500-c162928519ea,74522e52-741c-411a-b11b-9db64866db6b,2023,2173000.0,1345000.0,2026-08-18T11:48:58.799843
843039bd-c401-41de-aa17-ed4739d3c1f7,74522e52-741c-411a-b11b-9db64866db6b,2024,2368000.0,1611000.0,2026-08-18T11:48:58.799846
c4ca20bb-1eb6-4c48-893f-914d108eb328,74522e52-741c-411a-b11b-9db64866db6b,2025,2671000.0,1797000.0,2026-08-18T11:48:58.799849
89385da9-722a-409b-8a1e-6eee73368e25,93e2717e-469f-4ef0-bd3f-50ae1bab07d8,2020,20980000.0,14151000.0,2026-08-18T11:48:58.799876
3db8e30b-cb8a-45e2-a3cd-a2959d386efd,93e2717e-469f-4ef0-bd3f-50ae1bab07d8,2021,23194000.0,15653000.0,2026-08-18T11:48:58.799879
f4f1d393-4226-417f-8008-473028bd0781,93e2717e-469f-4ef0-bd3f-50ae1bab07d8,2022,24871000.0,17746000.0,2026-08-18T11:48:58.799883
922a3483-d2df-4aa9-af38-bc9a0e79f3d4,93e2717e-469f-4ef0-bd3f-50ae1bab07d8,2023,25801000.0,16598000.0,2026-08-18T11:48:58.799886
6cebfa01-99f8-4ba9-9b68-58271c40f725,93e2717e-469f-4ef0-bd3f-50ae1bab07d8,2024,28913000.0,17450000.0,2026-08-18T11:48:58.799890
99b967cc-8b9f-4d8d-b6d6-cbf325c50f61,93e2717e-469f-4ef0-bd3f-50ae1bab07d8,2025,29970000.0,18031000.0,2026-08-18T11:48:58.799893
99649905-64ba-4d0a-9e8e-256d15622803,4514e235-ea1d-495c-9347-2226c536711c,2020,5095000.0,3564000.0,2026-08-18T11:48:58.799920
98c0b3a5-a655-4ab8-9691-2c306a5936fa,4514e235-ea1d-495c-9347-2226c536711c,2021,5637000.0,3992000.0,2026-08-18T11:48:58.799923
65e27dc9-68a8-45ae-a4c5-48be1588073d,4514e235-ea1d-495c-9347-2226c536711c,2022,6165000.0,4159000.0,2026-08-18T11:48:58.799926
b33b8623-7b10-4886-8c5c-76897af9f65a,4514e235-ea1d-495c-9347-2226c536711c,2023,6879000.0,4233000.0,2026-08-18T11:48:58.799930
fe976cd1-8b7e-423e-86bf-2ab1c7198484,4514e235-ea1d-495c-9347-2226c536711c,2024,7321000.0,4770000.0,2026-08-18T11:48:58.799935
defc2057-c4ce-4478-8cdb-377140e8ccb2,4514e235-ea1d-495c-9347-2226c536711c,2025,8109000.0,5391000.0,2026-08-18T11:48:58.799938
228aab24-cfbd-48bd-bd3a-1051249fb831,1f9053bf-2174-4a88-b639-cd6b8515cfd4,2020,13646000.0,9104000.0,2026-08-18T11:48:58.799966
578b653d-e3c5-4ed6-aa83-f99d321b718a,1f9053bf-2174-4a88-b639-cd6b8515cfd4,2021,15068000.0,9799000.0,2026-08-18T11:48:58.799969
a517c142-7e5b-4cfc-87d6-9f48a0e8dbae,1f9053bf-2174-4a88-b639-cd6b8515cfd4,2022,16297000.0,11409000.0,2026-08-18T11:48:58.799973
a0e8c194-d3ee-4d53-b5ad-c55c1a555a1e,1f9053bf-2174-4a88-b639-cd6b8515cfd4,2023,18473000.0,13075000.0,2026-08-18T11:48:58.799976
672b372c-732e-4e95-a74b-f9b90b1d64d6,1f9053bf-2174-4a88-b639-cd6b8515cfd4,2024,20432000.0,13566000.0,2026-08-18T11:48:58.799979
ec0d2f0f-fc97-422c-bce5-e6e5c52148e2,1f9053bf-2174-4a88-b639-cd6b8515cfd4,2025,21923000.0,14786000.0,2026-08-18T11:48:58.799982
2f3095ac-3987-4870-a51c-6ff7d1ef5197,c3e24c46-c643-4121-8cd0-eb09ae38f7ef,2020,26615000.0,17161000.0,2026-08-18T11:48:58.800026
ad0102d1-2246-4cf5-a24e-4fa58856b27c,c3e24c46-c643-4121-8cd0-eb09ae38f7ef,2021,30094000.0,18701000.0,2026-08-18T11:48:58.800030
1b2aab03-63df-4680-ac11-8ffe20e3d6c3,c3e24c46-c643-4121-8cd0-eb09ae38f7ef,2022,33418000.0,22847000.0,2026-08-18T11:48:58.800033
e7bc342c-1b20-4252-8a28-28043564d427,c3e24c46-c643-4121-8cd0-eb09ae38f7ef,2023,38260000.0,26431000.0,2026-08-18T11:48:58.800038
317592b4-6196-4bbb-a78e-115cc19dc0c7,c3e24c46-c643-4121-8cd0-eb09ae38f7ef,2024,44024000.0,30500000.0,2026-08-18T11:48:58.800041
d1f5e904-df60-4350-b298-f5d56da77d8b,c3e24c46-c643-4121-8cd0-eb09ae38f7ef,2025,50244000.0,31476000.0,2026-08-18T11:48:58.800044
d2550735-0809-454e-b317-d2895b73e806,56e62483-7b4c-46a9-b474-00ad5e0f1655,2020,44118000.0,29543000.0,2026-08-18T11:48:58.800071
1386ece4-f01d-457d-a414-342c87e64936,56e62483-7b4c-46a9-b474-00ad5e0f1655,2021,50872000.0,35737000.0,2026-08-18T11:48:58.800075
0d5ec757-5310-4217-a5ac-05f4ca072992,56e62483-7b4c-46a9-b474-00ad5e0f1655,2022,56314000.0,36043000.0,2026-08-18T11:48:58.800078
107400c4-7812-4f31-b2e8-2e5075a92c57,56e62483-7b4c-46a9-b474-00ad5e0f1655,2023,60608000.0,40275000.0,2026-08-18T11:48:58.800082
9560b540-7d88-4fb5-b00d-e16afda1512a,56e62483-7b4c-46a9-b474-00ad5e0f1655,2024,66397000.0,44665000.0,2026-08-18T11:48:58.800087
9ad2358f-9319-470d-8f44-c4ac5d9223aa,56e62483-7b4c-46a9-b474-00ad5e0f1655,2025,74389000.0,46468000.0,2026-08-18T11:48:58.800090
fa87c1ed-cd6f-4890-8ecf-9f5aa343ec5d,b84ce5d5-83e0-4324-b8b8-85efede968a1,2020,8653000.0,5513000.0,2026-08-18T11:48:58.800127
11eb4e0b-1efd-46b4-ab13-d8ada0738ade,b84ce5d5-83e0-4324-b8b8-85efede968a1,2021,10133000.0,6319000.0,2026-08-18T11:48:58.800130
101a1ff2-478d-446b-bece-258d3928ccb3,b84ce5d5-83e0-4324-b8b8-85efede968a1,2022,11282000.0,6881000.0,2026-08-18T11:48:58.800134
db7e6857-669a-43d6-9224-104432dd7f3d,b84ce5d5-83e0-4324-b8b8-85efede968a1,2023,12985000.0,9078000.0,2026-08-18T11:48:58.800137
932233e6-e426-400c-bf43-3b76f55d0d0f,b84ce5d5-83e0-4324-b8b8-85efede968a1,2024,14948000.0,9396000.0,2026-08-18T11:48:58.800141
97c48a9f-43e7-4e5c-bb3a-2586de335fa9,b84ce5d5-83e0-4324-b8b8-85efede968a1,2025,17040000.0,11161000.0,2026-08-18T11:48:58.800144
4f6668bf-6cc9-41e4-a695-1a0afa5a44e7,421570b8-c820-40ee-b30b-1e341801b2ed,2020,31593000.0,21662000.0,2026-08-18T11:48:58.800180
2fcf6418-d286-4557-9992-be3de14fe210,421570b8-c820-40ee-b30b-1e341801b2ed,2021,36359000.0,24369000.0,2026-08-18T11:48:58.800184
90b74c89-cc0d-428b-9747-45616a9bbb3f,421570b8-c820-40ee-b30b-1e341801b2ed,2022,41293000.0,29221000.0,2026-08-18T11:48:58.800187
dd5ca37c-d95f-4472-b6b8-fc62d8d357f4,421570b8-c820-40ee-b30b-1e341801b2ed,2023,46319000.0,28676000.0,2026-08-18T11:48:58.800190
286cef64-8b34-4f8c-bf72-bbd407e37dc2,421570b8-c820-40ee-b30b-1e341801b2ed,2024,50369000.0,34969000.0,2026-08-18T11:48:58.800193
3ce191ce-0e9d-4292-aafc-1cc7471ce8f6,421570b8-c820-40ee-b30b-1e341801b2ed,2025,55419000.0,37898000.0,2026-08-18T11:48:58.800198
feb32fed-a47a-4321-a029-bf3918beb7ec,77f26b52-ce7d-4c37-ad9f-27d8cd98a29f,2020,17639000.0,11398000.0,2026-08-18T11:48:58.800234
24b1d281-bc1a-4244-8c1a-bb6c598a6851,77f26b52-ce7d-4c37-ad9f-27d8cd98a29f,2021,20194000.0,13281000.0,2026-08-18T11:48:58.800239
dbdc6cd5-bf40-41fc-ab17-700827a9d11d,77f26b52-ce7d-4c37-ad9f-27d8cd98a29f,2022,22297000.0,14882000.0,2026-08-18T11:48:58.800243
46465957-3ef3-4dd0-a621-b57171223023,77f26b52-ce7d-4c37-ad9f-27d8cd98a29f,2023,24904000.0,16437000.0,2026-08-18T11:48:58.800246
1e455f27-5610-4503-a287-58227f6da69a,77f26b52-ce7d-4c37-ad9f-27d8cd98a29f,2024,29335000.0,18805000.0,2026-08-18T11:48:58.800249
64c86d94-c30c-4125-9948-f5260d893060,77f26b52-ce7d-4c37-ad9f-27d8cd98a29f,2025,33114000.0,22197000.0,2026-08-18T11:48:58.800254
5d014ab4-be2f-422a-95a6-44bf47ad2fe8,90585d0c-8d43-40bf-92b9-35cd267b03b0,2020,6720000.0,4163000.0,2026-08-18T11:48:58.800305
bde97a68-24e8-4bde-83e2-0ec2384fdb3e,90585d0c-8d43-40bf-92b9-35cd267b03b0,2021,7672000.0,4840000.0,2026-08-18T11:48:58.800309
24fcdff9-3bc7-42bc-a374-4b7f3f0d01f9,90585d0c-8d43-40bf-92b9-35cd267b03b0,2022,7937000.0,4847000.0,2026-08-18T11:48:58.800312
8f412246-23ed-4bbb-ab58-883f0528e4bc,90585d0c-8d43-40bf-92b9-35cd267b03b0,2023,8961000.0,6452000.0,2026-08-18T11:48:58.800316
84b76874-6e7b-4e05-8ece-fef65ef797b1,90585d0c-8d43-40bf-92b9-35cd267b03b0,2024,9805000.0,6164000.0,2026-08-18T11:48:58.800319
63aa0e5b-875f-4bed-85a4-e6ef0c07dfb1,90585d0c-8d43-40bf-92b9-35cd267b03b0,2025,10650000.0,7536000.0,2026-08-18T11:48:58.800323
40ff88c1-7774-454f-9b51-f53876b9e473,dd87e3e4-a374-49ca-9ba2-ece1fe5d62ad,2020,9201000.0,6530000.0,2026-08-18T11:48:58.800363
86382ebe-25db-4563-8200-cac04ee4e3e5,dd87e3e4-a374-49ca-9ba2-ece1fe5d62ad,2021,10236000.0,7219000.0,2026-08-18T11:48:58.800366
5b6c98ef-d7d5-4d87-81b8-48ccf1154f76,dd87e3e4-a374-49ca-9ba2-ece1fe5d62ad,2022,11905000.0,7433000.0,2026-08-18T11:48:58.800370
e2efe6a7-9ea1-4e8d-a1e8-1ccbd56cb873,dd87e3e4-a374-49ca-9ba2-ece1fe5d62ad,2023,13811000.0,9467000.0,2026-08-18T11:48:58.800373
67b67ada-4007-4135-a197-158fe98edf89,dd87e3e4-a374-49ca-9ba2-ece1fe5d62ad,2024,15600000.0,10690000.0,2026-08-18T11:48:58.800377
24bbd757-3c70-4935-be58-45f98135eb6a,dd87e3e4-a374-49ca-9ba2-ece1fe5d62ad,2025,18082000.0,11798000.0,2026-08-18T11:48:58.800380
26989af1-fc38-4c64-bca5-aa9de2fc9863,17d1cb09-24be-43c1-93de-d666e14a623d,2020,47911000.0,33629000.0,2026-08-18T11:48:58.800427
5335e92e-3e2a-438f-91cd-0208cdad1852,17d1cb09-24be-43c1-93de-d666e14a623d,2021,53406000.0,35932000.0,2026-08-18T11:48:58.800430
68d81e1f-ddd1-48fa-91de-9aa8d9567daa,17d1cb09-24be-43c1-93de-d666e14a623d,2022,57277000.0,39773000.0,2026-08-18T11:48:58.800434
1ef105ed-da96-4775-a1d1-10e13764a36a,17d1cb09-24be-43c1-93de-d666e14a623d,2023,66515000.0,46742000.0,2026-08-18T11:48:58.800438
fe1358bd-2907-4d97-a065-74bd727876fb,17d1cb09-24be-43c1-93de-d666e14a623d,2024,75194000.0,52911000.0,2026-08-18T11:48:58.800442
4c13abfd-430d-4cb9-8cd2-218c399b5797,17d1cb09-24be-43c1-93de-d666e14a623d,2025,84875000.0,52838000.0,2026-08-18T11:48:58.800445
7f74b15f-5294-44be-97ca-2dcbf7571661,3632be5b-995c-490e-8bda-220d805c25d4,2020,1807000.0,1270000.0,2026-08-18T11:48:58.800489
911839d8-e939-4889-993d-af3fa8138c86,3632be5b-995c-490e-8bda-220d805c25d4,2021,2059000.0,1442000.0,2026-08-18T11:48:58.800493
ed2c7baf-596a-46d8-a612-791c9d54857d,3632be5b-995c-490e-8bda-220d805c25d4,2022,2191000.0,1387000.0,2026-08-18T11:48:58.800496
5f5cbc44-ce89-4c09-b4b7-a0525be1c734,3632be5b-995c-490e-8bda-220d805c25d4,2023,2445000.0,1508000.0,2026-08-18T11:48:58.800499
92f8d018-e65c-47c0-ae0e-9eaac9144741,3632be5b-995c-490e-8bda-220d805c25d4,2024,2734000.0,1738000.0,2026-08-18T11:48:58.800503
98c865ed-917c-4d65-a48f-430c0dc3a54e,3632be5b-995c-490e-8bda-220d805c25d4,2025,3120000.0,2002000.0,2026-08-18T11:48:58.800506
14aae63e-8e93-4141-8d5e-591144680255,ec372ca3-4c37-47b6-b254-1ffd56214ec5,2020,39699000.0,25346000.0,2026-08-18T11:48:58.800550
bff99651-bffc-45e1-bae8-c13c680ed8bf,ec372ca3-4c37-47b6-b254-1ffd56214ec5,2021,44880000.0,27503000.0,2026-08-18T11:48:58.800553
263bf02d-4a69-41e5-987b-89f32821420e,ec372ca3-4c37-47b6-b254-1ffd56214ec5,2022,49465000.0,30257000.0,2026-08-18T11:48:58.800558
826ebea9-e386-4774-a90e-55aa0dec9baa,ec372ca3-4c37-47b6-b254-1ffd56214ec5,2023,56263000.0,36501000.0,2026-08-18T11:48:58.800562
81bae518-ff11-4c0a-a0d8-28cb4690843f,ec372ca3-4c37-47b6-b254-1ffd56214ec5,2024,59410000.0,42000000.0,2026-08-18T11:48:58.800565
b760b687-da76-4c89-9d20-5ebf101fdcc7,ec372ca3-4c37-47b6-b254-1ffd56214ec5,2025,66402000.0,41572000.0,2026-08-18T11:48:58.800568
ea5394fb-3fdc-41bc-98ea-7aa9cc1334ba,401b6077-a03d-44d0-820a-82eb0cb79036,2020,3922000.0,2489000.0,2026-08-18T11:48:58.800612
6d9cf398-c058-4442-b963-8152ba12edca,401b6077-a03d-44d0-820a-82eb0cb79036,2021,4431000.0,3079000.0,2026-08-18T11:48:58.800615
f73f7f2b-7e3d-47ab-92aa-066436d4ad46,401b6077-a03d-44d0-820a-82eb0cb79036,2022,4950000.0,3529000.0,2026-08-18T11:48:58.800621
9336dc25-83d9-4a5b-94ad-b7f8ae8123c0,401b6077-a03d-44d0-820a-82eb0cb79036,2023,5594000.0,3475000.0,2026-08-18T11:48:58.800625
d64a6131-e3c9-4a9b-ab02-e5250b674e98,401b6077-a03d-44d0-820a-82eb0cb79036,2024,6533000.0,4473000.0,2026-08-18T11:48:58.800628
f4f46da6-17de-40d5-a87d-d46f56731a1e,401b6077-a03d-44d0-820a-82eb0cb79036,2025,7350000.0,5046000.0,2026-08-18T11:48:58.800631
192fd615-cb22-4b25-b518-4a8333907fde,57ef4b34-4b38-4bb0-98cd-1fea9fea1122,2020,2260000.0,1487000.0,2026-08-18T11:48:58.800673
64ed8551-9c23-4f0f-a069-7bafbad3b300,57ef4b34-4b38-4bb0-98cd-1fea9fea1122,2021,2543000.0,1805000.0,2026-08-18T11:48:58.800676
ec429add-63a8-455c-a4ac-31162242a69f,57ef4b34-4b38-4bb0-98cd-1fea9fea1122,2022,2932000.0,2023000.0,2026-08-18T11:48:58.800679
c58f30bd-64b8-40fe-b009-2ea81867c1ca,57ef4b34-4b38-4bb0-98cd-1fea9fea1122,2023,3360000.0,2022000.0,2026-08-18T11:48:58.800683
59a197b8-8ef4-4758-9a4c-7c6a82ac607e,57ef4b34-4b38-4bb0-98cd-1fea9fea1122,2024,3930000.0,2782000.0,2026-08-18T11:48:58.800686
94aaf6dd-095b-4986-aaa8-152893179145,57ef4b34-4b38-4bb0-98cd-1fea9fea1122,2025,4515000.0,2824000.0,2026-08-18T11:48:58.800689
5b664ddd-5c9a-4c46-be8a-02e1a62937ab,2e83585f-a25c-48f4-b1b7-bca5d3a40001,2020,20967000.0,13620000.0,2026-08-18T11:48:58.800715
e0bcbcc4-86b2-4bf3-a9e2-2fdc06477c90,2e83585f-a25c-48f4-b1b7-bca5d3a40001,2021,23902000.0,15159000.0,2026-08-18T11:48:58.800718
b4fbbd43-e508-4bf1-9529-c88f99242449,2e83585f-a25c-48f4-b1b7-bca5d3a40001,2022,27018000.0,16422000.0,2026-08-18T11:48:58.800721
4e5f9cc6-41b1-4c34-a855-138149b8be0e,2e83585f-a25c-48f4-b1b7-bca5d3a40001,2023,29667000.0,19263000.0,2026-08-18T11:48:58.800725
d6ab97b4-256e-41a8-adcf-09210c2c8ed8,2e83585f-a25c-48f4-b1b7-bca5d3a40001,2024,33421000.0,20538000.0,2026-08-18T11:48:58.800728
e8e62739-eb34-48eb-b068-582d1e4d6f7c,2e83585f-a25c-48f4-b1b7-bca5d3a40001,2025,38128000.0,23810000.0,2026-08-18T11:48:58.800731
8461a887-3da5-4837-a395-a47458197f64,d1af7a77-5b35-4ec3-9e72-7da13cae7a60,2020,30615000.0,19613000.0,2026-08-18T11:48:58.800773
052a4717-a2e4-4cfd-8277-d77a6ce4dd00,d1af7a77-5b35-4ec3-9e72-7da13cae7a60,2021,33055000.0,22165000.0,2026-08-18T11:48:58.800776
437839ed-7453-4413-b976-7e1947e924a9,d1af7a77-5b35-4ec3-9e72-7da13cae7a60,2022,35988000.0,24704000.0,2026-08-18T11:48:58.800781
58a34fb5-29e3-4eef-b163-05d98fce7d4a,d1af7a77-5b35-4ec3-9e72-7da13cae7a60,2023,39648000.0,24410000.0,2026-08-18T11:48:58.800785
54f06e88-c5a7-4bd3-a65b-dc5b9c32458b,d1af7a77-5b35-4ec3-9e72-7da13cae7a60,2024,43540000.0,28283000.0,2026-08-18T11:48:58.800788
e237793e-e1b3-415b-9634-931844d67302,d1af7a77-5b35-4ec3-9e72-7da13cae7a60,2025,47117000.0,29880000.0,2026-08-18T11:48:58.800792
79c934e0-611a-4dc5-a3d6-61a1c9892664,cd4a77d4-ed4b-4a00-8aeb-24771c08c13f,2020,1975000.0,1407000.0,2026-08-18T11:48:58.800823
d4ffd1d4-df94-4e0c-a243-6435f47ad4d4,cd4a77d4-ed4b-4a00-8aeb-24771c08c13f,2021,2257000.0,1597000.0,2026-08-18T11:48:58.800827
3de2e2ee-7adb-48a2-9a47-a8bc3313c5f8,cd4a77d4-ed4b-4a00-8aeb-24771c08c13f,2022,2591000.0,1563000.0,2026-08-18T11:48:58.800830
21611fb0-ec14-47d6-b21e-c6572b398fec,cd4a77d4-ed4b-4a00-8aeb-24771c08c13f,2023,3022000.0,2059000.0,2026-08-18T11:48:58.800833
9c11b384-3539-46f6-9897-b3718ca6a622,cd4a77d4-ed4b-4a00-8aeb-24771c08c13f,2024,3445000.0,2402000.0,2026-08-18T11:48:58.800837
151028e6-ac7f-4aa7-86cd-73f0fb8461dd,cd4a77d4-ed4b-4a00-8aeb-24771c08c13f,2025,3848000.0,2334000.0,2026-08-18T11:48:58.800840
3ccca261-4b30-4e04-9385-84b66ff47375,e51c2425-f524-4a4f-aa52-115e25ff5401,2020,4724000.0,3111000.0,2026-08-18T11:48:58.800883
8fa44290-9962-4c89-bdca-bcafa2d5b971,e51c2425-f524-4a4f-aa52-115e25ff5401,2021,5168000.0,3289000.0,2026-08-18T11:48:58.800886
763f18dc-143c-47ac-a9b6-749a0a84a1bc,e51c2425-f524-4a4f-aa52-115e25ff5401,2022,5781000.0,3755000.0,2026-08-18T11:48:58.800890
761c7b6b-6aaa-4a98-a9ab-2d0d46c5d7fd,e51c2425-f524-4a4f-aa52-115e25ff5401,2023,6285000.0,4312000.0,2026-08-18T11:48:58.800893
1a9a7a1b-c0f0-4593-b276-588a230dbf17,e51c2425-f524-4a4f-aa52-115e25ff5401,2024,7021000.0,4612000.0,2026-08-18T11:48:58.800896
05c975c1-4f96-40fe-8702-824f31e38e82,e51c2425-f524-4a4f-aa52-115e25ff5401,2025,7462000.0,5088000.0,2026-08-18T11:48:58.800899
f0d01c85-a560-441d-8e93-7fab35b775fb,9ffafa56-ddcb-4f26-aac9-a336f982aeb6,2020,7801000.0,4839000.0,2026-08-18T11:48:58.800928
d0432663-af71-4dee-bfac-b8a13a8ae180,9ffafa56-ddcb-4f26-aac9-a336f982aeb6,2021,9125000.0,6136000.0,2026-08-18T11:48:58.800931
12c59f33-9620-49de-844b-c3ede34a0924,9ffafa56-ddcb-4f26-aac9-a336f982aeb6,2022,10460000.0,7392000.0,2026-08-18T11:48:58.800935
5701fef1-cc25-4fa1-b131-8ef96c51126f,9ffafa56-ddcb-4f26-aac9-a336f982aeb6,2023,11819000.0,8056000.0,2026-08-18T11:48:58.800939
9902e67f-59e7-4431-a666-fec555da8e32,9ffafa56-ddcb-4f26-aac9-a336f982aeb6,2024,13572000.0,9202000.0,2026-08-18T11:48:58.800942
6ac7015d-b33f-4f4e-9e7f-b904320250e3,9ffafa56-ddcb-4f26-aac9-a336f982aeb6,2025,15649000.0,10066000.0,2026-08-18T11:48:58.800955
6d38205f-5233-41cc-b86d-01bfe0247ab7,b8dde789-f7dc-4404-bf77-c4a46e1de229,2020,6631000.0,4268000.0,2026-08-18T11:48:58.800996
e6cf6b06-29e0-4ae4-a8a2-0c997c7308ed,b8dde789-f7dc-4404-bf77-c4a46e1de229,2021,7020000.0,4994000.0,2026-08-18T11:48:58.800999
bc688668-892f-4d61-bd63-9ae6b57a778a,b8dde789-f7dc-4404-bf77-c4a46e1de229,2022,7610000.0,5320000.0,2026-08-18T11:48:58.801002
1bbf4060-ce16-466b-b8d9-8150bd1b03e4,b8dde789-f7dc-4404-bf77-c4a46e1de229,2023,8434000.0,5754000.0,2026-08-18T11:48:58.801006
0887d521-b851-445b-a7cc-cd3d76f9a644,b8dde789-f7dc-4404-bf77-c4a46e1de229,2024,9150000.0,5810000.0,2026-08-18T11:48:58.801009
4193d9ac-7207-430f-b305-8adeb5715b44,b8dde789-f7dc-4404-bf77-c4a46e1de229,2025,9507000.0,6335000.0,2026-08-18T11:48:58.801012
377d47c6-b3ea-443f-9431-b4e4f3868af3,f8a92de3-352a-49b7-96c2-2003821799e8,2020,7276000.0,5019000.0,2026-08-18T11:48:58.801037
2f77772b-f472-431d-8182-b5e6b8340b3f,f8a92de3-352a-49b7-96c2-2003821799e8,2021,8103000.0,5228000.0,2026-08-18T11:48:58.801040
eaebee52-f7b2-4c11-92c3-f142298c3063,f8a92de3-352a-49b7-96c2-2003821799e8,2022,8725000.0,6240000.0,2026-08-18T11:48:58.801044
a7b4906c-cfb4-4060-9638-50f2a92671af,f8a92de3-352a-49b7-96c2-2003821799e8,2023,9665000.0,6678000.0,2026-08-18T11:48:58.801047
1a09691c-69c7-447f-871a-d620a936e6b2,f8a92de3-352a-49b7-96c2-2003821799e8,2024,11270000.0,7911000.0,2026-08-18T11:48:58.801050
38387c77-1688-41c6-8e00-27021f46e740,f8a92de3-352a-49b7-96c2-2003821799e8,2025,12283000.0,7749000.0,2026-08-18T11:48:58.801053
e6c9d496-e1c7-4fa0-bb1d-cc8ce9ec2370,211cbd0a-a2d0-4782-b293-ad448d935708,2020,21891000.0,13499000.0,2026-08-18T11:48:58.801104
51b62347-78e7-449e-bef5-fde157a3eddd,211cbd0a-a2d0-4782-b293-ad448d935708,2021,24925000.0,16003000.0,2026-08-18T11:48:58.801107
a3395940-af0c-413d-a946-7c8ea27cdbcc,211cbd0a-a2d0-4782-b293-ad448d935708,2022,28020000.0,18104000.0,2026-08-18T11:48:58.801112
7df245ae-2e45-401e-8d60-59969f951a4c,211cbd0a-a2d0-4782-b293-ad448d935708,2023,30891000.0,20965000.0,2026-08-18T11:48:58.801115
1d868be7-ac6a-4426-96c5-38ebb3d6d436,211cbd0a-a2d0-4782-b293-ad448d935708,2024,34109000.0,21137000.0,2026-08-18T11:48:58.801118
94010bbb-e1fd-4d18-b0be-027e71ea7733,211cbd0a-a2d0-4782-b293-ad448d935708,2025,38821000.0,23753000.0,2026-08-18T11:48:58.801121
dc0f0a91-c3fa-4ecb-a4d1-681e7d34a987,c995d89a-4a07-4111-b57d-9717e66771ea,2020,5438000.0,3289000.0,2026-08-18T11:48:58.801157
da139e23-4f19-4830-ac24-e190130eb62c,c995d89a-4a07-4111-b57d-9717e66771ea,2021,6310000.0,3849000.0,2026-08-18T11:48:58.801160
aa257908-2b38-439a-9ecc-5be1c35f5795,c995d89a-4a07-4111-b57d-9717e66771ea,2022,7193000.0,5119000.0,2026-08-18T11:48:58.801163
1a592382-6a07-4dd8-994a-2a246b65f77b,c995d89a-4a07-4111-b57d-9717e66771ea,2023,7977000.0,5400000.0,2026-08-18T11:48:58.801167
77c0b2f7-b504-4bf2-a713-d76be3c245e5,c995d89a-4a07-4111-b57d-9717e66771ea,2024,8861000.0,6322000.0,2026-08-18T11:48:58.801170
ef5b61b2-b3cb-4289-9036-6443d7c0655b,c995d89a-4a07-4111-b57d-9717e66771ea,2025,10027000.0,6969000.0,2026-08-18T11:48:58.801173
f8a9261e-bac5-43b0-bea0-335776537d7e,b52cd150-049c-4413-8385-4c179b362759,2020,14300000.0,9601000.0,2026-08-18T11:48:58.801217
1886a867-db08-4bc2-bdf1-f753e453495d,b52cd150-049c-4413-8385-4c179b362759,2021,15795000.0,11239000.0,2026-08-18T11:48:58.801220
326c7967-17b7-4cff-91dc-e8cdbfbab83a,b52cd150-049c-4413-8385-4c179b362759,2022,17138000.0,10668000.0,2026-08-18T11:48:58.801223
df48e14f-9e4c-4f84-b77a-372736fa62cd,b52cd150-049c-4413-8385-4c179b362759,2023,18814000.0,13200000.0,2026-08-18T11:48:58.801227
bce212a5-e802-45df-bfc4-c12d4420c3ef,b52cd150-049c-4413-8385-4c179b362759,2024,21466000.0,13488000.0,2026-08-18T11:48:58.801230
52079df1-655a-495d-9d36-9345173cefc4,b52cd150-049c-4413-8385-4c179b362759,2025,22966000.0,14077000.0,2026-08-18T11:48:58.801233
3fab2290-0778-481e-8acd-d9c61bce281e,fa0a268a-6d92-485a-bc0e-cefeb8cb808f,2020,9005000.0,6419000.0,2026-08-18T11:48:58.801274
8aac0347-eb4e-4591-8c9f-bbec95e86622,fa0a268a-6d92-485a-bc0e-cefeb8cb808f,2021,9767000.0,6631000.0,2026-08-18T11:48:58.801282
316a1e56-e3b0-44a2-b04e-be83b9d072b0,fa0a268a-6d92-485a-bc0e-cefeb8cb808f,2022,10414000.0,6326000.0,2026-08-18T11:48:58.801285
bf391205-2519-448d-8962-5ac43e65502b,fa0a268a-6d92-485a-bc0e-cefeb8cb808f,2023,11393000.0,8199000.0,2026-08-18T11:48:58.801288
9abf335a-34f6-4b57-b05c-2204911be5dc,fa0a268a-6d92-485a-bc0e-cefeb8cb808f,2024,13093000.0,8287000.0,2026-08-18T11:48:58.801292
8c6ca231-01d0-4921-b980-2041582980f0,fa0a268a-6d92-485a-bc0e-cefeb8cb808f,2025,14288000.0,9771000.0,2026-08-18T11:48:58.801295
cc6a4ac1-8963-437e-bab6-45d2bffb91cc,8b23b48d-36a6-4863-a29d-c4805ba1336a,2020,9228000.0,6126000.0,2026-08-18T11:48:58.801337
18e257e3-b227-437d-a498-1bb806c424e1,8b23b48d-36a6-4863-a29d-c4805ba1336a,2021,10207000.0,6805000.0,2026-08-18T11:48:58.801341
5112b764-db73-4e88-b72f-8eafbc333551,8b23b48d-36a6-4863-a29d-c4805ba1336a,2022,11579000.0,7449000.0,2026-08-18T11:48:58.801345
14328363-a6c6-4fdb-aa19-086aa2a19987,8b23b48d-36a6-4863-a29d-c4805ba1336a,2023,12719000.0,7898000.0,2026-08-18T11:48:58.801348
234e7830-dcbd-4f13-b708-c4cb9df75e1b,8b23b48d-36a6-4863-a29d-c4805ba1336a,2024,14171000.0,8794000.0,2026-08-18T11:48:58.801352
805a7883-80d2-408b-9e22-85f1bc3838bc,8b23b48d-36a6-4863-a29d-c4805ba1336a,2025,15972000.0,11403000.0,2026-08-18T11:48:58.801355
cc8526e1-fef3-416b-8ced-56a351be233a,aeb97395-5255-4a2a-b843-590eea813031,2020,18669000.0,11328000.0,2026-08-18T11:48:58.801397
9735893a-281f-482b-a006-3c4a27fef08b,aeb97395-5255-4a2a-b843-590eea813031,2021,20708000.0,13479000.0,2026-08-18T11:48:58.801401
6da9cf1f-a40e-43be-b6a7-f71a4a47f2ed,aeb97395-5255-4a2a-b843-590eea813031,2022,23919000.0,16589000.0,2026-08-18T11:48:58.801404
99b9bfeb-813b-4118-93f7-d1d63266cedc,aeb97395-5255-4a2a-b843-590eea813031,2023,27175000.0,18559000.0,2026-08-18T11:48:58.801407
4f8f9181-ab01-45a2-9058-a2ae17fe022a,aeb97395-5255-4a2a-b843-590eea813031,2024,31151000.0,20090000.0,2026-08-18T11:48:58.801410
d0c9feeb-8efc-405c-ac84-ac0e4c11c4e4,aeb97395-5255-4a2a-b843-590eea813031,2025,36889000.0,23264000.0,2026-08-18T11:48:58.801413
22b3bb34-3c3b-4f1c-8a17-df81d8e2273b,f0983ee5-438d-49c4-9683-90fb4f0c4717,2020,17964000.0,12161000.0,2026-08-18T11:48:58.801444
4cf6fa9f-1b21-4ad5-9b1e-8dd783b62207,f0983ee5-438d-49c4-9683-90fb4f0c4717,2021,20439000.0,14257000.0,2026-08-18T11:48:58.801448
11bf5de8-9502-4095-87d7-3d02d54e946f,f0983ee5-438d-49c4-9683-90fb4f0c4717,2022,24160000.0,16037000.0,2026-08-18T11:48:58.801451
009b19cc-f938-47f9-b737-99d7fe2b214b,f0983ee5-438d-49c4-9683-90fb4f0c4717,2023,27219000.0,19128000.0,2026-08-18T11:48:58.801455
60247468-2038-471c-ad93-7667aa4994f8,f0983ee5-438d-49c4-9683-90fb4f0c4717,2024,32174000.0,20766000.0,2026-08-18T11:48:58.801458
a92b6822-bf97-4a78-9704-df671e62354c,f0983ee5-438d-49c4-9683-90fb4f0c4717,2025,36405000.0,25771000.0,2026-08-18T11:48:58.801461
cc15fa0e-a42a-4e6a-b52c-25131c12679c,23172991-4718-4e27-a801-42e4121e317f,2020,73058000.0,52110000.0,2026-08-18T11:48:58.801495
39063a56-6b29-4883-8e50-470afcd8ca25,23172991-4718-4e27-a801-42e4121e317f,2021,77470000.0,51400000.0,2026-08-18T11:48:58.801499
2143d0c6-3111-47d6-828f-f71db5ef62bf,23172991-4718-4e27-a801-42e4121e317f,2022,87655000.0,57643000.0,2026-08-18T11:48:58.801502
38b73059-f648-4520-8ad3-5ead258c8d83,23172991-4718-4e27-a801-42e4121e317f,2023,93027000.0,66057000.0,2026-08-18T11:48:58.801506
26b6b085-e0ff-40cb-b5a4-aed95c0e31fa,23172991-4718-4e27-a801-42e4121e317f,2024,102400000.0,62039000.0,2026-08-18T11:48:58.801509
1906ee85-10c3-465f-9fb2-4da80b27450a,23172991-4718-4e27-a801-42e4121e317f,2025,110934000.0,77380000.0,2026-08-18T11:48:58.801512
1f4e1471-422e-44f4-a9ca-808a6c3728aa,05e99aec-22f3-458b-b0e6-515c20d1a40e,2020,19894000.0,12287000.0,2026-08-18T11:48:58.801546
0c15eef3-0581-4423-b5ef-e3f5cb7f4661,05e99aec-22f3-458b-b0e6-515c20d1a40e,2021,22224000.0,13505000.0,2026-08-18T11:48:58.801549
86e1bc35-590c-4abf-bdf0-661aa97419d4,05e99aec-22f3-458b-b0e6-515c20d1a40e,2022,24938000.0,16752000.0,2026-08-18T11:48:58.801553
aa0684a5-a27e-4948-9797-fd2e5da3f86c,05e99aec-22f3-458b-b0e6-515c20d1a40e,2023,27548000.0,16651000.0,2026-08-18T11:48:58.801556
f958a64d-027d-4c87-80b3-57a41958c750,05e99aec-22f3-458b-b0e6-515c20d1a40e,2024,30153000.0,19629000.0,2026-08-18T11:48:58.801559
0c125e89-4b5e-48b0-80a9-001160a62f55,05e99aec-22f3-458b-b0e6-515c20d1a40e,2025,34773000.0,21975000.0,2026-08-18T11:48:58.801562
923753e6-ca83-408f-baf6-eb2144b165da,ff2aa7b8-3df7-4191-9005-61ff7c8ef81e,2020,14715000.0,9351000.0,2026-08-18T11:48:58.801590
c4b81c33-2a2f-4999-8987-b7de0d4822b1,ff2aa7b8-3df7-4191-9005-61ff7c8ef81e,2021,16382000.0,11501000.0,2026-08-18T11:48:58.801597
b976a456-8450-41bd-9761-90cebf2a5415,ff2aa7b8-3df7-4191-9005-61ff7c8ef81e,2022,18785000.0,12991000.0,2026-08-18T11:48:58.801602
177e186b-9609-4b1c-88b6-c1eea2b1a013,ff2aa7b8-3df7-4191-9005-61ff7c8ef81e,2023,21222000.0,14807000.0,2026-08-18T11:48:58.801605
ffc8aeed-d3c1-43c9-b37a-4f0f037141d4,ff2aa7b8-3df7-4191-9005-61ff7c8ef81e,2024,24169000.0,15814000.0,2026-08-18T11:48:58.801609
7a23f105-b833-4a0b-98fa-648b14ff9287,ff2aa7b8-3df7-4191-9005-61ff7c8ef81e,2025,27504000.0,17043000.0,2026-08-18T11:48:58.801612
c29e6ab2-2b9e-46b8-8981-082f097d958b,563ac0ee-2006-4634-9e5f-2b4942b2ac5a,2020,3305000.0,2338000.0,2026-08-18T11:48:58.801640
1f908de7-b446-43c8-8f97-5f4ced288511,563ac0ee-2006-4634-9e5f-2b4942b2ac5a,2021,3763000.0,2575000.0,2026-08-18T11:48:58.801643
f5a9bac4-5d84-404e-bd66-2eb3d7b866c0,563ac0ee-2006-4634-9e5f-2b4942b2ac5a,2022,4097000.0,2542000.0,2026-08-18T11:48:58.801646
92fa925c-eeed-4ff6-815e-d4b41b6ca5a1,563ac0ee-2006-4634-9e5f-2b4942b2ac5a,2023,4436000.0,2843000.0,2026-08-18T11:48:58.801650
b1e27abb-8e21-470e-8be1-2ab96fec0f19,563ac0ee-2006-4634-9e5f-2b4942b2ac5a,2024,4994000.0,3341000.0,2026-08-18T11:48:58.801653
d0317273-8348-4227-bbde-a8dcf3cd92d3,563ac0ee-2006-4634-9e5f-2b4942b2ac5a,2025,5585000.0,3754000.0,2026-08-18T11:48:58.801657
e11f52da-2062-4402-aaf7-7abff8c81413,63c4b3a1-5856-41f0-88b9-2d30db58b44c,2020,1645000.0,1062000.0,2026-08-18T11:48:58.801701
abd5cdea-8c4b-458e-9315-68ae4be9663f,63c4b3a1-5856-41f0-88b9-2d30db58b44c,2021,1831000.0,1161000.0,2026-08-18T11:48:58.801704
22dfb349-14dd-4b03-894d-bf5dc0b53413,63c4b3a1-5856-41f0-88b9-2d30db58b44c,2022,1929000.0,1163000.0,2026-08-18T11:48:58.801707
22cfb372-9e8b-4259-8dd0-eac29c46a6fa,63c4b3a1-5856-41f0-88b9-2d30db58b44c,2023,2213000.0,1555000.0,2026-08-18T11:48:58.801710
3835ff5d-9ae6-4cc4-b384-76c48ba448a0,63c4b3a1-5856-41f0-88b9-2d30db58b44c,2024,2373000.0,1507000.0,2026-08-18T11:48:58.801713
53859930-fe01-46ee-a2be-b740a6ac901b,63c4b3a1-5856-41f0-88b9-2d30db58b44c,2025,2638000.0,1894000.0,2026-08-18T11:48:58.801716
472a41ea-6f0b-44ca-ad31-902ef6b8d26a,5e8611b9-63f9-4a84-9b06-e27a4c151461,2020,9284000.0,6262000.0,2026-08-18T11:48:58.801760
e130e7fa-8316-40a9-8adc-8fde5397c16b,5e8611b9-63f9-4a84-9b06-e27a4c151461,2021,10280000.0,7107000.0,2026-08-18T11:48:58.801764
8a358415-b4c9-4f40-8a99-fd25d263f7d7,5e8611b9-63f9-4a84-9b06-e27a4c151461,2022,11915000.0,7618000.0,2026-08-18T11:48:58.801768
64bb4ad4-9567-4f32-a77c-bb726c29f0fc,5e8611b9-63f9-4a84-9b06-e27a4c151461,2023,12814000.0,8898000.0,2026-08-18T11:48:58.801771
cb879aa2-73a7-4229-b63b-8457ba453623,5e8611b9-63f9-4a84-9b06-e27a4c151461,2024,14691000.0,9264000.0,2026-08-18T11:48:58.801774
b2ed87b1-976d-4b48-b95d-b84717bcbe13,5e8611b9-63f9-4a84-9b06-e27a4c151461,2025,17079000.0,12195000.0,2026-08-18T11:48:58.801777
eed6dd18-914f-4ba3-85bf-648515cf030d,07913131-1c5f-4de3-85de-a25d28a2fbe4,2020,6108000.0,3716000.0,2026-08-18T11:48:58.801805
90c3d55e-9d8d-478a-8bb0-f7d8abd928a6,07913131-1c5f-4de3-85de-a25d28a2fbe4,2021,6552000.0,4273000.0,2026-08-18T11:48:58.801808
1f438db9-255b-4a28-b77f-a2d5a6b7c817,07913131-1c5f-4de3-85de-a25d28a2fbe4,2022,7111000.0,4498000.0,2026-08-18T11:48:58.801811
af02a421-1c32-424a-9cfb-638597afd447,07913131-1c5f-4de3-85de-a25d28a2fbe4,2023,7863000.0,4851000.0,2026-08-18T11:48:58.801814
dc52951b-c841-4578-bf53-f1a5741ef5d9,07913131-1c5f-4de3-85de-a25d28a2fbe4,2024,8457000.0,5324000.0,2026-08-18T11:48:58.801818
96bfb8ae-2013-44b3-a943-98ae392d1262,07913131-1c5f-4de3-85de-a25d28a2fbe4,2025,9083000.0,5894000.0,2026-08-18T11:48:58.801821
6b2378d8-abf4-411f-833d-b9eded5bcb45,e069c84a-e53a-4be8-9c22-62fa45edc94b,2020,34931000.0,21891000.0,2026-08-18T11:48:58.801864
e2f1f9c2-7fd3-498a-b4f2-bd8d8d590f70,e069c84a-e53a-4be8-9c22-62fa45edc94b,2021,40765000.0,27102000.0,2026-08-18T11:48:58.801867
5bbc3a57-aa85-4e22-934b-ae46c9d21080,e069c84a-e53a-4be8-9c22-62fa45edc94b,2022,45112000.0,30771000.0,2026-08-18T11:48:58.801870
94081d20-fef2-40fc-9b73-0cae6b92e187,e069c84a-e53a-4be8-9c22-62fa45edc94b,2023,48469000.0,32457000.0,2026-08-18T11:48:58.801873
1106df63-ee7e-41e0-8ad5-135fff7e704c,e069c84a-e53a-4be8-9c22-62fa45edc94b,2024,57089000.0,37580000.0,2026-08-18T11:48:58.801876
aa5ef9de-98a1-4c59-a593-765f00589114,e069c84a-e53a-4be8-9c22-62fa45edc94b,2025,64022000.0,45572000.0,2026-08-18T11:48:58.801880
a523c26d-ec6d-48e0-b163-0eaf3852851e,5d93f0d9-bccc-49d1-9236-39c5fb20edb3,2020,2546000.0,1796000.0,2026-08-18T11:48:58.801915
de17977e-0ec0-4d63-bb08-28935e97f008,5d93f0d9-bccc-49d1-9236-39c5fb20edb3,2021,2701000.0,1841000.0,2026-08-18T11:48:58.801920
fdd4bb90-4cdc-4f81-97d6-d2de81cfe3b9,5d93f0d9-bccc-49d1-9236-39c5fb20edb3,2022,3084000.0,1966000.0,2026-08-18T11:48:58.801924
7e573e40-87a3-47f0-9736-0a17d77e4401,5d93f0d9-bccc-49d1-9236-39c5fb20edb3,2023,3297000.0,2103000.0,2026-08-18T11:48:58.801928
f25a6b9e-7633-489c-ae66-d76294bfb6a8,5d93f0d9-bccc-49d1-9236-39c5fb20edb3,2024,3613000.0,2180000.0,2026-08-18T11:48:58.801931
41ad3ae7-7969-4c77-aaed-54de2a43c469,5d93f0d9-bccc-49d1-9236-39c5fb20edb3,2025,3770000.0,2432000.0,2026-08-18T11:48:58.801934
3d494375-d523-4655-afd0-52ace901f94f,c900f318-8f5d-4c12-9c0e-c344ea281d2b,2020,740000.0,493000.0,2026-08-18T11:48:58.801977
8adee5a4-1a22-4a30-b79e-dbd8a4b60f3c,c900f318-8f5d-4c12-9c0e-c344ea281d2b,2021,856000.0,568000.0,2026-08-18T11:48:58.801981
5166e638-c233-40a9-a206-44aeaa532d46,c900f318-8f5d-4c12-9c0e-c344ea281d2b,2022,982000.0,660000.0,2026-08-18T11:48:58.801984
cc6694ed-6e21-4329-8b9c-a01c32f11ad8,c900f318-8f5d-4c12-9c0e-c344ea281d2b,2023,1066000.0,725000.0,2026-08-18T11:48:58.801988
23684e04-adf5-4ff8-a5c4-9437385debf5,c900f318-8f5d-4c12-9c0e-c344ea281d2b,2024,1262000.0,846000.0,2026-08-18T11:48:58.801991
be496e44-603f-410f-a977-031187337cfa,c900f318-8f5d-4c12-9c0e-c344ea281d2b,2025,1439000.0,1007000.0,2026-08-18T11:48:58.801994
0bfbe5c6-3cb2-46cb-81c7-3439a793dc40,65c313f1-3c29-4bec-883c-561947652869,2020,6283000.0,4346000.0,2026-08-18T11:48:58.802028
3a4f3bbb-e2ea-4dbb-92a9-05c4bd2b0d09,65c313f1-3c29-4bec-883c-561947652869,2021,6736000.0,4595000.0,2026-08-18T11:48:58.802032
5709fbe9-e5f4-458c-8fdb-f4a3ceda0171,65c313f1-3c29-4bec-883c-561947652869,2022,7585000.0,5406000.0,2026-08-18T11:48:58.802036
27d54f42-3b22-4d06-bd44-0ad705e11832,65c313f1-3c29-4bec-883c-561947652869,2023,8602000.0,5797000.0,2026-08-18T11:48:58.802039
c4499160-c86c-4641-b217-9e083c5b763d,65c313f1-3c29-4bec-883c-561947652869,2024,9543000.0,6211000.0,2026-08-18T11:48:58.802043
1ac3b85c-f216-404d-b255-573218e03d7b,65c313f1-3c29-4bec-883c-561947652869,2025,10202000.0,6907000.0,2026-08-18T11:48:58.802046
3b79b978-92fb-490b-88e4-d2a1c13d4f9e,b8670722-fff0-4b28-a3bc-678dc2746b6c,2020,8721000.0,6197000.0,2026-08-18T11:48:58.802082
77dcb2ce-6e8c-42bf-b61a-486df84d600f,b8670722-fff0-4b28-a3bc-678dc2746b6c,2021,9667000.0,6809000.0,2026-08-18T11:48:58.802085
f47f4297-c86e-4425-9067-5d574e367efc,b8670722-fff0-4b28-a3bc-678dc2746b6c,2022,10412000.0,7190000.0,2026-08-18T11:48:58.802089
d529ef4b-e3f0-4117-a069-e14e0759eb84,b8670722-fff0-4b28-a3bc-678dc2746b6c,2023,11110000.0,7865000.0,2026-08-18T11:48:58.802092
4c203821-3b9f-4079-bd32-ceb88f275e90,b8670722-fff0-4b28-a3bc-678dc2746b6c,2024,11938000.0,7292000.0,2026-08-18T11:48:58.802095
4f250e85-1ec8-4320-a89a-175688b4280e,b8670722-fff0-4b28-a3bc-678dc2746b6c,2025,12957000.0,7855000.0,2026-08-18T11:48:58.802098
3fdd2f97-b2f1-424f-9d64-2e2fa29a1d5f,c499f119-7f3f-4d4b-bc14-3fd24a556b0c,2020,2765000.0,1681000.0,2026-08-18T11:48:58.802140
040b0a43-44a1-4eca-82b7-5cf70db34a78,c499f119-7f3f-4d4b-bc14-3fd24a556b0c,2021,2955000.0,2109000.0,2026-08-18T11:48:58.802143
26b34066-f13a-4c36-944e-c34b7ad208e8,c499f119-7f3f-4d4b-bc14-3fd24a556b0c,2022,3352000.0,2184000.0,2026-08-18T11:48:58.802146
e80a3473-d2f6-4c83-a206-75ec2f098a62,c499f119-7f3f-4d4b-bc14-3fd24a556b0c,2023,3670000.0,2574000.0,2026-08-18T11:48:58.802150
f4987651-bc53-4cd5-9a1c-8a99b9ecf7a4,c499f119-7f3f-4d4b-bc14-3fd24a556b0c,2024,4115000.0,2745000.0,2026-08-18T11:48:58.802153
0ca3c935-9dd8-4a2f-b073-354053e39a34,c499f119-7f3f-4d4b-bc14-3fd24a556b0c,2025,4491000.0,3167000.0,2026-08-18T11:48:58.802156
2d0e454e-0b80-449d-bac8-f9e5a1ea9e71,11441a91-b2ca-4056-8ef8-57222609534a,2020,5841000.0,3961000.0,2026-08-18T11:48:58.802197
a5d80309-6918-45b4-9610-9b31e228e463,11441a91-b2ca-4056-8ef8-57222609534a,2021,6305000.0,4058000.0,2026-08-18T11:48:58.802201
aceef843-fcc7-4cc4-9718-72a7c6a15b97,11441a91-b2ca-4056-8ef8-57222609534a,2022,6670000.0,4652000.0,2026-08-18T11:48:58.802204
33970f74-fc47-4e4c-bdc4-51fb37696561,11441a91-b2ca-4056-8ef8-57222609534a,2023,7117000.0,4943000.0,2026-08-18T11:48:58.802208
5864725e-32b7-4e3e-96ed-c63735eadce0,11441a91-b2ca-4056-8ef8-57222609534a,2024,7835000.0,4712000.0,2026-08-18T11:48:58.802212
8bc1ff64-87ea-49b3-b7db-00e5f9953998,11441a91-b2ca-4056-8ef8-57222609534a,2025,8544000.0,5554000.0,2026-08-18T11:48:58.802215
007c4938-5ab4-4703-905c-973fcd7f8db9,979983ca-42b5-40c4-bbcb-fda0dec4ebc2,2020,4267000.0,2967000.0,2026-08-18T11:48:58.802244
88b889f6-5a77-49b5-b498-3d55337cb426,979983ca-42b5-40c4-bbcb-fda0dec4ebc2,2021,4879000.0,3352000.0,2026-08-18T11:48:58.802247
6b0bcd31-2ed3-467e-907d-266e68eba464,979983ca-42b5-40c4-bbcb-fda0dec4ebc2,2022,5833000.0,4087000.0,2026-08-18T11:48:58.802251
69dc8b8f-9cfc-43b7-b740-7eea713671e6,979983ca-42b5-40c4-bbcb-fda0dec4ebc2,2023,6422000.0,4282000.0,2026-08-18T11:48:58.802254
4030d579-de11-437c-88a8-1c189afe762f,979983ca-42b5-40c4-bbcb-fda0dec4ebc2,2024,7656000.0,4733000.0,2026-08-18T11:48:58.802257
2d1876c4-7279-483c-bd31-c18c5313c0a7,979983ca-42b5-40c4-bbcb-fda0dec4ebc2,2025,8940000.0,6260000.0,2026-08-18T11:48:58.802262
986b310b-b989-4beb-aea7-9ef783cc4d7f,95ce715b-b311-4413-ac49-326e7280c5cd,2020,1588000.0,1132000.0,2026-08-18T11:48:58.802288
baf3ce4f-75c5-4ca5-bf80-f3a69ecf855d,95ce715b-b311-4413-ac49-326e7280c5cd,2021,1693000.0,1051000.0,2026-08-18T11:48:58.802292
807dc137-f6f6-4b57-bb24-de5b7d1de90d,95ce715b-b311-4413-ac49-326e7280c5cd,2022,1817000.0,1144000.0,2026-08-18T11:48:58.802295
77736f1c-dde3-487a-b054-50a0e5c39c30,95ce715b-b311-4413-ac49-326e7280c5cd,2023,2018000.0,1416000.0,2026-08-18T11:48:58.802298
fa3396e3-dc1b-41aa-9da4-9a87bfc05215,95ce715b-b311-4413-ac49-326e7280c5cd,2024,2219000.0,1406000.0,2026-08-18T11:48:58.802301
e6b6f938-7599-41ee-9d6d-4077d6a0586c,95ce715b-b311-4413-ac49-326e7280c5cd,2025,2332000.0,1455000.0,2026-08-18T11:48:58.802304
a7223e69-f730-4952-bf74-db7e14a17563,0d8f216c-136d-4de5-ad0c-2bb9008c4be9,2020,2414000.0,1492000.0,2026-08-18T11:48:58.802339
21a885e9-47e4-41a6-90bf-327ce4f93809,0d8f216c-136d-4de5-ad0c-2bb9008c4be9,2021,2823000.0,1905000.0,2026-08-18T11:48:58.802342
740fa201-1f27-4bf1-9894-a93359670d22,0d8f216c-136d-4de5-ad0c-2bb9008c4be9,2022,3204000.0,2154000.0,2026-08-18T11:48:58.802346
2eda8ec2-de96-402e-a81f-bc7b68b71594,0d8f216c-136d-4de5-ad0c-2bb9008c4be9,2023,3585000.0,2220000.0,2026-08-18T11:48:58.802350
58ebdbe3-7c74-48d9-ad48-7b8f5d374916,0d8f216c-136d-4de5-ad0c-2bb9008c4be9,2024,4137000.0,2957000.0,2026-08-18T11:48:58.802353
7c51399b-68aa-421c-a93a-064c5cced013,0d8f216c-136d-4de5-ad0c-2bb9008c4be9,2025,4575000.0,3021000.0,2026-08-18T11:48:58.802357
5fdc524a-9250-4341-af17-3b1da789831f,d20f01b8-19dd-4a70-ae9a-462f5c7dd6d9,2020,1300000.0,821000.0,2026-08-18T11:48:58.802386
ec3aed21-cdd7-4018-8b25-f9a4ec212650,d20f01b8-19dd-4a70-ae9a-462f5c7dd6d9,2021,1468000.0,914000.0,2026-08-18T11:48:58.802390
ee0f5e06-0dbc-44f1-b7f4-3312356469e8,d20f01b8-19dd-4a70-ae9a-462f5c7dd6d9,2022,1644000.0,1147000.0,2026-08-18T11:48:58.802394
f877303a-d2f1-46b2-8ef3-cd987b9c9914,d20f01b8-19dd-4a70-ae9a-462f5c7dd6d9,2023,1821000.0,1162000.0,2026-08-18T11:48:58.802397
857b5122-3d7e-49cb-8245-4c5785629b5f,d20f01b8-19dd-4a70-ae9a-462f5c7dd6d9,2024,1999000.0,1393000.0,2026-08-18T11:48:58.802400
57e90a92-ce9c-495e-9dd1-a3170b94ce0f,d20f01b8-19dd-4a70-ae9a-462f5c7dd6d9,2025,2220000.0,1437000.0,2026-08-18T11:48:58.802404
b5baa6f5-1360-4ec0-8146-7b77675c6973,3e1daad8-6999-44e3-b50f-0554b643f6c4,2020,7501000.0,4501000.0,2026-08-18T11:48:58.802445
d04ecff1-5382-4141-b4aa-9d36aa570ec6,3e1daad8-6999-44e3-b50f-0554b643f6c4,2021,8469000.0,5998000.0,2026-08-18T11:48:58.802448
094b42c5-5508-4973-81e4-7b1e7121edca,3e1daad8-6999-44e3-b50f-0554b643f6c4,2022,10192000.0,7248000.0,2026-08-18T11:48:58.802451
132e4ada-0d9b-4c54-9505-13682edde865,3e1daad8-6999-44e3-b50f-0554b643f6c4,2023,11585000.0,7716000.0,2026-08-18T11:48:58.802454
d49ed977-97f8-43aa-a001-847feefd0d32,3e1daad8-6999-44e3-b50f-0554b643f6c4,2024,13190000.0,9407000.0,2026-08-18T11:48:58.802457
3fec4b25-0120-41d1-8ff0-89929af65e15,3e1daad8-6999-44e3-b50f-0554b643f6c4,2025,14809000.0,10233000.0,2026-08-18T11:48:58.802461
517637ee-b555-4963-837f-a0d139da78e5,ef6e3845-cc91-4aef-bb40-dd6b801379cb,2020,3549000.0,2490000.0,2026-08-18T11:48:58.802487
4e8384e3-c799-4d25-887b-5e147a3b9ac2,ef6e3845-cc91-4aef-bb40-dd6b801379cb,2021,3967000.0,2613000.0,2026-08-18T11:48:58.802491
5b2fa364-b82e-43af-b212-772b340907ef,ef6e3845-cc91-4aef-bb40-dd6b801379cb,2022,4352000.0,2747000.0,2026-08-18T11:48:58.802495
f356d4c9-38ef-4186-b190-217f21228524,ef6e3845-cc91-4aef-bb40-dd6b801379cb,2023,5176000.0,3231000.0,2026-08-18T11:48:58.802499
5496d224-c727-4987-908a-007368f6d419,ef6e3845-cc91-4aef-bb40-dd6b801379cb,2024,5673000.0,3671000.0,2026-08-18T11:48:58.802504
c3305e0f-c5ae-4954-a84d-1f9881bcc0f1,ef6e3845-cc91-4aef-bb40-dd6b801379cb,2025,6625000.0,3979000.0,2026-08-18T11:48:58.802507
37d9be37-2363-4ea1-8720-b846ac4ccaed,048bacd3-08f5-4fb9-9902-423448239b01,2020,6944000.0,4488000.0,2026-08-18T11:48:58.802548
ec6afbc3-eec8-490c-a1ac-ab025878581e,048bacd3-08f5-4fb9-9902-423448239b01,2021,7926000.0,5334000.0,2026-08-18T11:48:58.802554
44dc4b45-0312-4619-aab0-af2069c98a9c,048bacd3-08f5-4fb9-9902-423448239b01,2022,8826000.0,6072000.0,2026-08-18T11:48:58.802557
755f8f1d-a6bb-43ce-9e31-9a9fc4fd5133,048bacd3-08f5-4fb9-9902-423448239b01,2023,9787000.0,5955000.0,2026-08-18T11:48:58.802560
5f4a4c29-42d4-410d-a21a-6d1c7faf0f37,048bacd3-08f5-4fb9-9902-423448239b01,2024,11507000.0,6981000.0,2026-08-18T11:48:58.802564
1e29f8a8-b633-4745-ab3b-4a0031a28ed6,048bacd3-08f5-4fb9-9902-423448239b01,2025,13336000.0,8057000.0,2026-08-18T11:48:58.802568
1ac52714-e3d8-4200-8977-24fac9dc7795,2a33b12e-7bfd-4d38-bf24-6bfd2bbb5ad9,2020,4328000.0,3009000.0,2026-08-18T11:48:58.802604
45dc9e5e-a9a0-48c9-9ea8-9b4509fe9635,2a33b12e-7bfd-4d38-bf24-6bfd2bbb5ad9,2021,4796000.0,3240000.0,2026-08-18T11:48:58.802607
d1aeebad-5679-4fe7-aa1b-f6a6fdf45dcc,2a33b12e-7bfd-4d38-bf24-6bfd2bbb5ad9,2022,5316000.0,3806000.0,2026-08-18T11:48:58.802610
f19f1fce-5875-4f92-96a9-78930b262ab9,2a33b12e-7bfd-4d38-bf24-6bfd2bbb5ad9,2023,6092000.0,3686000.0,2026-08-18T11:48:58.802614
dff868c5-b121-4847-9a55-c5765f54053d,2a33b12e-7bfd-4d38-bf24-6bfd2bbb5ad9,2024,6853000.0,4606000.0,2026-08-18T11:48:58.802617
a77f7577-fe0e-412e-aa46-9973d9695349,2a33b12e-7bfd-4d38-bf24-6bfd2bbb5ad9,2025,7676000.0,4619000.0,2026-08-18T11:48:58.802620
0d8a9214-27a9-4b99-8b38-9fff88c1afa0,1f563944-a178-44e8-9583-8aaa3cb28651,2020,9305000.0,6354000.0,2026-08-18T11:48:58.802669
cb0000c2-6022-4f43-a488-e73edea5c918,1f563944-a178-44e8-9583-8aaa3cb28651,2021,10306000.0,6437000.0,2026-08-18T11:48:58.802672
5e3c20b9-171c-4acf-b0d1-6c6e6a915cba,1f563944-a178-44e8-9583-8aaa3cb28651,2022,11226000.0,7657000.0,2026-08-18T11:48:58.802675
e841dfb9-fe37-4eeb-a6d6-6353798437fb,1f563944-a178-44e8-9583-8aaa3cb28651,2023,12061000.0,7249000.0,2026-08-18T11:48:58.802678
7a3a2e3c-9e09-4cb8-b656-b19f94c4a427,1f563944-a178-44e8-9583-8aaa3cb28651,2024,13045000.0,8425000.0,2026-08-18T11:48:58.802681
39efd9f3-2ab4-48f2-847f-c1676721c0cb,1f563944-a178-44e8-9583-8aaa3cb28651,2025,14270000.0,10065000.0,2026-08-18T11:48:58.802685
3f661185-8fab-4151-8fe3-c0bb887e6355,fe722799-90c4-4a76-9ffa-8f8697e272ce,2020,10913000.0,7835000.0,2026-08-18T11:48:58.802713
45cf2a4f-500e-4127-97ca-a443b6348d80,fe722799-90c4-4a76-9ffa-8f8697e272ce,2021,12417000.0,8648000.0,2026-08-18T11:48:58.802718
b1a80b72-6935-4457-93f1-a7ed56bd8c86,fe722799-90c4-4a76-9ffa-8f8697e272ce,2022,14053000.0,9035000.0,2026-08-18T11:48:58.802722
5acaed0f-a492-4bb6-ad43-ff0f75655fba,fe722799-90c4-4a76-9ffa-8f8697e272ce,2023,16419000.0,11641000.0,2026-08-18T11:48:58.802725
f86f8aed-abaa-437c-a1b5-0ddcc15e2a64,fe722799-90c4-4a76-9ffa-8f8697e272ce,2024,18348000.0,12849000.0,2026-08-18T11:48:58.802728
74e27fc2-13c0-4708-94ef-0eae900fc600,fe722799-90c4-4a76-9ffa-8f8697e272ce,2025,20948000.0,12601000.0,2026-08-18T11:48:58.802731
bf72e16b-907c-43d5-aba8-018a9eb9cbd6,dd977c56-32dc-4c39-be6e-88758c1dfd00,2020,34789000.0,21456000.0,2026-08-18T11:48:58.802765
88fb4265-b917-4caf-8809-329f61baceb1,dd977c56-32dc-4c39-be6e-88758c1dfd00,2021,36666000.0,25712000.0,2026-08-18T11:48:58.802768
e8b03108-dcb0-4e43-9569-73b511ed828b,dd977c56-32dc-4c39-be6e-88758c1dfd00,2022,40102000.0,28715000.0,2026-08-18T11:48:58.802771
fe00822a-7db3-4652-9c3f-a209f9e2d081,dd977c56-32dc-4c39-be6e-88758c1dfd00,2023,43646000.0,30463000.0,2026-08-18T11:48:58.802774
462ae9e7-264d-4d84-83ab-d0055588a4ec,dd977c56-32dc-4c39-be6e-88758c1dfd00,2024,46255000.0,28332000.0,2026-08-18T11:48:58.802777
bec29ec5-f601-4f51-a968-55d2c978ff6d,dd977c56-32dc-4c39-be6e-88758c1dfd00,2025,51730000.0,36122000.0,2026-08-18T11:48:58.802781
638b3658-09df-461d-b0d7-b598045047a8,0df91240-2cbe-4806-91c6-dff90175f516,2020,24618000.0,15787000.0,2026-08-18T11:48:58.802816
7df03ca1-f1a9-4fb1-9a21-97c9159d72f4,0df91240-2cbe-4806-91c6-dff90175f516,2021,26066000.0,16394000.0,2026-08-18T11:48:58.802820
c7bdb703-2bd5-4681-ab78-5143b45411f4,0df91240-2cbe-4806-91c6-dff90175f516,2022,28522000.0,18963000.0,2026-08-18T11:48:58.802823
78b0c685-90e0-4281-a105-f1dc79496bf4,0df91240-2cbe-4806-91c6-dff90175f516,2023,31094000.0,19778000.0,2026-08-18T11:48:58.802826
53322eb0-5fe0-4394-a4ab-ab354f6ef489,0df91240-2cbe-4806-91c6-dff90175f516,2024,35726000.0,22977000.0,2026-08-18T11:48:58.802830
2d927bd2-7586-41e1-ac61-50c6e94e7875,0df91240-2cbe-4806-91c6-dff90175f516,2025,37503000.0,23947000.0,2026-08-18T11:48:58.802833
4b1f8ccf-1978-4d92-8262-421fce092a1d,40d93121-49e8-4b0c-b380-6e87a19fff89,2020,64280000.0,43593000.0,2026-08-18T11:48:58.802866
905845cd-1da1-4046-94ad-baab0abc5b81,40d93121-49e8-4b0c-b380-6e87a19fff89,2021,68697000.0,45837000.0,2026-08-18T11:48:58.802870
ade83eaf-acbd-4c2c-8564-bad7161c001a,40d93121-49e8-4b0c-b380-6e87a19fff89,2022,75403000.0,53116000.0,2026-08-18T11:48:58.802873
d3a9c292-962a-4ce5-855a-199e04c10bb5,40d93121-49e8-4b0c-b380-6e87a19fff89,2023,80667000.0,53498000.0,2026-08-18T11:48:58.802878
296fcacb-8928-44e3-84fd-007bffd6e082,40d93121-49e8-4b0c-b380-6e87a19fff89,2024,89729000.0,63182000.0,2026-08-18T11:48:58.802881
c46abee6-edad-4b4d-8bec-6a3117f17fc3,40d93121-49e8-4b0c-b380-6e87a19fff89,2025,99534000.0,69234000.0,2026-08-18T11:48:58.802884
a7e411ea-2e0b-422d-ae18-4016d7ad3e9c,295c5524-d150-42b8-879e-75df97e06afe,2020,51990000.0,31728000.0,2026-08-18T11:48:58.802914
d1ca36ed-3968-4da9-8295-222acf9347ac,295c5524-d150-42b8-879e-75df97e06afe,2021,58799000.0,35640000.0,2026-08-18T11:48:58.802918
ab04f393-e401-4e06-91d6-23b7c7332552,295c5524-d150-42b8-879e-75df97e06afe,2022,64977000.0,42123000.0,2026-08-18T11:48:58.802921
647520ba-c386-4de4-9b5e-2c7aec929177,295c5524-d150-42b8-879e-75df97e06afe,2023,73217000.0,51878000.0,2026-08-18T11:48:58.802924
f588ab2a-67ea-4033-8f2c-acd9f0c4029e,295c5524-d150-42b8-879e-75df97e06afe,2024,84216000.0,52052000.0,2026-08-18T11:48:58.802927
4bbd84e0-b443-4452-9879-783b948e5596,295c5524-d150-42b8-879e-75df97e06afe,2025,97955000.0,62610000.0,2026-08-18T11:48:58.802930
81fde95e-d8ea-4520-ba3c-242b4cde4931,9c1fa4fe-3faf-4212-afa3-c00bd342546f,2020,21120000.0,14829000.0,2026-08-18T11:48:58.802964
ca76e6e4-7d93-49f5-88c6-601e745e017b,9c1fa4fe-3faf-4212-afa3-c00bd342546f,2021,22911000.0,14233000.0,2026-08-18T11:48:58.802967
83a7a470-c826-486a-84fc-435b3b7b489e,9c1fa4fe-3faf-4212-afa3-c00bd342546f,2022,24981000.0,16940000.0,2026-08-18T11:48:58.802970
2038bedc-853b-4461-8a69-fe5f9c405258,9c1fa4fe-3faf-4212-afa3-c00bd342546f,2023,26652000.0,17484000.0,2026-08-18T11:48:58.802973
f2cc06f1-1c3a-461d-94fc-241f72d2b42e,9c1fa4fe-3faf-4212-afa3-c00bd342546f,2024,29998000.0,18767000.0,2026-08-18T11:48:58.802976
9a215ec6-2f00-4565-a661-deb8b15d8327,9c1fa4fe-3faf-4212-afa3-c00bd342546f,2025,31330000.0,20289000.0,2026-08-18T11:48:58.802979
4f3ed101-bd9b-4c3a-a632-295b3b618599,22b9b53b-826a-4bc7-8248-528d201d771f,2020,7769000.0,4932000.0,2026-08-18T11:48:58.803019
717f23f9-575c-4542-9555-cd28e390e944,22b9b53b-826a-4bc7-8248-528d201d771f,2021,8670000.0,5863000.0,2026-08-18T11:48:58.803023
f12841b6-7ecc-4dfd-912f-3199606aeaf4,22b9b53b-826a-4bc7-8248-528d201d771f,2022,10133000.0,7191000.0,2026-08-18T11:48:58.803027
2644f3ec-807f-4dde-8b13-d0021c7ba4ee,22b9b53b-826a-4bc7-8248-528d201d771f,2023,11798000.0,7614000.0,2026-08-18T11:48:58.803030
ba211e37-b8d9-4103-9e2b-5ea03f4c9771,22b9b53b-826a-4bc7-8248-528d201d771f,2024,12869000.0,8609000.0,2026-08-18T11:48:58.803034
9a228d86-d384-4f17-a7f5-0c69f0ddaeff,22b9b53b-826a-4bc7-8248-528d201d771f,2025,14554000.0,10195000.0,2026-08-18T11:48:58.803038
6a7ff7ed-4c46-4ea1-85f6-b12fd5b05f01,b95decb4-05f8-4911-91f0-936bace7d0d6,2020,32778000.0,22354000.0,2026-08-18T11:48:58.803088
588c56f6-9c39-4ec3-ac6e-473850aaeb16,b95decb4-05f8-4911-91f0-936bace7d0d6,2021,35166000.0,21992000.0,2026-08-18T11:48:58.803091
f4862330-2952-4367-b288-3fcedd762fac,b95decb4-05f8-4911-91f0-936bace7d0d6,2022,38646000.0,24092000.0,2026-08-18T11:48:58.803094
b422fc3b-35a2-4677-9566-371610c2bcc8,b95decb4-05f8-4911-91f0-936bace7d0d6,2023,40881000.0,25776000.0,2026-08-18T11:48:58.803098
01c9c846-db64-48d5-8a24-b60d6adb75b5,b95decb4-05f8-4911-91f0-936bace7d0d6,2024,45448000.0,29783000.0,2026-08-18T11:48:58.803101
7ddfcede-7010-4dc0-b641-d2aad287117d,b95decb4-05f8-4911-91f0-936bace7d0d6,2025,48731000.0,32994000.0,2026-08-18T11:48:58.803104
636e75a1-ccb3-41fa-a0a2-4fac653a8308,289be1fe-8d05-4c79-a63d-312212912a69,2020,29456000.0,20077000.0,2026-08-18T11:48:58.803145
750779d4-4461-4c6f-9176-3656a9fd533c,289be1fe-8d05-4c79-a63d-312212912a69,2021,31332000.0,21975000.0,2026-08-18T11:48:58.803148
0fd26762-fb41-4923-b4b1-d705f35795e5,289be1fe-8d05-4c79-a63d-312212912a69,2022,36369000.0,24211000.0,2026-08-18T11:48:58.803152
fa09a6e6-2020-4a79-9d9b-2a140b2461ef,289be1fe-8d05-4c79-a63d-312212912a69,2023,38611000.0,26944000.0,2026-08-18T11:48:58.803155
6aa9bd77-469c-491f-afeb-5af5158cf250,289be1fe-8d05-4c79-a63d-312212912a69,2024,43668000.0,28455000.0,2026-08-18T11:48:58.803158
5782be4c-adba-47a2-a93c-2d7fb7ae99bb,289be1fe-8d05-4c79-a63d-312212912a69,2025,48260000.0,29219000.0,2026-08-18T11:48:58.803161
ede61d58-e022-46a1-831a-a632e644491f,4260366b-3142-4ce8-9cdc-c5127567456e,2020,45849000.0,29091000.0,2026-08-18T11:48:58.803202
b6411ed8-8452-419a-bfc0-bbf04d537c4b,4260366b-3142-4ce8-9cdc-c5127567456e,2021,50168000.0,31581000.0,2026-08-18T11:48:58.803206
daf4fadf-0a30-4b0f-b5fa-55a2c0d3dd8e,4260366b-3142-4ce8-9cdc-c5127567456e,2022,55289000.0,37478000.0,2026-08-18T11:48:58.803209
6f56bbc6-a6f1-48c8-9501-604e10a8026b,4260366b-3142-4ce8-9cdc-c5127567456e,2023,63466000.0,44265000.0,2026-08-18T11:48:58.803212
d83bfbcb-32a8-4e29-a113-80a92fa2f7af,4260366b-3142-4ce8-9cdc-c5127567456e,2024,70381000.0,42712000.0,2026-08-18T11:48:58.803216
755b3f57-5e67-43f3-b33e-463b9e31b512,4260366b-3142-4ce8-9cdc-c5127567456e,2025,81293000.0,57920000.0,2026-08-18T11:48:58.803220
f0cec444-3115-4272-b866-d9bbf933c6dc,cc2879eb-8657-4a48-a36c-ecd9f91ef6d1,2020,6823000.0,4264000.0,2026-08-18T11:48:58.803253
4120e81d-1d25-49f7-9871-b309dad0663b,cc2879eb-8657-4a48-a36c-ecd9f91ef6d1,2021,7580000.0,4801000.0,2026-08-18T11:48:58.803257
126e9601-bd0c-4323-8e2e-f66eb756bfd2,cc2879eb-8657-4a48-a36c-ecd9f91ef6d1,2022,8563000.0,5525000.0,2026-08-18T11:48:58.803260
845eb318-c0ad-4230-a3e0-a2877c974bc3,cc2879eb-8657-4a48-a36c-ecd9f91ef6d1,2023,9407000.0,5797000.0,2026-08-18T11:48:58.803263
9b317c1b-39e8-4d7e-8c85-0621f4f6f025,cc2879eb-8657-4a48-a36c-ecd9f91ef6d1,2024,10827000.0,7444000.0,2026-08-18T11:48:58.803266
1d126c2b-a00c-4efb-a9e1-67b76e2e4426,cc2879eb-8657-4a48-a36c-ecd9f91ef6d1,2025,12444000.0,8737000.0,2026-08-18T11:48:58.803269
e1b29df7-e60f-4d5f-a1bf-b5bd1478a819,411405e1-e877-460b-93fa-1b6647a87916,2020,3698000.0,2335000.0,2026-08-18T11:48:58.803310
93d7e8d5-b3d1-4418-aa6f-1b0a43838925,411405e1-e877-460b-93fa-1b6647a87916,2021,4058000.0,2467000.0,2026-08-18T11:48:58.803313
69346a19-63c0-4658-93e2-b8203eba932c,411405e1-e877-460b-93fa-1b6647a87916,2022,4284000.0,2821000.0,2026-08-18T11:48:58.803316
d16ecd07-fee0-4668-95bc-0a3f6511555f,411405e1-e877-460b-93fa-1b6647a87916,2023,4761000.0,2946000.0,2026-08-18T11:48:58.803319
aa47c7a4-3a9c-4f94-97e9-479c1d34c863,411405e1-e877-460b-93fa-1b6647a87916,2024,5104000.0,3642000.0,2026-08-18T11:48:58.803322
55ad6f99-ae01-4d1d-aff1-05193f6b98b0,411405e1-e877-460b-93fa-1b6647a87916,2025,5296000.0,3567000.0,2026-08-18T11:48:58.803325
abe7ff32-ba42-49b4-b688-ae27513952d2,c53123ad-96c6-4a6b-99d4-1e0fb1260a65,2020,36653000.0,25775000.0,2026-08-18T11:48:58.803367
ecb882c0-f70b-4656-99e2-c0fe9437e68d,c53123ad-96c6-4a6b-99d4-1e0fb1260a65,2021,42098000.0,30037000.0,2026-08-18T11:48:58.803372
a53d95e3-a815-4794-b183-5dc4638011f8,c53123ad-96c6-4a6b-99d4-1e0fb1260a65,2022,46840000.0,30268000.0,2026-08-18T11:48:58.803375
0c8ed021-c0e6-496e-9e56-a2f6d9e9ef3b,c53123ad-96c6-4a6b-99d4-1e0fb1260a65,2023,54976000.0,33192000.0,2026-08-18T11:48:58.803378
ae7eb7a6-6010-4da1-afa5-dde3e2bbcaa8,c53123ad-96c6-4a6b-99d4-1e0fb1260a65,2024,60309000.0,41158000.0,2026-08-18T11:48:58.803382
ce451ee0-a80a-457d-81bc-9968b9329962,c53123ad-96c6-4a6b-99d4-1e0fb1260a65,2025,67750000.0,44472000.0,2026-08-18T11:48:58.803385
c015239d-d366-4b86-803d-f4a9838e0681,29e4eea9-4fa1-443b-bc52-fbec122d8b4c,2020,8160000.0,5327000.0,2026-08-18T11:48:58.803418
ec24359a-ec86-4e0d-8ac1-89a913968dcc,29e4eea9-4fa1-443b-bc52-fbec122d8b4c,2021,8745000.0,5996000.0,2026-08-18T11:48:58.803422
27740841-171f-4039-8bfa-ffe37a8d6162,29e4eea9-4fa1-443b-bc52-fbec122d8b4c,2022,9480000.0,6727000.0,2026-08-18T11:48:58.803426
a92bce63-c18e-47a9-a000-524ba6f22b7e,29e4eea9-4fa1-443b-bc52-fbec122d8b4c,2023,10650000.0,6882000.0,2026-08-18T11:48:58.803429
fa7e7b90-3035-4575-b2df-d9042f5dc559,29e4eea9-4fa1-443b-bc52-fbec122d8b4c,2024,11531000.0,7879000.0,2026-08-18T11:48:58.803432
0b5328c7-5019-4049-ac99-e4e362dbf01a,29e4eea9-4fa1-443b-bc52-fbec122d8b4c,2025,12388000.0,7532000.0,2026-08-18T11:48:58.803435
b1c7d3bf-48fb-4f17-8d7f-345f6e969c3a,2645cf06-e196-45e0-8697-4bdaa116dcc3,2020,31501000.0,21741000.0,2026-08-18T11:48:58.803468
c86ba6f7-69f8-4c58-9e37-a9863938fb7f,2645cf06-e196-45e0-8697-4bdaa116dcc3,2021,36474000.0,23002000.0,2026-08-18T11:48:58.803471
e9b24701-025c-43cc-b21d-1eab94882c0e,2645cf06-e196-45e0-8697-4bdaa116dcc3,2022,40169000.0,28186000.0,2026-08-18T11:48:58.803474
a4af36e2-c6c4-4901-b090-e59745eb5df6,2645cf06-e196-45e0-8697-4bdaa116dcc3,2023,43407000.0,27635000.0,2026-08-18T11:48:58.803477
2178a046-24fc-4820-8351-83d06126a920,2645cf06-e196-45e0-8697-4bdaa116dcc3,2024,47377000.0,32669000.0,2026-08-18T11:48:58.803480
49cf02df-a590-478c-8dd2-5c029f4fd15e,2645cf06-e196-45e0-8697-4bdaa116dcc3,2025,53430000.0,37087000.0,2026-08-18T11:48:58.803483
4340e490-302b-4ed5-b7da-94a34f939c99,384072df-c99b-47d8-b441-fc0c9a3d96fb,2020,15304000.0,10828000.0,2026-08-18T11:48:58.803513
6979d2f4-6498-41ff-9499-e6629add64fc,384072df-c99b-47d8-b441-fc0c9a3d96fb,2021,17150000.0,11930000.0,2026-08-18T11:48:58.803517
edf2815c-b157-441c-9e6c-202b42eee881,384072df-c99b-47d8-b441-fc0c9a3d96fb,2022,19794000.0,13293000.0,2026-08-18T11:48:58.803520
d92264f5-bded-4b83-a363-8f9a5101b0c2,384072df-c99b-47d8-b441-fc0c9a3d96fb,2023,22546000.0,15726000.0,2026-08-18T11:48:58.803523
ae4d4f17-0244-47de-b1ec-36ef42384de3,384072df-c99b-47d8-b441-fc0c9a3d96fb,2024,25181000.0,17599000.0,2026-08-18T11:48:58.803526
c92ac554-1d4a-47fa-8487-792c0640a1b1,384072df-c99b-47d8-b441-fc0c9a3d96fb,2025,28452000.0,18013000.0,2026-08-18T11:48:58.803530
09768620-31fb-4bcc-9d11-b5d0a7970b39,752c2adb-8a0d-4803-b515-8c4964df7998,2020,16803000.0,10122000.0,2026-08-18T11:48:58.803556
711bfad6-65e2-43c9-8c61-bb71e97991a5,752c2adb-8a0d-4803-b515-8c4964df7998,2021,18185000.0,12929000.0,2026-08-18T11:48:58.803559
b94e9930-53c1-4c79-955f-b2378d53fd4c,752c2adb-8a0d-4803-b515-8c4964df7998,2022,20233000.0,14456000.0,2026-08-18T11:48:58.803562
b77cb7c1-b066-4d1a-8063-d79c145d6638,752c2adb-8a0d-4803-b515-8c4964df7998,2023,21728000.0,13802000.0,2026-08-18T11:48:58.803567
20af1052-4e0d-4377-8b6b-3519a13bb015,752c2adb-8a0d-4803-b515-8c4964df7998,2024,23960000.0,14662000.0,2026-08-18T11:48:58.803570
683ac721-6db9-46ce-8e81-742b96ed2a91,752c2adb-8a0d-4803-b515-8c4964df7998,2025,26962000.0,18917000.0,2026-08-18T11:48:58.803573
85514ff7-0f05-4f63-8bdb-c0dc55775672,ed3168c1-577b-487d-a8f1-1c94b6d04d9a,2020,10398000.0,6322000.0,2026-08-18T11:48:58.803613
46d4a54e-d706-4e01-b133-94eadf76a88f,ed3168c1-577b-487d-a8f1-1c94b6d04d9a,2021,12147000.0,8739000.0,2026-08-18T11:48:58.803616
3a4d2006-df69-460b-85b2-7c7045d5c75c,ed3168c1-577b-487d-a8f1-1c94b6d04d9a,2022,13755000.0,9049000.0,2026-08-18T11:48:58.803621
76264091-e79a-421a-8204-f4bb3bc653cd,ed3168c1-577b-487d-a8f1-1c94b6d04d9a,2023,15861000.0,9620000.0,2026-08-18T11:48:58.803625
58f02e28-102d-431c-be43-c891901164b7,ed3168c1-577b-487d-a8f1-1c94b6d04d9a,2024,18161000.0,12655000.0,2026-08-18T11:48:58.803628
53fab0a8-0fdd-4993-ad3a-7d49176d55f1,ed3168c1-577b-487d-a8f1-1c94b6d04d9a,2025,21758000.0,14393000.0,2026-08-18T11:48:58.803632
01286a33-4948-45bd-a837-48eecda74482,bd28c65b-1785-41d0-92cf-95fb8c56cd24,2020,6672000.0,4233000.0,2026-08-18T11:48:58.803663
61d5cb43-88ec-4bba-a5db-6de64e95d1ca,bd28c65b-1785-41d0-92cf-95fb8c56cd24,2021,6956000.0,4369000.0,2026-08-18T11:48:58.803666
15f0b160-ce88-4489-9caf-de08d8226f52,bd28c65b-1785-41d0-92cf-95fb8c56cd24,2022,7985000.0,5057000.0,2026-08-18T11:48:58.803669
79172d93-c6df-443b-af98-f963271295c2,bd28c65b-1785-41d0-92cf-95fb8c56cd24,2023,8818000.0,5981000.0,2026-08-18T11:48:58.803672
8f94f8da-e21d-4ae9-b161-26f5fa86b3ae,bd28c65b-1785-41d0-92cf-95fb8c56cd24,2024,9780000.0,6351000.0,2026-08-18T11:48:58.803676
d8ddcb11-be86-4fba-b486-4cc853b542ca,bd28c65b-1785-41d0-92cf-95fb8c56cd24,2025,10724000.0,6719000.0,2026-08-18T11:48:58.803679
06cb3a15-47c3-4739-a44f-870e43f5644e,fee2507f-0fa1-4345-8d50-e869d001db7b,2020,38158000.0,27146000.0,2026-08-18T11:48:58.803719
5b0b8660-66a3-45f3-bd6a-2eb616191fdf,fee2507f-0fa1-4345-8d50-e869d001db7b,2021,42213000.0,29570000.0,2026-08-18T11:48:58.803722
82f4b664-170c-4072-8a1c-594a2b5234f8,fee2507f-0fa1-4345-8d50-e869d001db7b,2022,46632000.0,31035000.0,2026-08-18T11:48:58.803725
ad0bd170-d32c-4db9-a6ba-10e5fab7297b,fee2507f-0fa1-4345-8d50-e869d001db7b,2023,48801000.0,30296000.0,2026-08-18T11:48:58.803728
5cc5a7db-134a-4cc7-ac53-c004f55300f7,fee2507f-0fa1-4345-8d50-e869d001db7b,2024,54298000.0,36236000.0,2026-08-18T11:48:58.803731
c4996f44-4f4a-4b48-adc4-b80d0e5e27ee,fee2507f-0fa1-4345-8d50-e869d001db7b,2025,57494000.0,40528000.0,2026-08-18T11:48:58.803738
c879c9ee-e3ab-4387-81be-88d73166c881,6884bf07-704e-45b7-96e4-7fcfe402ac04,2020,3349000.0,2144000.0,2026-08-18T11:48:58.803764
7c1516e3-7f2a-4371-bdeb-595c10c7a527,6884bf07-704e-45b7-96e4-7fcfe402ac04,2021,3780000.0,2571000.0,2026-08-18T11:48:58.803767
69e393b4-8340-4023-8787-b6394ca88323,6884bf07-704e-45b7-96e4-7fcfe402ac04,2022,4301000.0,2835000.0,2026-08-18T11:48:58.803770
6d6d7fc0-4c66-4ce1-8228-f46b9bf08008,6884bf07-704e-45b7-96e4-7fcfe402ac04,2023,4919000.0,3018000.0,2026-08-18T11:48:58.803773
a42f0656-93b8-4bda-9c1d-e92632d2f2b3,6884bf07-704e-45b7-96e4-7fcfe402ac04,2024,5689000.0,3698000.0,2026-08-18T11:48:58.803778
30660c7f-6bab-4989-a7c0-ccb9793aefd7,6884bf07-704e-45b7-96e4-7fcfe402ac04,2025,6160000.0,3901000.0,2026-08-18T11:48:58.803781
ce266199-f15d-4faf-b88e-f2641bdaa5dc,b2e0909d-657e-4a73-aeb1-cfe2ad8a2407,2020,23920000.0,16877000.0,2026-08-18T11:48:58.803809
62baad8d-58b9-4012-8861-1cb7f666806a,b2e0909d-657e-4a73-aeb1-cfe2ad8a2407,2021,27242000.0,17150000.0,2026-08-18T11:48:58.803812
023ee5ed-4bad-40f1-8d5f-b95d0a25c496,b2e0909d-657e-4a73-aeb1-cfe2ad8a2407,2022,31038000.0,22155000.0,2026-08-18T11:48:58.803815
ae1e6b5f-7450-4355-8180-a611edb38653,b2e0909d-657e-4a73-aeb1-cfe2ad8a2407,2023,34689000.0,23995000.0,2026-08-18T11:48:58.803818
55f88b8c-615d-4050-9db4-70dc8786b576,b2e0909d-657e-4a73-aeb1-cfe2ad8a2407,2024,39996000.0,27489000.0,2026-08-18T11:48:58.803821
69a2287a-a479-4db2-8e4e-f72d0e38e583,b2e0909d-657e-4a73-aeb1-cfe2ad8a2407,2025,44925000.0,27599000.0,2026-08-18T11:48:58.803826
181e16d9-017b-4c59-b1bf-14ad92dbd1c9,96e0d092-ade9-4a47-926a-c57a8366bc0b,2020,4251000.0,2960000.0,2026-08-18T11:48:58.803858
1028fe0a-f352-447f-b210-4f7eadd36d04,96e0d092-ade9-4a47-926a-c57a8366bc0b,2021,4875000.0,3296000.0,2026-08-18T11:48:58.803861
ac2233b7-6be1-4a48-84ee-50ee34d78a9a,96e0d092-ade9-4a47-926a-c57a8366bc0b,2022,5660000.0,3924000.0,2026-08-18T11:48:58.803986
0e17f45b-fb2f-4276-bba0-50db48ea911e,96e0d092-ade9-4a47-926a-c57a8366bc0b,2023,6444000.0,3942000.0,2026-08-18T11:48:58.803990
49e67b07-238f-48b8-aa1d-b18f1aab87e4,96e0d092-ade9-4a47-926a-c57a8366bc0b,2024,7192000.0,4806000.0,2026-08-18T11:48:58.803993
82e969d3-edf5-4403-ab4f-744fdc52afef,96e0d092-ade9-4a47-926a-c57a8366bc0b,2025,8032000.0,5677000.0,2026-08-18T11:48:58.803997
ad8e4d7c-75cd-4f2b-b123-e1a4b7b312f3,56a78bab-8409-4ecf-94c9-75f71581df2e,2020,17387000.0,10433000.0,2026-08-18T11:48:58.804035
017ca96b-4640-4f48-8317-0f443dad6875,56a78bab-8409-4ecf-94c9-75f71581df2e,2021,18217000.0,12513000.0,2026-08-18T11:48:58.804040
e1f786d9-e0fb-4e5c-a6f0-9f376314a65a,56a78bab-8409-4ecf-94c9-75f71581df2e,2022,19541000.0,12739000.0,2026-08-18T11:48:58.804048
a97b3dcd-0156-4115-88ad-1541f293bb00,56a78bab-8409-4ecf-94c9-75f71581df2e,2023,21116000.0,14410000.0,2026-08-18T11:48:58.804054
51d8b526-36c2-457d-a75e-55fa42d90572,56a78bab-8409-4ecf-94c9-75f71581df2e,2024,22709000.0,16082000.0,2026-08-18T11:48:58.804060
e75ff0b3-34fe-4151-be68-f0398d162e0e,56a78bab-8409-4ecf-94c9-75f71581df2e,2025,23759000.0,15452000.0,2026-08-18T11:48:58.804066
ce0c5370-074f-4ea6-a42d-6e4beb381a54,476c6edd-241c-41a0-b067-2bd5e9a00e5f,2020,8504000.0,5584000.0,2026-08-18T11:48:58.804182
3466ed76-fd0e-4850-afb5-a35a2ca0a88e,476c6edd-241c-41a0-b067-2bd5e9a00e5f,2021,9142000.0,5783000.0,2026-08-18T11:48:58.804190
0372f714-3d10-4328-861a-5686f316513d,476c6edd-241c-41a0-b067-2bd5e9a00e5f,2022,10226000.0,7341000.0,2026-08-18T11:48:58.804195
e8d236e1-0dbe-4b22-9363-b8d9af7d2f4e,476c6edd-241c-41a0-b067-2bd5e9a00e5f,2023,11170000.0,7219000.0,2026-08-18T11:48:58.804201
d5c4ae1a-c0ec-40ad-a769-b0319faeaab9,476c6edd-241c-41a0-b067-2bd5e9a00e5f,2024,11484000.0,7147000.0,2026-08-18T11:48:58.804206
16646513-ef66-4460-8ce0-886c3266aeca,476c6edd-241c-41a0-b067-2bd5e9a00e5f,2025,12408000.0,7769000.0,2026-08-18T11:48:58.804211
8da7628e-f0e7-423c-972d-d7b1695dd405,e50ec2bf-f513-4148-846e-bb956f212147,2020,2404000.0,1675000.0,2026-08-18T11:48:58.804295
5c90cf87-d1b9-494d-b9fb-8dd7e901e804,e50ec2bf-f513-4148-846e-bb956f212147,2021,2689000.0,1688000.0,2026-08-18T11:48:58.804301
2301253a-53ce-4dec-8aec-7f7af4b06b1b,e50ec2bf-f513-4148-846e-bb956f212147,2022,2928000.0,1944000.0,2026-08-18T11:48:58.804306
f3f39077-59bd-4c6d-a007-bd20fedf30db,e50ec2bf-f513-4148-846e-bb956f212147,2023,3301000.0,2221000.0,2026-08-18T11:48:58.804311
a2c2ff0b-069b-486e-9ad3-3ddf5070f51e,e50ec2bf-f513-4148-846e-bb956f212147,2024,3672000.0,2355000.0,2026-08-18T11:48:58.804317
13d57c18-79e2-49d0-a09c-071e789ad4c6,e50ec2bf-f513-4148-846e-bb956f212147,2025,3952000.0,2841000.0,2026-08-18T11:48:58.804322
ef0987b2-a32a-4ff7-86e8-0b9531b6db00,1bc85143-a1fa-429c-82f5-2dbaadbf7036,2020,5610000.0,3656000.0,2026-08-18T11:48:58.804385
7878d449-7d4f-44d9-b18f-418943570ea5,1bc85143-a1fa-429c-82f5-2dbaadbf7036,2021,6256000.0,4074000.0,2026-08-18T11:48:58.804391
e62f3b5b-11e3-45b6-898d-750e7901b49e,1bc85143-a1fa-429c-82f5-2dbaadbf7036,2022,6963000.0,4657000.0,2026-08-18T11:48:58.804399
c3db0a54-32d8-420f-8aa0-d043e2434cde,1bc85143-a1fa-429c-82f5-2dbaadbf7036,2023,7643000.0,4975000.0,2026-08-18T11:48:58.804404
d0c98568-d1ff-4612-9d06-4f6f58cc05e4,1bc85143-a1fa-429c-82f5-2dbaadbf7036,2024,8919000.0,6379000.0,2026-08-18T11:48:58.804411
b29c5908-47d0-4961-94ac-b2696bb0e3ba,1bc85143-a1fa-429c-82f5-2dbaadbf7036,2025,9815000.0,6457000.0,2026-08-18T11:48:58.804416
4cd1cf15-1082-48a0-af61-7ed3fa9d54ef,9c31ea34-0f99-422e-acfa-714d69f1e768,2020,15777000.0,10632000.0,2026-08-18T11:48:58.804474
073e1f4c-b0c7-4048-a5d7-2db989f7eb17,9c31ea34-0f99-422e-acfa-714d69f1e768,2021,17052000.0,10493000.0,2026-08-18T11:48:58.804482
0eb5bdf8-dd14-4336-a9fb-1523645133a6,9c31ea34-0f99-422e-acfa-714d69f1e768,2022,19389000.0,12779000.0,2026-08-18T11:48:58.804487
17ddca99-71fc-4250-8921-1dcc84e27e78,9c31ea34-0f99-422e-acfa-714d69f1e768,2023,20538000.0,12770000.0,2026-08-18T11:48:58.804493
5f8677e6-5824-4781-8f63-7ecccf660bd2,9c31ea34-0f99-422e-acfa-714d69f1e768,2024,22331000.0,14369000.0,2026-08-18T11:48:58.804499
56d3dfaf-6bc0-4269-a2ef-3b9b7ef9b9b9,9c31ea34-0f99-422e-acfa-714d69f1e768,2025,24591000.0,14896000.0,2026-08-18T11:48:58.804505
6489d517-6305-4dd4-b531-8fd08f14ee2d,0ddadc3d-0ea0-4c29-838b-1339131a5a9f,2020,4688000.0,3247000.0,2026-08-18T11:48:58.804557
9e3633b3-6d4d-4061-82b2-44458b2f58a5,0ddadc3d-0ea0-4c29-838b-1339131a5a9f,2021,5054000.0,3435000.0,2026-08-18T11:48:58.804562
54e820c0-cfc5-42f1-9480-b088800ab1b9,0ddadc3d-0ea0-4c29-838b-1339131a5a9f,2022,5849000.0,3728000.0,2026-08-18T11:48:58.804568
20a8a84e-9f3e-461e-aa2e-e0e31505b884,0ddadc3d-0ea0-4c29-838b-1339131a5a9f,2023,6537000.0,3966000.0,2026-08-18T11:48:58.804574
dcef94e1-4567-44f5-a301-8c12c8d31b1f,0ddadc3d-0ea0-4c29-838b-1339131a5a9f,2024,7162000.0,4900000.0,2026-08-18T11:48:58.804579
44fb94d9-22fa-4fc0-a1b2-8326bf146474,0ddadc3d-0ea0-4c29-838b-1339131a5a9f,2025,8186000.0,5152000.0,2026-08-18T11:48:58.804584
5ffe84bf-9361-4746-b9af-e85a6c75f13b,87d91cf0-403f-4517-91bb-3c6d7806eb67,2020,14184000.0,9256000.0,2026-08-18T11:48:58.804648
8ad55b87-a4e4-459d-80aa-b3befdcaca14,87d91cf0-403f-4517-91bb-3c6d7806eb67,2021,15883000.0,10735000.0,2026-08-18T11:48:58.804654
84833a24-0c9b-4227-bc68-cf53b576e3a7,87d91cf0-403f-4517-91bb-3c6d7806eb67,2022,18698000.0,11335000.0,2026-08-18T11:48:58.804659
184ddc50-f61a-4d10-98fa-15652a08ecc4,87d91cf0-403f-4517-91bb-3c6d7806eb67,2023,20652000.0,13533000.0,2026-08-18T11:48:58.804666
ee9465c7-b824-4ca6-a7d9-bf39191facd8,87d91cf0-403f-4517-91bb-3c6d7806eb67,2024,23102000.0,15444000.0,2026-08-18T11:48:58.804673
daa55919-d9a9-44ab-b40b-a8aeef4f1dd5,87d91cf0-403f-4517-91bb-3c6d7806eb67,2025,25478000.0,17350000.0,2026-08-18T11:48:58.804679
cc02e88f-9bdf-4c80-b288-b0a904025d73,ff5ebcfd-6749-491c-b999-9d079a0e792d,2020,65048000.0,41785000.0,2026-08-18T11:48:58.804780
25f95e9d-92f2-40da-a57d-c1ee92b4dba4,ff5ebcfd-6749-491c-b999-9d079a0e792d,2021,73589000.0,52103000.0,2026-08-18T11:48:58.804791
9d260225-b22b-4992-ba13-d3c0a3d495ad,ff5ebcfd-6749-491c-b999-9d079a0e792d,2022,80864000.0,54913000.0,2026-08-18T11:48:58.804797
cf0d50e6-513c-4439-9c2f-0bb4af479ab5,ff5ebcfd-6749-491c-b999-9d079a0e792d,2023,92308000.0,62844000.0,2026-08-18T11:48:58.804803
a4a83619-f438-426d-af16-e8b544af3915,ff5ebcfd-6749-491c-b999-9d079a0e792d,2024,105019000.0,74058000.0,2026-08-18T11:48:58.804808
f17c8b08-4ad5-426f-a630-ea59f3d8ec90,ff5ebcfd-6749-491c-b999-9d079a0e792d,2025,118922000.0,79760000.0,2026-08-18T11:48:58.804813
28d6adcd-c2db-43e1-b8d9-8518c2d49ab8,3c42a5fc-46ee-4002-8d0a-206df21cea23,2020,9204000.0,5799000.0,2026-08-18T11:48:58.804871
9d3d4c4a-8771-4152-8473-243e8e9a22e0,3c42a5fc-46ee-4002-8d0a-206df21cea23,2021,10375000.0,7247000.0,2026-08-18T11:48:58.804877
483fc1e9-503b-401d-9c2f-73204badd887,3c42a5fc-46ee-4002-8d0a-206df21cea23,2022,11276000.0,7893000.0,2026-08-18T11:48:58.804882
a3b4edc5-53c3-4d9c-b599-16f7f2412d5f,3c42a5fc-46ee-4002-8d0a-206df21cea23,2023,12462000.0,8755000.0,2026-08-18T11:48:58.804887
c8b75c7c-6152-4c06-8dff-3db033878804,3c42a5fc-46ee-4002-8d0a-206df21cea23,2024,13806000.0,8626000.0,2026-08-18T11:48:58.804893
ea7204ab-8e68-41c6-ba57-94cb87ade812,3c42a5fc-46ee-4002-8d0a-206df21cea23,2025,15072000.0,9585000.0,2026-08-18T11:48:58.804898
593bffed-1284-428b-9211-d1205f5751e8,e19b3dfe-62ae-44aa-8b50-48076ff647dc,2020,41929000.0,30133000.0,2026-08-18T11:48:58.804984
914c88e3-6850-4678-b9c0-dcf8c452a2be,e19b3dfe-62ae-44aa-8b50-48076ff647dc,2021,48922000.0,31535000.0,2026-08-18T11:48:58.804989
f93bdb8e-ef0f-4ac6-b3ea-b3190db00ef1,e19b3dfe-62ae-44aa-8b50-48076ff647dc,2022,52809000.0,33982000.0,2026-08-18T11:48:58.804995
c3921fcc-cbe0-4792-be32-8cf435c59204,e19b3dfe-62ae-44aa-8b50-48076ff647dc,2023,61123000.0,42011000.0,2026-08-18T11:48:58.805001
f01337ce-946b-407f-8a96-3bb5484fdba8,e19b3dfe-62ae-44aa-8b50-48076ff647dc,2024,70583000.0,46497000.0,2026-08-18T11:48:58.805006
3d83881c-404a-421b-9637-e9b1dae5c3a8,e19b3dfe-62ae-44aa-8b50-48076ff647dc,2025,77136000.0,46379000.0,2026-08-18T11:48:58.805013
f21ccb45-9a6c-4898-a85c-ffd35ab70b6b,7e326e4a-bba3-484d-a8ad-34a1f5729439,2020,50710000.0,36504000.0,2026-08-18T11:48:58.805077
2a33e494-1d1a-4c3a-8ca7-620af6966f08,7e326e4a-bba3-484d-a8ad-34a1f5729439,2021,56679000.0,36686000.0,2026-08-18T11:48:58.805083
01b3fb9e-e820-4b1c-b459-bd5a8092c946,7e326e4a-bba3-484d-a8ad-34a1f5729439,2022,65985000.0,45221000.0,2026-08-18T11:48:58.805087
e5e8777e-3cf2-4aec-9fa1-21338a86bb7d,7e326e4a-bba3-484d-a8ad-34a1f5729439,2023,74059000.0,53239000.0,2026-08-18T11:48:58.805090
f4337c00-8c7c-4013-b585-43ca4846a5ed,7e326e4a-bba3-484d-a8ad-34a1f5729439,2024,85757000.0,52249000.0,2026-08-18T11:48:58.805093
c50ca8a1-791b-4164-98e6-3adf9ba52ba7,7e326e4a-bba3-484d-a8ad-34a1f5729439,2025,97266000.0,63557000.0,2026-08-18T11:48:58.805097
b8d525c2-eec5-437e-8c4c-13d7431689af,a525d81b-eebf-409a-aa2e-91891a73800c,2020,19367000.0,12113000.0,2026-08-18T11:48:58.805149
216339f6-49cc-42eb-ae70-97bc92ee2f0a,a525d81b-eebf-409a-aa2e-91891a73800c,2021,21026000.0,13901000.0,2026-08-18T11:48:58.805153
94be28a8-a249-4182-80bf-6ae76f57d72c,a525d81b-eebf-409a-aa2e-91891a73800c,2022,23900000.0,16678000.0,2026-08-18T11:48:58.805157
9c8b50ab-d26f-4aff-a31f-515fcd348604,a525d81b-eebf-409a-aa2e-91891a73800c,2023,27430000.0,16973000.0,2026-08-18T11:48:58.805160
9728cfdf-8a67-45b9-b4ad-6c178f9f91f3,a525d81b-eebf-409a-aa2e-91891a73800c,2024,30733000.0,21235000.0,2026-08-18T11:48:58.805164
5a1d2a42-1acc-4fb2-94fc-5941d810845b,a525d81b-eebf-409a-aa2e-91891a73800c,2025,36052000.0,22873000.0,2026-08-18T11:48:58.805167
d63ca434-7f4e-4ef5-8296-669bc113001e,d35da990-a516-4111-b0d2-e04fcb86d9a0,2020,42652000.0,27837000.0,2026-08-18T11:48:58.805214
ec982e90-157c-4921-a0a2-231a2ee9d3cc,d35da990-a516-4111-b0d2-e04fcb86d9a0,2021,49083000.0,30062000.0,2026-08-18T11:48:58.805218
d644e7f9-587f-4629-bc2c-382acb113797,d35da990-a516-4111-b0d2-e04fcb86d9a0,2022,56633000.0,35297000.0,2026-08-18T11:48:58.805221
e354363b-9441-4258-9826-89c01587bee4,d35da990-a516-4111-b0d2-e04fcb86d9a0,2023,65198000.0,43802000.0,2026-08-18T11:48:58.805224
cc7638ce-801c-4a53-bd1a-f25a0ab2e1a2,d35da990-a516-4111-b0d2-e04fcb86d9a0,2024,72990000.0,48037000.0,2026-08-18T11:48:58.805228
387659fb-bbc6-4bbc-9011-daaebc470c55,d35da990-a516-4111-b0d2-e04fcb86d9a0,2025,82371000.0,54624000.0,2026-08-18T11:48:58.805231
8b3e61b2-b6c5-4d8b-b6c7-2848c3f13b05,4b8da1a9-9259-483e-ab0d-e1dc8d1cbdf2,2020,29673000.0,17841000.0,2026-08-18T11:48:58.805263
6197b51d-3900-49bf-a9d9-4cca9096e853,4b8da1a9-9259-483e-ab0d-e1dc8d1cbdf2,2021,32652000.0,23135000.0,2026-08-18T11:48:58.805267
6c3f3eb2-2fb2-40fb-9ef5-f9a9423cf188,4b8da1a9-9259-483e-ab0d-e1dc8d1cbdf2,2022,37893000.0,25830000.0,2026-08-18T11:48:58.805270
4a5dabd1-78f8-4a8a-a566-f67a8fa29e7e,4b8da1a9-9259-483e-ab0d-e1dc8d1cbdf2,2023,42173000.0,28313000.0,2026-08-18T11:48:58.805274
5ca4256c-1fb3-48a4-8441-732cf27362e2,4b8da1a9-9259-483e-ab0d-e1dc8d1cbdf2,2024,48413000.0,30558000.0,2026-08-18T11:48:58.805277
aeb365b5-e9f6-4b0c-a389-2b434c616204,4b8da1a9-9259-483e-ab0d-e1dc8d1cbdf2,2025,53348000.0,32517000.0,2026-08-18T11:48:58.805280
4c3a0986-bd1b-40b9-9fd4-9f068323e1b2,4a383eb8-3abd-447a-a5a1-3b1dfe6d08d0,2020,18349000.0,11769000.0,2026-08-18T11:48:58.805309
2308849d-9f0e-4e26-9061-4a4f15d5b9d5,4a383eb8-3abd-447a-a5a1-3b1dfe6d08d0,2021,18940000.0,12466000.0,2026-08-18T11:48:58.805312
698abc5e-042e-404b-817c-93263a845103,4a383eb8-3abd-447a-a5a1-3b1dfe6d08d0,2022,20471000.0,14459000.0,2026-08-18T11:48:58.805315
ec582ed7-4a41-4f29-82ad-6f14a5d2ebb1,4a383eb8-3abd-447a-a5a1-3b1dfe6d08d0,2023,22485000.0,14269000.0,2026-08-18T11:48:58.805318
e4c9ef2e-3a1d-4d47-ba32-63d90b8c06f4,4a383eb8-3abd-447a-a5a1-3b1dfe6d08d0,2024,23995000.0,15327000.0,2026-08-18T11:48:58.805322
a6579f95-276e-4265-be02-67ddb6c06402,4a383eb8-3abd-447a-a5a1-3b1dfe6d08d0,2025,25661000.0,17245000.0,2026-08-18T11:48:58.805325
2de53ef2-4fdc-4b77-9cd0-a7d07b7504ae,2a533713-3b57-48c6-92ea-3294413b87f7,2020,28119000.0,18342000.0,2026-08-18T11:48:58.805356
8deb8fc3-91a0-485a-a46a-cc213f1e23d7,2a533713-3b57-48c6-92ea-3294413b87f7,2021,32232000.0,21046000.0,2026-08-18T11:48:58.805359
958d179d-4385-4306-b17e-34b9e6d34d2e,2a533713-3b57-48c6-92ea-3294413b87f7,2022,37739000.0,24229000.0,2026-08-18T11:48:58.805362
296a95b8-5b93-4929-85b8-378e469cd5b0,2a533713-3b57-48c6-92ea-3294413b87f7,2023,43127000.0,27426000.0,2026-08-18T11:48:58.805366
5465d24b-f444-4f21-a6c1-f64829988b8a,2a533713-3b57-48c6-92ea-3294413b87f7,2024,50402000.0,34372000.0,2026-08-18T11:48:58.805369
89a27ed3-246c-47f3-acad-05bcd748cc99,2a533713-3b57-48c6-92ea-3294413b87f7,2025,56497000.0,38336000.0,2026-08-18T11:48:58.805374
1b491b2c-00ec-432e-9714-88ce606e5cf9,c4bdfc97-bfa1-49b1-9a03-da108506fa6c,2020,25630000.0,17987000.0,2026-08-18T11:48:58.805427
c87cb4b3-6de6-4de8-900d-c9ae9e0e68f1,c4bdfc97-bfa1-49b1-9a03-da108506fa6c,2021,27878000.0,19170000.0,2026-08-18T11:48:58.805435
bd544246-5591-4483-b741-2366851dd367,c4bdfc97-bfa1-49b1-9a03-da108506fa6c,2022,32278000.0,19524000.0,2026-08-18T11:48:58.805442
78a9d0e0-f10c-46ae-a5ea-c57fbc392549,c4bdfc97-bfa1-49b1-9a03-da108506fa6c,2023,35994000.0,25562000.0,2026-08-18T11:48:58.805447
673cf27b-ef19-40c6-93de-a300892976d0,c4bdfc97-bfa1-49b1-9a03-da108506fa6c,2024,39139000.0,23541000.0,2026-08-18T11:48:58.805452
d7ff9476-fb59-4c87-8c67-18dc59951e1c,c4bdfc97-bfa1-49b1-9a03-da108506fa6c,2025,43636000.0,30054000.0,2026-08-18T11:48:58.805458
49f1f404-89b9-4db3-94b6-fcdde81840ac,7ea866c0-affa-4262-a9a1-643727ba8909,2020,44374000.0,27457000.0,2026-08-18T11:48:58.805499
c248dc88-fd48-48c2-b745-2fd0209ee52c,7ea866c0-affa-4262-a9a1-643727ba8909,2021,47164000.0,32282000.0,2026-08-18T11:48:58.805503
e53f5b44-61fb-49bf-bcf0-7b7f80ac3998,7ea866c0-affa-4262-a9a1-643727ba8909,2022,53932000.0,38289000.0,2026-08-18T11:48:58.805506
3f016bb6-da59-42d1-8906-c1cce1bd2f1a,7ea866c0-affa-4262-a9a1-643727ba8909,2023,59920000.0,39980000.0,2026-08-18T11:48:58.805510
f66cc2f2-fbf8-43c4-824b-3e33cbbc27bc,7ea866c0-affa-4262-a9a1-643727ba8909,2024,67803000.0,43328000.0,2026-08-18T11:48:58.805513
f683b2de-6c0c-4c3f-bfc2-899912f9632a,7ea866c0-affa-4262-a9a1-643727ba8909,2025,74333000.0,50412000.0,2026-08-18T11:48:58.805516
f116812d-4ea3-4f9e-b0ec-d04e9bd8f792,0d6a741e-aafc-4668-bfb3-9ad0784d93c9,2020,84131000.0,54958000.0,2026-08-18T11:48:58.805551
3c72f1ee-083a-4378-8041-0fa19d0a70a9,0d6a741e-aafc-4668-bfb3-9ad0784d93c9,2021,93727000.0,60732000.0,2026-08-18T11:48:58.805554
dcf6cc13-7e71-44f1-b999-7f250de38dac,0d6a741e-aafc-4668-bfb3-9ad0784d93c9,2022,113073000.0,79984000.0,2026-08-18T11:48:58.805558
baac436d-6c19-4d0e-adbd-b3357bc502be,0d6a741e-aafc-4668-bfb3-9ad0784d93c9,2023,128358000.0,91968000.0,2026-08-18T11:48:58.805562
62ce8d6a-c642-4187-882d-6b69146b09fc,0d6a741e-aafc-4668-bfb3-9ad0784d93c9,2024,147667000.0,100761000.0,2026-08-18T11:48:58.805565
25c3d1e1-051d-402e-9a7e-23ae2acf0ec1,0d6a741e-aafc-4668-bfb3-9ad0784d93c9,2025,162507000.0,106113000.0,2026-08-18T11:48:58.805569
81017d4e-e01a-4126-9a85-c2c2e4557da5,716dcebd-8e27-4c0d-9720-c4deeac9a7c2,2020,17280000.0,11854000.0,2026-08-18T11:48:58.805599
d1e38660-425c-4c39-bd2a-b2f7c3396df7,716dcebd-8e27-4c0d-9720-c4deeac9a7c2,2021,19413000.0,13619000.0,2026-08-18T11:48:58.805603
bea70a17-828d-42da-834c-aa643ff79d57,716dcebd-8e27-4c0d-9720-c4deeac9a7c2,2022,21714000.0,14776000.0,2026-08-18T11:48:58.805608
f208f411-4b7c-428f-9d5e-deae40fc813e,716dcebd-8e27-4c0d-9720-c4deeac9a7c2,2023,24966000.0,16991000.0,2026-08-18T11:48:58.805613
54b74af6-9c0b-4983-bf6f-e25ce8ea2b51,716dcebd-8e27-4c0d-9720-c4deeac9a7c2,2024,26880000.0,17724000.0,2026-08-18T11:48:58.805617
cfe9a1d9-44f3-49e6-8d83-d2ff384b563a,716dcebd-8e27-4c0d-9720-c4deeac9a7c2,2025,30879000.0,21361000.0,2026-08-18T11:48:58.805621
d662f346-1fb7-44e8-878d-d14d84f2a094,550f9407-1491-4bb2-b849-42ac5aaceb97,2020,34793000.0,22895000.0,2026-08-18T11:48:58.805651
e1e41870-6449-4236-bdff-197a661cceb3,550f9407-1491-4bb2-b849-42ac5aaceb97,2021,37335000.0,26598000.0,2026-08-18T11:48:58.805654
5e04133c-8a2a-4230-9105-6f8454bfbf80,550f9407-1491-4bb2-b849-42ac5aaceb97,2022,38348000.0,25628000.0,2026-08-18T11:48:58.805658
09c946a6-64f4-488b-b82e-3b087897d9c3,550f9407-1491-4bb2-b849-42ac5aaceb97,2023,42599000.0,29500000.0,2026-08-18T11:48:58.805662
ae63beba-cf8b-4f05-9209-a0d4428f62d5,550f9407-1491-4bb2-b849-42ac5aaceb97,2024,43786000.0,31413000.0,2026-08-18T11:48:58.805665
33f76a4a-7d8d-4bea-b5d4-d25a48ac7508,550f9407-1491-4bb2-b849-42ac5aaceb97,2025,48719000.0,30229000.0,2026-08-18T11:48:58.805668
eaf42ee6-847f-4543-9493-8c4cd180a99a,6a480205-99ff-45bd-88f0-4b45a52276b0,2020,40039000.0,28719000.0,2026-08-18T11:48:58.805739
448c946b-c685-4d46-9f18-ef3806cd32b3,6a480205-99ff-45bd-88f0-4b45a52276b0,2021,46182000.0,28700000.0,2026-08-18T11:48:58.805745
8d312b03-31c9-409f-a2a1-613e6f6df762,6a480205-99ff-45bd-88f0-4b45a52276b0,2022,54005000.0,37607000.0,2026-08-18T11:48:58.805750
8a0c1fb2-4d39-4d87-a3ab-428033d51621,6a480205-99ff-45bd-88f0-4b45a52276b0,2023,61107000.0,41173000.0,2026-08-18T11:48:58.805761
fe486105-385d-47fa-9d41-21893341e06e,6a480205-99ff-45bd-88f0-4b45a52276b0,2024,69655000.0,42334000.0,2026-08-18T11:48:58.805769
2ca384bb-e107-4bfd-8bb8-0f4892f3f113,6a480205-99ff-45bd-88f0-4b45a52276b0,2025,80149000.0,56860000.0,2026-08-18T11:48:58.805775
